EMAIL,FIRSTNAME,LASTNAME,COMPANY,SMS,SIC_ID,ATECO,PROVINCIA,TEMA,CONSENSO,FLUSSO,STATUS
labomobile.lm@gmail.com,Mirco,Null,Labo Tecnic Studio,,SIC-ID-OWNER-000000000001,NULL,,SICUREZZA,0,PROMO_SETTEMBRE_VIP,ATTIVO
mm2emme@yahoo.it,Null,Null,2 Emme Impresa Edile,,SIC-ID-201584EE7B17,43,,SICUREZZA,0,PROMO_SETTEMBRE_VIP,ATTIVO
info@2sgroup.net,Null,Null,2s Group Srls,+390664001765,SIC-ID-F3B50D63AD44,NULL,RM,SICUREZZA,0,PROMO_SETTEMBRE_VIP,ATTIVO
info@politect.it,Null,Null,3c Costruzioni 2012 S.r.l.,+390661520357,SIC-ID-D519D413C1B3,43,RM,SICUREZZA,0,PROMO_SETTEMBRE_VIP,ATTIVO
costruzioni.3l@libero.it,Null,Null,3l Costruzioni,+39041640108,SIC-ID-E80F0E14C974,43,VE,SICUREZZA,0,PROMO_SETTEMBRE_VIP,ATTIVO
a.catalano@cestarorossi.com,Null,Null,A Catalano,+393283564959,SIC-ID-0E5C65321FCD,NULL,,SICUREZZA,0,PROMO_SETTEMBRE_VIP,ATTIVO
a.dissette@archiworld.it,Null,Null,A Dissette,,SIC-ID-D023B975DF55,NULL,,SICUREZZA,0,PROMO_SETTEMBRE_VIP,ATTIVO
a.ferrari315@gmail.com,Null,Null,A Ferrari315,,SIC-ID-7F52CDCBB1BB,NULL,,SICUREZZA,0,PROMO_SETTEMBRE_VIP,ATTIVO
a.ferro@costruzioniedilferro.com,Null,Null,A Ferro,,SIC-ID-004C690B1CC7,NULL,,SICUREZZA,0,PROMO_SETTEMBRE_VIP,ATTIVO
a.fortin@csworks.it,Null,Null,A Fortin,,SIC-ID-32A3AA621D78,NULL,,SICUREZZA,0,PROMO_SETTEMBRE_VIP,ATTIVO
a.frigato@inwind.it,Null,Null,A Frigato,,SIC-ID-F925E177F8F8,NULL,,SICUREZZA,0,PROMO_SETTEMBRE_VIP,ATTIVO
a.marangon@costruzioniedilferro.com,Null,Null,A Marangon,,SIC-ID-0CD78CD15A18,NULL,,SICUREZZA,0,PROMO_SETTEMBRE_VIP,ATTIVO
a.mischiari@gmail.com,Null,Null,A Mischiari,,SIC-ID-65DCB12EE140,NULL,,SICUREZZA,0,PROMO_SETTEMBRE_VIP,ATTIVO
a.sgualdo@inwind.it,Null,Null,A Sgualdo,,SIC-ID-C5BE29BA6FFD,NULL,,SICUREZZA,0,PROMO_SETTEMBRE_VIP,ATTIVO
caraviello@eness.ch,Null,Null,A. Energieeffizienzlösungen,,SIC-ID-100E897BC9AF,NULL,,SICUREZZA,0,PROMO_SETTEMBRE_VIP,ATTIVO
info@acpponteggi.it,Null,Null,A.c.p. Ponteggi,+390457930749,SIC-ID-6F2220E25302,NULL,VR,SICUREZZA,0,PROMO_SETTEMBRE_VIP,ATTIVO
commerciale@afmascensori.it,Null,Null,A.f.m. Ascensori Srl,+390666019120,SIC-ID-C41D7660954E,NULL,RM,SICUREZZA,0,PROMO_SETTEMBRE_VIP,ATTIVO
abm.moakkher@gmail.com,Null,Null,Abm Hossain,+393283352697,SIC-ID-F16BD9DC6046,NULL,,SICUREZZA,0,PROMO_SETTEMBRE_VIP,ATTIVO
luigi.delpolito@acca.it,Null,Null,Acca Del Polito,,SIC-ID-835CB43E88C0,NULL,,SICUREZZA,0,PROMO_SETTEMBRE_VIP,ATTIVO
af.interni@hotmail.it,Null,Null,Af Shop,,SIC-ID-555DEE814E09,NULL,,SICUREZZA,0,PROMO_SETTEMBRE_VIP,ATTIVO
alloisig@gmail.com,Null,Null,Ag Dimensione Edilizia Srls,+393664386271,SIC-ID-40AF878D56F3,43,,SICUREZZA,0,PROMO_SETTEMBRE_VIP,ATTIVO
info@agriscavi.it,Null,Null,Agriscavi Di Bellan Luca,,SIC-ID-CC3F7FEB6077,43,,SICUREZZA,0,PROMO_SETTEMBRE_VIP,ATTIVO
alex.chiarion@gmail.com,Null,Null,Alex Chiarion,+393351308732,SIC-ID-FFC2C37120E9,NULL,,SICUREZZA,0,PROMO_SETTEMBRE_VIP,ATTIVO
service@amimpianti.tech,Null,Null,Am Impianti,,SIC-ID-9C5BB3434FC3,43,,SICUREZZA,0,PROMO_SETTEMBRE_VIP,ATTIVO
info@amliving.it,Null,Null,Am Living,+393407879325,SIC-ID-769FAFF4A0D6,NULL,,SICUREZZA,0,PROMO_SETTEMBRE_VIP,ATTIVO
fflagello@ana.net,Null,Null,Anas S.p.a. - Direzione Generale,390644461,SIC-ID-AB657DABC3D2,NULL,RM,SICUREZZA,0,PROMO_SETTEMBRE_VIP,ATTIVO
nuscab@ance.it,Null,Null,Ance National Association Of Builders,+393906845671,SIC-ID-1FC181870AEA,NULL,,SICUREZZA,0,PROMO_SETTEMBRE_VIP,ATTIVO
trasparenza@area.sardegna.it,Null,Null,Area - Azienda Regionale Per L'edilizia Abitativa,+393907020071,SIC-ID-E07609B17659,43,,SICUREZZA,0,PROMO_SETTEMBRE_VIP,ATTIVO
info@arredamenticampagner.it,Null,Null,Arredamenti Campagner,+390421705069,SIC-ID-21FDAEF45DAC,31,,SICUREZZA,0,PROMO_SETTEMBRE_VIP,ATTIVO
info@atisceramiche.it,Null,Null,Atis Ceramiche,+3908119910034,SIC-ID-D20D31AE9CE4,NULL,NA,SICUREZZA,0,PROMO_SETTEMBRE_VIP,ATTIVO
info@bollettino.sardegna.it,Null,Null,Atizeta S.r.l.s,+390782804042,SIC-ID-FAB02F6D1CFB,NULL,,SICUREZZA,0,PROMO_SETTEMBRE_VIP,ATTIVO
mod231@avcsrl.it,Null,Null,Avc,+390659606392,SIC-ID-CF9A7FF462A5,NULL,RM,SICUREZZA,0,PROMO_SETTEMBRE_VIP,ATTIVO
aadf.info@gmail.com,Null,Null,Aadf,,SIC-ID-FF32C93A5E72,NULL,,SICUREZZA,0,PROMO_SETTEMBRE_VIP,ATTIVO
aboumosaab26@hotmail.it,Null,Null,Aboumosaab26,,SIC-ID-BB41DFEC398C,NULL,,SICUREZZA,0,PROMO_SETTEMBRE_VIP,ATTIVO
info@acca.it,Null,Null,Acca Software Spa,,SIC-ID-F9C6994C6969,96,,SICUREZZA,0,PROMO_SETTEMBRE_VIP,ATTIVO
contatto@esempio.it,Null,Null,Accardi Pitturazioni,+393273107097,SIC-ID-42B35657B3A0,NULL,,SICUREZZA,0,PROMO_SETTEMBRE_VIP,ATTIVO
info@acquadolce.info,Null,Null,Acquadolce,+390583779534,SIC-ID-C37FBB8106C1,NULL,LU,SICUREZZA,0,PROMO_SETTEMBRE_VIP,ATTIVO
m.baldassarre@ediliziacrobatica.com,Null,Null,Acrobatica Roma Trionfale,+39800826969,SIC-ID-038F966D64E3,NULL,,SICUREZZA,0,PROMO_SETTEMBRE_VIP,ATTIVO
adamib@studiocavallari.info,Null,Null,Adami Beatrice,,SIC-ID-DE1A615A8BA1,NULL,,SICUREZZA,0,PROMO_SETTEMBRE_VIP,ATTIVO
adi-motta@hotmail.it,Null,Null,Adi-motta,,SIC-ID-6578FBD93478,NULL,,SICUREZZA,0,PROMO_SETTEMBRE_VIP,ATTIVO
o@adicem.it,Null,Null,Adicem Edilizia S.r.l.,+390957892790,SIC-ID-93F75E9C86CA,43,CT,SICUREZZA,0,PROMO_SETTEMBRE_VIP,ATTIVO
adriana.semola@cf.confart.tv,Null,Null,Adriana Semola,275300200,SIC-ID-36776CEAE1DA,NULL,,SICUREZZA,0,PROMO_SETTEMBRE_VIP,ATTIVO
adrianozamana@gmail.com,Null,Null,Adrianozamana,+393383233672,SIC-ID-9D94D5867B30,NULL,,SICUREZZA,0,PROMO_SETTEMBRE_VIP,ATTIVO
afservicesrlu@gmail.com,Null,Null,Afservicesrlu,,SIC-ID-3A8FB18B058E,NULL,,SICUREZZA,0,PROMO_SETTEMBRE_VIP,ATTIVO
info@agaticarianni.it,Null,Null,Agati & Carianni - Impresa Edile,+393335782407,SIC-ID-BC213972D60D,43,,SICUREZZA,0,PROMO_SETTEMBRE_VIP,ATTIVO
agenzia@allianz.pn.it,Null,Null,Agenzia Allianz Pordenone Centro,32800726760,SIC-ID-7D8C0C146EB7,NULL,,SICUREZZA,0,PROMO_SETTEMBRE_VIP,ATTIVO
info@deltamare.com,Null,Null,Agenzia Mare,,SIC-ID-8007435FA9C5,NULL,,SICUREZZA,0,PROMO_SETTEMBRE_VIP,ATTIVO
info@agenziacasaweb.it,Null,Null,Agenzia Web,,SIC-ID-0694F2BF6FF7,62,,SICUREZZA,0,PROMO_SETTEMBRE_VIP,ATTIVO
agenziagiusy@gmail.com,Null,Null,Agenziagiusy,+393284660984,SIC-ID-94FE4D8C33C2,NULL,,SICUREZZA,0,PROMO_SETTEMBRE_VIP,ATTIVO
agirmo@infovacanze.it,Null,Null,Agirmo,,SIC-ID-340CB395553D,NULL,,SICUREZZA,0,PROMO_SETTEMBRE_VIP,ATTIVO
agitatorec@inwind.it,Null,Null,Agitatorec,,SIC-ID-3D3ABFCD9096,NULL,,SICUREZZA,0,PROMO_SETTEMBRE_VIP,ATTIVO
agostinoviola@inwind.it,Null,Null,Agostinoviola,,SIC-ID-824801CDA37B,NULL,,SICUREZZA,0,PROMO_SETTEMBRE_VIP,ATTIVO
info@agrlegno.com,Null,Null,Agr Legno S.r.l. Sardegna,+390704594781,SIC-ID-EEDF6692F75D,NULL,CA,SICUREZZA,0,PROMO_SETTEMBRE_VIP,ATTIVO
agri.scavi@libero.it,Null,Null,Agri Scavi,,SIC-ID-945548129F63,43,,SICUREZZA,0,PROMO_SETTEMBRE_VIP,ATTIVO
agricolmeccanica@gmail.com,Null,Null,Agricolmeccanica Di Milazzo Matteo,,SIC-ID-B82F8317DC83,01,,SICUREZZA,0,PROMO_SETTEMBRE_VIP,ATTIVO
aizitel07@libero.it,Null,Null,Aizitel07,,SIC-ID-115F392DA5A2,NULL,,SICUREZZA,0,PROMO_SETTEMBRE_VIP,ATTIVO
akiram.74@virgilio.it,Null,Null,Akiram 74,,SIC-ID-2671FD2F469D,NULL,,SICUREZZA,0,PROMO_SETTEMBRE_VIP,ATTIVO
albe.rocc@yahoo.it,Null,Null,Albe Rocc,,SIC-ID-63CF18418302,NULL,,SICUREZZA,0,PROMO_SETTEMBRE_VIP,ATTIVO
albertiluciano@libero.it,Null,Null,Albertiluciano,,SIC-ID-93D0E06A9CFD,NULL,,SICUREZZA,0,PROMO_SETTEMBRE_VIP,ATTIVO
morettoalberto@commercialeferramenta.it,Null,Null,Alberto,,SIC-ID-797E7EEEC2D8,NULL,,SICUREZZA,0,PROMO_SETTEMBRE_VIP,ATTIVO
alberto.ascomrovigo@gmail.com,Null,Null,Alberto Ascomrovigo,,SIC-ID-7D85CC9BDA79,NULL,,SICUREZZA,0,PROMO_SETTEMBRE_VIP,ATTIVO
alberto.76@libero.it,Null,Null,Alberto Geom,,SIC-ID-3538E4F0DCB0,NULL,,SICUREZZA,0,PROMO_SETTEMBRE_VIP,ATTIVO
alberto.pagan@crveneto.it,Null,Null,Alberto Pagan,,SIC-ID-B4D530EE77AF,NULL,,SICUREZZA,0,PROMO_SETTEMBRE_VIP,ATTIVO
alberto.sannini@email.it,Null,Null,Alberto Sannini,,SIC-ID-3B7C3266CAAE,NULL,,SICUREZZA,0,PROMO_SETTEMBRE_VIP,ATTIVO
alberto.vianello@vdv.it,Null,Null,Alberto Vianello,,SIC-ID-F855729C6561,NULL,,SICUREZZA,0,PROMO_SETTEMBRE_VIP,ATTIVO
alberto88siviero@alice.it,Null,Null,Alberto88siviero,,SIC-ID-47AE59564774,NULL,,SICUREZZA,0,PROMO_SETTEMBRE_VIP,ATTIVO
albertopreviato@libero.it,Null,Null,Albertopreviato,,SIC-ID-6146747EC3CE,NULL,,SICUREZZA,0,PROMO_SETTEMBRE_VIP,ATTIVO
albertovenezia@mac.com,Null,Null,Albertovenezia,,SIC-ID-CD62DA505615,NULL,,SICUREZZA,0,PROMO_SETTEMBRE_VIP,ATTIVO
ale.miozzi@tiscali.it,Null,Null,Ale Miozzi,,SIC-ID-0BEF5E629789,NULL,,SICUREZZA,0,PROMO_SETTEMBRE_VIP,ATTIVO
umberto@aleandri.net,Null,Null,Aleandri Project & Consulting Srl,+39065818999,SIC-ID-64C16DCF24FA,NULL,RM,SICUREZZA,0,PROMO_SETTEMBRE_VIP,ATTIVO
alessandra@studioassociatobbc.it,Null,Null,Alessandra,,SIC-ID-8826B3249F6A,NULL,,SICUREZZA,0,PROMO_SETTEMBRE_VIP,ATTIVO
alemorandin29@gmail.com,Null,Null,Alessandra Lyo,+393921843007,SIC-ID-1AFA6DFA0E8D,NULL,,SICUREZZA,0,PROMO_SETTEMBRE_VIP,ATTIVO
ale.cianci2@gmail.com,Null,Null,Alessandro Cianci | Termografia Edile Roma,+393346750484,SIC-ID-F6D6B213E5AF,43,,SICUREZZA,0,PROMO_SETTEMBRE_VIP,ATTIVO
alebasso.ab@gmail.com,Null,Null,Alessandro Itinerando,+393495564808,SIC-ID-33EF8022229B,NULL,,SICUREZZA,0,PROMO_SETTEMBRE_VIP,ATTIVO
alessandro.menini@uteco.com,Null,Null,Alessandro Menini,+393392420336,SIC-ID-37AF020DA341,NULL,,SICUREZZA,0,PROMO_SETTEMBRE_VIP,ATTIVO
marco.orsini13@libero.it,Null,Null,Alessandro Obinu,+393392420336,SIC-ID-763EBD60B1D9,NULL,,SICUREZZA,0,PROMO_SETTEMBRE_VIP,ATTIVO
ale.trava.seller4you@gmail.com,Null,Null,Alessandro Pa Card Travaini,+393282192897,SIC-ID-E76639E286BC,NULL,,SICUREZZA,0,PROMO_SETTEMBRE_VIP,ATTIVO
alexander.maganuco@gmail.com,Null,Null,Alessandro Robbins,+393496921925,SIC-ID-94F8FA41FFA8,NULL,,SICUREZZA,0,PROMO_SETTEMBRE_VIP,ATTIVO
centrosicurezza2020@gmail.com,Null,Null,Alessandro Sala,+393341640492,SIC-ID-D2F5C16D1DCB,NULL,,SICUREZZA,0,PROMO_SETTEMBRE_VIP,ATTIVO
zani79@gmail.com,Null,Null,Alessandro Zaninello,+393339755718,SIC-ID-4C22494B1055,NULL,,SICUREZZA,0,PROMO_SETTEMBRE_VIP,ATTIVO
alessandrozennaro@hotmail.it,Null,Null,Alessandro Zennaro,+393484421068,SIC-ID-6649E87F7AAC,NULL,,SICUREZZA,0,PROMO_SETTEMBRE_VIP,ATTIVO
info@acgroupsrls.it,Null,Null,Alessandro Calamante,,SIC-ID-4D53C5235461,NULL,,SICUREZZA,0,PROMO_SETTEMBRE_VIP,ATTIVO
info@alessandronardi.info,Null,Null,Alessandro Nardi | Ingegnere & Consulente Immobiliare,+393514373460,SIC-ID-69847E2D20C5,71,,SICUREZZA,0,PROMO_SETTEMBRE_VIP,ATTIVO
aleascalone@gmail.com,Null,Null,Alessandro Wind,+393201745111,SIC-ID-31EB210872E1,NULL,,SICUREZZA,0,PROMO_SETTEMBRE_VIP,ATTIVO
alessandrogrossi@live.it,Null,Null,Alessandrogrossi,+393494692065,SIC-ID-E46B0EF7EA3B,NULL,,SICUREZZA,0,PROMO_SETTEMBRE_VIP,ATTIVO
alessandromorelli@inwind.it,Null,Null,Alessandromorelli,,SIC-ID-BF4564C9AB40,NULL,,SICUREZZA,0,PROMO_SETTEMBRE_VIP,ATTIVO
alessandrotecchiati@tiscali.it,Null,Null,Alessandrotecchiati,+393389404230,SIC-ID-3D325F5B467C,NULL,,SICUREZZA,0,PROMO_SETTEMBRE_VIP,ATTIVO
alessia@serecom.it,Null,Null,Alessia Beduschi,+393280707946,SIC-ID-4605EDD463A3,NULL,,SICUREZZA,0,PROMO_SETTEMBRE_VIP,ATTIVO
alessia.beduschi@simtree.it,Null,Null,Alessia Beduschi,+393284648947,SIC-ID-6FF2500E974E,NULL,,SICUREZZA,0,PROMO_SETTEMBRE_VIP,ATTIVO
alessiamilani2@gmail.com,Null,Null,Alessia Milani,+393477322076,SIC-ID-CFBBC8F7578A,NULL,,SICUREZZA,0,PROMO_SETTEMBRE_VIP,ATTIVO
alessia.natta@gmail.com,Null,Null,Alessia Natta,+393408744824,SIC-ID-06B55ED6754F,NULL,,SICUREZZA,0,PROMO_SETTEMBRE_VIP,ATTIVO
alessia_maselli@virgilio.it,Null,Null,Alessia_maselli,,SIC-ID-70724D9EA2C5,NULL,,SICUREZZA,0,PROMO_SETTEMBRE_VIP,ATTIVO
alessiascapocchin85@gmail.com,Null,Null,Alessiascapocchin85,+3934961935080,SIC-ID-B6A1F6A34EB4,NULL,,SICUREZZA,0,PROMO_SETTEMBRE_VIP,ATTIVO
alessio@fb-fantasy.it,Null,Null,Alessio,+393387828022,SIC-ID-67803119E573,NULL,,SICUREZZA,0,PROMO_SETTEMBRE_VIP,ATTIVO
alessio75v@gmail.com,Null,Null,Alessio Aumar,+393288174041,SIC-ID-70BB4A192B2C,NULL,,SICUREZZA,0,PROMO_SETTEMBRE_VIP,ATTIVO
alessio.forzan@deledsrl.it,Null,Null,Alessio Ricarica,+393319956833,SIC-ID-0959EEEE6DEC,NULL,,SICUREZZA,0,PROMO_SETTEMBRE_VIP,ATTIVO
info@camurbanstudio.com,Null,Null,Alessio Tesconi Formatore Urbanistica Ed Edilizia,+393474305332,SIC-ID-0C1955DA17B1,43,,SICUREZZA,0,PROMO_SETTEMBRE_VIP,ATTIVO
alessio0408@gmail.com,Null,Null,Alessio0408 Guantini,+393319956833,SIC-ID-238E5D3AF1A4,NULL,,SICUREZZA,0,PROMO_SETTEMBRE_VIP,ATTIVO
alessio_panaro@libero.it,Null,Null,Alessio_panaro Panaro,+393483384253,SIC-ID-E207C0C62518,NULL,,SICUREZZA,0,PROMO_SETTEMBRE_VIP,ATTIVO
info@alexvanni.com,Null,Null,Alex Management,,SIC-ID-8C4644770522,NULL,,SICUREZZA,0,PROMO_SETTEMBRE_VIP,ATTIVO
alexandra@studiogammaonline.it,Null,Null,Alexandra Gamma,33558031350,SIC-ID-93C0C8678760,NULL,,SICUREZZA,0,PROMO_SETTEMBRE_VIP,ATTIVO
alex1970s@libero.it,Null,Null,Alexs,,SIC-ID-507F8074B7DA,NULL,,SICUREZZA,0,PROMO_SETTEMBRE_VIP,ATTIVO
alfonso.martello@aslnapoli2nord.it,Null,Null,Alfonso,,SIC-ID-D38FC1CD765D,NULL,,SICUREZZA,0,PROMO_SETTEMBRE_VIP,ATTIVO
alfonsogorirossi@virgilio.it,Null,Null,Alfonsogorirossi,,SIC-ID-23C215B36F4D,NULL,,SICUREZZA,0,PROMO_SETTEMBRE_VIP,ATTIVO
alice.finardi@ciacarr.it,Null,Null,Alice Finardi,+393490568987,SIC-ID-6EA7A8552F5A,NULL,,SICUREZZA,0,PROMO_SETTEMBRE_VIP,ATTIVO
alice.vendemiati@gmail.com,Null,Null,Alice Vendemiati,+3933341521060,SIC-ID-74370C3D83EC,NULL,,SICUREZZA,0,PROMO_SETTEMBRE_VIP,ATTIVO
almainferro@hotmail.com,Null,Null,Almainferro,,SIC-ID-14EBDCD49AA9,NULL,,SICUREZZA,0,PROMO_SETTEMBRE_VIP,ATTIVO
info@alpiturist.com,Null,Null,Alpiturist,+390424692435,SIC-ID-1686A50FBA54,NULL,,SICUREZZA,0,PROMO_SETTEMBRE_VIP,ATTIVO
lavoriinquota@hotmail.com,Null,Null,Altaquota Srls Lavori Edili,+393938765632,SIC-ID-C4963F2ED3C2,43,,SICUREZZA,0,PROMO_SETTEMBRE_VIP,ATTIVO
info@altedacostruzioni.it,Null,Null,Alteda Costruzioni,+390432760714,SIC-ID-2AEFA04B1BDE,43,UD,SICUREZZA,0,PROMO_SETTEMBRE_VIP,ATTIVO
alxdc@yahoo.it,Null,Null,Alxdc,,SIC-ID-CB2A6BEBBD1B,NULL,,SICUREZZA,0,PROMO_SETTEMBRE_VIP,ATTIVO
costruzioniamat@gmail.com,Null,Null,Amato Costruzioni Srl,+39092421645,SIC-ID-F9A6F3CB23DB,43,,SICUREZZA,0,PROMO_SETTEMBRE_VIP,ATTIVO
info@ambientelavorinfinitesoluzioni.it,Null,Null,Ambiente Lavori Infinite Soluzioni S.r.l.,+390689671725,SIC-ID-BDE28DBEE6B9,NULL,RM,SICUREZZA,0,PROMO_SETTEMBRE_VIP,ATTIVO
a.romagnolo@cdne.it,Null,Null,Ambra Cdne,+393462458241,SIC-ID-D3031B97C625,NULL,,SICUREZZA,0,PROMO_SETTEMBRE_VIP,ATTIVO
amfroldi@gmail.com,Null,Null,Amfroldi Maria,+393355249394,SIC-ID-307FEDB6ED0B,NULL,,SICUREZZA,0,PROMO_SETTEMBRE_VIP,ATTIVO
amiternumedilizia@gmail.com,Null,Null,Amiternum Edilizia,+393462271833,SIC-ID-D444F3B97CE1,43,,SICUREZZA,0,PROMO_SETTEMBRE_VIP,ATTIVO
amministrazione@ascomrovigo.it,Null,Null,Amministrazione,,SIC-ID-B9EEB8884715,NULL,,SICUREZZA,0,PROMO_SETTEMBRE_VIP,ATTIVO
amministrazione@serviceplants.it,Null,Null,Amministrazione - Service Srl,,SIC-ID-20D36445E5F3,NULL,,SICUREZZA,0,PROMO_SETTEMBRE_VIP,ATTIVO
amministrazione@tize.it,Null,Null,Amministrazione Tizè,,SIC-ID-97AF57C612C3,NULL,,SICUREZZA,0,PROMO_SETTEMBRE_VIP,ATTIVO
amoreamaro.bar@gmail.com,Null,Null,Amoreamaro Bar,,SIC-ID-EFC35E60778E,56,,SICUREZZA,0,PROMO_SETTEMBRE_VIP,ATTIVO
ampeliobos@alice.it,Null,Null,Ampeliobos,,SIC-ID-9FCE985B5303,NULL,,SICUREZZA,0,PROMO_SETTEMBRE_VIP,ATTIVO
ancelazio@ancelazio.it,Null,Null,Ance Lazio-urcel,+39063221128,SIC-ID-E04AB96E7B62,NULL,RM,SICUREZZA,0,PROMO_SETTEMBRE_VIP,ATTIVO
assistenza@guadagnareconlecase.it,Null,Null,Andrea - Guadagnare Le Case,,SIC-ID-1EE259F960DA,NULL,,SICUREZZA,0,PROMO_SETTEMBRE_VIP,ATTIVO
andrea.bragagnolo@bmautomazioni.com,Null,Null,Andrea Bragagnolo Automatismi,+393383068885,SIC-ID-004208F0D066,NULL,,SICUREZZA,0,PROMO_SETTEMBRE_VIP,ATTIVO
andrea.depaolipd@libero.it,Null,Null,Andrea Depaolipd,+393486067770,SIC-ID-4C72DAB32F2D,NULL,,SICUREZZA,0,PROMO_SETTEMBRE_VIP,ATTIVO
andreaascoli604@gmail.com,Null,Null,Andrea Di Rosa,+393206464511,SIC-ID-0822A4103B91,NULL,,SICUREZZA,0,PROMO_SETTEMBRE_VIP,ATTIVO
andrea.finotto1986@gmail.com,Null,Null,Andrea Finotto,+393477289252,SIC-ID-1A152181B134,NULL,,SICUREZZA,0,PROMO_SETTEMBRE_VIP,ATTIVO
andreagazzola1979@gmail.com,Null,Null,Andrea Lyo,+393482489312,SIC-ID-C27612F7B5C9,NULL,,SICUREZZA,0,PROMO_SETTEMBRE_VIP,ATTIVO
a.bezze75@gmail.com,Null,Null,Andrea Lyo,+393483130155,SIC-ID-480206DCDA2A,NULL,,SICUREZZA,0,PROMO_SETTEMBRE_VIP,ATTIVO
andrea_zorzi@outlook.it,Null,Null,Andrea Lyo,+393496288555,SIC-ID-1E1FBD49C23C,NULL,,SICUREZZA,0,PROMO_SETTEMBRE_VIP,ATTIVO
fattoretto76@libero.it,Null,Null,Andrea Lyo,+393478478680,SIC-ID-AD83951743AF,NULL,,SICUREZZA,0,PROMO_SETTEMBRE_VIP,ATTIVO
a.roccato@studioroccato.com,Null,Null,Andrea Roccato,+393486067770,SIC-ID-796805E0E2D8,NULL,,SICUREZZA,0,PROMO_SETTEMBRE_VIP,ATTIVO
utente-mftgpv5qi@messaggi.subito.it,Null,Null,Andrea Subito,+393920888934,SIC-ID-E7C84B324262,NULL,,SICUREZZA,0,PROMO_SETTEMBRE_VIP,ATTIVO
info@luminalservice.it,Null,Null,Andrea Zanellato,,SIC-ID-8B807B3B97A6,NULL,,SICUREZZA,0,PROMO_SETTEMBRE_VIP,ATTIVO
andreonecristina@yahoo.it,Null,Null,Andreonecristina,,SIC-ID-6EABCB06EFB7,NULL,,SICUREZZA,0,PROMO_SETTEMBRE_VIP,ATTIVO
info@aneltec.it,Null,Null,Aneltec S.r.l. Societa' A Socio Unico,+39024223343,SIC-ID-6D040228E567,NULL,MI,SICUREZZA,0,PROMO_SETTEMBRE_VIP,ATTIVO
angelina.soravia@gmail.com,Null,Null,Angelina Soravia,,SIC-ID-19F841EA64CD,NULL,,SICUREZZA,0,PROMO_SETTEMBRE_VIP,ATTIVO
anipa@anipa.it,Null,Null,Anipa,,SIC-ID-57D6B34B2F65,NULL,,SICUREZZA,0,PROMO_SETTEMBRE_VIP,ATTIVO
anna@annaritagelasio.it,Null,Null,Anna,,SIC-ID-40726B5BFB94,NULL,,SICUREZZA,0,PROMO_SETTEMBRE_VIP,ATTIVO
anna.antonelli1959@gmail.com,Null,Null,Anna Antonelli1959,,SIC-ID-735651B15C56,NULL,,SICUREZZA,0,PROMO_SETTEMBRE_VIP,ATTIVO
anna.aurelio1989@gmail.com,Null,Null,Anna Aurelio1989,,SIC-ID-2E4332F3DC9D,NULL,,SICUREZZA,0,PROMO_SETTEMBRE_VIP,ATTIVO
anna.delprete1980@gmail.com,Null,Null,Anna Delprete1980,,SIC-ID-A195B656980F,NULL,,SICUREZZA,0,PROMO_SETTEMBRE_VIP,ATTIVO
anna.didonato@outlook.com,Null,Null,Anna Didonato,,SIC-ID-BF549BA6DE10,NULL,,SICUREZZA,0,PROMO_SETTEMBRE_VIP,ATTIVO
a.olimpia@tiscali.it,Null,Null,Anna Olimpia,,SIC-ID-F04087844152,NULL,,SICUREZZA,0,PROMO_SETTEMBRE_VIP,ATTIVO
anna.andrello@gmail.com,Null,Null,Anna Polacca Marta,+393338664500,SIC-ID-9B2AB2E8DB89,NULL,,SICUREZZA,0,PROMO_SETTEMBRE_VIP,ATTIVO
anna.vy@libero.it,Null,Null,Anna Vy,,SIC-ID-3B3C3C3D9B10,NULL,,SICUREZZA,0,PROMO_SETTEMBRE_VIP,ATTIVO
anna.zompa@virgilio.it,Null,Null,Anna Zompa,,SIC-ID-0693A5ED94C0,NULL,,SICUREZZA,0,PROMO_SETTEMBRE_VIP,ATTIVO
anna_sanfilippo64@libero.it,Null,Null,Anna_sanfilippo64,,SIC-ID-D1875A6219A6,NULL,,SICUREZZA,0,PROMO_SETTEMBRE_VIP,ATTIVO
anna86ac@hotmail.it,Null,Null,Annaac,+393396615361,SIC-ID-1C53A71D34F2,NULL,,SICUREZZA,0,PROMO_SETTEMBRE_VIP,ATTIVO
annacorbetta@virgilio.it,Null,Null,Annacorbetta Corbetta,+393355249394,SIC-ID-56254876A7E7,NULL,,SICUREZZA,0,PROMO_SETTEMBRE_VIP,ATTIVO
annadauria@libero.it,Null,Null,Annadauria D'auria,,SIC-ID-305195824328,NULL,,SICUREZZA,0,PROMO_SETTEMBRE_VIP,ATTIVO
annafranzese51@gmail.com,Null,Null,Annafranzese51,,SIC-ID-5A6E54DA1905,NULL,,SICUREZZA,0,PROMO_SETTEMBRE_VIP,ATTIVO
25annalisa@gmail.com,Null,Null,Annalisa,,SIC-ID-A7C52D2D6FFE,NULL,,SICUREZZA,0,PROMO_SETTEMBRE_VIP,ATTIVO
annalisa.zampini@tin.it,Null,Null,Annalisa Zampini,,SIC-ID-5E671EFE9B57,NULL,,SICUREZZA,0,PROMO_SETTEMBRE_VIP,ATTIVO
annamaria.altieri@gmail.com,Null,Null,Annamaria Altieri,,SIC-ID-DDAAAA7CF8B6,NULL,,SICUREZZA,0,PROMO_SETTEMBRE_VIP,ATTIVO
annapisanelli@gmail.com,Null,Null,Annapisanelli,,SIC-ID-404429B285F9,NULL,,SICUREZZA,0,PROMO_SETTEMBRE_VIP,ATTIVO
annascarpato9@gmail.com,Null,Null,Annascarpato9,,SIC-ID-64A7E8A3E0DA,NULL,,SICUREZZA,0,PROMO_SETTEMBRE_VIP,ATTIVO
antonello.avona@gmail.com,Null,Null,Antonello Avona,+393357063210,SIC-ID-63F354B9C7BF,NULL,,SICUREZZA,0,PROMO_SETTEMBRE_VIP,ATTIVO
antonellocappellato@icloud.com,Null,Null,Antonello Lyoness,+393357063210,SIC-ID-E92B781F8746,NULL,,SICUREZZA,0,PROMO_SETTEMBRE_VIP,ATTIVO
antonia@gamoservizi.it,Null,Null,Antonia,+393403886458,SIC-ID-9F9634903BF7,NULL,,SICUREZZA,0,PROMO_SETTEMBRE_VIP,ATTIVO
alazzaro2606@gmail.com,Null,Null,Antonio Lazzaro,+393384297972,SIC-ID-C21A93E22FDD,NULL,,SICUREZZA,0,PROMO_SETTEMBRE_VIP,ATTIVO
lazzaro@quboimpianti.com,Null,Null,Antonio Lazzaro,+393356819568,SIC-ID-6294177C5072,NULL,,SICUREZZA,0,PROMO_SETTEMBRE_VIP,ATTIVO
info@nonsolocharter.com,Null,Null,Antonio Lyo,+393450400400,SIC-ID-B9939F14D4A4,NULL,,SICUREZZA,0,PROMO_SETTEMBRE_VIP,ATTIVO
antonio.oltramari@emic.it,Null,Null,Antonio Oltramari,,SIC-ID-6B840D44289F,NULL,,SICUREZZA,0,PROMO_SETTEMBRE_VIP,ATTIVO
farinaimpianti@libero.it,Null,Null,Antonio Sicurezza Farina,+393356630538,SIC-ID-52DDDACB2AED,NULL,,SICUREZZA,0,PROMO_SETTEMBRE_VIP,ATTIVO
antonio.tizzani@libero.it,Null,Null,Antonio Tizzani,+393280553220,SIC-ID-C1C21D4B3AAF,NULL,,SICUREZZA,0,PROMO_SETTEMBRE_VIP,ATTIVO
apesorridente@hotmail.com,Null,Null,Apesorridente,,SIC-ID-17785C631811,NULL,,SICUREZZA,0,PROMO_SETTEMBRE_VIP,ATTIVO
info@romasaxarubra.it,Null,Null,Appartamenti Complesso Residenziale Pini Di Roma,+390633630219,SIC-ID-6A778B20C467,NULL,RM,SICUREZZA,0,PROMO_SETTEMBRE_VIP,ATTIVO
info@apcostruzioni.it,Null,Null,Aps Costruzioni,,SIC-ID-B1E67BB0409B,43,,SICUREZZA,0,PROMO_SETTEMBRE_VIP,ATTIVO
arben.kola@gmail.com,Null,Null,Arben Kola,,SIC-ID-A73519C0ACCA,NULL,,SICUREZZA,0,PROMO_SETTEMBRE_VIP,ATTIVO
info@arcadiacalcestruzzi.it,Null,Null,Arcadia Calcestruzzi S.p.a.,+390573536262,SIC-ID-2CFB9A8899BA,NULL,PT,SICUREZZA,0,PROMO_SETTEMBRE_VIP,ATTIVO
arch.c.cost@gmail.com,Null,Null,Arch C Cost,,SIC-ID-25BFA7EFA67E,NULL,,SICUREZZA,0,PROMO_SETTEMBRE_VIP,ATTIVO
arch.digennaroalina@gmail.com,Null,Null,Arch Digennaroalina,,SIC-ID-1268FB644AFA,NULL,,SICUREZZA,0,PROMO_SETTEMBRE_VIP,ATTIVO
arch.fioravanti@gmail.com,Null,Null,Arch Fioravanti,,SIC-ID-5F5675D79642,NULL,,SICUREZZA,0,PROMO_SETTEMBRE_VIP,ATTIVO
arch.lauraboscoloforcola@gmail.com,Null,Null,Arch Lauraboscoloforcola,,SIC-ID-2203E7464FDC,NULL,,SICUREZZA,0,PROMO_SETTEMBRE_VIP,ATTIVO
arch.marica.paparella@gmail.com,Null,Null,Arch Marica Paparella,,SIC-ID-F66640783F89,NULL,,SICUREZZA,0,PROMO_SETTEMBRE_VIP,ATTIVO
arch.nataleromeo@gmail.com,Null,Null,Arch Nataleromeo,,SIC-ID-48015BAEF27A,NULL,,SICUREZZA,0,PROMO_SETTEMBRE_VIP,ATTIVO
arch.sargiacomo@gmail.com,Null,Null,Arch Sargiacomo,,SIC-ID-526D55DE10F9,NULL,,SICUREZZA,0,PROMO_SETTEMBRE_VIP,ATTIVO
archtamburin@libero.it,Null,Null,Arch Tamburin,+3904261900617,SIC-ID-D3613A00F633,NULL,,SICUREZZA,0,PROMO_SETTEMBRE_VIP,ATTIVO
arch.tomassettipaolo@gmail.com,Null,Null,Arch Tomassettipaolo,,SIC-ID-C5B2354DA64A,NULL,,SICUREZZA,0,PROMO_SETTEMBRE_VIP,ATTIVO
info@morosinicostruzioni.it,Null,Null,Arch.edil S.r.l.,,SIC-ID-657AB5DCF07B,43,BG,SICUREZZA,0,PROMO_SETTEMBRE_VIP,ATTIVO
archfedericoantonio@libero.it,Null,Null,Archfedericoantonio Federico,+393484020288,SIC-ID-DB5BE16DC008,NULL,,SICUREZZA,0,PROMO_SETTEMBRE_VIP,ATTIVO
archiluigibarbato@gmail.com,Null,Null,Archiluigibarbato,,SIC-ID-D191B70966CB,NULL,,SICUREZZA,0,PROMO_SETTEMBRE_VIP,ATTIVO
archistudio.lasfera@tiscali.it,Null,Null,Archistudio Lasfera,,SIC-ID-2DFB4A5958FA,NULL,,SICUREZZA,0,PROMO_SETTEMBRE_VIP,ATTIVO
architettozanardi@libero.it,Null,Null,Architettozanardi,,SIC-ID-9FBC2F60BDBD,71,,SICUREZZA,0,PROMO_SETTEMBRE_VIP,ATTIVO
electi.world@gmail.com,Null,Null,"Area Gestione Edilizia Della Sapienza, Iv Piano Edificio Di Ortopedia",+390649694151,SIC-ID-8CA421078C5F,43,RM,SICUREZZA,0,PROMO_SETTEMBRE_VIP,ATTIVO
info@areadisostavaldirabbi.it,Null,Null,Area Sosta Camper Al Plan,+393396556740,SIC-ID-9B0C3A355745,NULL,,SICUREZZA,0,PROMO_SETTEMBRE_VIP,ATTIVO
granfoari@libero.it,Null,Null,Arianna Granfo Capelli,+393403456638,SIC-ID-08D6AD6BA989,NULL,,SICUREZZA,0,PROMO_SETTEMBRE_VIP,ATTIVO
barando@libero.it,Null,Null,Aries - Ferramenta Colori Cartongesso,+390923560222,SIC-ID-99DDDE1E2AA6,47,,SICUREZZA,0,PROMO_SETTEMBRE_VIP,ATTIVO
armyat@libero.it,Null,Null,Armyat,,SIC-ID-9C7FED2F160E,NULL,,SICUREZZA,0,PROMO_SETTEMBRE_VIP,ATTIVO
monica@cpmshop.it,Null,Null,Arniani Monica,,SIC-ID-EB4CEDEF2450,NULL,,SICUREZZA,0,PROMO_SETTEMBRE_VIP,ATTIVO
segreteria@arpe.roma.it,Null,Null,"Arpe, Associazione Romana Della Proprietá Edilizia",+393906485611,SIC-ID-B354603237B4,43,,SICUREZZA,0,PROMO_SETTEMBRE_VIP,ATTIVO
info@arrichiello.it,Null,Null,Arrichiello Ciro S.r.l.,+390817590171,SIC-ID-2261B3D1A7FB,NULL,NA,SICUREZZA,0,PROMO_SETTEMBRE_VIP,ATTIVO
artenautica@libero.it,Null,Null,Arte Nautica Mattana,+393494692065,SIC-ID-41AA01DC7900,NULL,,SICUREZZA,0,PROMO_SETTEMBRE_VIP,ATTIVO
info@artedileavesani.com,Null,Null,Artedil E Avesani,+39045917922,SIC-ID-0BD51CD36310,43,VR,SICUREZZA,0,PROMO_SETTEMBRE_VIP,ATTIVO
info@artigianaedile.it,Null,Null,Artigiana Edile Snc,+390415541822,SIC-ID-C8A89C9CEA67,43,VE,SICUREZZA,0,PROMO_SETTEMBRE_VIP,ATTIVO
info@artigianaimpresaedile.it,Null,Null,Artigiana Srl - Impresa Edile,+390495227270,SIC-ID-AC3EDE5F6105,43,PD,SICUREZZA,0,PROMO_SETTEMBRE_VIP,ATTIVO
restauri@tiscalinet.it,Null,Null,Artigiano,+3933891633500,SIC-ID-F4F51B45BE28,NULL,,SICUREZZA,0,PROMO_SETTEMBRE_VIP,ATTIVO
motoridiricerca@netservice.biz,Null,Null,Asoli 3.0 Edilizia E Ceramiche,+393907169043,SIC-ID-D5BE2CAE892A,43,,SICUREZZA,0,PROMO_SETTEMBRE_VIP,ATTIVO
assistenza@staff.aruba.it,Null,Null,Assistenza,,SIC-ID-BB0AB02622DD,NULL,,SICUREZZA,0,PROMO_SETTEMBRE_VIP,ATTIVO
assistenzaportaleapplicativi@gse.it,Null,Null,Assistenza Gse,34807179120,SIC-ID-6EE7A65550B6,NULL,,SICUREZZA,0,PROMO_SETTEMBRE_VIP,ATTIVO
info@astelsrl.com,Null,Null,Astel S.r.l.,+390432487070,SIC-ID-D863F77E2B4C,NULL,UD,SICUREZZA,0,PROMO_SETTEMBRE_VIP,ATTIVO
info@idaminelli.it,Null,Null,Atelier Tends Idaminelli,+390350171206,SIC-ID-41EA32DDD63A,NULL,BG,SICUREZZA,0,PROMO_SETTEMBRE_VIP,ATTIVO
atlanta76@libero.it,Null,Null,Atlanta76,,SIC-ID-16C34B7545AA,NULL,,SICUREZZA,0,PROMO_SETTEMBRE_VIP,ATTIVO
attilio@mastudio.it,Null,Null,Attilio,,SIC-ID-88AA4F9864CF,NULL,,SICUREZZA,0,PROMO_SETTEMBRE_VIP,ATTIVO
info@attivitaediliziebergamasche.it,Null,Null,Attivita' Edilizie Bergamasche S.r.l.,+39035595574,SIC-ID-508D2DF27B3F,43,BG,SICUREZZA,0,PROMO_SETTEMBRE_VIP,ATTIVO
attrezzature@aifos.it,Null,Null,Attrezzature Aifos,34891630730,SIC-ID-30C48343F182,NULL,,SICUREZZA,0,PROMO_SETTEMBRE_VIP,ATTIVO
augusto.avanzo@gmail.com,Null,Null,Augusto Avanzo,+393473087942,SIC-ID-6C3ED6D4CC09,NULL,,SICUREZZA,0,PROMO_SETTEMBRE_VIP,ATTIVO
aulettadebora@live.com,Null,Null,Aulettadebora,,SIC-ID-B0165833F3B1,NULL,,SICUREZZA,0,PROMO_SETTEMBRE_VIP,ATTIVO
info@auroracolor.it,Null,Null,Aurora Color Srl Sede Di Signa - Zetacolor Vernici E Colori Dal 1963,+390558797081,SIC-ID-B765D9EDEE45,NULL,FI,SICUREZZA,0,PROMO_SETTEMBRE_VIP,ATTIVO
auroracostruzioni.sas.fe@gmail.com,Null,Null,Aurora Costruzioni Di Aia Francesco S.r.l.,+390532350550,SIC-ID-49F17B842707,43,FE,SICUREZZA,0,PROMO_SETTEMBRE_VIP,ATTIVO
salvatore.pili@carglass.it,Null,Null,Autoclinic - Salute E Bellezza Dell'auto,+390931490721,SIC-ID-2CFECAE4BAA5,NULL,SR,SICUREZZA,0,PROMO_SETTEMBRE_VIP,ATTIVO
autocarrozzerialimpidosm@gmail.com,Null,Null,Autocarrozzeria Limpido,+39093124689,SIC-ID-FE8D4F2ACDDB,45,SR,SICUREZZA,0,PROMO_SETTEMBRE_VIP,ATTIVO
marcoconsiglio75@libero.it,Null,Null,Autospurghi F.lli Consiglio,,SIC-ID-7D6106FDEFDB,NULL,,SICUREZZA,0,PROMO_SETTEMBRE_VIP,ATTIVO
averie@cryptocom.intercom-mail.com,Null,Null,Averie Com,33179144940,SIC-ID-7AEA4CBCB5CF,NULL,,SICUREZZA,0,PROMO_SETTEMBRE_VIP,ATTIVO
avv.valentinavalenti@barzazi.com,Null,Null,Avv Valentinavalenti,,SIC-ID-F3C4CE7F7E4D,NULL,,SICUREZZA,0,PROMO_SETTEMBRE_VIP,ATTIVO
enricopizzolato3@gmail.com,Null,Null,Azienda Agricola Giorgio,,SIC-ID-0538495A6014,01,,SICUREZZA,0,PROMO_SETTEMBRE_VIP,ATTIVO
webmaster@ca2solution.it,Null,Null,Azzurra Costruzioni S.r.l.u.,+39800629520,SIC-ID-A7A8E97AE00E,43,,SICUREZZA,0,PROMO_SETTEMBRE_VIP,ATTIVO
b-nicola@libero.it,Null,Null,B,+393346900946,SIC-ID-FEE936C23AE4,NULL,,SICUREZZA,0,L1_FREDDI_RIPERMISSIONING,ATTIVO
b.pregnolato@tiscali.it,Null,Null,B Pregnolato,,SIC-ID-A985FE5C63DF,NULL,,SICUREZZA,0,PROMO_SETTEMBRE_VIP,ATTIVO
info@beblattonerie.it,Null,Null,B&b S.n.c.,,SIC-ID-226A160015D1,55,,SICUREZZA,0,PROMO_SETTEMBRE_VIP,ATTIVO
marcohasrama@hotmail.it,Null,Null,B.edil,+393285537295,SIC-ID-52C6742D8E3E,43,,SICUREZZA,0,PROMO_SETTEMBRE_VIP,ATTIVO
ivan.battistessa@tiscali.it,Null,Null,B.m.t. Di Battistessa Ivan & C. Snc,+39034342364,SIC-ID-E9001E5C0D8B,NULL,,SICUREZZA,0,PROMO_SETTEMBRE_VIP,ATTIVO
info@bmedile.com,Null,Null,B.m. Srl - Costruzioni Edili E Ristrutturazioni,+390516814119,SIC-ID-0120CB3E2C52,43,BO,SICUREZZA,0,PROMO_SETTEMBRE_VIP,ATTIVO
bgyhubimport@dhl.com,Null,Null,Bgy Import,34579470750,SIC-ID-593B3D4B5BFB,NULL,,SICUREZZA,0,PROMO_SETTEMBRE_VIP,ATTIVO
bsmlavoriedili@gmail.com,Null,Null,Bsm Edilizia Snc,+393382653345,SIC-ID-3D4BCD409359,43,,SICUREZZA,0,PROMO_SETTEMBRE_VIP,ATTIVO
baccanscavi@libero.it,Null,Null,Baccanscavi,,SIC-ID-4859993F7A32,43,,SICUREZZA,0,PROMO_SETTEMBRE_VIP,ATTIVO
bacci.tiziana@gmail.com,Null,Null,Bacci Tiziana,,SIC-ID-21713CB05B53,NULL,,SICUREZZA,0,PROMO_SETTEMBRE_VIP,ATTIVO
alessandro.piva-86@hotmail.it,Null,Null,Backup_sicurissimo Engine V1_2026-02-24_03-38 Estr,,SIC-ID-5D0582659D27,NULL,,SICUREZZA,0,PROMO_SETTEMBRE_VIP,ATTIVO
alessandro.crepaldi.55@gmail.com,Null,Null,Backup_sicurissimo Engine V1_2026-02-24_03-38 Estr,+393402974429,SIC-ID-30A91AFE92F8,NULL,,SICUREZZA,0,PROMO_SETTEMBRE_VIP,ATTIVO
august0.buccomin0@gmail.com,Null,Null,Backup_sicurissimo Engine V1_2026-02-24_03-38 Estr,+393382543361,SIC-ID-7D1EA4B8ED30,NULL,,SICUREZZA,0,PROMO_SETTEMBRE_VIP,ATTIVO
avidholdevento@gmail.com,Null,Null,Backup_sicurissimo Engine V1_2026-02-24_03-38 Estr,34770489240,SIC-ID-E17DA770184D,NULL,,SICUREZZA,0,PROMO_SETTEMBRE_VIP,ATTIVO
b.biagi@hiperformance.it,Null,Null,Backup_sicurissimo Engine V1_2026-02-24_03-38 Estr,34943398600,SIC-ID-4036CA52CE72,NULL,,SICUREZZA,0,PROMO_SETTEMBRE_VIP,ATTIVO
andrea.pisarra@alice.it,Null,Null,Backup_sicurissimo Engine V1_2026-02-24_03-38 Estr,+393402156963,SIC-ID-4E2FCCB28BAA,NULL,,SICUREZZA,0,PROMO_SETTEMBRE_VIP,ATTIVO
andrea.galdiolo@gmail.com,Null,Null,Backup_sicurissimo Engine V1_2026-02-24_03-38 Estr,+393331331385,SIC-ID-6200273B9A7F,NULL,,SICUREZZA,0,PROMO_SETTEMBRE_VIP,ATTIVO
alim.favaron@gmail.com,Null,Null,Backup_sicurissimo Engine V1_2026-02-24_03-38 Estr,+3934055512070,SIC-ID-5CA3A9D51A48,NULL,,SICUREZZA,0,PROMO_SETTEMBRE_VIP,ATTIVO
andrea.ali8011@gmail.com,Null,Null,Backup_sicurissimo Engine V1_2026-02-24_03-38 Estr,+393484421068,SIC-ID-8770F1FFEBE5,NULL,,SICUREZZA,0,PROMO_SETTEMBRE_VIP,ATTIVO
andrea-antonioli@libero.it,Null,Null,Backup_sicurissimo Engine V1_2026-02-24_03-38 Estr,+393406030419,SIC-ID-F4491A0FAB5D,NULL,,SICUREZZA,0,PROMO_SETTEMBRE_VIP,ATTIVO
amm@eshirt.it,Null,Null,Backup_sicurissimo Engine V1_2026-02-24_03-38 Estr,+393343412897,SIC-ID-0E9E390D3E25,NULL,,SICUREZZA,0,PROMO_SETTEMBRE_VIP,ATTIVO
ambulatorio.vianelli@libero.it,Null,Null,Backup_sicurissimo Engine V1_2026-02-24_03-38 Estr,34881245330,SIC-ID-9EF02809E9AC,NULL,,SICUREZZA,0,PROMO_SETTEMBRE_VIP,ATTIVO
alessia.ebano@artigianatopadovano.it,Null,Null,Backup_sicurissimo Engine V1_2026-02-24_03-38 Estr,+3933570632100,SIC-ID-3B7E595C3679,NULL,,SICUREZZA,0,PROMO_SETTEMBRE_VIP,ATTIVO
alicezanoni-66@live.it,Null,Null,Backup_sicurissimo Engine V1_2026-02-24_03-38 Estr,+393899697457,SIC-ID-0D36AB564D16,NULL,,SICUREZZA,0,PROMO_SETTEMBRE_VIP,ATTIVO
alice.gazzignato@gmail.com,Null,Null,Backup_sicurissimo Engine V1_2026-02-24_03-38 Estr,+393319325595,SIC-ID-81A56ED5F007,NULL,,SICUREZZA,0,PROMO_SETTEMBRE_VIP,ATTIVO
attivalavoro@attivamenteonlus.it,Null,Null,Backup_sicurissimo Engine V1_2026-02-24_03-38 Estr,+393358129051,SIC-ID-9638A2DA696D,NULL,,SICUREZZA,0,PROMO_SETTEMBRE_VIP,ATTIVO
alialbakheet_2019@yahoo.com,Null,Null,Backup_sicurissimo Engine V1_2026-02-24_03-38 Estr,38805757570,SIC-ID-74174E38F843,NULL,,SICUREZZA,0,PROMO_SETTEMBRE_VIP,ATTIVO
alessia.garbo@infun.es,Null,Null,Backup_sicurissimo Engine V1_2026-02-24_03-38 Estr,+393484020288,SIC-ID-078D079EB4D6,NULL,,SICUREZZA,0,PROMO_SETTEMBRE_VIP,ATTIVO
andrea.cerreti@alice.it,Null,Null,Backup_sicurissimo Engine V1_2026-02-24_03-38 Estr,+393402304639,SIC-ID-5EF17B7D1BEC,NULL,,SICUREZZA,0,PROMO_SETTEMBRE_VIP,ATTIVO
alessandroscacco@gmail.com,Null,Null,Backup_sicurissimo Engine V1_2026-02-24_03-38 Estr,+393806997577,SIC-ID-3B15B98DA508,NULL,,SICUREZZA,0,PROMO_SETTEMBRE_VIP,ATTIVO
alessandropanet@gmail.com,Null,Null,Backup_sicurissimo Engine V1_2026-02-24_03-38 Estr,+393404727334,SIC-ID-7E467E399752,NULL,,SICUREZZA,0,PROMO_SETTEMBRE_VIP,ATTIVO
antonioprovasi@alice.it,Null,Null,Backup_sicurissimo Engine V1_2026-02-24_03-38 Estr,+393479248503,SIC-ID-82D525E41B8E,NULL,,SICUREZZA,0,PROMO_SETTEMBRE_VIP,ATTIVO
andreabrognara@libero.it,Null,Null,Backup_sicurissimo Engine V1_2026-02-24_03-38 Estr,+393357488230,SIC-ID-F0539DC07491,NULL,,SICUREZZA,0,PROMO_SETTEMBRE_VIP,ATTIVO
antonella.iglesias@gmail.com,Null,Null,Backup_sicurissimo Engine V1_2026-02-24_03-38 Estr,+393356089443,SIC-ID-6AF681F5D704,NULL,,SICUREZZA,0,PROMO_SETTEMBRE_VIP,ATTIVO
antonellaemery60@gmail.com,Null,Null,Backup_sicurissimo Engine V1_2026-02-24_03-38 Estr,+393470609509,SIC-ID-ED2B8AD6596C,NULL,,SICUREZZA,0,PROMO_SETTEMBRE_VIP,ATTIVO
antonellamusic2009@libero.it,Null,Null,Backup_sicurissimo Engine V1_2026-02-24_03-38 Estr,+393292507095,SIC-ID-C68CEE0015FA,NULL,,SICUREZZA,0,PROMO_SETTEMBRE_VIP,ATTIVO
antonellocapellato@gmail.com,Null,Null,Backup_sicurissimo Engine V1_2026-02-24_03-38 Estr,34907817290,SIC-ID-3DF68A1B5C86,NULL,,SICUREZZA,0,PROMO_SETTEMBRE_VIP,ATTIVO
antonino.vena@gmail.com,Null,Null,Backup_sicurissimo Engine V1_2026-02-24_03-38 Estr,+393478501233,SIC-ID-0042EB53185B,NULL,,SICUREZZA,0,PROMO_SETTEMBRE_VIP,ATTIVO
antonio85nania@gmail.com,Null,Null,Backup_sicurissimo Engine V1_2026-02-24_03-38 Estr,+3933810187160,SIC-ID-1A90DF00DE9F,NULL,,SICUREZZA,0,PROMO_SETTEMBRE_VIP,ATTIVO
antonio@artio.it,Null,Null,Backup_sicurissimo Engine V1_2026-02-24_03-38 Estr,+393773181652,SIC-ID-D9878F8E25B6,NULL,,SICUREZZA,0,PROMO_SETTEMBRE_VIP,ATTIVO
antoniocastellano64@alice.it,Null,Null,Backup_sicurissimo Engine V1_2026-02-24_03-38 Estr,+393479294377,SIC-ID-ED7597D79F70,NULL,,SICUREZZA,0,PROMO_SETTEMBRE_VIP,ATTIVO
archfedericoantonio@gmail.com,Null,Null,Backup_sicurissimo Engine V1_2026-02-24_03-38 Estr,+393356978565,SIC-ID-FD42433CD167,NULL,,SICUREZZA,0,PROMO_SETTEMBRE_VIP,ATTIVO
asceotaanna61@gmail.com,Null,Null,Backup_sicurissimo Engine V1_2026-02-24_03-38 Estr,+393459804152,SIC-ID-13EDDEB72068,NULL,,SICUREZZA,0,PROMO_SETTEMBRE_VIP,ATTIVO
argentifabrizio@libero.it,Null,Null,Backup_sicurissimo Engine V1_2026-02-24_03-38 Estr,+3933963142180,SIC-ID-B2C0B9690D95,NULL,,SICUREZZA,0,PROMO_SETTEMBRE_VIP,ATTIVO
andrea.reali84@gmail.com,Null,Null,Backup_sicurissimo Engine V1_2026-02-24_03-38 Estr,+393346132534,SIC-ID-64595C8D0F7E,NULL,,SICUREZZA,0,PROMO_SETTEMBRE_VIP,ATTIVO
armando.duo@tin.it,Null,Null,Backup_sicurissimo Engine V1_2026-02-24_03-38 Estr,+393483141745,SIC-ID-1646F2A852F3,NULL,,SICUREZZA,0,PROMO_SETTEMBRE_VIP,ATTIVO
antonella.loi@me.com,Null,Null,Backup_sicurissimo Engine V1_2026-02-24_03-38 Estr,+393478587793,SIC-ID-13A816E97CA1,NULL,,SICUREZZA,0,PROMO_SETTEMBRE_VIP,ATTIVO
agnese@agnesetricot.it,Null,Null,Backup_sicurissimo Engine V1_2026-02-24_03-38 Estr,+393200198260,SIC-ID-8238EBAC2D01,NULL,,SICUREZZA,0,PROMO_SETTEMBRE_VIP,ATTIVO
andrea@birikina.it,Null,Null,Backup_sicurissimo Engine V1_2026-02-24_03-38 Estr,+393392178302,SIC-ID-862C67820807,NULL,,SICUREZZA,0,PROMO_SETTEMBRE_VIP,ATTIVO
admin@nicoladomini.com,Null,Null,Backup_sicurissimo Engine V1_2026-02-24_03-38 Estr,34727992580,SIC-ID-3616E608AB30,NULL,,SICUREZZA,0,PROMO_SETTEMBRE_VIP,ATTIVO
affiliazioni@anfos.it,Null,Null,Backup_sicurissimo Engine V1_2026-02-24_03-38 Estr,34710195720,SIC-ID-CBA32F0E4DE4,NULL,,SICUREZZA,0,PROMO_SETTEMBRE_VIP,ATTIVO
achidan@libero.it,Null,Null,Backup_sicurissimo Engine V1_2026-02-24_03-38 Estr,+393296632281,SIC-ID-FC8F15DC661C,NULL,,SICUREZZA,0,PROMO_SETTEMBRE_VIP,ATTIVO
argentinaangelo86@gmail.com,Null,Null,Backup_sicurissimo Engine V1_2026-02-24_03-38 Estr,+393801012122,SIC-ID-5BB392A11B15,NULL,,SICUREZZA,0,PROMO_SETTEMBRE_VIP,ATTIVO
andrea.scheggi@virgilio.it,Null,Null,Backup_sicurissimo Engine V1_2026-02-24_03-38 Estr,+393495763881,SIC-ID-C2B265EEB751,NULL,,SICUREZZA,0,PROMO_SETTEMBRE_VIP,ATTIVO
andrea.vernizzi@crveneto.it,Null,Null,Backup_sicurissimo Engine V1_2026-02-24_03-38 Estr,+3933964154270,SIC-ID-703300CDB076,NULL,,SICUREZZA,0,PROMO_SETTEMBRE_VIP,ATTIVO
annugupta9847@gmail.com,Null,Null,Backup_sicurissimo Engine V1_2026-02-24_03-38 Estr,+393219981940,SIC-ID-A225DE20780C,NULL,,SICUREZZA,0,PROMO_SETTEMBRE_VIP,ATTIVO
alessandro.basso@padovafiere.it,Null,Null,Backup_sicurissimo Engine V1_2026-02-24_03-38 Estr,+3933833669720,SIC-ID-B95925F9A239,NULL,,SICUREZZA,0,PROMO_SETTEMBRE_VIP,ATTIVO
alessandro.asingegneria@gmail.com,Null,Null,Backup_sicurissimo Engine V1_2026-02-24_03-38 Estr,34882140930,SIC-ID-5A98A53B7F72,NULL,,SICUREZZA,0,PROMO_SETTEMBRE_VIP,ATTIVO
alessandra@rigato.net,Null,Null,Backup_sicurissimo Engine V1_2026-02-24_03-38 Estr,+393290311802,SIC-ID-6D827A1F58B8,NULL,,SICUREZZA,0,PROMO_SETTEMBRE_VIP,ATTIVO
alessandra.menegon@vpsolar.com,Null,Null,Backup_sicurissimo Engine V1_2026-02-24_03-38 Estr,+393334268866,SIC-ID-302B74FD3CAF,NULL,,SICUREZZA,0,PROMO_SETTEMBRE_VIP,ATTIVO
alcamo.handicraft@gmail.com,Null,Null,Backup_sicurissimo Engine V1_2026-02-24_03-38 Estr,+393477633710,SIC-ID-A8476C42AEE8,NULL,,SICUREZZA,0,PROMO_SETTEMBRE_VIP,ATTIVO
airdropmcc@protonmail.com,Null,Null,Backup_sicurissimo Engine V1_2026-02-24_03-38 Estr,33574882300,SIC-ID-D29AB6938699,NULL,,SICUREZZA,0,PROMO_SETTEMBRE_VIP,ATTIVO
agostino.chiaretto@wind.it,Null,Null,Backup_sicurissimo Engine V1_2026-02-24_03-38 Estr,+3932839191970,SIC-ID-24C825A683EA,NULL,,SICUREZZA,0,PROMO_SETTEMBRE_VIP,ATTIVO
alessia.manzo@hideea.com,Null,Null,Backup_sicurissimo Engine V1_2026-02-24_03-38 Estr,+393279754151,SIC-ID-05CBB1DE4B3C,NULL,,SICUREZZA,0,PROMO_SETTEMBRE_VIP,ATTIVO
agnesleshrac@gmail.com,Null,Null,Backup_sicurissimo Engine V1_2026-02-24_03-38 Estr,+393346900948,SIC-ID-BC2D79A14078,NULL,,SICUREZZA,0,PROMO_SETTEMBRE_VIP,ATTIVO
assistenza@voxmail.it,Null,Null,Backup_sicurissimo Engine V1_2026-02-24_03-38 Estr,+393385853854,SIC-ID-8A0E48BDB84B,NULL,,SICUREZZA,0,PROMO_SETTEMBRE_VIP,ATTIVO
arretrati@genertel.it,Null,Null,Backup_sicurissimo Engine V1_2026-02-24_03-38 Estr,+393335745706,SIC-ID-969D160B31C8,NULL,,SICUREZZA,0,PROMO_SETTEMBRE_VIP,ATTIVO
andrpasini@libero.it,Null,Null,Backup_sicurissimo Engine V1_2026-02-24_03-38 Estr,+393483844057,SIC-ID-2B9BA0C79833,NULL,,SICUREZZA,0,PROMO_SETTEMBRE_VIP,ATTIVO
angela.faccioli@alice.it,Null,Null,Backup_sicurissimo Engine V1_2026-02-24_03-38 Estr,+3934932900850,SIC-ID-4B799585E99A,NULL,,SICUREZZA,0,PROMO_SETTEMBRE_VIP,ATTIVO
angela.ravera@gmail.com,Null,Null,Backup_sicurissimo Engine V1_2026-02-24_03-38 Estr,+393471469860,SIC-ID-147153E31EAE,NULL,,SICUREZZA,0,PROMO_SETTEMBRE_VIP,ATTIVO
angelo.ballarin@alice.it,Null,Null,Backup_sicurissimo Engine V1_2026-02-24_03-38 Estr,+393358413925,SIC-ID-9F1A8FEFFE3A,NULL,,SICUREZZA,0,PROMO_SETTEMBRE_VIP,ATTIVO
angelo@prosvirom.com,Null,Null,Backup_sicurissimo Engine V1_2026-02-24_03-38 Estr,+3934956092990,SIC-ID-C30BDBD60A8B,NULL,,SICUREZZA,0,PROMO_SETTEMBRE_VIP,ATTIVO
anna.sturaro@enaip.veneto.it,Null,Null,Backup_sicurissimo Engine V1_2026-02-24_03-38 Estr,32804858790,SIC-ID-AD2BE05ED2CE,NULL,,SICUREZZA,0,PROMO_SETTEMBRE_VIP,ATTIVO
anna@studentefelice.it,Null,Null,Backup_sicurissimo Engine V1_2026-02-24_03-38 Estr,+393381641532,SIC-ID-81162E816A00,NULL,,SICUREZZA,0,PROMO_SETTEMBRE_VIP,ATTIVO
annalisa.seren@gmail.com,Null,Null,Backup_sicurissimo Engine V1_2026-02-24_03-38 Estr,+3934789422900,SIC-ID-59503520849C,NULL,,SICUREZZA,0,PROMO_SETTEMBRE_VIP,ATTIVO
annalisavinci1@gmail.com,Null,Null,Backup_sicurissimo Engine V1_2026-02-24_03-38 Estr,+393489246207,SIC-ID-79D3117B7C69,NULL,,SICUREZZA,0,PROMO_SETTEMBRE_VIP,ATTIVO
annapaola.angius@virgilio.it,Null,Null,Backup_sicurissimo Engine V1_2026-02-24_03-38 Estr,+393486269626,SIC-ID-5D3D38081518,NULL,,SICUREZZA,0,PROMO_SETTEMBRE_VIP,ATTIVO
alessandro.pigaiani@alice.it,Null,Null,Backup_sicurissimo Engine V1_2026-02-24_03-38 Estr,+393483897702,SIC-ID-52BFC0793C94,NULL,,SICUREZZA,0,PROMO_SETTEMBRE_VIP,ATTIVO
baglionisax@libero.it,Null,Null,Baglionisax,,SIC-ID-D47BE630DADC,NULL,,SICUREZZA,0,PROMO_SETTEMBRE_VIP,ATTIVO
bagnidalmoro@gmail.com,Null,Null,Bagni Moro,+39042668211,SIC-ID-E68807E75D79,NULL,,SICUREZZA,0,PROMO_SETTEMBRE_VIP,ATTIVO
info@bagnishock.com,Null,Null,Bagni Shock,+393396943602,SIC-ID-3667B48C6611,NULL,,SICUREZZA,0,PROMO_SETTEMBRE_VIP,ATTIVO
info@bagnidalmoro.it,Null,Null,Bagni Dal Moro Antonio,+39042668046,SIC-ID-44221FCA3D9F,NULL,,SICUREZZA,0,PROMO_SETTEMBRE_VIP,ATTIVO
bagnohappydays@gmail.com,Null,Null,Bagnohappydays,,SIC-ID-97D9BFA50E98,NULL,,SICUREZZA,0,PROMO_SETTEMBRE_VIP,ATTIVO
bailo.luca@gmail.com,Null,Null,Bailo Luca,,SIC-ID-126E8CE31DF1,NULL,,SICUREZZA,0,PROMO_SETTEMBRE_VIP,ATTIVO
bakhitgahli@gmail.com,Null,Null,Bakhitgahli,,SIC-ID-401AFB531FB7,NULL,,SICUREZZA,0,PROMO_SETTEMBRE_VIP,ATTIVO
balbo.stefano@alice.it,Null,Null,Balbo Stefano,+393381626922,SIC-ID-94918FD503BC,NULL,,SICUREZZA,0,PROMO_SETTEMBRE_VIP,ATTIVO
baldachini.loris@libero.it,Null,Null,Baldachini Loris,,SIC-ID-8946A95DDEDA,NULL,,SICUREZZA,0,PROMO_SETTEMBRE_VIP,ATTIVO
baldodaniele8@yahoo.it,Null,Null,Baldodaniele8,+393924571299,SIC-ID-15675AABF6A5,NULL,,SICUREZZA,0,PROMO_SETTEMBRE_VIP,ATTIVO
balgu2007@alice.it,Null,Null,Balgu2007,,SIC-ID-35774D7F9E29,NULL,,SICUREZZA,0,PROMO_SETTEMBRE_VIP,ATTIVO
banin_matteo@libero.it,Null,Null,Banin_matteo,+393409353713,SIC-ID-C0E5A649BB40,NULL,,SICUREZZA,0,PROMO_SETTEMBRE_VIP,ATTIVO
baninmanolo@libero.it,Null,Null,Baninmanolo,,SIC-ID-06B1C5196AA4,NULL,,SICUREZZA,0,PROMO_SETTEMBRE_VIP,ATTIVO
cirelli.barbara@yahoo.it,Null,Null,Barbara Lyo,,SIC-ID-D226A96FDC28,NULL,,SICUREZZA,0,PROMO_SETTEMBRE_VIP,ATTIVO
barbara.veronese@enaip.veneto.it,Null,Null,Barbara Veronese,,SIC-ID-F1343DD651C6,NULL,,SICUREZZA,0,PROMO_SETTEMBRE_VIP,ATTIVO
barbarabellonivox@gmail.com,Null,Null,Barbarabellonivox,,SIC-ID-DB80FB4A5637,NULL,,SICUREZZA,0,PROMO_SETTEMBRE_VIP,ATTIVO
barbyfiore@gmail.com,Null,Null,Barbyfiore,,SIC-ID-01CAEE222640,NULL,,SICUREZZA,0,PROMO_SETTEMBRE_VIP,ATTIVO
barca.lg@libero.it,Null,Null,Barca Lg,,SIC-ID-C764CECB30F6,NULL,,SICUREZZA,0,PROMO_SETTEMBRE_VIP,ATTIVO
bardellaprogetti@libero.it,Null,Null,Bardellaprogetti,,SIC-ID-F491CE1E7B82,NULL,,SICUREZZA,0,PROMO_SETTEMBRE_VIP,ATTIVO
barfiori@tin.it,Null,Null,Barfiori,,SIC-ID-392496EE2CDF,NULL,,SICUREZZA,0,PROMO_SETTEMBRE_VIP,ATTIVO
barhrosolinamare@gmail.com,Null,Null,Barhrosolinamare Roccato,+393281214929,SIC-ID-FDC236F731AF,NULL,,SICUREZZA,0,PROMO_SETTEMBRE_VIP,ATTIVO
barnaalina@libero.it,Null,Null,Barnaalina,,SIC-ID-EBEEBBE275B0,NULL,,SICUREZZA,0,PROMO_SETTEMBRE_VIP,ATTIVO
baronma@libero.it,Null,Null,Baronma,,SIC-ID-CAFF8AC16815,NULL,,SICUREZZA,0,PROMO_SETTEMBRE_VIP,ATTIVO
barottiginasas@gmail.com,Null,Null,Barottiginasas,,SIC-ID-E7AF96EC7849,NULL,,SICUREZZA,0,PROMO_SETTEMBRE_VIP,ATTIVO
info@bartolomeogiacalonesrl.it,Null,Null,Bartolomeo Giacalone S.r.l.,+390923836919,SIC-ID-07E05A908026,NULL,,SICUREZZA,0,PROMO_SETTEMBRE_VIP,ATTIVO
bartolomeolarosa98@gmail.com,Null,Null,Bartolomeolarosa98 Larosa,,SIC-ID-31255A711F14,NULL,,SICUREZZA,0,PROMO_SETTEMBRE_VIP,ATTIVO
baruffaldi.mariagrazia@gmail.com,Null,Null,Baruffaldi Mariagrazia,,SIC-ID-35845158FC28,NULL,,SICUREZZA,0,PROMO_SETTEMBRE_VIP,ATTIVO
basanadamiano@libero.it,Null,Null,Basanadamiano,+393351433447,SIC-ID-03F9AB659276,NULL,,SICUREZZA,0,PROMO_SETTEMBRE_VIP,ATTIVO
supporto@ceramichebasile.it,Null,Null,Basile S.r.l.,+39092321259,SIC-ID-5A105FD3B5EB,NULL,,SICUREZZA,0,PROMO_SETTEMBRE_VIP,ATTIVO
info@basilevetri.com,Null,Null,Basile Vetri,+39095870224,SIC-ID-3B242127B00C,NULL,CT,SICUREZZA,0,PROMO_SETTEMBRE_VIP,ATTIVO
info@bassettocostruzioni.it,Null,Null,Bassetto Costruzioni,+390414765281,SIC-ID-8C2D217A3A41,43,VE,SICUREZZA,0,PROMO_SETTEMBRE_VIP,ATTIVO
basstef72@gmail.com,Null,Null,Basstef72,,SIC-ID-7C52D57E6C52,NULL,,SICUREZZA,0,PROMO_SETTEMBRE_VIP,ATTIVO
battistagallo@gmail.com,Null,Null,Battistagallo,,SIC-ID-26CC7A4B2BD3,NULL,,SICUREZZA,0,PROMO_SETTEMBRE_VIP,ATTIVO
battistini.dario@libero.it,Null,Null,Battistini Dario,,SIC-ID-BF9E4004005B,NULL,,SICUREZZA,0,PROMO_SETTEMBRE_VIP,ATTIVO
bdavid69@tiscali.it,Null,Null,Bdavid69,,SIC-ID-46409F5A14A7,NULL,,SICUREZZA,0,PROMO_SETTEMBRE_VIP,ATTIVO
bdocmatteo@gmail.com,Null,Null,Bdocmatteo,,SIC-ID-FA94113863A8,NULL,,SICUREZZA,0,PROMO_SETTEMBRE_VIP,ATTIVO
architetto.arillotta@gmail.com,Null,Null,Beatrice Arillotta,+393351433447,SIC-ID-68B94B93F71F,NULL,,SICUREZZA,0,PROMO_SETTEMBRE_VIP,ATTIVO
beatriceviviani@tosettiviviani.com,Null,Null,Beatriceviviani,+393425725476,SIC-ID-72B239812BAD,NULL,,SICUREZZA,0,PROMO_SETTEMBRE_VIP,ATTIVO
beblattonerie@gmail.com,Null,Null,Beblattonerie Bar Grillara,+393405167268,SIC-ID-56C82865744E,56,,SICUREZZA,0,PROMO_SETTEMBRE_VIP,ATTIVO
bebobestmusic@gmail.com,Null,Null,Bebobestmusic,,SIC-ID-5DC71D705284,NULL,,SICUREZZA,0,PROMO_SETTEMBRE_VIP,ATTIVO
bedeiroberta@gmail.com,Null,Null,Bedeiroberta,,SIC-ID-31D7A75D4584,NULL,,SICUREZZA,0,PROMO_SETTEMBRE_VIP,ATTIVO
bedetti.massimo@libero.it,Null,Null,Bedetti Massimo,+393472120843,SIC-ID-C822CF29B0AA,NULL,,SICUREZZA,0,PROMO_SETTEMBRE_VIP,ATTIVO
bedonml@libero.it,Null,Null,Bedonml,,SIC-ID-ABD70E02B92A,NULL,,SICUREZZA,0,PROMO_SETTEMBRE_VIP,ATTIVO
befedchioggia@gmail.com,Null,Null,Befedchioggia Srl,,SIC-ID-43AFD5235184,NULL,,SICUREZZA,0,PROMO_SETTEMBRE_VIP,ATTIVO
bellaselbe@gmail.com,Null,Null,Bellaselbe,,SIC-ID-E9A42D42E709,NULL,,SICUREZZA,0,PROMO_SETTEMBRE_VIP,ATTIVO
abellato64@gmail.com,Null,Null,Bellato,,SIC-ID-91AD135B3B70,NULL,,SICUREZZA,0,PROMO_SETTEMBRE_VIP,ATTIVO
bellatoalberto@hotmail.com,Null,Null,Bellatoalberto,,SIC-ID-48B498F33D64,NULL,,SICUREZZA,0,PROMO_SETTEMBRE_VIP,ATTIVO
bellemoernani@libero.it,Null,Null,Bellemoeri,,SIC-ID-689DF730D4F4,NULL,,SICUREZZA,0,PROMO_SETTEMBRE_VIP,ATTIVO
belliade@alice.it,Null,Null,Belliade,,SIC-ID-CB7A042845B9,NULL,,SICUREZZA,0,PROMO_SETTEMBRE_VIP,ATTIVO
bellini.geom.massimo@gmail.com,Null,Null,Bellini Geom Massimo,+393482467582,SIC-ID-8C6CF35799DF,NULL,,SICUREZZA,0,PROMO_SETTEMBRE_VIP,ATTIVO
beltramem66@gmail.com,Null,Null,Beltramem66,,SIC-ID-19F8C96A29DF,NULL,,SICUREZZA,0,PROMO_SETTEMBRE_VIP,ATTIVO
showroom@benedettiarredamenti.eu,Null,Null,Benedetti Arredamenti,+39065746610,SIC-ID-D8ACE954EF76,31,RM,SICUREZZA,0,PROMO_SETTEMBRE_VIP,ATTIVO
info@astolfipelletterie.com,Null,Null,Benito Zio,+393280485879,SIC-ID-477A1442CD2D,NULL,,SICUREZZA,0,PROMO_SETTEMBRE_VIP,ATTIVO
beppe@givemotions.it,Null,Null,Beppe,,SIC-ID-FCCD349CDC56,NULL,,SICUREZZA,0,PROMO_SETTEMBRE_VIP,ATTIVO
beppe59tv@libero.it,Null,Null,Beppetv,,SIC-ID-44E6025960D6,NULL,,SICUREZZA,0,PROMO_SETTEMBRE_VIP,ATTIVO
berganton.mauro@libero.it,Null,Null,Berganton Mauro,,SIC-ID-ABFD0B59DBD6,NULL,,SICUREZZA,0,PROMO_SETTEMBRE_VIP,ATTIVO
bergantongiorgio@gmail.com,Null,Null,Bergantongiorgio,,SIC-ID-6FFA2EF20CB4,NULL,,SICUREZZA,0,PROMO_SETTEMBRE_VIP,ATTIVO
info@bernardidasolo.it,Null,Null,Bernardi Asolo,+390434759185,SIC-ID-A609CF83E1BF,NULL,,SICUREZZA,0,PROMO_SETTEMBRE_VIP,ATTIVO
vonkraemer@aol.com,Null,Null,Bernhard Kramer,+393398660360,SIC-ID-B5A46D7BEB1D,NULL,,SICUREZZA,0,PROMO_SETTEMBRE_VIP,ATTIVO
bertarellilucadjberta@gmail.com,Null,Null,Bertarellilucadjberta,,SIC-ID-963D11E0968B,NULL,,SICUREZZA,0,PROMO_SETTEMBRE_VIP,ATTIVO
bertazza.narciso@libero.it,Null,Null,Bertazza Narciso,,SIC-ID-258AF2FD32D3,NULL,,SICUREZZA,0,PROMO_SETTEMBRE_VIP,ATTIVO
bertilla.p@alice.it,Null,Null,Bertilla P,,SIC-ID-3B587FCF1E2D,NULL,,SICUREZZA,0,PROMO_SETTEMBRE_VIP,ATTIVO
bertolaso.paolo@libero.it,Null,Null,Bertolaso Paolo,,SIC-ID-897414D1741C,NULL,,SICUREZZA,0,PROMO_SETTEMBRE_VIP,ATTIVO
berton.luca@virgilio.it,Null,Null,Berton Luca,,SIC-ID-6FFD48938D5A,NULL,,SICUREZZA,0,PROMO_SETTEMBRE_VIP,ATTIVO
bertoni.silvia@libero.it,Null,Null,Bertoni Silvia,+393486541700,SIC-ID-726E0D8F3775,NULL,,SICUREZZA,0,PROMO_SETTEMBRE_VIP,ATTIVO
info@towerhotelbologna.com,Null,Null,Best Bologna,,SIC-ID-36AE71FF2923,NULL,,SICUREZZA,0,PROMO_SETTEMBRE_VIP,ATTIVO
bestwestern@express.medallia.com,Null,Null,Bestwestern,,SIC-ID-6C8349CCF762,NULL,,SICUREZZA,0,PROMO_SETTEMBRE_VIP,ATTIVO
betacostruzionivenezia@gmail.com,Null,Null,Beta Costruzioni S.r.l.,+39041961476,SIC-ID-43B4330015BF,43,VE,SICUREZZA,0,PROMO_SETTEMBRE_VIP,ATTIVO
andrea.bettelle@email.it,Null,Null,Bettelle Andrea,+393357542030,SIC-ID-064D4809E137,NULL,,SICUREZZA,0,PROMO_SETTEMBRE_VIP,ATTIVO
better@excite.it,Null,Null,Better,,SIC-ID-7BE787B1EB32,NULL,,SICUREZZA,0,PROMO_SETTEMBRE_VIP,ATTIVO
bettineschi.federico@atervenezia.it,Null,Null,Bettineschi Federico,,SIC-ID-8CE97476E9F4,NULL,,SICUREZZA,0,PROMO_SETTEMBRE_VIP,ATTIVO
bettonora@live.it,Null,Null,Bettonora,,SIC-ID-120D4D37549D,NULL,,SICUREZZA,0,PROMO_SETTEMBRE_VIP,ATTIVO
bettydianini@gmail.com,Null,Null,Bettydianini,+393281282824,SIC-ID-7A9FA0EA6F5A,NULL,,SICUREZZA,0,PROMO_SETTEMBRE_VIP,ATTIVO
bfferrari@libero.it,Null,Null,Bfferrari,,SIC-ID-7F9B6C9564C8,NULL,,SICUREZZA,0,PROMO_SETTEMBRE_VIP,ATTIVO
info@biciemmecostruzioni.it,Null,Null,Bi.ci.emme Costruzioni,+390697166068,SIC-ID-2DD77D01DC0D,43,RM,SICUREZZA,0,PROMO_SETTEMBRE_VIP,ATTIVO
bianchinistudio@yahoo.it,Null,Null,Bianchinistudio,,SIC-ID-38BF1EC012E6,NULL,,SICUREZZA,0,PROMO_SETTEMBRE_VIP,ATTIVO
info@bianconicostruzioni.it,Null,Null,Bianconi Costruzioni Srl,+390635508083,SIC-ID-DDC9E5086E0E,43,RM,SICUREZZA,0,PROMO_SETTEMBRE_VIP,ATTIVO
bibiservice2003@gmail.com,Null,Null,Bibiservice2003,,SIC-ID-0406652A830E,NULL,,SICUREZZA,0,PROMO_SETTEMBRE_VIP,ATTIVO
info@casarreda.it,Null,Null,Bigmat Casarreda,+39058377130,SIC-ID-ED882BD5139C,NULL,LU,SICUREZZA,0,PROMO_SETTEMBRE_VIP,ATTIVO
dambrosio@bigmat.it,Null,Null,Bigmat D'ambrosio Edilizia,+390803743592,SIC-ID-AC16B0BA22D1,43,BA,SICUREZZA,0,PROMO_SETTEMBRE_VIP,ATTIVO
defilippi@bigmat.it,Null,Null,Bigmat De Filippi Vincenzo,+39092324982,SIC-ID-29E68A979AAA,NULL,,SICUREZZA,0,PROMO_SETTEMBRE_VIP,ATTIVO
dovedil@bigmat.it,Null,Null,Bigmat Dov.edil - Magazzino Hone,+390125807443,SIC-ID-F5C95A488B01,43,TO,SICUREZZA,0,PROMO_SETTEMBRE_VIP,ATTIVO
privacy@bigmat.it,Null,Null,Bigmat Edilaosta S.r.l.,+3901651853500,SIC-ID-4BFB6171FCBB,43,,SICUREZZA,0,PROMO_SETTEMBRE_VIP,ATTIVO
info@bigmat.it,Null,Null,Bigmat Edilcommercio,+39035711057,SIC-ID-D41D561F4F39,43,BG,SICUREZZA,0,PROMO_SETTEMBRE_VIP,ATTIVO
ediliziacolombini@bigmat.it,Null,Null,Bigmat Edilizia Colombini Srl,+390341941123,SIC-ID-23EBD6F9F34F,43,LC,SICUREZZA,0,PROMO_SETTEMBRE_VIP,ATTIVO
info@ediliziacommerciale.it,Null,Null,Bigmat Edilizia Commerciale - Via Nepal 40,+390564453346,SIC-ID-2EE45936F8E6,43,GR,SICUREZZA,0,PROMO_SETTEMBRE_VIP,ATTIVO
expo@cruscoceramiche.com,Null,Null,Bigmat F.lli Crusco,+390985801231,SIC-ID-62C95497E8CC,NULL,,SICUREZZA,0,PROMO_SETTEMBRE_VIP,ATTIVO
mediedil@bigmat.it,Null,Null,Bigmat Mediedil,+390923951769,SIC-ID-202C8C437018,43,,SICUREZZA,0,PROMO_SETTEMBRE_VIP,ATTIVO
moserguido@bigmat.it,Null,Null,Bigmat Moser Guido Edilizia S.r.l.,+390461531046,SIC-ID-A7468EF7CEA5,43,TN,SICUREZZA,0,PROMO_SETTEMBRE_VIP,ATTIVO
info@soluzioniedili.eu,Null,Null,Bigmat Soluzioni Edili,+390457200022,SIC-ID-F42BF5A078B8,43,VR,SICUREZZA,0,PROMO_SETTEMBRE_VIP,ATTIVO
ediliziare@bigmat.it,Null,Null,Bigmat Ediliziare,+390734628783,SIC-ID-B4F0773015A0,43,,SICUREZZA,0,PROMO_SETTEMBRE_VIP,ATTIVO
info@nuovacomes.it,Null,Null,Bigmat Nuova Comes S.r.l.,+39071660464,SIC-ID-01C57C165BBD,NULL,AN,SICUREZZA,0,PROMO_SETTEMBRE_VIP,ATTIVO
billing@zoom.us,Null,Null,Billing,,SIC-ID-6030D89AFC7F,NULL,,SICUREZZA,0,PROMO_SETTEMBRE_VIP,ATTIVO
binabo@alice.it,Null,Null,Binabo,,SIC-ID-4D01B6F86674,NULL,,SICUREZZA,0,PROMO_SETTEMBRE_VIP,ATTIVO
binettigiulio61@gmail.com,Null,Null,Binettigiulio61 Binetti,+393483845017,SIC-ID-3BF4D57BF513,NULL,,SICUREZZA,0,PROMO_SETTEMBRE_VIP,ATTIVO
info@bio-tek.it,Null,Null,Bio Tek Srl Impresa Edile,+390519981389,SIC-ID-5B93C50FEF0F,43,BO,SICUREZZA,0,PROMO_SETTEMBRE_VIP,ATTIVO
info@bioediliziatoscana.it,Null,Null,Bioedilizia Toscana,+393487017094,SIC-ID-B4DA51735CD2,43,,SICUREZZA,0,PROMO_SETTEMBRE_VIP,ATTIVO
biocasa1982@gmail.com,Null,Null,Biocasa Costruzioni,+393453282729,SIC-ID-2CB1E079FA00,43,,SICUREZZA,0,PROMO_SETTEMBRE_VIP,ATTIVO
info@gpcostruzionisrl.com,Null,Null,Bioedil Casa,,SIC-ID-D874AF44AEEE,43,,SICUREZZA,0,PROMO_SETTEMBRE_VIP,ATTIVO
bioedilizia.srl@libero.it,Null,Null,Bioedilizia Srl,+3932011851620,SIC-ID-1FD5C6C62898,43,,SICUREZZA,0,PROMO_SETTEMBRE_VIP,ATTIVO
info@bienebe.com,Null,Null,Bioedilizia2.0 Srls,+393339976971,SIC-ID-A015F2239780,43,,SICUREZZA,0,PROMO_SETTEMBRE_VIP,ATTIVO
biondi.e@cnaro.it,Null,Null,Biondi Edoardo,37551645110,SIC-ID-6E0A5F3D76DB,NULL,,SICUREZZA,0,PROMO_SETTEMBRE_VIP,ATTIVO
bisaglia.ottorino@libero.it,Null,Null,Bisaglia Ottorino,,SIC-ID-342EDFAB6B8E,NULL,,SICUREZZA,0,PROMO_SETTEMBRE_VIP,ATTIVO
bivoln1@gmail.com,Null,Null,Bivoln1,,SIC-ID-AD3F57C42325,NULL,,SICUREZZA,0,PROMO_SETTEMBRE_VIP,ATTIVO
bluetek@libero.it,Null,Null,Bluetek,,SIC-ID-AC69BFE714D3,NULL,,SICUREZZA,0,PROMO_SETTEMBRE_VIP,ATTIVO
bmax76@alice.it,Null,Null,Bmax76,,SIC-ID-6C7F31573A1E,NULL,,SICUREZZA,0,PROMO_SETTEMBRE_VIP,ATTIVO
bnfcostruzioni@gmail.com,Null,Null,Bnf Costruzioni S.r.l.,+393804352753,SIC-ID-4C6FE50E538D,43,,SICUREZZA,0,PROMO_SETTEMBRE_VIP,ATTIVO
boato.progetti@libero.it,Null,Null,Boato Progetti,,SIC-ID-8D2909A20D72,NULL,,SICUREZZA,0,PROMO_SETTEMBRE_VIP,ATTIVO
boatomichele@libero.it,Null,Null,Boatomichele,+393290227862,SIC-ID-1BEB478E4FFE,NULL,,SICUREZZA,0,PROMO_SETTEMBRE_VIP,ATTIVO
bobsammy463@gmail.com,Null,Null,Bobsammy463,,SIC-ID-A1ABE3AA80D9,NULL,,SICUREZZA,0,PROMO_SETTEMBRE_VIP,ATTIVO
bodea76@yahoo.it,Null,Null,Bodea76,,SIC-ID-C1EF46C4E1FF,NULL,,SICUREZZA,0,PROMO_SETTEMBRE_VIP,ATTIVO
bof@dolomyte.eu,Null,Null,Bof Crivellaro,+393283096600,SIC-ID-BBBD4D0DCB2A,NULL,,SICUREZZA,0,PROMO_SETTEMBRE_VIP,ATTIVO
boggiani.franco@libero.it,Null,Null,Boggiani Franco,,SIC-ID-739CE4077DE9,NULL,,SICUREZZA,0,PROMO_SETTEMBRE_VIP,ATTIVO
bollati.mirella@gmail.com,Null,Null,Bollati Mirella,,SIC-ID-576642EDE23F,NULL,,SICUREZZA,0,PROMO_SETTEMBRE_VIP,ATTIVO
bon.lavi@libero.it,Null,Null,Bon Lavi,+393494571273,SIC-ID-48011FE8D035,NULL,,SICUREZZA,0,PROMO_SETTEMBRE_VIP,ATTIVO
bonafincostruzioni@gmail.com,Null,Null,Bonafincostruzioni,,SIC-ID-628E5EC5663C,43,,SICUREZZA,0,PROMO_SETTEMBRE_VIP,ATTIVO
bonaldomatteo@tiscali.it,Null,Null,Bonaldomatteo,,SIC-ID-F68348578002,NULL,,SICUREZZA,0,PROMO_SETTEMBRE_VIP,ATTIVO
bonculescusorincostantin@gmail.com,Null,Null,Bonculescusorincostantin Bonculescu,,SIC-ID-87B4B3C734DC,NULL,,SICUREZZA,0,PROMO_SETTEMBRE_VIP,ATTIVO
bondi.alessandro@gmail.com,Null,Null,Bondi Alessandro,,SIC-ID-060E12FB1ECF,NULL,,SICUREZZA,0,PROMO_SETTEMBRE_VIP,ATTIVO
bondi.gianni@libero.it,Null,Null,Bondi Gianni,+393200314139,SIC-ID-B200B3394F52,NULL,,SICUREZZA,0,PROMO_SETTEMBRE_VIP,ATTIVO
amministrazione@bonifichebelliche.eu,Null,Null,Bonifiche Belliche Ediltecnica Srl,+3905851710021,SIC-ID-F5F4E9E5C78A,43,,SICUREZZA,0,PROMO_SETTEMBRE_VIP,ATTIVO
booking@lifeclass.net,Null,Null,Booking,,SIC-ID-9B003CA2B928,NULL,,SICUREZZA,0,PROMO_SETTEMBRE_VIP,ATTIVO
booking.roma@campusx.it,Null,Null,Booking Roma,,SIC-ID-07A4A1B1731A,NULL,,SICUREZZA,0,PROMO_SETTEMBRE_VIP,ATTIVO
impresaborelli@gmail.com,Null,Null,Borelli Impresa Edile Srl,+39037585350,SIC-ID-25CE65FDFD09,43,,SICUREZZA,0,PROMO_SETTEMBRE_VIP,ATTIVO
borghipneumatici@gmail.com,Null,Null,Borghipneumatici,,SIC-ID-78F02D53E302,NULL,,SICUREZZA,0,PROMO_SETTEMBRE_VIP,ATTIVO
boscaratoedilizia@gmail.com,Null,Null,Boscaratoedilizia Edilizia S.a.s Di Boscarato Samuele & C.,,SIC-ID-998BC9E9355C,43,,SICUREZZA,0,PROMO_SETTEMBRE_VIP,ATTIVO
boscolomanuel75@gmail.com,Null,Null,Boscolomanuel75,,SIC-ID-9210373BFE2C,NULL,,SICUREZZA,0,PROMO_SETTEMBRE_VIP,ATTIVO
boscolopelo.mauro@tiscali.it,Null,Null,Boscolopelo Mauro,,SIC-ID-3F6CC11259B8,NULL,,SICUREZZA,0,PROMO_SETTEMBRE_VIP,ATTIVO
botti.roberta66@virgilio.it,Null,Null,Botti Roberta66,,SIC-ID-A014E55070E4,NULL,,SICUREZZA,0,PROMO_SETTEMBRE_VIP,ATTIVO
info@bottisperandio.it,Null,Null,Botti Sperandio Materiali Edili,+39030881754,SIC-ID-7EFF9FAFEEF4,43,BS,SICUREZZA,0,PROMO_SETTEMBRE_VIP,ATTIVO
bovolenta.fabio@libero.it,Null,Null,Bovolenta Fabio,+393476488692,SIC-ID-9D3EC876184B,NULL,,SICUREZZA,0,PROMO_SETTEMBRE_VIP,ATTIVO
bovolenta.gabriele@libero.it,Null,Null,Bovolenta Gabriele,+3933888339890,SIC-ID-12C37694E27B,NULL,,SICUREZZA,0,PROMO_SETTEMBRE_VIP,ATTIVO
bovolenta.l@gmail.com,Null,Null,Bovolenta L,,SIC-ID-28ACCB112C87,NULL,,SICUREZZA,0,PROMO_SETTEMBRE_VIP,ATTIVO
az.bovolenta.marino@gmail.com,Null,Null,Bovolenta Marino,+393396192850,SIC-ID-0F06CF5A4DC4,NULL,,SICUREZZA,0,PROMO_SETTEMBRE_VIP,ATTIVO
bovolentanicolo@live.it,Null,Null,Bovolenta Nicoló,+393493290085,SIC-ID-64DC786EBECF,NULL,,SICUREZZA,0,PROMO_SETTEMBRE_VIP,ATTIVO
socialmedia@plesk.com,Null,Null,Bracelli S.r.l. - Materiali Edili - Centro Trasformazione Acciao Per C.a.,+390342635329,SIC-ID-C85846B05489,43,SO,SICUREZZA,0,PROMO_SETTEMBRE_VIP,ATTIVO
braga.gozzo@yahoo.it,Null,Null,Braga Gozzo,,SIC-ID-692A4C843387,NULL,,SICUREZZA,0,PROMO_SETTEMBRE_VIP,ATTIVO
bredalorenza@gmail.com,Null,Null,Bredalorenza,,SIC-ID-DD949CACEB18,NULL,,SICUREZZA,0,PROMO_SETTEMBRE_VIP,ATTIVO
info@villadadige.it,Null,Null,Brenzan Angelo,+393932199126,SIC-ID-997053F6299E,NULL,,SICUREZZA,0,PROMO_SETTEMBRE_VIP,ATTIVO
susy@impresabrescianisrl.it,Null,Null,Bresciani Bellan,,SIC-ID-3484DEBE3C91,NULL,,SICUREZZA,0,PROMO_SETTEMBRE_VIP,ATTIVO
paolo.negri@bricocenter.it,Null,Null,Bricocenter Casoria,+390817577048,SIC-ID-8E60572A8032,NULL,NA,SICUREZZA,0,PROMO_SETTEMBRE_VIP,ATTIVO
faidate.senigallia@bricofer.it,Null,Null,Bricofer Senigallia,+39071791831,SIC-ID-AD5B85B0E6FE,NULL,AN,SICUREZZA,0,PROMO_SETTEMBRE_VIP,ATTIVO
brina.tatiana@gmail.com,Null,Null,Brina Tatiana,,SIC-ID-73D0EE93D439,NULL,,SICUREZZA,0,PROMO_SETTEMBRE_VIP,ATTIVO
brini60@gmail.com,Null,Null,Brini60,,SIC-ID-A181C368A1A6,NULL,,SICUREZZA,0,PROMO_SETTEMBRE_VIP,ATTIVO
paolo@brugionitir.it,Null,Null,Brugioni Srl,+390585857590,SIC-ID-47468333DC70,NULL,,SICUREZZA,0,PROMO_SETTEMBRE_VIP,ATTIVO
brunelli.giovanni@libero.it,Null,Null,Brunelli Giovanni,+393342259604,SIC-ID-1F060CACFFE3,NULL,,SICUREZZA,0,PROMO_SETTEMBRE_VIP,ATTIVO
brunobuttini@gmail.com,Null,Null,Bruno Buttini,+393358085588,SIC-ID-A2D458652496,NULL,,SICUREZZA,0,PROMO_SETTEMBRE_VIP,ATTIVO
brunobuttini@icloud.com,Null,Null,Brunobuttini,,SIC-ID-29C8AEEB1A26,NULL,,SICUREZZA,0,PROMO_SETTEMBRE_VIP,ATTIVO
btstrasporti@gmail.com,Null,Null,Btstrasporti,,SIC-ID-15E4EB31C192,49,,SICUREZZA,0,PROMO_SETTEMBRE_VIP,ATTIVO
info@buildupappalti.it,Null,Null,Buildup Srl,+3937739020540,SIC-ID-FD84917561FF,NULL,,SICUREZZA,0,PROMO_SETTEMBRE_VIP,ATTIVO
renato.lupetti@gmail.com,Null,Null,Building Materials Renato Lupetti,+39050571234,SIC-ID-2CE133AD2C0B,NULL,PI,SICUREZZA,0,PROMO_SETTEMBRE_VIP,ATTIVO
bulferetti@yahoo.it,Null,Null,Bulferetti,,SIC-ID-10D69CF0295D,NULL,,SICUREZZA,0,PROMO_SETTEMBRE_VIP,ATTIVO
bumarix@tiscali.it,Null,Null,Bumarix,,SIC-ID-021DE15F7F42,NULL,,SICUREZZA,0,PROMO_SETTEMBRE_VIP,ATTIVO
buononato.giuseppe01@libero.it,Null,Null,Buononato Giuseppe01,+393406880726,SIC-ID-FE9CAD9C0BB9,NULL,,SICUREZZA,0,PROMO_SETTEMBRE_VIP,ATTIVO
buoso-sasso@libero.it,Null,Null,Buoso-sasso,,SIC-ID-35E42B4F319B,NULL,,SICUREZZA,0,PROMO_SETTEMBRE_VIP,ATTIVO
dittabusatto@libero.it,Null,Null,Busatto Dario,34739307470,SIC-ID-1C71ACC8C4D4,NULL,,SICUREZZA,0,PROMO_SETTEMBRE_VIP,ATTIVO
businesssupport@soldo.com,Null,Null,Businesssupport,,SIC-ID-6A7960306EC1,NULL,,SICUREZZA,0,PROMO_SETTEMBRE_VIP,ATTIVO
c_bernardinello@tin.it,Null,Null,C,,SIC-ID-0590B8A46721,NULL,,SICUREZZA,0,L1_FREDDI_RIPERMISSIONING,ATTIVO
c.bossi@italcementi.it,Null,Null,C Bossi,,SIC-ID-22BEF17F68A9,NULL,,SICUREZZA,0,PROMO_SETTEMBRE_VIP,ATTIVO
c.braghin@hotmail.it,Null,Null,C Braghin,,SIC-ID-EE7F59FEB78F,NULL,,SICUREZZA,0,PROMO_SETTEMBRE_VIP,ATTIVO
c.cerchiari@tin.it,Null,Null,C Cerchiari,,SIC-ID-4F7BEE1602A2,NULL,,SICUREZZA,0,PROMO_SETTEMBRE_VIP,ATTIVO
c.fioratto@fiorattomascellani.it,Null,Null,C Fioratto,,SIC-ID-BD7CBB9B879C,NULL,,SICUREZZA,0,PROMO_SETTEMBRE_VIP,ATTIVO
c.garcia@onean.com,Null,Null,C Garcia,32946152680,SIC-ID-4696BC1A196F,NULL,,SICUREZZA,0,PROMO_SETTEMBRE_VIP,ATTIVO
cssportoviro@aulss5.veneto.it,Null,Null,C. Viro,,SIC-ID-31DF1ACC123F,NULL,,SICUREZZA,0,PROMO_SETTEMBRE_VIP,ATTIVO
info@casaedilizia.it,Null,Null,C.a.s.a Edilizia S.r.l.s.,+393401619192,SIC-ID-B45491FF8974,43,,SICUREZZA,0,PROMO_SETTEMBRE_VIP,ATTIVO
info@costruzioniedilipresta.it,Null,Null,C.e.p. Costruzioni Edili Presta S.n.c.,+39066143930,SIC-ID-59494ECC2288,43,RM,SICUREZZA,0,PROMO_SETTEMBRE_VIP,ATTIVO
info@colorificiomediterraneo.it,Null,Null,C.m Colorificio Mediterraneo Di Genna Fabio,+390923723074,SIC-ID-6EC19F48A7F5,47,,SICUREZZA,0,PROMO_SETTEMBRE_VIP,ATTIVO
info@cmedil.it,Null,Null,C.m.edil S.r.l.,+390583464180,SIC-ID-CEF843F5DD66,43,LU,SICUREZZA,0,PROMO_SETTEMBRE_VIP,ATTIVO
info@cdf-srl.it,Null,Null,"C.d.f. Costruzioni, Ristrutturazioni, Restauri",+390415322863,SIC-ID-D0ECCBA9CC14,43,VE,SICUREZZA,0,PROMO_SETTEMBRE_VIP,ATTIVO
dellamura@ieol.net,Null,Null,Carlo Mura,33512035280,SIC-ID-910F06799A06,NULL,,SICUREZZA,0,PROMO_SETTEMBRE_VIP,ATTIVO
cristian.cobemar@gmail.com,Null,Null,Cobemar S. R. L. Cristian,34870343330,SIC-ID-4200BDF0B7F1,NULL,,SICUREZZA,0,PROMO_SETTEMBRE_VIP,ATTIVO
info@coefinsrl.com,Null,Null,Coefin S.r.l.,+390698182401,SIC-ID-975BCBE4AEF1,NULL,RM,SICUREZZA,0,PROMO_SETTEMBRE_VIP,ATTIVO
coopcrame@tin.it,Null,Null,Crame,,SIC-ID-BD7A19590A63,NULL,,SICUREZZA,0,PROMO_SETTEMBRE_VIP,ATTIVO
cse@grupposbordoni.com,Null,Null,Cse - Cristiano Sbordoni Edilizia S.r.l. - Gruppo Sbordoni,+390639724646,SIC-ID-2422BD83C599,43,RM,SICUREZZA,0,PROMO_SETTEMBRE_VIP,ATTIVO
amministrazione@carpenteriacts.it,Null,Null,Cts L. - Amministrazione,,SIC-ID-815F63983678,NULL,,SICUREZZA,0,PROMO_SETTEMBRE_VIP,ATTIVO
milcsadm@dhl.com,Null,Null,Customer Administrator,34078744260,SIC-ID-9EA4C13CAC30,NULL,,SICUREZZA,0,PROMO_SETTEMBRE_VIP,ATTIVO
info@caricostruzioni.it,Null,Null,Ca.ri. Costruzioni S.r.l.,+390630366830,SIC-ID-CF95340798C0,43,RM,SICUREZZA,0,PROMO_SETTEMBRE_VIP,ATTIVO
cagimasrl@gmail.com,Null,Null,Ca.gi.ma. S.r.l.,+39070781658,SIC-ID-7BA6D331D962,NULL,CA,SICUREZZA,0,PROMO_SETTEMBRE_VIP,ATTIVO
caa.srl78@gmail.com,Null,Null,Caa Srl78,,SIC-ID-FC9EAC30AB0B,NULL,,SICUREZZA,0,PROMO_SETTEMBRE_VIP,ATTIVO
caborgh@libero.it,Null,Null,Caborgh Piwi,+393408569858,SIC-ID-958B6ECE7338,NULL,,SICUREZZA,0,PROMO_SETTEMBRE_VIP,ATTIVO
srledilcasa@gmail.com,Null,Null,Cacioppo Group - Costruzioni E Turismo,+39092428468,SIC-ID-784D2DE3A187,43,,SICUREZZA,0,PROMO_SETTEMBRE_VIP,ATTIVO
caf001aq@gmail.com,Null,Null,Cafaq,,SIC-ID-9C3483810CC0,NULL,,SICUREZZA,0,PROMO_SETTEMBRE_VIP,ATTIVO
info@cagnoni.it,Null,Null,Cagnoni Brico Giardinaggio Ferramenta,+39071289981,SIC-ID-8180924350C6,47,AN,SICUREZZA,0,PROMO_SETTEMBRE_VIP,ATTIVO
info@calandrinogroup.it,Null,Null,Calandrino Group Srl,+393488938934,SIC-ID-F16B09497607,NULL,,SICUREZZA,0,PROMO_SETTEMBRE_VIP,ATTIVO
contabilita.fornitori@calcestruzzi.it,Null,Null,Calcestruzzi Contabilità,34768528310,SIC-ID-D28B70BD7928,NULL,,SICUREZZA,0,PROMO_SETTEMBRE_VIP,ATTIVO
calcestruzzierrante@alice.it,Null,Null,Calcestruzzi Nicolò Errante,+3909251955885,SIC-ID-AC938E91D8B0,NULL,AG,SICUREZZA,0,PROMO_SETTEMBRE_VIP,ATTIVO
calcestruzzi.senigallia@virgilio.it,Null,Null,Calcestruzzi Senigallia,+393469848577,SIC-ID-28513B0AF538,NULL,,SICUREZZA,0,PROMO_SETTEMBRE_VIP,ATTIVO
calcio.rovigo@uisp.it,Null,Null,Calcio Uisp,,SIC-ID-FBA69C7EAC80,NULL,,SICUREZZA,0,PROMO_SETTEMBRE_VIP,ATTIVO
calcio.veneto@uisp.it,Null,Null,Calcio Veneto Uisp,324061460,SIC-ID-6AA7E85E7675,NULL,,SICUREZZA,0,PROMO_SETTEMBRE_VIP,ATTIVO
callegari_andrea@libero.it,Null,Null,Callegari_andrea,+393290974057,SIC-ID-D82E1B6105CB,NULL,,SICUREZZA,0,PROMO_SETTEMBRE_VIP,ATTIVO
info@callegarocostruzioni.com,Null,Null,Callegaro Costruzioni,+39049646345,SIC-ID-C43B229EF5EF,43,PD,SICUREZZA,0,PROMO_SETTEMBRE_VIP,ATTIVO
calvaresi.servicelab@libero.it,Null,Null,Calvaresi Servicelab,,SIC-ID-3BDD6E7D5E7E,NULL,,SICUREZZA,0,PROMO_SETTEMBRE_VIP,ATTIVO
support@cam.tv,Null,Null,Cam. Care,,SIC-ID-444E3D21ED13,NULL,,SICUREZZA,0,PROMO_SETTEMBRE_VIP,ATTIVO
camillafranci8@gmail.com,Null,Null,Camillafranci8,,SIC-ID-02108F4E2A71,NULL,,SICUREZZA,0,PROMO_SETTEMBRE_VIP,ATTIVO
info@cik.it,Null,Null,Caminetti Cik,+39035541257,SIC-ID-CF1B336724E3,NULL,BG,SICUREZZA,0,PROMO_SETTEMBRE_VIP,ATTIVO
camisotti@tiscalinet.it,Null,Null,Camisotti,,SIC-ID-D88438DBA6D7,NULL,,SICUREZZA,0,PROMO_SETTEMBRE_VIP,ATTIVO
alessandrocamisotti@yahoo.it,Null,Null,Camisotti Geom,+39042671729,SIC-ID-286F5FCCE4CD,NULL,,SICUREZZA,0,PROMO_SETTEMBRE_VIP,ATTIVO
camlauretta@libero.it,Null,Null,Camlauretta,,SIC-ID-95B38A54B439,NULL,,SICUREZZA,0,PROMO_SETTEMBRE_VIP,ATTIVO
campacimagrini@tin.it,Null,Null,Campacimagrini,,SIC-ID-83443D975BAB,NULL,,SICUREZZA,0,PROMO_SETTEMBRE_VIP,ATTIVO
campacisrl@libero.it,Null,Null,Campacisrl,,SIC-ID-F19C53122D3D,NULL,,SICUREZZA,0,PROMO_SETTEMBRE_VIP,ATTIVO
info@campagnarocostruzioni.it,Null,Null,Campagnaro Costruzioni Impresa Edile,+393335858863,SIC-ID-290D9F32296C,43,,SICUREZZA,0,PROMO_SETTEMBRE_VIP,ATTIVO
campigotto.m@gmail.com,Null,Null,Campigotto M,,SIC-ID-2DA95F14253C,NULL,,SICUREZZA,0,PROMO_SETTEMBRE_VIP,ATTIVO
campion.mauro@gmail.com,Null,Null,Campion Mauro,,SIC-ID-891CF3565FC0,NULL,,SICUREZZA,0,PROMO_SETTEMBRE_VIP,ATTIVO
campion.sara@gmail.com,Null,Null,Campion Sara,,SIC-ID-D2D7383BE86E,NULL,,SICUREZZA,0,PROMO_SETTEMBRE_VIP,ATTIVO
info@campocostruzioni.it,Null,Null,Campo Costruzioni - Impresa Edile,+393926673138,SIC-ID-ABB69234A373,43,,SICUREZZA,0,PROMO_SETTEMBRE_VIP,ATTIVO
info@ceramichecampochiaro.com,Null,Null,Campochiaro Piero,+390585843412,SIC-ID-6BD95D648336,NULL,,SICUREZZA,0,PROMO_SETTEMBRE_VIP,ATTIVO
canova1963@gmail.com,Null,Null,Canova1963,+393483819759,SIC-ID-3D17F4C81D78,NULL,,SICUREZZA,0,PROMO_SETTEMBRE_VIP,ATTIVO
a.piu@3technology.it,Null,Null,Capellini Piu,+393282211829,SIC-ID-8839D72AD5A5,NULL,,SICUREZZA,0,PROMO_SETTEMBRE_VIP,ATTIVO
capitanjackpeenses@gmail.com,Null,Null,Capitanjackpeenses Vivaldi,+393710128880,SIC-ID-128D226B319B,NULL,,SICUREZZA,0,PROMO_SETTEMBRE_VIP,ATTIVO
capodaglio@gteing.com,Null,Null,Capodaglio,,SIC-ID-B1CE291CAD6A,NULL,,SICUREZZA,0,PROMO_SETTEMBRE_VIP,ATTIVO
cappellato.chiara@libero.it,Null,Null,Cappellato Chiara,+393483141745,SIC-ID-79E67DA10F35,NULL,,SICUREZZA,0,PROMO_SETTEMBRE_VIP,ATTIVO
antonello.cappellato@sme.illumia.it,Null,Null,Cappellato Sme,34906301400,SIC-ID-07B74EEE3665,NULL,,SICUREZZA,0,PROMO_SETTEMBRE_VIP,ATTIVO
francesco90carbone@gmail.com,Null,Null,Carbone Francesco,+393421688889,SIC-ID-4B4040F807FD,NULL,,SICUREZZA,0,PROMO_SETTEMBRE_VIP,ATTIVO
carbonera.federico@gmail.com,Null,Null,Carbonera Federico,,SIC-ID-6A5748D20D31,NULL,,SICUREZZA,0,PROMO_SETTEMBRE_VIP,ATTIVO
servizioclientimostra@carboni.com,Null,Null,Carboni Casa - Showroom Modena,+390522633311,SIC-ID-7D8E3E9F2508,NULL,RE,SICUREZZA,0,PROMO_SETTEMBRE_VIP,ATTIVO
carcolombo70@gmail.com,Null,Null,Carcolombo70,,SIC-ID-1B706406A757,NULL,,SICUREZZA,0,PROMO_SETTEMBRE_VIP,ATTIVO
cardsupport@coinbase.com,Null,Null,Cardsupport,32949176910,SIC-ID-4A83D9B9AFEC,NULL,,SICUREZZA,0,PROMO_SETTEMBRE_VIP,ATTIVO
carla.siboni@gmail.com,Null,Null,Carla Siboni,,SIC-ID-A2DC934CAAD7,NULL,,SICUREZZA,0,PROMO_SETTEMBRE_VIP,ATTIVO
carlaintoppa72@gmail.com,Null,Null,Carlaintoppa72,,SIC-ID-8D58E11FE13B,NULL,,SICUREZZA,0,PROMO_SETTEMBRE_VIP,ATTIVO
carlapaparella@libero.it,Null,Null,Carlapaparella,,SIC-ID-FDF67A05FE26,NULL,,SICUREZZA,0,PROMO_SETTEMBRE_VIP,ATTIVO
carlaservizioagenti@gmail.com,Null,Null,Carlaservizioagenti,,SIC-ID-E3A5EB1CD480,NULL,,SICUREZZA,0,PROMO_SETTEMBRE_VIP,ATTIVO
carlatartari.mo@gmail.com,Null,Null,Carlatartari Mo,,SIC-ID-F92830A65D33,NULL,,SICUREZZA,0,PROMO_SETTEMBRE_VIP,ATTIVO
carlo.albertini@cert.odcvenezia.it,Null,Null,Carlo Albertini,,SIC-ID-FC726AC631C7,NULL,,SICUREZZA,0,PROMO_SETTEMBRE_VIP,ATTIVO
carlo.bergamaschi@vodafone.it,Null,Null,Carlo Bergamaschi,+3932945031420,SIC-ID-86D0EAA8E76B,NULL,,SICUREZZA,0,PROMO_SETTEMBRE_VIP,ATTIVO
carlo.bottos@icloud.com,Null,Null,Carlo Bottos,+3933931462120,SIC-ID-06BDCC80A83B,NULL,,SICUREZZA,0,PROMO_SETTEMBRE_VIP,ATTIVO
carlo@ideadesignfactory.com,Null,Null,Carlo Cester,+393451716322,SIC-ID-3F8824242149,NULL,,SICUREZZA,0,PROMO_SETTEMBRE_VIP,ATTIVO
carlo.pagan@hastudio.it,Null,Null,Carlo Pagan,,SIC-ID-1E9B6E82A39D,NULL,,SICUREZZA,0,PROMO_SETTEMBRE_VIP,ATTIVO
carlocallegaro@gmail.com,Null,Null,Carlocallegaro,,SIC-ID-18CFEFC391DC,NULL,,SICUREZZA,0,PROMO_SETTEMBRE_VIP,ATTIVO
carlodalterio79@gmail.com,Null,Null,Carlodalterio79,+393392854006,SIC-ID-E7489CD0332D,NULL,,SICUREZZA,0,PROMO_SETTEMBRE_VIP,ATTIVO
carloluviner@carloluviner.it,Null,Null,Carloluviner,,SIC-ID-792DCBBF71C1,NULL,,SICUREZZA,0,PROMO_SETTEMBRE_VIP,ATTIVO
carloregazzo@tin.it,Null,Null,Carloregazzo Ferro,+393475620590,SIC-ID-A7B6B4ED00B4,NULL,,SICUREZZA,0,PROMO_SETTEMBRE_VIP,ATTIVO
carlotta.camisotti@gmail.com,Null,Null,Carlotta Camisotti,,SIC-ID-F71503BEFC41,NULL,,SICUREZZA,0,PROMO_SETTEMBRE_VIP,ATTIVO
carlottabellan@libero.it,Null,Null,Carlottabellan,,SIC-ID-0BE9B37214BF,NULL,,SICUREZZA,0,PROMO_SETTEMBRE_VIP,ATTIVO
carmelo.maimone@virgilio.it,Null,Null,Carmelo Maimone,,SIC-ID-E38310092A86,NULL,,SICUREZZA,0,PROMO_SETTEMBRE_VIP,ATTIVO
carmelopiacent@libero.it,Null,Null,Carmelopiacent,,SIC-ID-3DBD0E1A7713,NULL,,SICUREZZA,0,PROMO_SETTEMBRE_VIP,ATTIVO
carmelotudisco54@gmail.com,Null,Null,Carmelotudisco54 Tudisco,,SIC-ID-7656DF8810A8,NULL,,SICUREZZA,0,PROMO_SETTEMBRE_VIP,ATTIVO
carmen.barsan@hotmail.com,Null,Null,Carmen Barsan,,SIC-ID-2A1DCB764C08,NULL,,SICUREZZA,0,PROMO_SETTEMBRE_VIP,ATTIVO
carolina_ffigueiredo@hotmail.com,Null,Null,Carolina_ffigueiredo,+393471737338,SIC-ID-D5F29A25DAA4,NULL,,SICUREZZA,0,PROMO_SETTEMBRE_VIP,ATTIVO
carrozzeriasette@libero.it,Null,Null,Carrozzeriasette,,SIC-ID-0558F92A9D3C,45,,SICUREZZA,0,PROMO_SETTEMBRE_VIP,ATTIVO
cartadelta@libero.it,Null,Null,Carta Delta,+393402974429,SIC-ID-CC2A23C3008C,NULL,,SICUREZZA,0,PROMO_SETTEMBRE_VIP,ATTIVO
info@casalab38.it,Null,Null,Casa Lab 38 By Stefanedil Trionfale,+390645554874,SIC-ID-81D801038BB4,43,RM,SICUREZZA,0,PROMO_SETTEMBRE_VIP,ATTIVO
casartelli.michea@gmail.com,Null,Null,Casartelli Michea,+393713538202,SIC-ID-E188C99A5F95,NULL,,SICUREZZA,0,PROMO_SETTEMBRE_VIP,ATTIVO
info@camaimport.com,Null,Null,Casellato Francesco Rosolina,+390426664937,SIC-ID-6FD2330D2802,NULL,,SICUREZZA,0,PROMO_SETTEMBRE_VIP,ATTIVO
casetta_alberto@libero.it,Null,Null,Casetta Alberto,,SIC-ID-129D0E1A90A2,NULL,,SICUREZZA,0,PROMO_SETTEMBRE_VIP,ATTIVO
casfra75@hotmail.com,Null,Null,Casfra75,,SIC-ID-84DB53C87AC7,NULL,,SICUREZZA,0,PROMO_SETTEMBRE_VIP,ATTIVO
accounting.it@cashback-solutions.com,Null,Null,Cashback Italy,,SIC-ID-C25D02A2C347,NULL,,SICUREZZA,0,PROMO_SETTEMBRE_VIP,ATTIVO
accounting.it@cashbackworld.com,Null,Null,Cashback Partner,32028661900,SIC-ID-E89CBCDC7791,NULL,,SICUREZZA,0,PROMO_SETTEMBRE_VIP,ATTIVO
onlinepartner.it@cashbackworld.com,Null,Null,Cashback Partner,34027650010,SIC-ID-BD548FFB73CB,NULL,,SICUREZZA,0,PROMO_SETTEMBRE_VIP,ATTIVO
casmirri.freeart@gmail.com,Null,Null,Casmirri Freeart,+393482237037,SIC-ID-CDB3C204F14D,NULL,,SICUREZZA,0,PROMO_SETTEMBRE_VIP,ATTIVO
info@catalanocostruzioni.it,Null,Null,Catalano Michele Srl,+390923718148,SIC-ID-387A23F85A4A,NULL,,SICUREZZA,0,PROMO_SETTEMBRE_VIP,ATTIVO
caterina.gallori@libero.it,Null,Null,Caterina Gallori,+393405179080,SIC-ID-5E774CC56017,NULL,,SICUREZZA,0,PROMO_SETTEMBRE_VIP,ATTIVO
catia.zanellato@itstecnologie.it,Null,Null,Catia Zanellato,,SIC-ID-C0499C20FA00,NULL,,SICUREZZA,0,PROMO_SETTEMBRE_VIP,ATTIVO
catiacarloni@hotmail.it,Null,Null,Catiacarloni,,SIC-ID-D5C855D2C939,NULL,,SICUREZZA,0,PROMO_SETTEMBRE_VIP,ATTIVO
catialazzari@yahoo.it,Null,Null,Catialazzari Catia Lazzari Rif Tacchetto,+390415321662,SIC-ID-276CED0B1521,NULL,VE,SICUREZZA,0,PROMO_SETTEMBRE_VIP,ATTIVO
cavazzana@tin.it,Null,Null,Cavazzana,,SIC-ID-4F7AC6D3555C,NULL,,SICUREZZA,0,PROMO_SETTEMBRE_VIP,ATTIVO
cbotta61@gmail.com,Null,Null,Cbotta61,,SIC-ID-4A9CCA2FE611,NULL,,SICUREZZA,0,PROMO_SETTEMBRE_VIP,ATTIVO
cbudri@michelangelost.com,Null,Null,Cbudri,,SIC-ID-9993A92ED1C7,NULL,,SICUREZZA,0,PROMO_SETTEMBRE_VIP,ATTIVO
ccsa.castelfranco@alice.it,Null,Null,Ccsa Castelfranco,,SIC-ID-7BF4CEC6191B,NULL,,SICUREZZA,0,PROMO_SETTEMBRE_VIP,ATTIVO
cecchetto.mauro@email.it,Null,Null,Cecchetto Mauro,,SIC-ID-E806F8FD3F93,NULL,,SICUREZZA,0,PROMO_SETTEMBRE_VIP,ATTIVO
cecilia@fancygrafica.com,Null,Null,Cecilia,+3932866684660,SIC-ID-D3A1277197C7,NULL,,SICUREZZA,0,PROMO_SETTEMBRE_VIP,ATTIVO
chichij@hotmail.it,Null,Null,Cecilia Sicurezza,+393478942290,SIC-ID-1870C13AFAB4,NULL,,SICUREZZA,0,PROMO_SETTEMBRE_VIP,ATTIVO
cedacvolpato@virgilio.it,Null,Null,Cedacvolpato,,SIC-ID-75717639D08A,NULL,,SICUREZZA,0,PROMO_SETTEMBRE_VIP,ATTIVO
info@edilnoleggiosicilia.it,Null,Null,Cei,+390923907987,SIC-ID-A69CEB240181,NULL,,SICUREZZA,0,PROMO_SETTEMBRE_VIP,ATTIVO
celda.ro@libero.it,Null,Null,Celda Ro,+393288213641,SIC-ID-F43268CF6840,NULL,,SICUREZZA,0,PROMO_SETTEMBRE_VIP,ATTIVO
info@celienergia.it,Null,Null,Celi Energia E Costruzioni Spa,+39092460943,SIC-ID-58A4D9C322F3,43,,SICUREZZA,0,PROMO_SETTEMBRE_VIP,ATTIVO
impresa@cellacostruzioni.com,Null,Null,Cella Costruzioni S.r.l.,+390432869443,SIC-ID-89761CA1E0B7,43,UD,SICUREZZA,0,PROMO_SETTEMBRE_VIP,ATTIVO
celsocaramori@tiscali.it,Null,Null,Celsocaramori,,SIC-ID-1F5FE376F885,NULL,,SICUREZZA,0,PROMO_SETTEMBRE_VIP,ATTIVO
cencing@libero.it,Null,Null,Cencing,,SIC-ID-3F7F1E381147,NULL,,SICUREZZA,0,PROMO_SETTEMBRE_VIP,ATTIVO
cenna@cenna.it,Null,Null,Cenna,,SIC-ID-183C03B7CD83,NULL,,SICUREZZA,0,PROMO_SETTEMBRE_VIP,ATTIVO
info@centrochiavigianicolense.it,Null,Null,"Centro Chiavi Gianicolense - Serrature, Duplicazione Chiavi, Radiocomandi Auto, Pronto Intervento, Cilindri A Roma Monteverde",+393487541872,SIC-ID-6C5B0C3088AF,NULL,,SICUREZZA,0,PROMO_SETTEMBRE_VIP,ATTIVO
servizioclienti@centroedilefontana.it,Null,Null,Centro Edile Fontana,+3909621924555,SIC-ID-44918A580680,43,,SICUREZZA,0,PROMO_SETTEMBRE_VIP,ATTIVO
info@centroedilelucca.com,Null,Null,Centro Edile Lucca Srl,+390583962526,SIC-ID-BC0079D4D860,43,LU,SICUREZZA,0,PROMO_SETTEMBRE_VIP,ATTIVO
info@centroedilizia.com,Null,Null,Centro Edilizia,+39035774145,SIC-ID-63BCD2DFEEDD,43,BG,SICUREZZA,0,PROMO_SETTEMBRE_VIP,ATTIVO
roberto.gabrielli@centropietraliving.it,Null,Null,Centro Pietra Living,+3904611560083,SIC-ID-82A77E6D1E03,NULL,TN,SICUREZZA,0,PROMO_SETTEMBRE_VIP,ATTIVO
info@centrodiformazionests.it,Null,Null,Centro Sts,,SIC-ID-4EE3FD86001B,NULL,,SICUREZZA,0,PROMO_SETTEMBRE_VIP,ATTIVO
centrodibellezzabellessere@gmail.com,Null,Null,Centrodibellezzabellessere Services Plants,+393343069007,SIC-ID-AC31F25DE305,NULL,,SICUREZZA,0,PROMO_SETTEMBRE_VIP,ATTIVO
progettazione@centroedilemilano.com,Null,Null,Centroedile Milano - Arese,+390293588193,SIC-ID-8A2FE68B4B01,43,MI,SICUREZZA,0,PROMO_SETTEMBRE_VIP,ATTIVO
centrostudi@agefis.it,Null,Null,Centrostudi,,SIC-ID-43714CE7FE11,NULL,,SICUREZZA,0,PROMO_SETTEMBRE_VIP,ATTIVO
cer_max@virgilio.it,Null,Null,Cer_max,,SIC-ID-33B7D172E6C5,NULL,,SICUREZZA,0,PROMO_SETTEMBRE_VIP,ATTIVO
info@ceragiolicostruzioni.it,Null,Null,Ceragioli Costruzioni,+390584951549,SIC-ID-53CE5782B45A,43,,SICUREZZA,0,PROMO_SETTEMBRE_VIP,ATTIVO
ceramicheinsrl@gmail.com,Null,Null,Ceramiche In S.r.l.,+39092325207,SIC-ID-BC3A5C234A56,NULL,,SICUREZZA,0,PROMO_SETTEMBRE_VIP,ATTIVO
info@ceramichelucarda.it,Null,Null,Ceramiche Lucarda Di Lucarda Giuseppe & C. S.n.c.,+39041429248,SIC-ID-845E0C96B278,NULL,VE,SICUREZZA,0,PROMO_SETTEMBRE_VIP,ATTIVO
ceronicostruzionisrl@gmail.com,Null,Null,Ceronicostruzionisrl,,SIC-ID-8CAA823E312A,43,,SICUREZZA,0,PROMO_SETTEMBRE_VIP,ATTIVO
cesaratocostruzioni@libero.it,Null,Null,Cesarato Costruzioni Srl,+390415385503,SIC-ID-FB3E1D4014F8,43,VE,SICUREZZA,0,PROMO_SETTEMBRE_VIP,ATTIVO
cezaravram28@gmail.com,Null,Null,Cezaravram28,,SIC-ID-42C34CAD30DA,NULL,,SICUREZZA,0,PROMO_SETTEMBRE_VIP,ATTIVO
info@cf-costruzioni.it,Null,Null,Cf Costruzioni Impresa Edile Restauri Ristrutturazioni,+393408798729,SIC-ID-C2C8746359F1,43,,SICUREZZA,0,PROMO_SETTEMBRE_VIP,ATTIVO
cfagni@yahoo.com,Null,Null,Cfagni,,SIC-ID-253B91C1F33A,NULL,,SICUREZZA,0,PROMO_SETTEMBRE_VIP,ATTIVO
cgc.srl@libero.it,Null,Null,Cgc Srl,,SIC-ID-06B5AF1ED213,NULL,,SICUREZZA,0,PROMO_SETTEMBRE_VIP,ATTIVO
chef-86@live.it,Null,Null,Chef-86,,SIC-ID-E228CE80B8D8,NULL,,SICUREZZA,0,PROMO_SETTEMBRE_VIP,ATTIVO
cheikhniang563@gmail.com,Null,Null,Cheikhniang563,,SIC-ID-C6550B62E287,NULL,,SICUREZZA,0,PROMO_SETTEMBRE_VIP,ATTIVO
tecnico@seftrum.com,Null,Null,Chiara,,SIC-ID-82771B8CEF5B,NULL,,SICUREZZA,0,PROMO_SETTEMBRE_VIP,ATTIVO
chiara.azzolini84@gmail.com,Null,Null,Chiara Azzolini84,+393478693951,SIC-ID-75D86DA59EE2,NULL,,SICUREZZA,0,PROMO_SETTEMBRE_VIP,ATTIVO
bonorachiara@yahoo.it,Null,Null,Chiara Bonora,+393773181652,SIC-ID-28AF6F16A065,NULL,,SICUREZZA,0,PROMO_SETTEMBRE_VIP,ATTIVO
chiara.pannella@hotmail.it,Null,Null,Chiara Pannella,+393440482173,SIC-ID-3DC9158DD805,NULL,,SICUREZZA,0,PROMO_SETTEMBRE_VIP,ATTIVO
chiara.spinello@alice.it,Null,Null,Chiara Spinello,+393476852831,SIC-ID-CC3AEBA5DD39,NULL,,SICUREZZA,0,PROMO_SETTEMBRE_VIP,ATTIVO
chiarabravin@libero.it,Null,Null,Chiarabravin,+393271686148,SIC-ID-71D5A2CBEB8E,NULL,,SICUREZZA,0,PROMO_SETTEMBRE_VIP,ATTIVO
chiaralucci@virgilio.it,Null,Null,Chiaralucci,,SIC-ID-A5D15236FC40,NULL,,SICUREZZA,0,PROMO_SETTEMBRE_VIP,ATTIVO
chiaramarangoni@alice.it,Null,Null,Chiaramarangoni Arianna,+393481649026,SIC-ID-BBE737AC0998,NULL,,SICUREZZA,0,PROMO_SETTEMBRE_VIP,ATTIVO
chicca.bertolini@libero.it,Null,Null,Chicca Bertolini,,SIC-ID-3B92378E21B4,NULL,,SICUREZZA,0,PROMO_SETTEMBRE_VIP,ATTIVO
chiclamino95@gmail.com,Null,Null,Chiclamino95,,SIC-ID-50A2EEBCDD76,NULL,,SICUREZZA,0,PROMO_SETTEMBRE_VIP,ATTIVO
chicumarga2005@yahoo.it,Null,Null,Chicumarga2005,,SIC-ID-A906AE2BF191,NULL,,SICUREZZA,0,PROMO_SETTEMBRE_VIP,ATTIVO
chieregato.d@libero.it,Null,Null,Chieregato D,,SIC-ID-61F501681A65,NULL,,SICUREZZA,0,PROMO_SETTEMBRE_VIP,ATTIVO
info@chievocostruzioni.it,Null,Null,Chievo Costruzioni S.r.l.,+390458348112,SIC-ID-C8FE94327129,43,VR,SICUREZZA,0,PROMO_SETTEMBRE_VIP,ATTIVO
chimenim.32@gmail.com,Null,Null,Chimenim 32,,SIC-ID-7C0539DDA848,NULL,,SICUREZZA,0,PROMO_SETTEMBRE_VIP,ATTIVO
chioccia75@hotmail.it,Null,Null,Chioccia75,,SIC-ID-E17EF307504E,NULL,,SICUREZZA,0,PROMO_SETTEMBRE_VIP,ATTIVO
chiodimichele@libero.it,Null,Null,Chiodimichele,,SIC-ID-73136A501741,NULL,,SICUREZZA,0,PROMO_SETTEMBRE_VIP,ATTIVO
chioggia.rominatiozzo@gmail.com,Null,Null,Chioggia Rominatiozzo,,SIC-ID-B40D760DEBEF,NULL,,SICUREZZA,0,PROMO_SETTEMBRE_VIP,ATTIVO
chioggiaortomercatoveneto@yahoo.it,Null,Null,Chioggiaortomercatoveneto,,SIC-ID-216A2DEED072,NULL,,SICUREZZA,0,PROMO_SETTEMBRE_VIP,ATTIVO
chris@mellowboards.com,Null,Null,Chris,,SIC-ID-6718F9EBA535,NULL,,SICUREZZA,0,PROMO_SETTEMBRE_VIP,ATTIVO
christabel_50@yahoo.com,Null,Null,Christabel_50,,SIC-ID-E66CC7E96FD2,NULL,,SICUREZZA,0,PROMO_SETTEMBRE_VIP,ATTIVO
christian@tuttogare.com,Null,Null,Christian,,SIC-ID-61D903CB7841,NULL,,SICUREZZA,0,PROMO_SETTEMBRE_VIP,ATTIVO
c.mussati@gmail.com,Null,Null,Christian Mussati,,SIC-ID-765018667795,NULL,,SICUREZZA,0,PROMO_SETTEMBRE_VIP,ATTIVO
christiancarlini82@gmail.com,Null,Null,Christiancarlini82,,SIC-ID-047B732F065E,NULL,,SICUREZZA,0,PROMO_SETTEMBRE_VIP,ATTIVO
cianfagna.luigi@gmail.com,Null,Null,Cianfagna Luigi,,SIC-ID-8124690D8FD7,NULL,,SICUREZZA,0,PROMO_SETTEMBRE_VIP,ATTIVO
ciaoelyz88@gmail.com,Null,Null,Ciaoelyz88,,SIC-ID-D96CE035B2E6,NULL,,SICUREZZA,0,PROMO_SETTEMBRE_VIP,ATTIVO
cielleperon@libero.it,Null,Null,Cielleperon,,SIC-ID-C25668C1ADCD,NULL,,SICUREZZA,0,PROMO_SETTEMBRE_VIP,ATTIVO
cil.angela@hotmail.it,Null,Null,Cil Angela,,SIC-ID-6C174E8C0910,NULL,,SICUREZZA,0,PROMO_SETTEMBRE_VIP,ATTIVO
info@cimesrl.com,Null,Null,Cime S.r.l. Commercio Industria Materiali Edili,+390815841917,SIC-ID-4FF17F6C0738,43,NA,SICUREZZA,0,PROMO_SETTEMBRE_VIP,ATTIVO
info@cimminocalce.com,Null,Null,Cimmino Calce S.r.l,+390817593256,SIC-ID-3D17AB8C75FA,NULL,NA,SICUREZZA,0,PROMO_SETTEMBRE_VIP,ATTIVO
cinzia@autoaccessoriopolesano.it,Null,Null,Cinzia,,SIC-ID-1324B39B632A,NULL,,SICUREZZA,0,PROMO_SETTEMBRE_VIP,ATTIVO
cinzia.geo@gmail.com,Null,Null,Cinzia Geo,,SIC-ID-646DEB776B7D,NULL,,SICUREZZA,0,PROMO_SETTEMBRE_VIP,ATTIVO
cinzia.previgliano@icloud.com,Null,Null,Cinzia Previgliano,,SIC-ID-8D34A9DC01D7,NULL,,SICUREZZA,0,PROMO_SETTEMBRE_VIP,ATTIVO
cipriotianna60@gmail.com,Null,Null,Cipriotianna60,,SIC-ID-618D40E0AC08,NULL,,SICUREZZA,0,PROMO_SETTEMBRE_VIP,ATTIVO
cirillo.costruzioni@gmail.com,Null,Null,Cirillo Costruzioni,,SIC-ID-9B4439C8537B,43,,SICUREZZA,0,PROMO_SETTEMBRE_VIP,ATTIVO
francesco.rocila@refitcompany.com,Null,Null,Cisaf Montemarciano,+390719158229,SIC-ID-B9785A5BBDDE,NULL,AN,SICUREZZA,0,PROMO_SETTEMBRE_VIP,ATTIVO
civierosnc@gmail.com,Null,Null,Civierosnc Civiero Gabriele & Figli Snc,+3934732236140,SIC-ID-34FDEB673CE1,NULL,,SICUREZZA,0,PROMO_SETTEMBRE_VIP,ATTIVO
cl.tassone@gmail.com,Null,Null,Cl Tassone,,SIC-ID-2EEDFFB6DD67,NULL,,SICUREZZA,0,PROMO_SETTEMBRE_VIP,ATTIVO
clapspietro@gmail.com,Null,Null,Clapspietro Petrella Jetboard,+393791863833,SIC-ID-CEB3321FBDCD,NULL,,SICUREZZA,0,PROMO_SETTEMBRE_VIP,ATTIVO
claudiargentina@hotmail.com,Null,Null,Claudiargentina,,SIC-ID-A61BF12BB64F,NULL,,SICUREZZA,0,PROMO_SETTEMBRE_VIP,ATTIVO
claudio.carella@allianzbankfa.it,Null,Null,Claudio Carella,,SIC-ID-ED2926A5EA6B,NULL,,SICUREZZA,0,PROMO_SETTEMBRE_VIP,ATTIVO
claudio.ferrarese@libero.it,Null,Null,Claudio Ferrarese,+393806912748,SIC-ID-C29821D3D43D,NULL,,SICUREZZA,0,PROMO_SETTEMBRE_VIP,ATTIVO
morosini2003@libero.it,Null,Null,Claudio Ferro,335249743,SIC-ID-314E1BA937AC,NULL,,SICUREZZA,0,PROMO_SETTEMBRE_VIP,ATTIVO
claudio.gibin@gmail.com,Null,Null,Claudio Gibin,+393346469722,SIC-ID-D1BDCADBA021,NULL,,SICUREZZA,0,PROMO_SETTEMBRE_VIP,ATTIVO
claudio.parrino@gmail.com,Null,Null,Claudio Parrino,+393393146212,SIC-ID-8200A8A46077,NULL,,SICUREZZA,0,PROMO_SETTEMBRE_VIP,ATTIVO
claudio.unimetal@alice.it,Null,Null,Claudio Unimetal,+393286668466,SIC-ID-261F76FDA7A7,NULL,,SICUREZZA,0,PROMO_SETTEMBRE_VIP,ATTIVO
claudio_design@libero.it,Null,Null,Claudio_design,+393287513461,SIC-ID-97E3C2E21ED0,NULL,,SICUREZZA,0,PROMO_SETTEMBRE_VIP,ATTIVO
claudio_marangoni1@libero.it,Null,Null,Claudio_marangoni1,,SIC-ID-7E893149F1D7,NULL,,SICUREZZA,0,PROMO_SETTEMBRE_VIP,ATTIVO
claudionoce65@gmail.com,Null,Null,Claudionoce65,+393393146212,SIC-ID-929115F74010,NULL,,SICUREZZA,0,PROMO_SETTEMBRE_VIP,ATTIVO
claudiopigato@tin.it,Null,Null,Claudiopigato,+393332973125,SIC-ID-52456D2136D0,NULL,,SICUREZZA,0,PROMO_SETTEMBRE_VIP,ATTIVO
claudiosalsilli@gmail.com,Null,Null,Claudiosalsilli Hyper Toscana Miki,+3933192038490,SIC-ID-CF155BE1A5DB,NULL,,SICUREZZA,0,PROMO_SETTEMBRE_VIP,ATTIVO
claudiozorzan@gmail.com,Null,Null,Claudiozorzan,,SIC-ID-34C86E4F16CF,NULL,,SICUREZZA,0,PROMO_SETTEMBRE_VIP,ATTIVO
clementechimbote@hotmail.com,Null,Null,Clementechimbote,+393313646474,SIC-ID-62FCD28F26FD,NULL,,SICUREZZA,0,PROMO_SETTEMBRE_VIP,ATTIVO
cleopatrasavino@gmail.com,Null,Null,Cleopatrasavino,,SIC-ID-AFD017F47660,NULL,,SICUREZZA,0,PROMO_SETTEMBRE_VIP,ATTIVO
clienti@linear.it,Null,Null,Clienti,,SIC-ID-6C7DAE1877C1,NULL,,SICUREZZA,0,PROMO_SETTEMBRE_VIP,ATTIVO
clinicadelcomputer.ro@gmail.com,Null,Null,Clinicadelcomputer Ro,,SIC-ID-BC2F6839767D,NULL,,SICUREZZA,0,PROMO_SETTEMBRE_VIP,ATTIVO
clinicaveterinariastazione@gmail.com,Null,Null,Clinicaveterinariastazione,,SIC-ID-4C24CFE98435,86,,SICUREZZA,0,PROMO_SETTEMBRE_VIP,ATTIVO
cntcostruzioni@gmail.com,Null,Null,Cnt Costruzioni Di Contartese Leo - Impresa Edile E Ristrutturazioni,+393402151509,SIC-ID-173B2BF3202F,43,,SICUREZZA,0,PROMO_SETTEMBRE_VIP,ATTIVO
privacy@coveri.it,Null,Null,Co.ve.ri.,+39041429466,SIC-ID-A99E2697A174,NULL,VE,SICUREZZA,0,PROMO_SETTEMBRE_VIP,ATTIVO
cogead.srl@gmail.com,Null,Null,Cogead Srl,,SIC-ID-145955396B84,NULL,,SICUREZZA,0,PROMO_SETTEMBRE_VIP,ATTIVO
coinbasecard@aptopayments.com,Null,Null,Coinbasecard,38968330590,SIC-ID-A17AD9365BEB,NULL,,SICUREZZA,0,PROMO_SETTEMBRE_VIP,ATTIVO
coledilaf@virgilio.it,Null,Null,Coledilaf,,SIC-ID-D2B011B0DCFB,43,,SICUREZZA,0,PROMO_SETTEMBRE_VIP,ATTIVO
info@colorlab-srl.it,Null,Null,Color Lab Srl Pistoia,+390573518113,SIC-ID-1629538DFCF9,NULL,PT,SICUREZZA,0,PROMO_SETTEMBRE_VIP,ATTIVO
info@casaplast.it,Null,Null,Colorificio Casaplast,+39035690404,SIC-ID-6FF1215586A1,47,BG,SICUREZZA,0,PROMO_SETTEMBRE_VIP,ATTIVO
coluc.287@gmail.com,Null,Null,Coluc 287,,SIC-ID-0F3334776C81,NULL,,SICUREZZA,0,PROMO_SETTEMBRE_VIP,ATTIVO
com-edil@libero.it,Null,Null,Com-edil Di Delbono Luciano & C Snc,+390306850645,SIC-ID-F5C9D4C529AC,43,BS,SICUREZZA,0,PROMO_SETTEMBRE_VIP,ATTIVO
info@comedilshop.com,Null,Null,Comedil,+39073453884,SIC-ID-0C46AA533244,43,,SICUREZZA,0,PROMO_SETTEMBRE_VIP,ATTIVO
comitatoelettoralepvp@gmail.com,Null,Null,Comitatoelettoralepvp,34893536210,SIC-ID-7170AA40B086,NULL,,SICUREZZA,0,PROMO_SETTEMBRE_VIP,ATTIVO
comm.edil@libero.it,Null,Null,Comm Edil,32893545110,SIC-ID-BC6F0B064C5B,43,,SICUREZZA,0,PROMO_SETTEMBRE_VIP,ATTIVO
isonzo@gmail.com,Null,Null,Commercial Isonzo (s. R. L.),+39067014403,SIC-ID-651BAA1B93FB,NULL,RM,SICUREZZA,0,PROMO_SETTEMBRE_VIP,ATTIVO
commerciale@zucchettonoleggi.com,Null,Null,Commerciale,,SIC-ID-5A9D1A19F5D8,NULL,,SICUREZZA,0,PROMO_SETTEMBRE_VIP,ATTIVO
commerciale@acca.it,Null,Null,Commerciale Acca,,SIC-ID-2277961BF4CD,NULL,,SICUREZZA,0,PROMO_SETTEMBRE_VIP,ATTIVO
comfer@commercialeferramenta.it,Null,Null,Commerciale Ferramenta Primo,+390426320330,SIC-ID-05BA9E78EC4B,47,,SICUREZZA,0,PROMO_SETTEMBRE_VIP,ATTIVO
info@giannetti.it,Null,Null,Commerciale Giannetti (s.r.l.),+390586661294,SIC-ID-CD8A1C5E5B65,NULL,LI,SICUREZZA,0,PROMO_SETTEMBRE_VIP,ATTIVO
commercianti.centro@libero.it,Null,Null,Commercianti Centro,,SIC-ID-3ACB943424F1,NULL,,SICUREZZA,0,PROMO_SETTEMBRE_VIP,ATTIVO
commercio.crivellari@virgilio.it,Null,Null,Commercio Crivellari,,SIC-ID-505FBE15898D,NULL,,SICUREZZA,0,PROMO_SETTEMBRE_VIP,ATTIVO
communication@mail.pixartprinting.com,Null,Null,Communication,34054792830,SIC-ID-C7089BCCD879,NULL,,SICUREZZA,0,PROMO_SETTEMBRE_VIP,ATTIVO
info@compagniadelsale.it,Null,Null,Compagnia Del Sale,+390645582460,SIC-ID-9EEAA149D610,NULL,RM,SICUREZZA,0,PROMO_SETTEMBRE_VIP,ATTIVO
servizioclienti@complementiclimatici.it,Null,Null,Complementi Climatici,+393464703610,SIC-ID-E3635F4E5908,NULL,,SICUREZZA,0,PROMO_SETTEMBRE_VIP,ATTIVO
comunica@fotovoltaici.info,Null,Null,Comunica,,SIC-ID-ED76C8ABB223,NULL,,SICUREZZA,0,PROMO_SETTEMBRE_VIP,ATTIVO
comunicazione@attivamenteonlus.it,Null,Null,Comunicazione,,SIC-ID-E0E70D63B580,70,,SICUREZZA,0,PROMO_SETTEMBRE_VIP,ATTIVO
kosseimc@hotmail.com,Null,Null,Concetta Voltlina,+393494291138,SIC-ID-925E8381173D,NULL,,SICUREZZA,0,PROMO_SETTEMBRE_VIP,ATTIVO
concettalauda@gmail.com,Null,Null,Concettalauda Energy,+393288366255,SIC-ID-E774C65A560B,NULL,,SICUREZZA,0,PROMO_SETTEMBRE_VIP,ATTIVO
condorsrl@gmail.com,Null,Null,Condor S.r.l.,+390918981593,SIC-ID-4D42F71D0ADF,NULL,PA,SICUREZZA,0,PROMO_SETTEMBRE_VIP,ATTIVO
conession@yahoo.it,Null,Null,Conession,,SIC-ID-66A93FAF21DD,NULL,,SICUREZZA,0,PROMO_SETTEMBRE_VIP,ATTIVO
confezioni.samy@libero.it,Null,Null,Confezioni Samy,,SIC-ID-21EF6D9FABBE,NULL,,SICUREZZA,0,PROMO_SETTEMBRE_VIP,ATTIVO
consie83@yahoo.it,Null,Null,Consie83,,SIC-ID-3ABF696FAFA2,NULL,,SICUREZZA,0,PROMO_SETTEMBRE_VIP,ATTIVO
arcidosso@consorziagrariditalia.it,Null,Null,Consorzi Agrari D' Italia Spa - Ag. Di Montepescali,+390564329015,SIC-ID-8C5CCABBDC3A,96,GR,SICUREZZA,0,PROMO_SETTEMBRE_VIP,ATTIVO
consulenza.crepaldi@libero.it,Null,Null,Consulenza Crepaldi,,SIC-ID-916766C0F45F,70,,SICUREZZA,0,PROMO_SETTEMBRE_VIP,ATTIVO
consulenzacester@gmail.com,Null,Null,Consulenzacester Service Di Nordio Lorella,+3934753576170,SIC-ID-9FFD45D82DB0,70,,SICUREZZA,0,PROMO_SETTEMBRE_VIP,ATTIVO
contact@systeme.io,Null,Null,Contact,34578110420,SIC-ID-DBC50A96EBF0,NULL,,SICUREZZA,0,PROMO_SETTEMBRE_VIP,ATTIVO
contact@sendinblue.com,Null,Null,Contact,,SIC-ID-47AB770AFD82,NULL,,SICUREZZA,0,PROMO_SETTEMBRE_VIP,ATTIVO
contarino.giuseppe@libero.it,Null,Null,Contarino Giuseppe,,SIC-ID-392594C142E6,NULL,,SICUREZZA,0,PROMO_SETTEMBRE_VIP,ATTIVO
info@conteedile.it,Null,Null,Conte Francesco Costruzioni E Restauri S.r.l.,+390415203612,SIC-ID-AD1992BBFBB6,43,VE,SICUREZZA,0,PROMO_SETTEMBRE_VIP,ATTIVO
contewally@gmail.com,Null,Null,Contewally,,SIC-ID-13DBB455D746,NULL,,SICUREZZA,0,PROMO_SETTEMBRE_VIP,ATTIVO
iniziative@cooperativaedilizia.it,Null,Null,Cooperativa Edilizia,+390454647620,SIC-ID-CF548F810D14,43,VR,SICUREZZA,0,PROMO_SETTEMBRE_VIP,ATTIVO
cooperativaomnibus@tiscali.it,Null,Null,Cooperativaomnibus,,SIC-ID-E627D66496FD,NULL,,SICUREZZA,0,PROMO_SETTEMBRE_VIP,ATTIVO
web@corazzacostruzioni.com,Null,Null,Corazza Costruzioni Edili,+390532436811,SIC-ID-A5CD349537A6,43,FE,SICUREZZA,0,PROMO_SETTEMBRE_VIP,ATTIVO
corizzorocco2@gmail.com,Null,Null,Corizzorocco2,,SIC-ID-238BDC6EDAD4,NULL,,SICUREZZA,0,PROMO_SETTEMBRE_VIP,ATTIVO
falcor67@libero.it,Null,Null,Cornolti,+39035571561,SIC-ID-C5159D932C51,NULL,BG,SICUREZZA,0,PROMO_SETTEMBRE_VIP,ATTIVO
info@coronettacostruzioni.com,Null,Null,Coronetta Costruzioni,+390692935682,SIC-ID-9AE5DC3A5907,43,RM,SICUREZZA,0,PROMO_SETTEMBRE_VIP,ATTIVO
info@corradocasa.com,Null,Null,Corrado Casa - Impresa Edile,+393487489457,SIC-ID-D83AC4039779,43,,SICUREZZA,0,PROMO_SETTEMBRE_VIP,ATTIVO
corradomanoli@alice.it,Null,Null,Corradomanoli,,SIC-ID-C55DE5F081BD,NULL,,SICUREZZA,0,PROMO_SETTEMBRE_VIP,ATTIVO
correggio.circondaria@gigroup.com,Null,Null,Correggio Circondaria,,SIC-ID-177FE50EA146,NULL,,SICUREZZA,0,PROMO_SETTEMBRE_VIP,ATTIVO
corsairscompany@gmail.com,Null,Null,Corsairscompany,33467277220,SIC-ID-10D944D20F22,NULL,,SICUREZZA,0,PROMO_SETTEMBRE_VIP,ATTIVO
support@corsi.it,Null,Null,Corsi. Assistenza,+393348374549,SIC-ID-05F51649FB0D,85,,SICUREZZA,0,PROMO_SETTEMBRE_VIP,ATTIVO
cortebenetti@gmail.com,Null,Null,Cortebenetti,,SIC-ID-AD1D9A6809D0,NULL,,SICUREZZA,0,PROMO_SETTEMBRE_VIP,ATTIVO
cortelmail@yahoo.it,Null,Null,Cortelmail,,SIC-ID-D0A18A5F43D9,NULL,,SICUREZZA,0,PROMO_SETTEMBRE_VIP,ATTIVO
corvucci@corofar.it,Null,Null,Corvucci,+393886584684,SIC-ID-11F7C5D94C6C,NULL,,SICUREZZA,0,PROMO_SETTEMBRE_VIP,ATTIVO
cosit@manufatticosit.com,Null,Null,Cosit,+390909384422,SIC-ID-C8A1A16D66D9,NULL,ME,SICUREZZA,0,PROMO_SETTEMBRE_VIP,ATTIVO
costanza.flaminiasrl@gmail.com,Null,Null,Costanza Flaminiasrl,,SIC-ID-920FA6FA3AC0,NULL,,SICUREZZA,0,PROMO_SETTEMBRE_VIP,ATTIVO
adv@rinnovabili.it,Null,Null,Costruzioni & Servizi Rinnovabili S.r.l.,+390532681207,SIC-ID-D9CEA1A45BF9,43,FE,SICUREZZA,0,PROMO_SETTEMBRE_VIP,ATTIVO
costruzioniceci@gmail.com,Null,Null,Costruzioni C.e.c.i. S.r.l.,+390516841221,SIC-ID-4FE38DA2BC8E,43,BO,SICUREZZA,0,PROMO_SETTEMBRE_VIP,ATTIVO
info@gobbobruno.com,Null,Null,Costruzioni E Ristrutturazioni Edili Di Gobbo Bruno (s.r.l.),+39042297635,SIC-ID-3B056FB1358F,43,TV,SICUREZZA,0,PROMO_SETTEMBRE_VIP,ATTIVO
contattaci@costruzionipavanello.it,Null,Null,Costruzioni Edili Pavanello S.r.l.,+39041640740,SIC-ID-724F4D65FD3A,43,VE,SICUREZZA,0,PROMO_SETTEMBRE_VIP,ATTIVO
info@costruzioniromagnoli.it,Null,Null,Costruzioni Edili Romagnoli Srl | Impresa Edile Per Nuove Costruzioni | Castel San Pietro Terme | Bologna,+39051946557,SIC-ID-83037DC3065E,43,BO,SICUREZZA,0,PROMO_SETTEMBRE_VIP,ATTIVO
info@sartoratocostruzioni.com,Null,Null,Costruzioni Edili Sartorato,+390422788005,SIC-ID-7EF1140C0CAD,43,TV,SICUREZZA,0,PROMO_SETTEMBRE_VIP,ATTIVO
info@costruzioniedilizucchini.it,Null,Null,Costruzioni Edili Zucchini Spa,+39051226964,SIC-ID-197BA3B4E7CB,43,BO,SICUREZZA,0,PROMO_SETTEMBRE_VIP,ATTIVO
costruzioni.galvani@gmail.com,Null,Null,Costruzioni Galvani,,SIC-ID-8E2685E40789,43,,SICUREZZA,0,PROMO_SETTEMBRE_VIP,ATTIVO
segreteria@cg2.it,Null,Null,Costruzioni Generali Due Srl - Azienda Edile,+39059512495,SIC-ID-DF3502C5FE2F,43,MO,SICUREZZA,0,PROMO_SETTEMBRE_VIP,ATTIVO
info@emsol.it,Null,Null,Costruzioni Geom. Vettorini Pietro Srl,+390585790577,SIC-ID-E362983029C2,43,,SICUREZZA,0,PROMO_SETTEMBRE_VIP,ATTIVO
info@costruzionigiacobazzi.com,Null,Null,Costruzioni Giacobazzi Spa,+39051860850,SIC-ID-DEEAD1DBE4E5,43,BO,SICUREZZA,0,PROMO_SETTEMBRE_VIP,ATTIVO
segreteriagruppoimmobiliare@gmail.com,Null,Null,Costruzioni Gruppo Santarelli,+390687137390,SIC-ID-686254AA8804,43,RM,SICUREZZA,0,PROMO_SETTEMBRE_VIP,ATTIVO
info@costruzionipattarello.it,Null,Null,Costruzioni Venezia Pattarello Sas,+39330999191,SIC-ID-51236A647F4B,43,,SICUREZZA,0,PROMO_SETTEMBRE_VIP,ATTIVO
privacy@localweb.it,Null,Null,Costruzioni E Ristrutturazioni Edili Roma - Albert Costruzioni,+393441663555,SIC-ID-12D46C0A75B8,43,,SICUREZZA,0,PROMO_SETTEMBRE_VIP,ATTIVO
info@costruzionistano.it,Null,Null,Costruzioni Stano & C. S.r.l.,+390803038681,SIC-ID-2755B142355D,43,BA,SICUREZZA,0,PROMO_SETTEMBRE_VIP,ATTIVO
costruzionifaraco@libero.it,Null,Null,Costruzionifaraco,,SIC-ID-4C649ED68B7D,43,,SICUREZZA,0,PROMO_SETTEMBRE_VIP,ATTIVO
courtney.smith@keap.com,Null,Null,Courtney Smith,32064847380,SIC-ID-AFF50B2D457D,NULL,,SICUREZZA,0,PROMO_SETTEMBRE_VIP,ATTIVO
cova.gianfranco@libero.it,Null,Null,Cova Gianfranco,,SIC-ID-02FD98C6D8B5,NULL,,SICUREZZA,0,PROMO_SETTEMBRE_VIP,ATTIVO
cremona.michele@gmail.com,Null,Null,Cremona Michele,+393468330913,SIC-ID-6ED7B7421EB1,NULL,,SICUREZZA,0,PROMO_SETTEMBRE_VIP,ATTIVO
crepaldiadolfo@libero.it,Null,Null,Crepaldiadolfo,,SIC-ID-935C1CE34E4A,NULL,,SICUREZZA,0,PROMO_SETTEMBRE_VIP,ATTIVO
info@crezza.com,Null,Null,Crezza S.r.l. - Sede Amministrativa E Produttiva Di Gordona,+39034343144,SIC-ID-616918084A61,NULL,,SICUREZZA,0,PROMO_SETTEMBRE_VIP,ATTIVO
modenese.c@gmail.com,Null,Null,Crhis Dj,+393478279558,SIC-ID-54F74C564FDA,NULL,,SICUREZZA,0,PROMO_SETTEMBRE_VIP,ATTIVO
crialdue@gmail.com,Null,Null,Crialdue,,SIC-ID-40EF56812BD6,NULL,,SICUREZZA,0,PROMO_SETTEMBRE_VIP,ATTIVO
cricomi@gmail.com,Null,Null,Cricomi,,SIC-ID-929DB28BB59D,NULL,,SICUREZZA,0,PROMO_SETTEMBRE_VIP,ATTIVO
crifill@libero.it,Null,Null,Crifill,,SIC-ID-AA9FF2D8AB05,NULL,,SICUREZZA,0,PROMO_SETTEMBRE_VIP,ATTIVO
export@crifill.it,Null,Null,Crifill Srl,+390498839539,SIC-ID-5EFE041BA129,NULL,PD,SICUREZZA,0,PROMO_SETTEMBRE_VIP,ATTIVO
cris.durando@gmail.com,Null,Null,Cris Durando,,SIC-ID-85CE24F4C79C,NULL,,SICUREZZA,0,PROMO_SETTEMBRE_VIP,ATTIVO
criscavallini@libero.it,Null,Null,Criscavallini,,SIC-ID-3563871F6D18,NULL,,SICUREZZA,0,PROMO_SETTEMBRE_VIP,ATTIVO
sicoo.sicurezza@gmail.com,Null,Null,Cristian Boscolo,,SIC-ID-086A2BE4849F,NULL,,SICUREZZA,0,PROMO_SETTEMBRE_VIP,ATTIVO
cristianveronese@hotmail.it,Null,Null,Cristian Veronese,+393479956624,SIC-ID-F9251DC281C9,NULL,,SICUREZZA,0,PROMO_SETTEMBRE_VIP,ATTIVO
cristiana.bonfanti@gmail.com,Null,Null,Cristiana Bonfanti,,SIC-ID-9D3BF2A9367C,NULL,,SICUREZZA,0,PROMO_SETTEMBRE_VIP,ATTIVO
cristianafantoni@hotmail.com,Null,Null,Cristianafantoni,,SIC-ID-E52A7F73A346,NULL,,SICUREZZA,0,PROMO_SETTEMBRE_VIP,ATTIVO
cristianbergo@libero.it,Null,Null,Cristianbergo,,SIC-ID-440869919650,NULL,,SICUREZZA,0,PROMO_SETTEMBRE_VIP,ATTIVO
cristiancrose@libero.it,Null,Null,Cristiancrose,,SIC-ID-E7A802085ECB,NULL,,SICUREZZA,0,PROMO_SETTEMBRE_VIP,ATTIVO
cristiano.ceresatto@gmail.com,Null,Null,Cristiano Ceresatto,+393408310242,SIC-ID-AF76BBF883D0,NULL,,SICUREZZA,0,PROMO_SETTEMBRE_VIP,ATTIVO
cristiano.nani@tin.it,Null,Null,Cristiano Nani,+393337339940,SIC-ID-A6586BA5A175,NULL,,SICUREZZA,0,PROMO_SETTEMBRE_VIP,ATTIVO
cristianopellegrin@libero.it,Null,Null,Cristianopellegrin,,SIC-ID-9685B37C0974,NULL,,SICUREZZA,0,PROMO_SETTEMBRE_VIP,ATTIVO
cristianotrotta.business@gmail.com,Null,Null,Cristianotrotta Business,,SIC-ID-9ABD68293EDF,NULL,,SICUREZZA,0,PROMO_SETTEMBRE_VIP,ATTIVO
crivellari_ferro@yahoo.it,Null,Null,Crivellari_ferro,,SIC-ID-76FCED6A2465,NULL,,SICUREZZA,0,PROMO_SETTEMBRE_VIP,ATTIVO
crivellariolga@gmail.com,Null,Null,Crivellariolga,,SIC-ID-7D71B009CF97,NULL,,SICUREZZA,0,PROMO_SETTEMBRE_VIP,ATTIVO
crlrpl255@gmail.com,Null,Null,Crlrpl255,+393468513386,SIC-ID-D6AE2845F115,NULL,,SICUREZZA,0,PROMO_SETTEMBRE_VIP,ATTIVO
croccoalessandra@virgilio.it,Null,Null,Croccoalessandra,+393491237168,SIC-ID-679ABD51F0AB,NULL,,SICUREZZA,0,PROMO_SETTEMBRE_VIP,ATTIVO
operator@cryptocom.intercom-mail.com,Null,Null,Crypto. Com,33575837890,SIC-ID-F35BC9707D51,NULL,,SICUREZZA,0,PROMO_SETTEMBRE_VIP,ATTIVO
cryptonly2003@gmail.com,Null,Null,Cryptonly2003 Frizziero,+393474100541,SIC-ID-0EB59C45D41F,NULL,,SICUREZZA,0,PROMO_SETTEMBRE_VIP,ATTIVO
cs.davide@hotmail.it,Null,Null,Cs Davide,,SIC-ID-2D279D4DD785,NULL,,SICUREZZA,0,PROMO_SETTEMBRE_VIP,ATTIVO
csc@cscgruppopiu.it,Null,Null,Csc,,SIC-ID-E94C044A15CE,NULL,,SICUREZZA,0,PROMO_SETTEMBRE_VIP,ATTIVO
cscmaurizio@virgilio.it,Null,Null,Cscmaurizio,+393346935515,SIC-ID-E2E8F2050A57,NULL,,SICUREZZA,0,PROMO_SETTEMBRE_VIP,ATTIVO
csultan@fastwebnet.it,Null,Null,Csultan,,SIC-ID-0C3A215CF636,NULL,,SICUREZZA,0,PROMO_SETTEMBRE_VIP,ATTIVO
csweca@tin.it,Null,Null,Csweca,,SIC-ID-29C025E1C116,NULL,,SICUREZZA,0,PROMO_SETTEMBRE_VIP,ATTIVO
cugini@cugini.it,Null,Null,Cugini Spa - Premiscelati Per L'edilizia,+39035520780,SIC-ID-5C3E436462DD,43,BG,SICUREZZA,0,PROMO_SETTEMBRE_VIP,ATTIVO
curitanapoli@yahoo.com,Null,Null,Curitanapoli,,SIC-ID-05850EFAA937,NULL,,SICUREZZA,0,PROMO_SETTEMBRE_VIP,ATTIVO
curtisouma2017@gmail.com,Null,Null,Curtisouma2017,,SIC-ID-9D2763A184FF,NULL,,SICUREZZA,0,PROMO_SETTEMBRE_VIP,ATTIVO
cusinnatalino@libero.it,Null,Null,Cusinnatalino,,SIC-ID-3F63276CAC4D,NULL,,SICUREZZA,0,PROMO_SETTEMBRE_VIP,ATTIVO
customercareefficace@gmail.com,Null,Null,Customercareefficace,,SIC-ID-C023C037AB84,NULL,,SICUREZZA,0,PROMO_SETTEMBRE_VIP,ATTIVO
customerservice@libraccio.it,Null,Null,Customerservice,,SIC-ID-6C6B011724B4,NULL,,SICUREZZA,0,PROMO_SETTEMBRE_VIP,ATTIVO
d.barlafante@codditive.com,Null,Null,D Barlafante,,SIC-ID-7BBC62A9CF98,NULL,,SICUREZZA,0,PROMO_SETTEMBRE_VIP,ATTIVO
d.garuti@yahoo.it,Null,Null,D Garuti,,SIC-ID-AD19BB2482BE,NULL,,SICUREZZA,0,PROMO_SETTEMBRE_VIP,ATTIVO
d.maghella@tdkservice.com,Null,Null,D Maghella,,SIC-ID-B668DE80FA82,NULL,,SICUREZZA,0,PROMO_SETTEMBRE_VIP,ATTIVO
d.mascellani@fiorattomascellani.it,Null,Null,D Mascellani,,SIC-ID-CCA097A5B38F,NULL,,SICUREZZA,0,PROMO_SETTEMBRE_VIP,ATTIVO
g.dostuni@bipiemme.it,Null,Null,D'ostuni Bipiemme,33567538590,SIC-ID-5526648DB6A1,NULL,,SICUREZZA,0,PROMO_SETTEMBRE_VIP,ATTIVO
jennysong72@gmail.com,Null,Null,D.s.c Edilizia S.a.s Di Rizzo Domenico,+393295875288,SIC-ID-FD9DDEE1890B,43,,SICUREZZA,0,PROMO_SETTEMBRE_VIP,ATTIVO
info@danirifiniture.it,Null,Null,Dani Rifiniture S.r.l.,+3904641982214,SIC-ID-A6A5FAD0FA04,NULL,,SICUREZZA,0,PROMO_SETTEMBRE_VIP,ATTIVO
info@tecnofersrl.eu,Null,Null,Da Tecnofer S.r.l.,+39034342630,SIC-ID-9F9F82DD4F1F,NULL,,SICUREZZA,0,PROMO_SETTEMBRE_VIP,ATTIVO
dabbinajat@gmail.com,Null,Null,Dabbinajat,,SIC-ID-5280261DD2B7,NULL,,SICUREZZA,0,PROMO_SETTEMBRE_VIP,ATTIVO
dacri78@libero.it,Null,Null,Dacri78,,SIC-ID-4E91808A9A01,NULL,,SICUREZZA,0,PROMO_SETTEMBRE_VIP,ATTIVO
daffeh2020@gmail.com,Null,Null,Daffeh2020,,SIC-ID-CC76B4228235,NULL,,SICUREZZA,0,PROMO_SETTEMBRE_VIP,ATTIVO
dainesevito@libero.it,Null,Null,Dainesevito,,SIC-ID-FB136EA6F013,NULL,,SICUREZZA,0,PROMO_SETTEMBRE_VIP,ATTIVO
daisyperezperez@hotmail.com,Null,Null,Daisyperezperez,,SIC-ID-4F3F7E6C6D80,NULL,,SICUREZZA,0,PROMO_SETTEMBRE_VIP,ATTIVO
info@romanodalcastello.it,Null,Null,Dal Castello Romano Impresa Edile,+390445532232,SIC-ID-CFF43C5DBC6B,43,,SICUREZZA,0,PROMO_SETTEMBRE_VIP,ATTIVO
info@dalsognoalsuccesso.com,Null,Null,Dal Al Successo,,SIC-ID-12CB90916CA5,NULL,,SICUREZZA,0,PROMO_SETTEMBRE_VIP,ATTIVO
dalila.tacchetto@tntitaly.it,Null,Null,Dalila Tacchetto,,SIC-ID-4BCF39F69D7E,NULL,,SICUREZZA,0,PROMO_SETTEMBRE_VIP,ATTIVO
dallara8410@gmail.com,Null,Null,Dallara8410,,SIC-ID-43FF860B9919,NULL,,SICUREZZA,0,PROMO_SETTEMBRE_VIP,ATTIVO
dallara_sas@libero.it,Null,Null,Dallara_sas,,SIC-ID-DE8AEFA28692,NULL,,SICUREZZA,0,PROMO_SETTEMBRE_VIP,ATTIVO
damiano@sisasrl.org,Null,Null,Damiano,,SIC-ID-80799F79F623,NULL,,SICUREZZA,0,PROMO_SETTEMBRE_VIP,ATTIVO
lurkindmi@libero.it,Null,Null,Damiano Lyo,+393297029104,SIC-ID-BCE41BEB06C0,NULL,,SICUREZZA,0,PROMO_SETTEMBRE_VIP,ATTIVO
info@damigasrl.com,Null,Null,Damiga Srl,+39092425488,SIC-ID-C9A5E67BDE2D,NULL,,SICUREZZA,0,PROMO_SETTEMBRE_VIP,ATTIVO
danicre@katamail.com,Null,Null,Danicre,+393477678548,SIC-ID-2C67ABE80E4D,NULL,,SICUREZZA,0,PROMO_SETTEMBRE_VIP,ATTIVO
conselvandaniel@gmail.com,Null,Null,Daniel Conselvan,+393468550001,SIC-ID-A7D993644FB7,NULL,,SICUREZZA,0,PROMO_SETTEMBRE_VIP,ATTIVO
daniela.granzieri@alice.it,Null,Null,Daniela Granzieri,+393280340311,SIC-ID-E5829611F376,NULL,,SICUREZZA,0,PROMO_SETTEMBRE_VIP,ATTIVO
daniela.menegaldo22@gmail.com,Null,Null,Daniela Menegaldo22,+393476772283,SIC-ID-7E22CFA63260,NULL,,SICUREZZA,0,PROMO_SETTEMBRE_VIP,ATTIVO
danielaspano83@libero.it,Null,Null,Danielaspano83,34714003210,SIC-ID-73729DCECE8E,NULL,,SICUREZZA,0,PROMO_SETTEMBRE_VIP,ATTIVO
daniele@centrodicalcolo.it,Null,Null,Daniele,+393492918322,SIC-ID-69262C82DF9D,NULL,,SICUREZZA,0,PROMO_SETTEMBRE_VIP,ATTIVO
daniele@dibenedetti.com,Null,Null,Daniele,+393333826138,SIC-ID-09C7A731CA12,NULL,,SICUREZZA,0,PROMO_SETTEMBRE_VIP,ATTIVO
daniele.albertin@yahoo.it,Null,Null,Daniele Albertin,204555640,SIC-ID-7C480B72283A,NULL,,SICUREZZA,0,PROMO_SETTEMBRE_VIP,ATTIVO
daniele.brazzoni@telecomitalia.it,Null,Null,Daniele Brazzoni,+393351441078,SIC-ID-90AAE8AA433A,NULL,,SICUREZZA,0,PROMO_SETTEMBRE_VIP,ATTIVO
daniele.colombo243@gmail.com,Null,Null,Daniele Colombo243,+393478535400,SIC-ID-FA7DF183EBBB,NULL,,SICUREZZA,0,PROMO_SETTEMBRE_VIP,ATTIVO
daniele.grottolo@enel.com,Null,Null,Daniele Grottolo Enel,+393201982679,SIC-ID-534429F72BF6,NULL,,SICUREZZA,0,PROMO_SETTEMBRE_VIP,ATTIVO
daniele.sileo@gmail.com,Null,Null,Daniele Lyo,+393472626953,SIC-ID-4B6BCE8B7A25,NULL,,SICUREZZA,0,PROMO_SETTEMBRE_VIP,ATTIVO
daniele.mocco@libero.it,Null,Null,Daniele Mocco,+393294239455,SIC-ID-AE4A4B2E2FB7,NULL,,SICUREZZA,0,PROMO_SETTEMBRE_VIP,ATTIVO
daniele.peruzzo@agenziarolando.it,Null,Null,Daniele Peruzzo,+393351433447,SIC-ID-642682119FDA,NULL,,SICUREZZA,0,PROMO_SETTEMBRE_VIP,ATTIVO
daniele.tiziano@alice.it,Null,Null,Daniele Tiziano,+393337254755,SIC-ID-2B3D60494791,NULL,,SICUREZZA,0,PROMO_SETTEMBRE_VIP,ATTIVO
daniele.vendramin@gmail.com,Null,Null,Daniele Vendramin,,SIC-ID-295C02192FD0,NULL,,SICUREZZA,0,PROMO_SETTEMBRE_VIP,ATTIVO
danielebariga@libero.it,Null,Null,Danielebariga,,SIC-ID-C123A785F6A1,NULL,,SICUREZZA,0,PROMO_SETTEMBRE_VIP,ATTIVO
danielebragadin@gmail.com,Null,Null,Danielebragadin,,SIC-ID-7DD743C9317C,NULL,,SICUREZZA,0,PROMO_SETTEMBRE_VIP,ATTIVO
danielenalin1968@gmail.com,Null,Null,Danielenalin1968,,SIC-ID-9EDBE9EB35E2,NULL,,SICUREZZA,0,PROMO_SETTEMBRE_VIP,ATTIVO
danielepes@hotmail.com,Null,Null,Danielepes Pes,+393288451486,SIC-ID-43E9E4C08300,NULL,,SICUREZZA,0,PROMO_SETTEMBRE_VIP,ATTIVO
danieli@solaristende.it,Null,Null,Danieli,,SIC-ID-158D950F0848,NULL,,SICUREZZA,0,PROMO_SETTEMBRE_VIP,ATTIVO
danielsound2001@yahoo.it,Null,Null,Danielsound2001,,SIC-ID-EF2CE25CFDC0,NULL,,SICUREZZA,0,PROMO_SETTEMBRE_VIP,ATTIVO
danilina.irina@outlook.it,Null,Null,Danilina Irina,,SIC-ID-C6DB9C6E6149,NULL,,SICUREZZA,0,PROMO_SETTEMBRE_VIP,ATTIVO
danilobeninati86@gmail.com,Null,Null,Danilobeninati86,,SIC-ID-EFBCDDB41B65,NULL,,SICUREZZA,0,PROMO_SETTEMBRE_VIP,ATTIVO
danilofranze@libero.it,Null,Null,Danilofranze Franzè,,SIC-ID-A33BA90189A8,NULL,,SICUREZZA,0,PROMO_SETTEMBRE_VIP,ATTIVO
danivota@yahoo.it,Null,Null,Danivota,,SIC-ID-AAA84C12D4FB,NULL,,SICUREZZA,0,PROMO_SETTEMBRE_VIP,ATTIVO
dariaviviani@gmail.com,Null,Null,Dariaviviani,,SIC-ID-1C997512799A,NULL,,SICUREZZA,0,PROMO_SETTEMBRE_VIP,ATTIVO
darievalentin79@gmail.com,Null,Null,Darievalentin79 Valentin,,SIC-ID-701BCE00E100,NULL,,SICUREZZA,0,PROMO_SETTEMBRE_VIP,ATTIVO
dario.codemo@gmail.com,Null,Null,Dario Codemo,+393899697457,SIC-ID-1BBCE6BFE507,NULL,,SICUREZZA,0,PROMO_SETTEMBRE_VIP,ATTIVO
dariogabetti@libero.it,Null,Null,Dario Gabetti,+393939198786,SIC-ID-E2CDBCC6E903,NULL,,SICUREZZA,0,PROMO_SETTEMBRE_VIP,ATTIVO
dario.passarella@libero.it,Null,Null,Dario Passarella,,SIC-ID-8E9B28694702,NULL,,SICUREZZA,0,PROMO_SETTEMBRE_VIP,ATTIVO
daryy89@gmail.com,Null,Null,Daryy89,,SIC-ID-CDA336C55E4C,NULL,,SICUREZZA,0,PROMO_SETTEMBRE_VIP,ATTIVO
dav.con@libero.it,Null,Null,Dav Con,+393498126938,SIC-ID-96FDC248AC0C,NULL,,SICUREZZA,0,PROMO_SETTEMBRE_VIP,ATTIVO
dav.tone@alice.it,Null,Null,Dav Tone,,SIC-ID-E2FDF0A0CC5E,NULL,,SICUREZZA,0,PROMO_SETTEMBRE_VIP,ATTIVO
davaj@tiscali.it,Null,Null,Davaj,+393343412897,SIC-ID-D14AFC957FE3,NULL,,SICUREZZA,0,PROMO_SETTEMBRE_VIP,ATTIVO
davidbozzato@hotmail.com,Null,Null,Davidbozzato,,SIC-ID-BA8DF7FABC60,NULL,,SICUREZZA,0,PROMO_SETTEMBRE_VIP,ATTIVO
davide@fusaroimpianti.it,Null,Null,Davide,,SIC-ID-F0F6839B4303,NULL,,SICUREZZA,0,PROMO_SETTEMBRE_VIP,ATTIVO
semmy15569@gmail.com,Null,Null,Davide Bardella,,SIC-ID-14EA71B2E669,NULL,,SICUREZZA,0,PROMO_SETTEMBRE_VIP,ATTIVO
davide.bedin1966@yahoo.it,Null,Null,Davide Lyo,,SIC-ID-442230ABA40D,NULL,,SICUREZZA,0,PROMO_SETTEMBRE_VIP,ATTIVO
davide.tiozzo1@libero.it,Null,Null,Davide Tiozzo1,,SIC-ID-DF54B6F09F51,NULL,,SICUREZZA,0,PROMO_SETTEMBRE_VIP,ATTIVO
davide_zennaro@libero.it,Null,Null,Davide_zennaro Sala Onde Delta,,SIC-ID-602247B3A778,NULL,,SICUREZZA,0,PROMO_SETTEMBRE_VIP,ATTIVO
davidebozzato@outlook.com,Null,Null,Davidebozzato,,SIC-ID-FEA954DCCB04,NULL,,SICUREZZA,0,PROMO_SETTEMBRE_VIP,ATTIVO
davideferroarch@gmail.com,Null,Null,Davideferroarch,,SIC-ID-BC43BB003E4E,NULL,,SICUREZZA,0,PROMO_SETTEMBRE_VIP,ATTIVO
davidepomponio@libero.it,Null,Null,Davidepomponio,,SIC-ID-1A6E312E1329,NULL,,SICUREZZA,0,PROMO_SETTEMBRE_VIP,ATTIVO
davider84@hotmail.it,Null,Null,Davider84,,SIC-ID-0C1E9DD95AC2,NULL,,SICUREZZA,0,PROMO_SETTEMBRE_VIP,ATTIVO
davidmanzoli72@gmail.com,Null,Null,Davidmanzoli,,SIC-ID-174BE8EB7F54,NULL,,SICUREZZA,0,PROMO_SETTEMBRE_VIP,ATTIVO
davidricciardi@tiscali.it,Null,Null,Davidricciardi,+393335745706,SIC-ID-C64C7D5DB134,NULL,,SICUREZZA,0,PROMO_SETTEMBRE_VIP,ATTIVO
dbponteggi@gmail.com,Null,Null,Dbponteggi,,SIC-ID-E7DD0A94F9F9,NULL,,SICUREZZA,0,PROMO_SETTEMBRE_VIP,ATTIVO
dbuoso@libero.it,Null,Null,Dbuoso,,SIC-ID-B5ABBFEB60AE,NULL,,SICUREZZA,0,PROMO_SETTEMBRE_VIP,ATTIVO
info@deagostinirenatosnc.com,Null,Null,De Agostini Renato,+39034342434,SIC-ID-0454759FB43D,NULL,,SICUREZZA,0,PROMO_SETTEMBRE_VIP,ATTIVO
ufficiotecnico@deangeliscostruzioni.com,Null,Null,De Angelis Costruzioni Srl,+390669922612,SIC-ID-9D586DFDCE34,43,RM,SICUREZZA,0,PROMO_SETTEMBRE_VIP,ATTIVO
debonielisa@libero.it,Null,Null,De Boni Elisabetta,+393355312661,SIC-ID-1A2E6E86FA14,NULL,,SICUREZZA,0,PROMO_SETTEMBRE_VIP,ATTIVO
degiulicostruzioni@gmail.com,Null,Null,De Giuli Costruzioni S.r.l.,+393356049376,SIC-ID-CA3D4C0AA2FC,43,,SICUREZZA,0,PROMO_SETTEMBRE_VIP,ATTIVO
depalogroupsrl@libero.it,Null,Null,De Palo Group S.r.l.,+390803735912,SIC-ID-5E0FCD7936C0,NULL,BA,SICUREZZA,0,PROMO_SETTEMBRE_VIP,ATTIVO
info@gruppodesanctis.com,Null,Null,De Sanctis Costruzioni Spa,+39064620131,SIC-ID-0070C627C7AC,43,RM,SICUREZZA,0,PROMO_SETTEMBRE_VIP,ATTIVO
desantisassistenza@gmail.com,Null,Null,"De Santis Clima Srl | Assistenza Autorizzata Baxi, Radiant, Fujitsu",+39063011024,SIC-ID-1D6B8B1F8709,NULL,RM,SICUREZZA,0,PROMO_SETTEMBRE_VIP,ATTIVO
qualita@devellis.it,Null,Null,De Vellis Servizi Globali Srl (sede Legale),+39077589881,SIC-ID-5F5902018933,NULL,FR,SICUREZZA,0,PROMO_SETTEMBRE_VIP,ATTIVO
deamservice@yahoo.it,Null,Null,Deamservice,,SIC-ID-2CAFFE79C263,NULL,,SICUREZZA,0,PROMO_SETTEMBRE_VIP,ATTIVO
debby.giulia2907@gmail.com,Null,Null,Debby Giulia2907,,SIC-ID-027D4567AE12,NULL,,SICUREZZA,0,PROMO_SETTEMBRE_VIP,ATTIVO
debernardiv329@gmail.com,Null,Null,Debernardiv329,,SIC-ID-84B80ECA0DAB,NULL,,SICUREZZA,0,PROMO_SETTEMBRE_VIP,ATTIVO
enrico.cazzador@fincantieri.it,Null,Null,Debora Cafè Rum Cazzador,+393475521586,SIC-ID-8EE527DABCF1,69,,SICUREZZA,0,PROMO_SETTEMBRE_VIP,ATTIVO
debora.petrina@gmail.com,Null,Null,Debora Petrina,+393351441078,SIC-ID-1B2D3497D143,NULL,,SICUREZZA,0,PROMO_SETTEMBRE_VIP,ATTIVO
debora.terzi@gmail.com,Null,Null,Debora Terzi,+3933868960860,SIC-ID-9B3A736F8D29,NULL,,SICUREZZA,0,PROMO_SETTEMBRE_VIP,ATTIVO
decaromelissa04@gmail.com,Null,Null,Decaromelissa04 Ruzza,+393392775383,SIC-ID-5CEFC093F29A,NULL,,SICUREZZA,0,PROMO_SETTEMBRE_VIP,ATTIVO
decodecorazionibovolenta@gmail.com,Null,Null,Decodecorazionibovolenta Cognome Email Telefono Id Cliente Backup_sicu,+393401804545,SIC-ID-632129BE72BD,NULL,,SICUREZZA,0,PROMO_SETTEMBRE_VIP,ATTIVO
decoraziobovolenta@gmail.com,Null,Null,Decoraziobovolenta Giua Onean Porto Rotondo,+393497152882,SIC-ID-91409834C215,NULL,,SICUREZZA,0,PROMO_SETTEMBRE_VIP,ATTIVO
dedonnomdm@gmail.com,Null,Null,Dedonnomdm De Donno,,SIC-ID-AB9479AB5CF8,NULL,,SICUREZZA,0,PROMO_SETTEMBRE_VIP,ATTIVO
defranceschi.mirco@tiscali.it,Null,Null,Defranceschi Mirco,,SIC-ID-9D8611E46359,NULL,,SICUREZZA,0,PROMO_SETTEMBRE_VIP,ATTIVO
deina.taloni@gmail.com,Null,Null,Deina Taloni,,SIC-ID-2670E7674D4B,NULL,,SICUREZZA,0,PROMO_SETTEMBRE_VIP,ATTIVO
m.spadoni@deldebbio.it,Null,Null,Del Debbio,+39058395851,SIC-ID-8E5DFD130BD5,NULL,LU,SICUREZZA,0,PROMO_SETTEMBRE_VIP,ATTIVO
stefano@deldosso.com,Null,Null,Del Dosso Diego S.r.l. - Sede Di Piateda,+390342370760,SIC-ID-A1B2DB1A0455,NULL,SO,SICUREZZA,0,PROMO_SETTEMBRE_VIP,ATTIVO
dellamura@iol.it,Null,Null,Dellamura,,SIC-ID-4777450EB0CF,NULL,,SICUREZZA,0,PROMO_SETTEMBRE_VIP,ATTIVO
info@delmarepaint.it,Null,Null,Delmare Vernici Srl,+390410992531,SIC-ID-A38B4FBDEC89,NULL,VE,SICUREZZA,0,PROMO_SETTEMBRE_VIP,ATTIVO
deltamchele59@gmail.it,Null,Null,Deltamchele59,,SIC-ID-4A84092100C1,NULL,,SICUREZZA,0,PROMO_SETTEMBRE_VIP,ATTIVO
deltamichele59@gmail.it,Null,Null,Deltamichele59,,SIC-ID-EDA9C892E2FB,NULL,,SICUREZZA,0,PROMO_SETTEMBRE_VIP,ATTIVO
deltamichele79@gmail.it,Null,Null,Deltamichele79,,SIC-ID-65AF195079C6,NULL,,SICUREZZA,0,PROMO_SETTEMBRE_VIP,ATTIVO
deltast@shineline.it,Null,Null,Deltast,,SIC-ID-C272EFE1F61F,NULL,,SICUREZZA,0,PROMO_SETTEMBRE_VIP,ATTIVO
dema.srl@outlook.it,Null,Null,Dema Srl,,SIC-ID-DC0B9C33AC8A,NULL,,SICUREZZA,0,PROMO_SETTEMBRE_VIP,ATTIVO
demfolk@yahoo.it,Null,Null,Demfolk,,SIC-ID-40C9C1D3AC22,NULL,,SICUREZZA,0,PROMO_SETTEMBRE_VIP,ATTIVO
denis.boscolo@hotmail.it,Null,Null,Denis Boscolo,,SIC-ID-A0D7E2EE3C9C,NULL,,SICUREZZA,0,PROMO_SETTEMBRE_VIP,ATTIVO
denis.maccapanipav@libero.it,Null,Null,Denis Maccapanipav,,SIC-ID-68CC745D23A5,NULL,,SICUREZZA,0,PROMO_SETTEMBRE_VIP,ATTIVO
denisfinotti@yahoo.it,Null,Null,Denisfinotti,,SIC-ID-392EF77D8D36,NULL,,SICUREZZA,0,PROMO_SETTEMBRE_VIP,ATTIVO
dero.geomnicola@virgilio.it,Null,Null,Dero Geomnicola,+393389254029,SIC-ID-C193645477FD,NULL,,SICUREZZA,0,PROMO_SETTEMBRE_VIP,ATTIVO
desiertoceleste@gmail.com,Null,Null,Desiertoceleste,,SIC-ID-7F513043C780,NULL,,SICUREZZA,0,PROMO_SETTEMBRE_VIP,ATTIVO
info@akreodesign.it,Null,Null,Design&co. - Studio Interior Design,+393204445352,SIC-ID-A377337529BB,NULL,,SICUREZZA,0,PROMO_SETTEMBRE_VIP,ATTIVO
designs@spreadshirt.net,Null,Null,Designs,34753293210,SIC-ID-BA8FC7E39EDA,NULL,,SICUREZZA,0,PROMO_SETTEMBRE_VIP,ATTIVO
devare@libero.it,Null,Null,Devare,+393345648483,SIC-ID-EA0B0E13EB88,NULL,,SICUREZZA,0,PROMO_SETTEMBRE_VIP,ATTIVO
devimpianti2009@libero.it,Null,Null,Devimpianti2009,,SIC-ID-5B6D82E2489D,43,,SICUREZZA,0,PROMO_SETTEMBRE_VIP,ATTIVO
venditedileo@gmail.com,Null,Null,Di Leo Costruzioni S.r.l.,,SIC-ID-8C651B82436F,43,,SICUREZZA,0,PROMO_SETTEMBRE_VIP,ATTIVO
info@studioscioglilingue.it,Null,Null,Di Leonardo Group,+393914228787,SIC-ID-753131EC00C7,NULL,,SICUREZZA,0,PROMO_SETTEMBRE_VIP,ATTIVO
dicoedilizia@libero.it,Null,Null,Di.co. Edilizia Srl,+39070850767,SIC-ID-9D6BD27F3E11,43,CA,SICUREZZA,0,PROMO_SETTEMBRE_VIP,ATTIVO
dianatosku@live.it,Null,Null,Dianatosku,,SIC-ID-3B00AD0808F7,NULL,,SICUREZZA,0,PROMO_SETTEMBRE_VIP,ATTIVO
dianetruebloodu545@gmail.com,Null,Null,Dianetruebloodu545,,SIC-ID-2A1907F4B992,NULL,,SICUREZZA,0,PROMO_SETTEMBRE_VIP,ATTIVO
didattica@hideea.com,Null,Null,Didattica,+3934667867430,SIC-ID-5F967B66168B,NULL,,SICUREZZA,0,PROMO_SETTEMBRE_VIP,ATTIVO
sceriffo80@virgilio.it,Null,Null,Diego Alba,+393881681332,SIC-ID-B85699C1F7E5,NULL,,SICUREZZA,0,PROMO_SETTEMBRE_VIP,ATTIVO
diego.canton@gsbconsulenze.it,Null,Null,Diego Canton,+393404859354,SIC-ID-0E1CA62DDBFE,NULL,,SICUREZZA,0,PROMO_SETTEMBRE_VIP,ATTIVO
diego.canton.cts@gmail.com,Null,Null,Diego Canton Cts,+393282015239,SIC-ID-8047DAEB93C8,NULL,,SICUREZZA,0,PROMO_SETTEMBRE_VIP,ATTIVO
diego.furegato@gmail.com,Null,Null,Diego Furegato,,SIC-ID-B6F8005B6A4D,NULL,,SICUREZZA,0,PROMO_SETTEMBRE_VIP,ATTIVO
idraulicafonsato@gmail.com,Null,Null,Diego Termoidraulica,+393488591228,SIC-ID-F956ED8D0518,43,,SICUREZZA,0,PROMO_SETTEMBRE_VIP,ATTIVO
diego.valentini@libero.it,Null,Null,Diego Valentini,+393357739942,SIC-ID-AC0CAFBA228A,NULL,,SICUREZZA,0,PROMO_SETTEMBRE_VIP,ATTIVO
diegogiarrizzo@libero.it,Null,Null,Diegogiarrizzo,+393397182558,SIC-ID-037FF0E86039,NULL,,SICUREZZA,0,PROMO_SETTEMBRE_VIP,ATTIVO
diegpetto@gmail.com,Null,Null,Diegpetto Andrea,+393357410044,SIC-ID-C95340C2EE29,NULL,,SICUREZZA,0,PROMO_SETTEMBRE_VIP,ATTIVO
macondospettacoli@libero.it,Null,Null,Diesis Spettacoli,+393472764081,SIC-ID-F27BE86AEBCE,NULL,,SICUREZZA,0,PROMO_SETTEMBRE_VIP,ATTIVO
diessefood@diessechem.com,Null,Null,Diessefood,,SIC-ID-02DA5B6BBD60,NULL,,SICUREZZA,0,PROMO_SETTEMBRE_VIP,ATTIVO
digitalvideo3@virgilio.it,Null,Null,Digitalvideo3,,SIC-ID-5BD5F7CF3D8E,62,,SICUREZZA,0,PROMO_SETTEMBRE_VIP,ATTIVO
dilanferro@gmail.com,Null,Null,Dilan Ferro,+393463048419,SIC-ID-5FE337849759,NULL,,SICUREZZA,0,PROMO_SETTEMBRE_VIP,ATTIVO
dimaurodaniela76@gmail.com,Null,Null,Dimaurodaniela76,+393289295055,SIC-ID-06880233E970,NULL,,SICUREZZA,0,PROMO_SETTEMBRE_VIP,ATTIVO
dimensione20@gmail.com,Null,Null,Dimensione20 Gelato Cioccolate Teas,+393482227831,SIC-ID-86B8227E737B,NULL,,SICUREZZA,0,PROMO_SETTEMBRE_VIP,ATTIVO
dimitri.pr@hotmail.it,Null,Null,Dimitri Pr,,SIC-ID-46016A5E580F,NULL,,SICUREZZA,0,PROMO_SETTEMBRE_VIP,ATTIVO
dimitrisapia@libero.it,Null,Null,Dimitrisapia,,SIC-ID-D72688237B6F,NULL,,SICUREZZA,0,PROMO_SETTEMBRE_VIP,ATTIVO
dipiustudio@gmail.com,Null,Null,Dipiustudio,,SIC-ID-DCE2D2EF425D,NULL,,SICUREZZA,0,PROMO_SETTEMBRE_VIP,ATTIVO
direzione@confimprenditori.it,Null,Null,Direzione,,SIC-ID-A0BBCF0B281B,NULL,,SICUREZZA,0,PROMO_SETTEMBRE_VIP,ATTIVO
dirk@autistici.org,Null,Null,Dirk,,SIC-ID-E4DF567D68D4,NULL,,SICUREZZA,0,PROMO_SETTEMBRE_VIP,ATTIVO
dirosariocristina@gmail.com,Null,Null,Dirosariocristina Cristina,,SIC-ID-5BF8A0D7F058,NULL,,SICUREZZA,0,PROMO_SETTEMBRE_VIP,ATTIVO
discernim@gmail.com,Null,Null,Discernim,,SIC-ID-1A20BD44B76C,NULL,,SICUREZZA,0,PROMO_SETTEMBRE_VIP,ATTIVO
ditalia.maurizio@gmail.com,Null,Null,Ditalia Maurizio,+393288174041,SIC-ID-A80894786017,NULL,,SICUREZZA,0,PROMO_SETTEMBRE_VIP,ATTIVO
parts.italy@wartsila.com,Null,Null,Ditta Edile Andrea Adragna,+393314835120,SIC-ID-BAAE1223FC01,43,,SICUREZZA,0,PROMO_SETTEMBRE_VIP,ATTIVO
dittaborrillo@gmail.com,Null,Null,Dittaborrillo,,SIC-ID-7871768EF4F2,NULL,,SICUREZZA,0,PROMO_SETTEMBRE_VIP,ATTIVO
dittazitiello@gmail.com,Null,Null,Dittazitiello,33510024150,SIC-ID-BDD1E67A8954,NULL,,SICUREZZA,0,PROMO_SETTEMBRE_VIP,ATTIVO
divinafiorella@gmail.com,Null,Null,Divinafiorella,,SIC-ID-74070F059DF9,NULL,,SICUREZZA,0,PROMO_SETTEMBRE_VIP,ATTIVO
djcarlodevilla@gmail.com,Null,Null,Djcarlodevilla,+393487413322,SIC-ID-F943E1207461,NULL,,SICUREZZA,0,PROMO_SETTEMBRE_VIP,ATTIVO
dkrama@tin.it,Null,Null,Dkrama,,SIC-ID-1D727B8455C3,NULL,,SICUREZZA,0,PROMO_SETTEMBRE_VIP,ATTIVO
dmantovani@miswaco.slb.com,Null,Null,Dmantovani,,SIC-ID-E8A65F404F5C,NULL,,SICUREZZA,0,PROMO_SETTEMBRE_VIP,ATTIVO
dmazzon@tiscali.it,Null,Null,Dmazzon,,SIC-ID-A425FFB535A2,NULL,,SICUREZZA,0,PROMO_SETTEMBRE_VIP,ATTIVO
documenti@genertel.it,Null,Null,Documenti Renzo,+3934880686500,SIC-ID-B4FA84B8AF74,NULL,,SICUREZZA,0,PROMO_SETTEMBRE_VIP,ATTIVO
doganafedex@fedex.com,Null,Null,Doganafedex,33839777850,SIC-ID-DB556ED392EF,NULL,,SICUREZZA,0,PROMO_SETTEMBRE_VIP,ATTIVO
dolores.fin@gmail.com,Null,Null,Dolores Fin,,SIC-ID-5F8B745BA037,NULL,,SICUREZZA,0,PROMO_SETTEMBRE_VIP,ATTIVO
domeneghetti@a08.it,Null,Null,Domeneghetti,,SIC-ID-C192CD45030A,NULL,,SICUREZZA,0,PROMO_SETTEMBRE_VIP,ATTIVO
domenico.dona@libero.it,Null,Null,Domenico Dona,+393207874767,SIC-ID-4BE1224DE538,NULL,,SICUREZZA,0,PROMO_SETTEMBRE_VIP,ATTIVO
domenico.franco24@gmail.com,Null,Null,Domenico Franco24,+3933862198100,SIC-ID-0A5DE50F15F4,NULL,,SICUREZZA,0,PROMO_SETTEMBRE_VIP,ATTIVO
domenico.lobosco@virgilio.it,Null,Null,Domenico Lobosco,269845300,SIC-ID-148CE1D14CDD,NULL,,SICUREZZA,0,PROMO_SETTEMBRE_VIP,ATTIVO
mimmiposi@gmail.com,Null,Null,Domenico Lyo,+393891140980,SIC-ID-2645BD2EE797,NULL,,SICUREZZA,0,PROMO_SETTEMBRE_VIP,ATTIVO
project@domidea.it,Null,Null,Domidea Ristrutturazioni Roma - Studio Prati,+39800800747,SIC-ID-D92504180992,43,,SICUREZZA,0,PROMO_SETTEMBRE_VIP,ATTIVO
info@dominohaus.it,Null,Null,Domino Costruzioni S.r.l.,+390532685530,SIC-ID-82ED0F544837,43,FE,SICUREZZA,0,PROMO_SETTEMBRE_VIP,ATTIVO
info@domustende.it,Null,Null,Domus Tende,+39066689456,SIC-ID-3B5B3C1F03DC,NULL,RM,SICUREZZA,0,PROMO_SETTEMBRE_VIP,ATTIVO
donatella.ba@gmail.com,Null,Null,Donatella Ba,,SIC-ID-490957434783,NULL,,SICUREZZA,0,PROMO_SETTEMBRE_VIP,ATTIVO
donatoaliprandi@libero.it,Null,Null,Donatoaliprandi,+393351439523,SIC-ID-5912E4E46491,NULL,,SICUREZZA,0,PROMO_SETTEMBRE_VIP,ATTIVO
doe-j@donedaedilizia.com,Null,Null,Doneda Edilizia,+390354874051,SIC-ID-DCF761149484,43,BG,SICUREZZA,0,PROMO_SETTEMBRE_VIP,ATTIVO
dongting28@gmail.com,Null,Null,Dongting28,,SIC-ID-79EAD9587DC3,NULL,,SICUREZZA,0,PROMO_SETTEMBRE_VIP,ATTIVO
donicast@tiscali.it,Null,Null,Donicast,,SIC-ID-DBEC8E165AF4,NULL,,SICUREZZA,0,PROMO_SETTEMBRE_VIP,ATTIVO
dorafalzarano@libero.it,Null,Null,Dorafalzarano,,SIC-ID-1B4DA014DD25,NULL,,SICUREZZA,0,PROMO_SETTEMBRE_VIP,ATTIVO
dorianascarlata@libero.it,Null,Null,Dorianascarlata,,SIC-ID-E9DEBAF0FD6F,NULL,,SICUREZZA,0,PROMO_SETTEMBRE_VIP,ATTIVO
info@fratellidoro.it,Null,Null,Doro Fratelli Impresa Edile Costruzioni,+393358059257,SIC-ID-CA01E3459F13,43,,SICUREZZA,0,PROMO_SETTEMBRE_VIP,ATTIVO
dott.fioravanti@stargatenet.it,Null,Null,Dott Engine V1_2026-02-24_03-38 Estr,,SIC-ID-BA278F7E7A4E,NULL,,SICUREZZA,0,PROMO_SETTEMBRE_VIP,ATTIVO
businaro.lucio@libero.it,Null,Null,Dott Lucio,+393663944222,SIC-ID-B6F9295EC029,NULL,,SICUREZZA,0,PROMO_SETTEMBRE_VIP,ATTIVO
dott.mauriziorossi@libero.it,Null,Null,Dott Mauriziorossi,32941933310,SIC-ID-177CB6BD0416,NULL,,SICUREZZA,0,PROMO_SETTEMBRE_VIP,ATTIVO
v.pezzangora@alice.it,Null,Null,Dott. V. Pezzangora Mc Mestre,+393498371754,SIC-ID-69AE70F58043,NULL,,SICUREZZA,0,PROMO_SETTEMBRE_VIP,ATTIVO
massimo.vianelli@gmail.com,Null,Null,Dott. Vianelli Veterinario,368978652,SIC-ID-78B9C9B4B460,86,,SICUREZZA,0,PROMO_SETTEMBRE_VIP,ATTIVO
dragone5luci@libero.it,Null,Null,Dragoneluci,,SIC-ID-B68B0BAB20FD,NULL,,SICUREZZA,0,PROMO_SETTEMBRE_VIP,ATTIVO
info@dretsystem.com,Null,Null,Dret System,+393884332006,SIC-ID-9F8E5A6B47C3,NULL,,SICUREZZA,0,PROMO_SETTEMBRE_VIP,ATTIVO
drex81@libero.it,Null,Null,Drex81,,SIC-ID-3CD3ECD14FC6,NULL,,SICUREZZA,0,PROMO_SETTEMBRE_VIP,ATTIVO
dridialejos@yahoo.it,Null,Null,Dridialejos,+393491591252,SIC-ID-475587B82030,NULL,,SICUREZZA,0,PROMO_SETTEMBRE_VIP,ATTIVO
drive@soldo.com,Null,Null,Drive,32821745560,SIC-ID-E69718F4F467,NULL,,SICUREZZA,0,PROMO_SETTEMBRE_VIP,ATTIVO
dsimpresa@libero.it,Null,Null,Ds Constructions Srl,+393688038184,SIC-ID-3FAA6FB1D0CA,NULL,,SICUREZZA,0,PROMO_SETTEMBRE_VIP,ATTIVO
duemme347@gmail.com,Null,Null,Duemme347 Mescalchin,+393385203882,SIC-ID-CA8AC39354AF,NULL,,SICUREZZA,0,PROMO_SETTEMBRE_VIP,ATTIVO
dukesgarage2011@gmail.com,Null,Null,Dukesgarage2011,,SIC-ID-F3A08071590B,NULL,,SICUREZZA,0,PROMO_SETTEMBRE_VIP,ATTIVO
duo.serramenti@gmail.com,Null,Null,Duo Engine V1_2026-02-24_03-38 Estr,,SIC-ID-F4EDE9764AC3,NULL,,SICUREZZA,0,PROMO_SETTEMBRE_VIP,ATTIVO
info@duoserramenti.it,Null,Null,Duo Serramenti,,SIC-ID-6A27D8AC2A3B,31,,SICUREZZA,0,PROMO_SETTEMBRE_VIP,ATTIVO
duopan@libero.it,Null,Null,Duopan,,SIC-ID-38F83A3AC7C5,NULL,,SICUREZZA,0,PROMO_SETTEMBRE_VIP,ATTIVO
amministrazione@duoserramenti.com,Null,Null,Duò Serramenti Di Duò Devid,,SIC-ID-069416286DD5,NULL,,SICUREZZA,0,PROMO_SETTEMBRE_VIP,ATTIVO
dy.grigolo@gmail.com,Null,Null,Dy Grigolo,,SIC-ID-E260EB89AF7C,NULL,,SICUREZZA,0,PROMO_SETTEMBRE_VIP,ATTIVO
e.carboni@mail.sittam.it,Null,Null,E Irsap Rovigo,+393483150181,SIC-ID-A7C5E4912330,NULL,,SICUREZZA,0,PROMO_SETTEMBRE_VIP,ATTIVO
e.laiatici@aironegroup.it,Null,Null,E Laiatici,,SIC-ID-1263748F8F09,NULL,,SICUREZZA,0,PROMO_SETTEMBRE_VIP,ATTIVO
e.pavino@hiperformance.it,Null,Null,E Monica Di Giulio,+393339027451,SIC-ID-A17C6CADFE1F,NULL,,SICUREZZA,0,PROMO_SETTEMBRE_VIP,ATTIVO
e.pavan@studio-geotech.it,Null,Null,E Pavan,,SIC-ID-7BE74021A12F,NULL,,SICUREZZA,0,PROMO_SETTEMBRE_VIP,ATTIVO
e.nobili@kattedra.com,Null,Null,E Pizzo,+393286550676,SIC-ID-EBAF93302F2B,NULL,,SICUREZZA,0,PROMO_SETTEMBRE_VIP,ATTIVO
info@ecotec.bio,Null,Null,Ecotec-ideal Montaggi Srl,+39058375008,SIC-ID-BA94B6E65DE9,NULL,LU,SICUREZZA,0,PROMO_SETTEMBRE_VIP,ATTIVO
reclami@edilfran.it,Null,Null,Edil Fr.an 1967,+390966717206,SIC-ID-01876C3BE742,NULL,,SICUREZZA,0,PROMO_SETTEMBRE_VIP,ATTIVO
info@edilsimoni.com,Null,Null,Edil Simoni,+393471299627,SIC-ID-74585C8A2375,NULL,,SICUREZZA,0,PROMO_SETTEMBRE_VIP,ATTIVO
info@edilerresrl.it,Null,Null,Edilerre Srl,+390342861081,SIC-ID-CF4D4A85ACCA,NULL,SO,SICUREZZA,0,PROMO_SETTEMBRE_VIP,ATTIVO
info@ediliziadelduemila.it,Null,Null,Edilizia Del Duemila Sas,+390804037634,SIC-ID-B9541C57D3CA,NULL,BA,SICUREZZA,0,PROMO_SETTEMBRE_VIP,ATTIVO
info@edilizia-sc.it,Null,Null,Edilizia-sc Srls,+393803533342,SIC-ID-7C62952A1FEE,NULL,,SICUREZZA,0,PROMO_SETTEMBRE_VIP,ATTIVO
segreteria@eternoo.it,Null,Null,Eternoo,+390457513227,SIC-ID-97EAD6254D15,NULL,VR,SICUREZZA,0,PROMO_SETTEMBRE_VIP,ATTIVO
info.easy-cracow@viennahouse.com,Null,Null,Easy-cracow,,SIC-ID-A27DCC9AA567,NULL,,SICUREZZA,0,PROMO_SETTEMBRE_VIP,ATTIVO
contabilita@eco-edilizia.it,Null,Null,Ecoedilizia,+393484165344,SIC-ID-2AE70DA58773,NULL,,SICUREZZA,0,PROMO_SETTEMBRE_VIP,ATTIVO
ecomindsrlpd@gmail.com,Null,Null,Ecomindsrlpd,,SIC-ID-A6E62D5F0B39,NULL,,SICUREZZA,0,PROMO_SETTEMBRE_VIP,ATTIVO
ecommerce@levignedisammarco.it,Null,Null,Ecommerce,34822270920,SIC-ID-40A8EF76A5E4,NULL,,SICUREZZA,0,PROMO_SETTEMBRE_VIP,ATTIVO
ecosistemtec@libero.it,Null,Null,Ecosistemtec,,SIC-ID-288E00D973D5,NULL,,SICUREZZA,0,PROMO_SETTEMBRE_VIP,ATTIVO
edepompeis@gmail.com,Null,Null,Edepompeis,,SIC-ID-7D5F3943BB2D,NULL,,SICUREZZA,0,PROMO_SETTEMBRE_VIP,ATTIVO
info@edil2001costruzionisrl.it,Null,Null,Edil 2001 Costruzioni Srl,+390532847923,SIC-ID-FCA15002CFA9,NULL,FE,SICUREZZA,0,PROMO_SETTEMBRE_VIP,ATTIVO
info@edil2n.it,Null,Null,Edil 2n,+39035810504,SIC-ID-4103D97B46C0,NULL,BG,SICUREZZA,0,PROMO_SETTEMBRE_VIP,ATTIVO
info@edilagv.com,Null,Null,Edil A.gv. Srl,+39016545716,SIC-ID-E183276ACC0A,NULL,,SICUREZZA,0,PROMO_SETTEMBRE_VIP,ATTIVO
info@edilbmbaraiolo.it,Null,Null,Edil B.m. Baraiolo,+390342652276,SIC-ID-585D57959CCE,NULL,SO,SICUREZZA,0,PROMO_SETTEMBRE_VIP,ATTIVO
roberta.ziviani@edilbardello.it,Null,Null,Edil Bardello Srl,+390332746798,SIC-ID-2A5B488C8339,NULL,VA,SICUREZZA,0,PROMO_SETTEMBRE_VIP,ATTIVO
umberto.bezzi78@gmail.com,Null,Null,Edil Bezzi,+390463751118,SIC-ID-A46B601F21EF,NULL,,SICUREZZA,0,PROMO_SETTEMBRE_VIP,ATTIVO
info@edilbolzonella.it,Null,Null,Edil Bolzonella S.r.l.,+39337494578,SIC-ID-10DFCE154ABF,NULL,,SICUREZZA,0,PROMO_SETTEMBRE_VIP,ATTIVO
dittacabras@yahoo.it,Null,Null,Edil Cabras,+39078275859,SIC-ID-CCA340B3C5AE,NULL,,SICUREZZA,0,PROMO_SETTEMBRE_VIP,ATTIVO
edilcarinella@gmail.com,Null,Null,Edil Carinella,,SIC-ID-2C201BA9CF09,NULL,,SICUREZZA,0,PROMO_SETTEMBRE_VIP,ATTIVO
info@edilclaps.com,Null,Null,Edil Claps Srl | Ditta Di Costruzioni E Ristrutturazioni | Bologna | Sant’agata Bolognese,+390510471911,SIC-ID-4709E3C032F3,NULL,BO,SICUREZZA,0,PROMO_SETTEMBRE_VIP,ATTIVO
edilcontract@yahoo.com,Null,Null,Edil Contract,,SIC-ID-DD3F02DD6F2D,NULL,,SICUREZZA,0,PROMO_SETTEMBRE_VIP,ATTIVO
info@edilcontractor.com,Null,Null,Edil Contractor Srl,+390425758134,SIC-ID-D394208D7556,NULL,RO,SICUREZZA,0,PROMO_SETTEMBRE_VIP,ATTIVO
info@corersrl.it,Null,Null,Edil Corer,+393396914896,SIC-ID-E0415DFE7401,NULL,,SICUREZZA,0,PROMO_SETTEMBRE_VIP,ATTIVO
dervishigentjan@yahoo.it,Null,Null,Edil Dervishi Gentjan,+393205503107,SIC-ID-386F9B16CE02,NULL,,SICUREZZA,0,PROMO_SETTEMBRE_VIP,ATTIVO
info@edilgl.it,Null,Null,Edil G.l. S.r.l.,+39035905105,SIC-ID-E90A70F503B4,NULL,BG,SICUREZZA,0,PROMO_SETTEMBRE_VIP,ATTIVO
amministrazione@edilgcostruzionisrl.it,Null,Null,Edil Gc - General Costruzioni,+390515872004,SIC-ID-84D876F79C97,NULL,BO,SICUREZZA,0,PROMO_SETTEMBRE_VIP,ATTIVO
luigi.piras@hotmail.it,Null,Null,Edil Gronde Di Piras Giulio Impermeabilizzazione In Poliuretano,+393403780142,SIC-ID-C3C968632F84,NULL,,SICUREZZA,0,PROMO_SETTEMBRE_VIP,ATTIVO
amministrazione@edilhba.it,Null,Null,Edil H.b.a. Impianti Soc. Coop.,+390332443830,SIC-ID-FE89ECFFD9C0,NULL,VA,SICUREZZA,0,PROMO_SETTEMBRE_VIP,ATTIVO
edillaurenzisrl@gmail.com,Null,Null,Edil Laurenzi S.r.l.,+393319510745,SIC-ID-A04114E13446,NULL,,SICUREZZA,0,PROMO_SETTEMBRE_VIP,ATTIVO
info@edillavori.it,Null,Null,Edil Lavori S.r.l.,+390421322402,SIC-ID-EFFCDC9B3A6A,NULL,,SICUREZZA,0,PROMO_SETTEMBRE_VIP,ATTIVO
info@edilleonardo.it,Null,Null,Edil Leonardo Srl - Edilizia Sostenibile Roma E Latina,+393455389463,SIC-ID-2F6F56C62CD7,NULL,,SICUREZZA,0,PROMO_SETTEMBRE_VIP,ATTIVO
info@edilmaggiansrl.it,Null,Null,Edil Maggian S.r.l Unipersonale,+390415226720,SIC-ID-5B2BA52F8040,NULL,VE,SICUREZZA,0,PROMO_SETTEMBRE_VIP,ATTIVO
info@edilmoro.com,Null,Null,Edil Morzillo S.r.l.s.,+393398753762,SIC-ID-A42660D63476,NULL,,SICUREZZA,0,PROMO_SETTEMBRE_VIP,ATTIVO
commerciale@techtower.it,Null,Null,Edil Multiservice Snc Di Cazacu Ivan,+390532472160,SIC-ID-48523FBA3291,NULL,FE,SICUREZZA,0,PROMO_SETTEMBRE_VIP,ATTIVO
info@edilpetrozzi.it,Null,Null,Edil Petrozzi,+39066583854,SIC-ID-576B3070F9DF,NULL,RM,SICUREZZA,0,PROMO_SETTEMBRE_VIP,ATTIVO
info@edilpinca.it,Null,Null,Edil Pinca Srl,+39053599333,SIC-ID-B1D044ABB933,NULL,,SICUREZZA,0,PROMO_SETTEMBRE_VIP,ATTIVO
info@edilporro.it,Null,Null,Edil Porro Srl - Impresa Edile,+393496073078,SIC-ID-405CE7D3FACE,NULL,,SICUREZZA,0,PROMO_SETTEMBRE_VIP,ATTIVO
edilprojectsrl87@libero.it,Null,Null,Edil Project -realizzazione Ville E Piscine,+393926799531,SIC-ID-0DF931569B84,NULL,,SICUREZZA,0,PROMO_SETTEMBRE_VIP,ATTIVO
info@edil-project-srl.it,Null,Null,Edil Project S.r.l.,+390923568654,SIC-ID-CD124F676C78,NULL,,SICUREZZA,0,PROMO_SETTEMBRE_VIP,ATTIVO
info@edil-rapid.it,Null,Null,Edil Rapid Srl,+393200296979,SIC-ID-533B59996013,NULL,,SICUREZZA,0,PROMO_SETTEMBRE_VIP,ATTIVO
infos@kompass.com,Null,Null,Edil Roncelli,+39035542719,SIC-ID-433179440807,NULL,BG,SICUREZZA,0,PROMO_SETTEMBRE_VIP,ATTIVO
edil.sam.1974@gmail.com,Null,Null,Edil S. A. M. Orazio,+393405551207,SIC-ID-6936EC733310,NULL,,SICUREZZA,0,PROMO_SETTEMBRE_VIP,ATTIVO
info@edilsangalettisrl.it,Null,Null,Edil Sangaletti S.r.l.,+39035672743,SIC-ID-5C0787851CCC,NULL,BG,SICUREZZA,0,PROMO_SETTEMBRE_VIP,ATTIVO
edilservicebarone@facileimpresa.it,Null,Null,Edil Service Barone S.r.l.,+393881748645,SIC-ID-D25B3B8B68BD,NULL,,SICUREZZA,0,PROMO_SETTEMBRE_VIP,ATTIVO
emacomunale@libero.it,Null,Null,Edil Service Di Roberto Comunale,+393246242909,SIC-ID-71FAFA54E1A3,NULL,,SICUREZZA,0,PROMO_SETTEMBRE_VIP,ATTIVO
info@edilprodottispa.eu,Null,Null,Edil Spa Products,+390813306094,SIC-ID-1A303F4FFA0B,NULL,NA,SICUREZZA,0,PROMO_SETTEMBRE_VIP,ATTIVO
info@edilvenezia.it,Null,Null,Edil Venezia,+393485163720,SIC-ID-F101824432DB,NULL,,SICUREZZA,0,PROMO_SETTEMBRE_VIP,ATTIVO
edilvimas.snc@libero.it,Null,Null,Edil Vi.mas. Di Vitulli Domenico & C.,+390532845253,SIC-ID-8713AA628EE9,NULL,FE,SICUREZZA,0,PROMO_SETTEMBRE_VIP,ATTIVO
info@edilvirruto.it,Null,Null,Edil Virruto,+393484939449,SIC-ID-2F80B27668BD,NULL,,SICUREZZA,0,PROMO_SETTEMBRE_VIP,ATTIVO
info@edilfor.it,Null,Null,Edil-for,+39035905010,SIC-ID-A6D085223A82,NULL,BG,SICUREZZA,0,PROMO_SETTEMBRE_VIP,ATTIVO
edil-city@libero.it,Null,Null,Edil-city,,SIC-ID-1E69FB2AABCC,NULL,,SICUREZZA,0,PROMO_SETTEMBRE_VIP,ATTIVO
info@edildome.it,Null,Null,Edil.dome,+393275774420,SIC-ID-53E7794567ED,NULL,,SICUREZZA,0,PROMO_SETTEMBRE_VIP,ATTIVO
tizianobuttu@yahoo.it,Null,Null,Edilbuttu Costruzioni,+393299732477,SIC-ID-BDD8B1CA4477,NULL,,SICUREZZA,0,PROMO_SETTEMBRE_VIP,ATTIVO
info@edilcorradi.com,Null,Null,Edilcorradi S.n.c,+39059386058,SIC-ID-7EEFCC0A66C9,NULL,MO,SICUREZZA,0,PROMO_SETTEMBRE_VIP,ATTIVO
info@anticacasadelcarrubo.it,Null,Null,Edilmurino Srl,+393284764764,SIC-ID-55F0F0A1479C,NULL,,SICUREZZA,0,PROMO_SETTEMBRE_VIP,ATTIVO
info@edilalba.it,Null,Null,Edilalba Srl,+390532470428,SIC-ID-C494F5CE077B,NULL,FE,SICUREZZA,0,PROMO_SETTEMBRE_VIP,ATTIVO
info@edilbernardibau.it,Null,Null,Edilbernardibau,+390471383284,SIC-ID-9BD05C9A5D1B,NULL,BZ,SICUREZZA,0,PROMO_SETTEMBRE_VIP,ATTIVO
edilbifrau@gmail.com,Null,Null,Edilbi Srl,+390785854322,SIC-ID-43506AE2CC66,NULL,,SICUREZZA,0,PROMO_SETTEMBRE_VIP,ATTIVO
nfo@edilbonacina.it,Null,Null,Edilbonacina,+390354940289,SIC-ID-5CBE72AB8A20,NULL,BG,SICUREZZA,0,PROMO_SETTEMBRE_VIP,ATTIVO
edilboscarato@tiscali.it,Null,Null,Edilboscarato S.n.c.,,SIC-ID-A4B1433BEFBD,NULL,,SICUREZZA,0,PROMO_SETTEMBRE_VIP,ATTIVO
info@edilcassadellazio.it,Null,Null,Edilcassa Del Lazio,+39065880773,SIC-ID-E250E311F393,NULL,RM,SICUREZZA,0,PROMO_SETTEMBRE_VIP,ATTIVO
info@edilcentralino.it,Null,Null,Edilcentralino Srl,+39035791282,SIC-ID-9A33280E1376,NULL,BG,SICUREZZA,0,PROMO_SETTEMBRE_VIP,ATTIVO
info@edilcentroitalia.it,Null,Null,Edilcentro Srl,+390862717382,SIC-ID-CF5A6A485F95,NULL,AQ,SICUREZZA,0,PROMO_SETTEMBRE_VIP,ATTIVO
info@mg-edilcostruzioni.it,Null,Null,Edilcostruzioni Nardo Giocondo,+390415150538,SIC-ID-3A154CAE9A42,NULL,VE,SICUREZZA,0,PROMO_SETTEMBRE_VIP,ATTIVO
edilcostruzioniduemila@gmail.com,Null,Null,Edilcostruzioniduemila,,SIC-ID-12F3474A134D,NULL,,SICUREZZA,0,PROMO_SETTEMBRE_VIP,ATTIVO
info@edildomusdapra.it,Null,Null,Edildomus Srl,+390463901004,SIC-ID-FE956674CB3B,NULL,,SICUREZZA,0,PROMO_SETTEMBRE_VIP,ATTIVO
info@edildream.net,Null,Null,Edildream Srl,+390514681105,SIC-ID-B8864603CADB,NULL,BO,SICUREZZA,0,PROMO_SETTEMBRE_VIP,ATTIVO
info@edileagr.it,Null,Null,Edile A.g.r. Snc,+390463974757,SIC-ID-8D2DAB24C31B,NULL,,SICUREZZA,0,PROMO_SETTEMBRE_VIP,ATTIVO
info@chimenti1978.com,Null,Null,Edile Chimenti - Impresa Edile San Pietro In Casale,,SIC-ID-F16F2B56F5DE,NULL,,SICUREZZA,0,PROMO_SETTEMBRE_VIP,ATTIVO
expressmazzotta@libero.it,Null,Null,Edile Express Mazzotta | Materiali Per L'edilizia - Arredo Casa,+393343129293,SIC-ID-68298C1A8955,NULL,,SICUREZZA,0,PROMO_SETTEMBRE_VIP,ATTIVO
edile.mazzettopaolo@libero.it,Null,Null,Edile Mazzettopaolo,,SIC-ID-5875656DDE29,NULL,,SICUREZZA,0,PROMO_SETTEMBRE_VIP,ATTIVO
info@edilepasquali.it,Null,Null,Edile Pasquali Srl,+390516056784,SIC-ID-F89DC3C591EF,NULL,BO,SICUREZZA,0,PROMO_SETTEMBRE_VIP,ATTIVO
bclaudia@edileco.org,Null,Null,Edileco Società Cooperativa,+390165767621,SIC-ID-DDDF3F436F4F,NULL,,SICUREZZA,0,PROMO_SETTEMBRE_VIP,ATTIVO
jobs@edilerica.it,Null,Null,Edilerica Appalti E Costruzioni,+39063729849,SIC-ID-3D105D4690ED,NULL,RM,SICUREZZA,0,PROMO_SETTEMBRE_VIP,ATTIVO
edilevolutionsufune@gmail.com,Null,Null,Edilevolution | Edilizia Acrobatica Misiliscemi,+393286339035,SIC-ID-752E59487285,NULL,,SICUREZZA,0,PROMO_SETTEMBRE_VIP,ATTIVO
info@edilferdizanardi.it,Null,Null,Edilfer Di Zanardi S.r.l.,,SIC-ID-26DFB0049E5C,NULL,,SICUREZZA,0,PROMO_SETTEMBRE_VIP,ATTIVO
edilflorabelvedere@libero.it,Null,Null,"Edilflora Di Grosso Lavalle Mario E Cairo Ornella“vivaio, Event Planner Impianti Ville Parchi”",+390985849854,SIC-ID-B20A3A37229F,NULL,,SICUREZZA,0,PROMO_SETTEMBRE_VIP,ATTIVO
info@edilforniture1974.com,Null,Null,Edilforniture Locatelli Sas,+39035791488,SIC-ID-4D4426181EEE,NULL,BG,SICUREZZA,0,PROMO_SETTEMBRE_VIP,ATTIVO
wilmer2@qodeinteractive.com,Null,Null,Edilfuni S.r.l. - Edilizia Su Fune Roma,+39800300878,SIC-ID-6EF985AF33A1,NULL,,SICUREZZA,0,PROMO_SETTEMBRE_VIP,ATTIVO
info@edilgianluca.it,Null,Null,Edilgianluca Snc,+393474123438,SIC-ID-5FB931FCAF24,NULL,,SICUREZZA,0,PROMO_SETTEMBRE_VIP,ATTIVO
edilin@edilin.it,Null,Null,Edilin S.r.l.,+390650513818,SIC-ID-159DCC5E9636,NULL,RM,SICUREZZA,0,PROMO_SETTEMBRE_VIP,ATTIVO
edilizia@venezze.it,Null,Null,Edilizia,,SIC-ID-CD1FC9AAE2EA,NULL,,SICUREZZA,0,PROMO_SETTEMBRE_VIP,ATTIVO
ristrutturazioniedilizia95@gmail.com,Null,Null,Edilizia 95 Roma,+393920121544,SIC-ID-2E5878685C76,NULL,,SICUREZZA,0,PROMO_SETTEMBRE_VIP,ATTIVO
edilizia.abruzzo20@gmail.com,Null,Null,Edilizia Abruzzo,+393791047817,SIC-ID-280E0FAB95E0,NULL,,SICUREZZA,0,PROMO_SETTEMBRE_VIP,ATTIVO
info@edilizialternativa.it,Null,Null,Edilizia Alternativa,+39800035181,SIC-ID-D7291858DA0F,NULL,,SICUREZZA,0,PROMO_SETTEMBRE_VIP,ATTIVO
info@edilizianacleto.it,Null,Null,Edilizia Anacleto Snc,+390376595068,SIC-ID-6BB3E410D03A,NULL,MN,SICUREZZA,0,PROMO_SETTEMBRE_VIP,ATTIVO
mostra.bertuccio@libero.it,Null,Null,Edilizia Bertuccio,+390963331928,SIC-ID-98CC74E31F9C,NULL,,SICUREZZA,0,PROMO_SETTEMBRE_VIP,ATTIVO
info@biancanigroup.com,Null,Null,Edilizia Biancani Benito Srl,+390586680016,SIC-ID-7610480E7E62,NULL,LI,SICUREZZA,0,PROMO_SETTEMBRE_VIP,ATTIVO
info@edilizia-cd.it,Null,Null,Edilizia C.d. Srl,+390666182061,SIC-ID-F36369DD8CB8,NULL,RM,SICUREZZA,0,PROMO_SETTEMBRE_VIP,ATTIVO
lucia@ediliziacolombini.it,Null,Null,Edilizia Colombini S.r.l.,+390342687757,SIC-ID-21403DE55E5D,NULL,SO,SICUREZZA,0,PROMO_SETTEMBRE_VIP,ATTIVO
ediliziacommerciale@bigmat.it,Null,Null,Edilizia Commerciale Srl,+39056435189,SIC-ID-D07291310674,NULL,GR,SICUREZZA,0,PROMO_SETTEMBRE_VIP,ATTIVO
ediliziadf@outlook.it,Null,Null,Edilizia D.f. S.r.l.s.,+393906260783,SIC-ID-CB700F10E497,NULL,,SICUREZZA,0,PROMO_SETTEMBRE_VIP,ATTIVO
info@ediliziadaniela.com,Null,Null,Edilizia Daniela Sas,+390761799388,SIC-ID-F2121C833BEF,NULL,VT,SICUREZZA,0,PROMO_SETTEMBRE_VIP,ATTIVO
informazioni@ediliziadesign.it,Null,Null,Edilizia Design Roma - La Tua Casa Con Stile,+39065591938,SIC-ID-6D2EC9ED3677,NULL,RM,SICUREZZA,0,PROMO_SETTEMBRE_VIP,ATTIVO
preventivi@ediliziaetrasporti.it,Null,Null,Edilizia E Trasporti F.lli Riccio Srl,+390817386176,SIC-ID-8D65097CBD1E,NULL,NA,SICUREZZA,0,PROMO_SETTEMBRE_VIP,ATTIVO
imp.ferrari@libero.it,Null,Null,Edilizia E Falegnameria Ferrari Sandro Srl,+393358394707,SIC-ID-C55B2AAC1774,NULL,,SICUREZZA,0,PROMO_SETTEMBRE_VIP,ATTIVO
ediliziasoluzioni@gmail.com,Null,Null,Edilizia E Soluzioni Di Cammarata Mirko,+393276312068,SIC-ID-8E08D1F617B4,NULL,,SICUREZZA,0,PROMO_SETTEMBRE_VIP,ATTIVO
edilizialori@gmail.com,Null,Null,Edilizia Lori Impresa Edile,+393920580536,SIC-ID-C8B53E195730,NULL,,SICUREZZA,0,PROMO_SETTEMBRE_VIP,ATTIVO
ediliziambsrl@gmail.com,Null,Null,Edilizia Mb,+39066281858,SIC-ID-27EBD1E5BBEA,NULL,RM,SICUREZZA,0,PROMO_SETTEMBRE_VIP,ATTIVO
vittoria@edilizia-orobica.com,Null,Null,Edilizia Orobica Roncalli,+390356321011,SIC-ID-AE42A365A3C7,NULL,BG,SICUREZZA,0,PROMO_SETTEMBRE_VIP,ATTIVO
raschellaedilizia@gmail.com,Null,Null,Edilizia Raschellà Vincenzo Vendita Materiali Edili,+39066240997,SIC-ID-076CF1B05F25,NULL,RM,SICUREZZA,0,PROMO_SETTEMBRE_VIP,ATTIVO
studwld@aol.com,Null,Null,Edilizia Ristrutturazioni Impresa Edile,+393296017322,SIC-ID-1E065676DDDB,NULL,,SICUREZZA,0,PROMO_SETTEMBRE_VIP,ATTIVO
info@ediliziaromanord.it,Null,Null,Edilizia Roma Nord S.r.l.,+390689413612,SIC-ID-7AF26212096D,NULL,RM,SICUREZZA,0,PROMO_SETTEMBRE_VIP,ATTIVO
commerciale@ediliziasabotino.it,Null,Null,Edilizia Sabotino,+390773648320,SIC-ID-6A27420A2492,NULL,LT,SICUREZZA,0,PROMO_SETTEMBRE_VIP,ATTIVO
ediliziavezzanese.rg@libero.it,Null,Null,Edilizia Vezzanese Srls,+393516293657,SIC-ID-F3275666D892,NULL,,SICUREZZA,0,PROMO_SETTEMBRE_VIP,ATTIVO
ediliziabaldo@gmail.com,Null,Null,Ediliziabaldo Baldo,,SIC-ID-303981341239,NULL,,SICUREZZA,0,PROMO_SETTEMBRE_VIP,ATTIVO
info@edilmaf.it,Null,Null,Edilmaf S.a.s.,+39024562103,SIC-ID-D202C2419D22,NULL,MI,SICUREZZA,0,PROMO_SETTEMBRE_VIP,ATTIVO
milvo.ufficiotecnico@edilmaino.com,Null,Null,Edilmaino Enterprise,+39034334677,SIC-ID-EFC301026459,NULL,,SICUREZZA,0,PROMO_SETTEMBRE_VIP,ATTIVO
edilmar@edilmar.it,Null,Null,Edilmar (s.r.l.),+39041460704,SIC-ID-053557D411DA,NULL,VE,SICUREZZA,0,PROMO_SETTEMBRE_VIP,ATTIVO
info@edilmartignacco.it,Null,Null,Edilmartignacco S.r.l.,+390432400509,SIC-ID-3C4722015F8D,NULL,UD,SICUREZZA,0,PROMO_SETTEMBRE_VIP,ATTIVO
info@edilmaso.it,Null,Null,Edilmaso Costruzioni S.r.l.,+39041410724,SIC-ID-62AB411D9B05,NULL,VE,SICUREZZA,0,PROMO_SETTEMBRE_VIP,ATTIVO
segreteria@edilmirigroupsrl.it,Null,Null,Edilmiri Group Srl,+390418226336,SIC-ID-ABF721CFE1DA,NULL,VE,SICUREZZA,0,PROMO_SETTEMBRE_VIP,ATTIVO
info@edilmodac.it,Null,Null,Edilmodac 1 Srls,+390418660118,SIC-ID-BA29D4E85ACA,NULL,VE,SICUREZZA,0,PROMO_SETTEMBRE_VIP,ATTIVO
edilnordbergamasca@yahoo.it,Null,Null,Edilnord Bergamasca,+393347264721,SIC-ID-5436FCE28203,NULL,,SICUREZZA,0,PROMO_SETTEMBRE_VIP,ATTIVO
info@impresacostruzioniedilnova.it,Null,Null,Edilnova,+3904993669310,SIC-ID-F4F074054CDE,NULL,PD,SICUREZZA,0,PROMO_SETTEMBRE_VIP,ATTIVO
edilnovadellirno@edilnovadellirno.com,Null,Null,Edilnova Dell'irno S.r.l.,+390815844522,SIC-ID-7FA26F6E55A4,NULL,NA,SICUREZZA,0,PROMO_SETTEMBRE_VIP,ATTIVO
noleggio@capsrl.com,Null,Null,Edilpiu' Srl,+390583833059,SIC-ID-0BF4C70272B2,NULL,LU,SICUREZZA,0,PROMO_SETTEMBRE_VIP,ATTIVO
info@edilrivieraservice.it,Null,Null,Edilriviera S.r.l.,+390412376632,SIC-ID-473C6F2B7EA3,NULL,VE,SICUREZZA,0,PROMO_SETTEMBRE_VIP,ATTIVO
mailtoinfo@edilsand.it,Null,Null,Edilsand Srl,+393467988937,SIC-ID-FA205EBE889C,NULL,,SICUREZZA,0,PROMO_SETTEMBRE_VIP,ATTIVO
info@risanamentiedilstrada.it,Null,Null,Edilstrada - Risanamenti E Impermeabilizzazioni,+39336523643,SIC-ID-2B3A172481F6,NULL,,SICUREZZA,0,PROMO_SETTEMBRE_VIP,ATTIVO
edilterracciano@gmail.com,Null,Null,Edilterracciano S.r.l.s.,+393356361484,SIC-ID-D707C8C6AABA,NULL,,SICUREZZA,0,PROMO_SETTEMBRE_VIP,ATTIVO
mail@ediltimmy.it,Null,Null,Ediltimmy Srl,+393756820861,SIC-ID-70B650CCDD7D,NULL,,SICUREZZA,0,PROMO_SETTEMBRE_VIP,ATTIVO
info@ediltuttosrl.it,Null,Null,Ediltutto Srl,+390172743253,SIC-ID-9BFE6FCCDA59,NULL,,SICUREZZA,0,PROMO_SETTEMBRE_VIP,ATTIVO
commerciale.ediltutto@gmail.com,Null,Null,Ediltutto Srl,+39092428353,SIC-ID-6A3217006269,NULL,,SICUREZZA,0,PROMO_SETTEMBRE_VIP,ATTIVO
info@edracostruzioni.it,Null,Null,Edra Costruzioni Soc. Coop.,+390716608195,SIC-ID-EDDED5CFFFD0,NULL,AN,SICUREZZA,0,PROMO_SETTEMBRE_VIP,ATTIVO
education.smile.cremona@gmail.com,Null,Null,Education Smile Cremona,+393472792942,SIC-ID-77D5EE6713B1,NULL,,SICUREZZA,0,PROMO_SETTEMBRE_VIP,ATTIVO
edyguerrini@gmail.com,Null,Null,Edyguerrini,,SIC-ID-7ADD48E0FF6B,NULL,,SICUREZZA,0,PROMO_SETTEMBRE_VIP,ATTIVO
effe.ediliziadue@gmail.com,Null,Null,Effediliziadue - Ristrutturazione Roma,+393711087700,SIC-ID-E5C20F66CDDF,NULL,,SICUREZZA,0,PROMO_SETTEMBRE_VIP,ATTIVO
egeacoop76@gmail.com,Null,Null,Egeacoop76 Cara,,SIC-ID-415DB530CCE2,NULL,,SICUREZZA,0,PROMO_SETTEMBRE_VIP,ATTIVO
eidostudio.architetti@gmail.com,Null,Null,Eidostudio Architetti,,SIC-ID-C1E0FE265B09,NULL,,SICUREZZA,0,PROMO_SETTEMBRE_VIP,ATTIVO
elcon@polesineinnovazione.it,Null,Null,Elcon,,SIC-ID-E00BF179280D,NULL,,SICUREZZA,0,PROMO_SETTEMBRE_VIP,ATTIVO
eldaghirardelli@gmail.com,Null,Null,Eldaghirardelli,,SIC-ID-89C0752475CA,NULL,,SICUREZZA,0,PROMO_SETTEMBRE_VIP,ATTIVO
eleberna54@libero.it,Null,Null,Eleberna54,,SIC-ID-56305253A19A,NULL,,SICUREZZA,0,PROMO_SETTEMBRE_VIP,ATTIVO
amministrazione@lineealterne.com,Null,Null,Elena,,SIC-ID-E894FE2D06C7,NULL,,SICUREZZA,0,PROMO_SETTEMBRE_VIP,ATTIVO
elena.antonioli@libero.it,Null,Null,Elena Antonioli,+3932884514860,SIC-ID-0C63DE7CBD43,NULL,,SICUREZZA,0,PROMO_SETTEMBRE_VIP,ATTIVO
elena.bellesia@coldiretti.it,Null,Null,Elena Bellesia,,SIC-ID-F7A33E9E76DE,NULL,,SICUREZZA,0,PROMO_SETTEMBRE_VIP,ATTIVO
elena.chionni@libero.it,Null,Null,Elena Casella Onean,+393483605164,SIC-ID-E231CF4E2A83,NULL,,SICUREZZA,0,PROMO_SETTEMBRE_VIP,ATTIVO
elena.cavallaro@tntitaly.it,Null,Null,Elena Cavallaro,+393357459877,SIC-ID-2322E0924F9F,NULL,,SICUREZZA,0,PROMO_SETTEMBRE_VIP,ATTIVO
elena.pirovano@tiscali.it,Null,Null,Elena Pirovano,,SIC-ID-407FD823C707,NULL,,SICUREZZA,0,PROMO_SETTEMBRE_VIP,ATTIVO
elena.ponticello@bmautomazioni.com,Null,Null,Elena Ponticello,,SIC-ID-AA3FD158A14D,NULL,,SICUREZZA,0,PROMO_SETTEMBRE_VIP,ATTIVO
elenabeltrami2@gmail.com,Null,Null,Elenabeltrami2,+393339755718,SIC-ID-E6D45F80C262,NULL,,SICUREZZA,0,PROMO_SETTEMBRE_VIP,ATTIVO
elenaverlich@libero.it,Null,Null,Elenaverlich,,SIC-ID-9F1DE5D223E7,NULL,,SICUREZZA,0,PROMO_SETTEMBRE_VIP,ATTIVO
1eleongas@libero.it,Null,Null,Eleongas,+393494904892,SIC-ID-CF7ABFE435B0,NULL,,SICUREZZA,0,PROMO_SETTEMBRE_VIP,ATTIVO
eleonora.capitanio@hotmail.it,Null,Null,Eleonora Capitanio,+3934856676280,SIC-ID-2B5AD99EDE25,NULL,,SICUREZZA,0,PROMO_SETTEMBRE_VIP,ATTIVO
eleonora@dreika.it,Null,Null,Eleonora Jonny L,+3933338261380,SIC-ID-F9BFC3A0AFC1,NULL,,SICUREZZA,0,PROMO_SETTEMBRE_VIP,ATTIVO
elmecburini@hotmail.it,Null,Null,Elettromeccanica Burini Bergamo,+39035543893,SIC-ID-DB3A3BD55436,NULL,BG,SICUREZZA,0,PROMO_SETTEMBRE_VIP,ATTIVO
eli.rondinini@hotmail.it,Null,Null,Eli Rondinini,,SIC-ID-005F09242F74,NULL,,SICUREZZA,0,PROMO_SETTEMBRE_VIP,ATTIVO
elierrante2@gmail.com,Null,Null,Elierrante2 Errante,,SIC-ID-D6015350D906,NULL,,SICUREZZA,0,PROMO_SETTEMBRE_VIP,ATTIVO
elisa.barrila@tumiatiimpianti.it,Null,Null,Elisa Barrila,,SIC-ID-67B7062826A6,NULL,,SICUREZZA,0,PROMO_SETTEMBRE_VIP,ATTIVO
elisa.fanton@proseccoardenghi.it,Null,Null,Elisa Fanton,+393491690272,SIC-ID-319FE39042DB,NULL,,SICUREZZA,0,PROMO_SETTEMBRE_VIP,ATTIVO
elisa.mora@bunge.com,Null,Null,Elisa Mora,+393202866190,SIC-ID-6E7F31420ACE,NULL,,SICUREZZA,0,PROMO_SETTEMBRE_VIP,ATTIVO
elisa.studiosd@gmail.com,Null,Null,Elisa Studiosd,,SIC-ID-5C4911B1B52D,NULL,,SICUREZZA,0,PROMO_SETTEMBRE_VIP,ATTIVO
elisa_gatto@libero.it,Null,Null,Elisa_gatto,+393290246828,SIC-ID-A1057B2D570A,NULL,,SICUREZZA,0,PROMO_SETTEMBRE_VIP,ATTIVO
elisaandreasi@gmail.com,Null,Null,Elisaandreasi,,SIC-ID-25673DC32E70,NULL,,SICUREZZA,0,PROMO_SETTEMBRE_VIP,ATTIVO
elisabetta.adamo@eldatasas.com,Null,Null,Elisabetta Adamo,+393408072600,SIC-ID-FD2C45B76AD4,NULL,,SICUREZZA,0,PROMO_SETTEMBRE_VIP,ATTIVO
elisabettadoretti@gmail.com,Null,Null,Elisabettadoretti,+393357818190,SIC-ID-7526F645A5E0,NULL,,SICUREZZA,0,PROMO_SETTEMBRE_VIP,ATTIVO
elisabettaonida@gmail.com,Null,Null,Elisabettaonida,,SIC-ID-AB02F486B6C8,NULL,,SICUREZZA,0,PROMO_SETTEMBRE_VIP,ATTIVO
elisapavan@live.it,Null,Null,Elisapavan,+393495552947,SIC-ID-4F9526DB7F17,NULL,,SICUREZZA,0,PROMO_SETTEMBRE_VIP,ATTIVO
elletibisrl@libero.it,Null,Null,Elletibisrl,,SIC-ID-6E1767CAC324,NULL,,SICUREZZA,0,PROMO_SETTEMBRE_VIP,ATTIVO
elleuno@live.it,Null,Null,Elleuno S.r.l. Costruzioni Metalliche,+390630819607,SIC-ID-34E4A2397196,NULL,RM,SICUREZZA,0,PROMO_SETTEMBRE_VIP,ATTIVO
elvicascio@libero.it,Null,Null,Elvicascio,,SIC-ID-760E1F2423F6,NULL,,SICUREZZA,0,PROMO_SETTEMBRE_VIP,ATTIVO
email@italopentimalli.com,Null,Null,Email,,SIC-ID-A382C70D6A3D,NULL,,SICUREZZA,0,PROMO_SETTEMBRE_VIP,ATTIVO
fly_emanuel@hotmail.it,Null,Null,Emanuel Lyo,+393494374729,SIC-ID-4195D28FFF82,NULL,,SICUREZZA,0,PROMO_SETTEMBRE_VIP,ATTIVO
emanuela.barbiero@artigianatopadovano.it,Null,Null,Emanuela Barbiero,+393206484738,SIC-ID-34BA429CF3EF,NULL,,SICUREZZA,0,PROMO_SETTEMBRE_VIP,ATTIVO
emanueladigoscio@yahoo.it,Null,Null,Emanueladigoscio,+393792416261,SIC-ID-DF120C031BBE,NULL,,SICUREZZA,0,PROMO_SETTEMBRE_VIP,ATTIVO
emanuele.secci66@gmail.com,Null,Null,Emanuele Secci66,+3934808665020,SIC-ID-CD22DDEDA733,NULL,,SICUREZZA,0,PROMO_SETTEMBRE_VIP,ATTIVO
emanuelesirtori@gmail.com,Null,Null,Emanuelesirtori,,SIC-ID-ADB5E922548D,NULL,,SICUREZZA,0,PROMO_SETTEMBRE_VIP,ATTIVO
emanuelpellegrini@libero.it,Null,Null,Emanuelpellegrini,,SIC-ID-B15E5BFC1389,NULL,,SICUREZZA,0,PROMO_SETTEMBRE_VIP,ATTIVO
embyone@virgilio.it,Null,Null,Embyone,,SIC-ID-A83956253934,NULL,,SICUREZZA,0,PROMO_SETTEMBRE_VIP,ATTIVO
emergyworld.it@myworld.com,Null,Null,Emergyworld It,33910365260,SIC-ID-475158F37A0F,NULL,,SICUREZZA,0,PROMO_SETTEMBRE_VIP,ATTIVO
emiliana.fiumara@libero.it,Null,Null,Emiliana Fiumara,,SIC-ID-4888D0495DCC,NULL,,SICUREZZA,0,PROMO_SETTEMBRE_VIP,ATTIVO
emiliosiriakki@gmail.com,Null,Null,Emiliosiriakki Sirianni,+393356650323,SIC-ID-A90AA9CB2CCF,NULL,,SICUREZZA,0,PROMO_SETTEMBRE_VIP,ATTIVO
emily@yeehaw3d.com,Null,Null,Emily Sun,+393450912954,SIC-ID-6A56DC255D12,NULL,,SICUREZZA,0,PROMO_SETTEMBRE_VIP,ATTIVO
emilypregnolato@hotmail.it,Null,Null,Emilypregnolato,,SIC-ID-6986D91DF9DF,NULL,,SICUREZZA,0,PROMO_SETTEMBRE_VIP,ATTIVO
emmanuele.dalloco@gmail.com,Null,Null,Emmanuele Dalloco,,SIC-ID-DD1842A4A603,NULL,,SICUREZZA,0,PROMO_SETTEMBRE_VIP,ATTIVO
emmedi.costruzioniefiniture@gmail.com,Null,Null,Emmedi Engine V1_2026-02-24_03-38 Estr,,SIC-ID-61EAD7C81C2A,NULL,,SICUREZZA,0,PROMO_SETTEMBRE_VIP,ATTIVO
info@m-pi.it,Null,Null,Emmepi Di Pediconi Massimiliano,+390697275238,SIC-ID-4EA9B68F66D3,NULL,RM,SICUREZZA,0,PROMO_SETTEMBRE_VIP,ATTIVO
emozione05@gmail.com,Null,Null,Emozione05,,SIC-ID-F06BBAD91019,NULL,,SICUREZZA,0,PROMO_SETTEMBRE_VIP,ATTIVO
emreina@hotmail.it,Null,Null,Emreina,,SIC-ID-D680CFEF26BD,NULL,,SICUREZZA,0,PROMO_SETTEMBRE_VIP,ATTIVO
eneacostruzionigenerali@gmail.com,Null,Null,Enea Costruzioni,,SIC-ID-758AD472AB16,NULL,,SICUREZZA,0,PROMO_SETTEMBRE_VIP,ATTIVO
eneazerbin@virgilio.it,Null,Null,Eneazerbin,,SIC-ID-EEF2DB86A6D0,NULL,,SICUREZZA,0,PROMO_SETTEMBRE_VIP,ATTIVO
infoenergia@regione.veneto.it,Null,Null,Energia,,SIC-ID-82B000C956F2,NULL,,SICUREZZA,0,PROMO_SETTEMBRE_VIP,ATTIVO
info@larosaenergy.com,Null,Null,Energy Service La Rosa Nicolò Maurizio,+393495306292,SIC-ID-A953270B65C9,NULL,,SICUREZZA,0,PROMO_SETTEMBRE_VIP,ATTIVO
energyworld.it@myworld.com,Null,Null,Energyworld It,,SIC-ID-D95A361242AC,NULL,,SICUREZZA,0,PROMO_SETTEMBRE_VIP,ATTIVO
engineering@finsolar.it,Null,Null,Engineering,,SIC-ID-4C6C1F41F5F7,NULL,,SICUREZZA,0,PROMO_SETTEMBRE_VIP,ATTIVO
sandonatomilanese.energystore@acdenergy.it,Null,Null,Eni Plenitude Flagship Store,+390695060477,SIC-ID-22A02C3A2102,NULL,RM,SICUREZZA,0,PROMO_SETTEMBRE_VIP,ATTIVO
ennio.cazzaro@gmail.com,Null,Null,Ennio Cazzaro,,SIC-ID-4DFEBF9F2512,NULL,,SICUREZZA,0,PROMO_SETTEMBRE_VIP,ATTIVO
ennoemi@gmail.com,Null,Null,Ennoemi,,SIC-ID-0156D026D7A2,NULL,,SICUREZZA,0,PROMO_SETTEMBRE_VIP,ATTIVO
enockbodi@gmail.com,Null,Null,Enockbodi,,SIC-ID-ED3BB6B4E77D,NULL,,SICUREZZA,0,PROMO_SETTEMBRE_VIP,ATTIVO
enrico.bonvento@iqtconsulting.it,Null,Null,Enrico Bonvento,+393355312661,SIC-ID-2747B1F86C50,NULL,,SICUREZZA,0,PROMO_SETTEMBRE_VIP,ATTIVO
ebortolami@tize.it,Null,Null,Enrico Bortolami,+393477910017,SIC-ID-D83C77CD3B75,NULL,,SICUREZZA,0,PROMO_SETTEMBRE_VIP,ATTIVO
p.e.decorazioni@gmail.com,Null,Null,Enrico Bortolo,,SIC-ID-7EFF6D550813,NULL,,SICUREZZA,0,PROMO_SETTEMBRE_VIP,ATTIVO
enrico.chiozzotto@gmail.com,Null,Null,Enrico Chiozzotto,+393314940595,SIC-ID-EADD783A9BA3,NULL,,SICUREZZA,0,PROMO_SETTEMBRE_VIP,ATTIVO
enrico.digallo@gmail.com,Null,Null,Enrico Gallo,+393356675694,SIC-ID-43D787632178,NULL,,SICUREZZA,0,PROMO_SETTEMBRE_VIP,ATTIVO
enrico.grillo@venezze.it,Null,Null,Enrico Grillo,+393492255048,SIC-ID-6F539EBE9D06,NULL,,SICUREZZA,0,PROMO_SETTEMBRE_VIP,ATTIVO
enrico.longo@geofor.info,Null,Null,Enrico Longo,,SIC-ID-BFBF818B60C9,NULL,,SICUREZZA,0,PROMO_SETTEMBRE_VIP,ATTIVO
enrico.mantovan@gmail.com,Null,Null,Enrico Mantovan,+393454589954,SIC-ID-56A25F4C60A2,NULL,,SICUREZZA,0,PROMO_SETTEMBRE_VIP,ATTIVO
enrico.piovan@gv3.it,Null,Null,Enrico Piovan,+393282015239,SIC-ID-F68389229C67,NULL,,SICUREZZA,0,PROMO_SETTEMBRE_VIP,ATTIVO
enricobimbatti@libero.it,Null,Null,Enricobimbatti,+393356675694,SIC-ID-4DDACACE24FE,NULL,,SICUREZZA,0,PROMO_SETTEMBRE_VIP,ATTIVO
enricobuoso@tiscali.it,Null,Null,Enricobuoso,,SIC-ID-00150C4654C9,NULL,,SICUREZZA,0,PROMO_SETTEMBRE_VIP,ATTIVO
enricoenergia@gmail.com,Null,Null,Enricoenergia,,SIC-ID-C606C0BA8DF1,NULL,,SICUREZZA,0,PROMO_SETTEMBRE_VIP,ATTIVO
enricogas64@gmail.com,Null,Null,Enricogas64,+393204850699,SIC-ID-E3C3C3EC80FA,NULL,,SICUREZZA,0,PROMO_SETTEMBRE_VIP,ATTIVO
enrisas@libero.it,Null,Null,Enrisas,,SIC-ID-94C3801BB0C6,NULL,,SICUREZZA,0,PROMO_SETTEMBRE_VIP,ATTIVO
enzlet@hotmail.it,Null,Null,Enzlet,,SIC-ID-88A6EB827300,NULL,,SICUREZZA,0,PROMO_SETTEMBRE_VIP,ATTIVO
proloco.salara@alice.it,Null,Null,Enzo De Biaggi Salara,+393299685845,SIC-ID-D2DC04809C61,NULL,,SICUREZZA,0,PROMO_SETTEMBRE_VIP,ATTIVO
enzo.vollono@gmail.com,Null,Null,Enzo Vollono,,SIC-ID-2839CA7442EE,NULL,,SICUREZZA,0,PROMO_SETTEMBRE_VIP,ATTIVO
enzostoppa@libero.it,Null,Null,Enzostoppa,,SIC-ID-22908B5CFB2D,NULL,,SICUREZZA,0,PROMO_SETTEMBRE_VIP,ATTIVO
ep.ponteggi@gmail.com,Null,Null,Ep Ponteggi,,SIC-ID-91C0EC52C61F,NULL,,SICUREZZA,0,PROMO_SETTEMBRE_VIP,ATTIVO
eprosperi@notariato.it,Null,Null,Eprosperi Engine V1_2026-02-24_03-38 Estr,,SIC-ID-36043BB7DA1E,NULL,,SICUREZZA,0,PROMO_SETTEMBRE_VIP,ATTIVO
erbastoadele@gmail.com,Null,Null,Erbastoadele,+393288366255,SIC-ID-60CDB00619BE,NULL,,SICUREZZA,0,PROMO_SETTEMBRE_VIP,ATTIVO
eri.poli41@gmail.com,Null,Null,Eri Poli41,,SIC-ID-F0D189EEDBDD,NULL,,SICUREZZA,0,PROMO_SETTEMBRE_VIP,ATTIVO
erica.bugari@imq.it,Null,Null,Erica Bugari,,SIC-ID-CF62BD1B98D8,NULL,,SICUREZZA,0,PROMO_SETTEMBRE_VIP,ATTIVO
erica@boschiero.it,Null,Null,Erica Kristalli D Zukkero,+3934048593540,SIC-ID-24B29ED8300F,NULL,,SICUREZZA,0,PROMO_SETTEMBRE_VIP,ATTIVO
erika.solmi@gv3.it,Null,Null,Erika Solmi,,SIC-ID-3C852F0688B4,NULL,,SICUREZZA,0,PROMO_SETTEMBRE_VIP,ATTIVO
erika_362@hotmail.com,Null,Null,Erika_362,,SIC-ID-5DC7D88AB6DB,NULL,,SICUREZZA,0,PROMO_SETTEMBRE_VIP,ATTIVO
erikarossi.zeus@gmail.com,Null,Null,Erikarossi Zeus,,SIC-ID-C45CBEBB592B,NULL,,SICUREZZA,0,PROMO_SETTEMBRE_VIP,ATTIVO
ermannofagherazzi@ermannofagherazzi.com,Null,Null,Ermannofagherazzi,+393358140876,SIC-ID-50FBE39A576B,NULL,,SICUREZZA,0,PROMO_SETTEMBRE_VIP,ATTIVO
ermesdinatale@gmail.com,Null,Null,Ermesdinatale,+393933786823,SIC-ID-96440E1BA67F,NULL,,SICUREZZA,0,PROMO_SETTEMBRE_VIP,ATTIVO
erminiapuccini@gmail.com,Null,Null,Erminiapuccini,,SIC-ID-81325098F579,NULL,,SICUREZZA,0,PROMO_SETTEMBRE_VIP,ATTIVO
erregisnc@alice.it,Null,Null,Erregisnc,,SIC-ID-75535697128F,NULL,,SICUREZZA,0,PROMO_SETTEMBRE_VIP,ATTIVO
erregisrlmail@gmail.com,Null,Null,Erregisrlmail,,SIC-ID-A8F52EA71588,NULL,,SICUREZZA,0,PROMO_SETTEMBRE_VIP,ATTIVO
errys.orsi@libero.it,Null,Null,Errys Orsi,,SIC-ID-D6A88CC0ABE8,NULL,,SICUREZZA,0,PROMO_SETTEMBRE_VIP,ATTIVO
ersiliabonucci@gmail.com,Null,Null,Ersiliabonucci Box Srls,+3933832336720,SIC-ID-D628DBB2B9AC,NULL,,SICUREZZA,0,PROMO_SETTEMBRE_VIP,ATTIVO
escamassi@alice.it,Null,Null,Escamassi,,SIC-ID-38511FC2D1E1,NULL,,SICUREZZA,0,PROMO_SETTEMBRE_VIP,ATTIVO
essecisrl@wmail.it,Null,Null,Essecisrl,,SIC-ID-B2512D7B98AC,NULL,,SICUREZZA,0,PROMO_SETTEMBRE_VIP,ATTIVO
essegi.federica@gmail.com,Null,Null,Essegi Federica,,SIC-ID-2892178A7712,NULL,,SICUREZZA,0,PROMO_SETTEMBRE_VIP,ATTIVO
essetiservice@alice.it,Null,Null,Essetiservice,,SIC-ID-9EDE0BE6C42F,NULL,,SICUREZZA,0,PROMO_SETTEMBRE_VIP,ATTIVO
este.edilizia@outlook.it,Null,Null,Este Edilizia,,SIC-ID-8A4F39CA40EE,NULL,,SICUREZZA,0,PROMO_SETTEMBRE_VIP,ATTIVO
estersaddam2@gmail.com,Null,Null,Ester,,SIC-ID-5B27AD6C4964,NULL,,SICUREZZA,0,PROMO_SETTEMBRE_VIP,ATTIVO
esterscarpa@hotmail.com,Null,Null,Esterscarpa,,SIC-ID-BB4FA9BE4209,NULL,,SICUREZZA,0,PROMO_SETTEMBRE_VIP,ATTIVO
estetica.carlotta@gmail.com,Null,Null,Estetica Carlotta,,SIC-ID-7CE84A4ECCDD,NULL,,SICUREZZA,0,PROMO_SETTEMBRE_VIP,ATTIVO
estetica.venere.miriam@gmail.com,Null,Null,Estetica Venere Miriam,,SIC-ID-CD686F2ED3D4,NULL,,SICUREZZA,0,PROMO_SETTEMBRE_VIP,ATTIVO
info@etenim.it,Null,Null,Etenim Srl,+390645473460,SIC-ID-E35986D685A2,NULL,RM,SICUREZZA,0,PROMO_SETTEMBRE_VIP,ATTIVO
ethnosimmigrazione@gmail.com,Null,Null,Ethnosimmigrazione,,SIC-ID-2F6BA86C2A8F,NULL,,SICUREZZA,0,PROMO_SETTEMBRE_VIP,ATTIVO
ettoreparise66@gmail.com,Null,Null,Ettoreparise66,,SIC-ID-C68D674E015B,NULL,,SICUREZZA,0,PROMO_SETTEMBRE_VIP,ATTIVO
eugenioelboy@hotmail.it,Null,Null,Eugenioelboy,,SIC-ID-21D4F19C81C8,NULL,,SICUREZZA,0,PROMO_SETTEMBRE_VIP,ATTIVO
eugeniolucchesini61@gmail.com,Null,Null,Eugeniolucchesini61,+3934942334650,SIC-ID-CCB6606711CE,NULL,,SICUREZZA,0,PROMO_SETTEMBRE_VIP,ATTIVO
euroedilizia2000srl@gmail.com,Null,Null,Euro Edilizia 2000,+39065576824,SIC-ID-0D86BEF0D228,NULL,RM,SICUREZZA,0,PROMO_SETTEMBRE_VIP,ATTIVO
eurocolor2005@libero.it,Null,Null,Eurocolor2005,,SIC-ID-7C908B10BED5,NULL,,SICUREZZA,0,PROMO_SETTEMBRE_VIP,ATTIVO
info@euroedilsoluzioni.it,Null,Null,Euroedil Srl,+390429670215,SIC-ID-4C1844F2AF67,NULL,,SICUREZZA,0,PROMO_SETTEMBRE_VIP,ATTIVO
info@elettrosystemonline.com,Null,Null,Evolsystem S.r.l,+393899171164,SIC-ID-6C9FBC82456F,NULL,,SICUREZZA,0,PROMO_SETTEMBRE_VIP,ATTIVO
ezanca@libero.it,Null,Null,Ezanca,,SIC-ID-7B094E91CB1D,NULL,,SICUREZZA,0,PROMO_SETTEMBRE_VIP,ATTIVO
eze116@hotmail.com,Null,Null,Eze116,,SIC-ID-61F2FC9AD989,NULL,,SICUREZZA,0,PROMO_SETTEMBRE_VIP,ATTIVO
info@sitasnc.it,Null,Null,Ezio Lyo,+393382893112,SIC-ID-49DD1E84C3C9,NULL,,SICUREZZA,0,PROMO_SETTEMBRE_VIP,ATTIVO
f.2donatella@libero.it,Null,Null,F 2donatella,,SIC-ID-94122C6DA82C,NULL,,SICUREZZA,0,PROMO_SETTEMBRE_VIP,ATTIVO
f.bertuola@rfi.it,Null,Null,F Bertuola,,SIC-ID-5245BD40FC65,NULL,,SICUREZZA,0,PROMO_SETTEMBRE_VIP,ATTIVO
f.cicatiello@rfi.it,Null,Null,F Cicatiello,,SIC-ID-670E54662E3D,NULL,,SICUREZZA,0,PROMO_SETTEMBRE_VIP,ATTIVO
f.g.gordillo@gmail.com,Null,Null,F G Gordillo,,SIC-ID-3D2AD398A148,NULL,,SICUREZZA,0,PROMO_SETTEMBRE_VIP,ATTIVO
f.picelli@picellieassociati.com,Null,Null,F Picelli,,SIC-ID-84A46F7B18CB,NULL,,SICUREZZA,0,PROMO_SETTEMBRE_VIP,ATTIVO
f.scanu@fsbusitalia.it,Null,Null,F Scanu,,SIC-ID-A2F947DAD315,NULL,,SICUREZZA,0,PROMO_SETTEMBRE_VIP,ATTIVO
f.vanzelli@synergysystem.it,Null,Null,F Vanzelli,,SIC-ID-9C042C186FFD,NULL,,SICUREZZA,0,PROMO_SETTEMBRE_VIP,ATTIVO
f.vitale@sepsrl.com,Null,Null,F Vitale,,SIC-ID-13EB893E194A,NULL,,SICUREZZA,0,PROMO_SETTEMBRE_VIP,ATTIVO
f.zampini@libero.it,Null,Null,F Zampini,,SIC-ID-23646BE95A90,NULL,,SICUREZZA,0,PROMO_SETTEMBRE_VIP,ATTIVO
info@fasolinocostruzioni.it,Null,Null,F.c. Fasolino Costruzioni Srl,+39063050582,SIC-ID-3712FD32EB59,NULL,RM,SICUREZZA,0,PROMO_SETTEMBRE_VIP,ATTIVO
taborreg@libero.it,Null,Null,F.t. Costruzioni Inox Di Taborre Gianpaolo,+393283325640,SIC-ID-DD9E03509BB3,NULL,,SICUREZZA,0,PROMO_SETTEMBRE_VIP,ATTIVO
info@figeocostruzioni.it,Null,Null,F.c. Costruzioni S.r.l.,+390923533860,SIC-ID-67BC42628A4F,NULL,,SICUREZZA,0,PROMO_SETTEMBRE_VIP,ATTIVO
tecnico.baschiera@gmail.com,Null,Null,F.lli Baschiera S.r.l. Costruzioni Edili,+390415161423,SIC-ID-116D40F4D8A3,NULL,VE,SICUREZZA,0,PROMO_SETTEMBRE_VIP,ATTIVO
fratellifontana@yahoo.it,Null,Null,F.lli Fontana,+390424490136,SIC-ID-975F69CD838E,NULL,,SICUREZZA,0,PROMO_SETTEMBRE_VIP,ATTIVO
f.llimartinosnc@gmail.com,Null,Null,F.lli Martino Snc,+393337000361,SIC-ID-1B5C7874E754,NULL,,SICUREZZA,0,PROMO_SETTEMBRE_VIP,ATTIVO
fpimpresaedile@gmail.com,Null,Null,F.p. Impresa Edile,+390516131351,SIC-ID-29B9D079DEF6,NULL,BO,SICUREZZA,0,PROMO_SETTEMBRE_VIP,ATTIVO
fase4srl@outlook.it,Null,Null,Fase4 Srl Materiali Edili,+390332723177,SIC-ID-6B8B8E9BDF95,NULL,VA,SICUREZZA,0,PROMO_SETTEMBRE_VIP,ATTIVO
event@fdrentservice.com,Null,Null,Fd Rent Event,+3933332994090,SIC-ID-7A44E53E9DE9,NULL,,SICUREZZA,0,PROMO_SETTEMBRE_VIP,ATTIVO
maurizio.folini@fdrentservice.com,Null,Null,Fd Rent Folini,+3934007080690,SIC-ID-132D28BA6A6E,NULL,,SICUREZZA,0,PROMO_SETTEMBRE_VIP,ATTIVO
victor.damiani@fdrentservice.com,Null,Null,Fd Rent Victor,+393381151262,SIC-ID-069FE5B7EB2B,NULL,,SICUREZZA,0,PROMO_SETTEMBRE_VIP,ATTIVO
info@fdrentservice.com,Null,Null,Fd Rent Info,,SIC-ID-F853058CBA91,NULL,,SICUREZZA,0,PROMO_SETTEMBRE_VIP,ATTIVO
direzione@feasrl.eu,Null,Null,Fea Srl,+390597230987,SIC-ID-7E5BCAD57258,NULL,MO,SICUREZZA,0,PROMO_SETTEMBRE_VIP,ATTIVO
info@fgm1957.com,Null,Null,Fgm 1957,+3905831798043,SIC-ID-421864730465,NULL,LU,SICUREZZA,0,PROMO_SETTEMBRE_VIP,ATTIVO
segreteria@filleacgil.it,Null,Null,Fillea Cgil - Il Sindacato Dei Lavoratori Delle Costruzioni,+393906441141,SIC-ID-404830A5DB1E,NULL,,SICUREZZA,0,PROMO_SETTEMBRE_VIP,ATTIVO
commerciale1.faro@gmail.com,Null,Null,Fa.ro. Srl,,SIC-ID-21C61D74EE62,NULL,,SICUREZZA,0,PROMO_SETTEMBRE_VIP,ATTIVO
samabrahamsnigltd@yahoo.com,Null,Null,Faasema Teryima,33344599940,SIC-ID-DE64A44A5AE4,NULL,,SICUREZZA,0,PROMO_SETTEMBRE_VIP,ATTIVO
fabiana.antico1976@gmail.com,Null,Null,Fabiana Antico1976,+393405769958,SIC-ID-D5AC57FE7480,NULL,,SICUREZZA,0,PROMO_SETTEMBRE_VIP,ATTIVO
fabianobeltrami@alice.it,Null,Null,Fabianobeltrami,+393397385012,SIC-ID-A8569D2B2313,NULL,,SICUREZZA,0,PROMO_SETTEMBRE_VIP,ATTIVO
fabianopigaiani@libero.it,Null,Null,Fabianopigaiani,+393332377831,SIC-ID-1F9F5CAC0CA7,NULL,,SICUREZZA,0,PROMO_SETTEMBRE_VIP,ATTIVO
fabio@centrodicalcolo.it,Null,Null,Fabio,+393463048419,SIC-ID-0A86829096CB,NULL,,SICUREZZA,0,PROMO_SETTEMBRE_VIP,ATTIVO
fabio.chignoli@cesi.it,Null,Null,Fabio Chignoli,+3933971825580,SIC-ID-2902198AA16F,NULL,,SICUREZZA,0,PROMO_SETTEMBRE_VIP,ATTIVO
fabio.dalconi@libero.it,Null,Null,Fabio Dalconi,+393356463793,SIC-ID-6A448AB5A87F,NULL,,SICUREZZA,0,PROMO_SETTEMBRE_VIP,ATTIVO
fabio.feggi29@gmail.com,Null,Null,Fabio Feggi29,+393488101416,SIC-ID-D19D5C9EC4E5,NULL,,SICUREZZA,0,PROMO_SETTEMBRE_VIP,ATTIVO
mauriziaferro1992@icloud.com,Null,Null,Fabio Ferrari Bar Ai Rivá,+393456910521,SIC-ID-7073D2D10705,NULL,,SICUREZZA,0,PROMO_SETTEMBRE_VIP,ATTIVO
finotti.fabio@sodea.it,Null,Null,Fabio Finot,+393357089839,SIC-ID-05065259F137,NULL,,SICUREZZA,0,PROMO_SETTEMBRE_VIP,ATTIVO
effepicostruzioni@email.it,Null,Null,Fabio Mantovan Costruzioni,+393356627747,SIC-ID-ACBA67F3E57D,NULL,,SICUREZZA,0,PROMO_SETTEMBRE_VIP,ATTIVO
fabio.montefiori@makeitdifferent.it,Null,Null,Fabio Montefiori,+393356627747,SIC-ID-8B11904D9522,NULL,,SICUREZZA,0,PROMO_SETTEMBRE_VIP,ATTIVO
fabiopasqualato@gmail.com,Null,Null,Fabio Pasqualato Impianti,+393247478788,SIC-ID-D93F3D26984A,NULL,,SICUREZZA,0,PROMO_SETTEMBRE_VIP,ATTIVO
fabio.turcatel@tecnolines.it,Null,Null,Fabio Turcatel,+393494354699,SIC-ID-37321E994ACD,NULL,,SICUREZZA,0,PROMO_SETTEMBRE_VIP,ATTIVO
fabio92_3@libero.it,Null,Null,Fabio92_3,+393476495083,SIC-ID-892BF75277AA,NULL,,SICUREZZA,0,PROMO_SETTEMBRE_VIP,ATTIVO
fabio1976b@gmail.com,Null,Null,Fabiob,,SIC-ID-5D7099064D41,NULL,,SICUREZZA,0,PROMO_SETTEMBRE_VIP,ATTIVO
fabiobernardinello457@live.it,Null,Null,Fabiobernardinello457,+393497209455,SIC-ID-6486F22AD346,NULL,,SICUREZZA,0,PROMO_SETTEMBRE_VIP,ATTIVO
fabiofeggi29@gmail.com,Null,Null,Fabiofeggi29,,SIC-ID-589995E8688F,NULL,,SICUREZZA,0,PROMO_SETTEMBRE_VIP,ATTIVO
fabiogazzini@me.com,Null,Null,Fabiogazzini,,SIC-ID-7CD1DAAE3E90,NULL,,SICUREZZA,0,PROMO_SETTEMBRE_VIP,ATTIVO
fabioi3@yahoo.it,Null,Null,Fabioi3,,SIC-ID-3BDBD065DB4F,NULL,,SICUREZZA,0,PROMO_SETTEMBRE_VIP,ATTIVO
fabiomagnini@ymail.com,Null,Null,Fabiomagnini,,SIC-ID-617D8CEEAC34,NULL,,SICUREZZA,0,PROMO_SETTEMBRE_VIP,ATTIVO
fabiomoresco@mac.com,Null,Null,Fabiomoresco,,SIC-ID-0A70440989D7,NULL,,SICUREZZA,0,PROMO_SETTEMBRE_VIP,ATTIVO
fab06mele@gmail.com,Null,Null,Fabmele,+393501634405,SIC-ID-62FD86AF8101,NULL,,SICUREZZA,0,PROMO_SETTEMBRE_VIP,ATTIVO
fabrilemassimo.snc@gmail.com,Null,Null,Fabrilemassimo Snc,+3937134641310,SIC-ID-26AED6B4B473,NULL,,SICUREZZA,0,PROMO_SETTEMBRE_VIP,ATTIVO
fabrizio.andreotti@gmail.com,Null,Null,Fabrizio Andreotti,+393480702571,SIC-ID-DA5E9BBF16CC,NULL,,SICUREZZA,0,PROMO_SETTEMBRE_VIP,ATTIVO
fabrizio.astori@gmail.com,Null,Null,Fabrizio Astori,,SIC-ID-E05041CC4F1D,NULL,,SICUREZZA,0,PROMO_SETTEMBRE_VIP,ATTIVO
fabrizio@autoaccessoriopolesano.it,Null,Null,Fabrizio Costruzioni,+393357035951,SIC-ID-4FF5E0B2AF06,NULL,,SICUREZZA,0,PROMO_SETTEMBRE_VIP,ATTIVO
facchin.anna@sangaetano.org,Null,Null,Facchin Anna,38049691310,SIC-ID-3072AE7D3747,NULL,,SICUREZZA,0,PROMO_SETTEMBRE_VIP,ATTIVO
privacy+icrggvs.aea4677gokze4@support.facebook.com,Null,Null,Facebook,33354105390,SIC-ID-AB1DE2F95149,NULL,,SICUREZZA,0,PROMO_SETTEMBRE_VIP,ATTIVO
info+icxc262.aeavadqb3e@support.facebook.com,Null,Null,Facebook,,SIC-ID-F52DE34FD562,NULL,,SICUREZZA,0,PROMO_SETTEMBRE_VIP,ATTIVO
hello@mygroovydomain.com,Null,Null,Facente Giuseppe Impresa Edile,+393485524929,SIC-ID-C9226A13CF71,NULL,,SICUREZZA,0,PROMO_SETTEMBRE_VIP,ATTIVO
falco341@gmail.com,Null,Null,Falco341,,SIC-ID-5D36195B1090,NULL,,SICUREZZA,0,PROMO_SETTEMBRE_VIP,ATTIVO
faldutoluca73@gmail.com,Null,Null,Faldutoluca73,,SIC-ID-68397B68238F,NULL,,SICUREZZA,0,PROMO_SETTEMBRE_VIP,ATTIVO
giovanni.sanguin@icloud.com,Null,Null,Falegnameria Giovanni,+393487560280,SIC-ID-EDAA294041E8,NULL,,SICUREZZA,0,PROMO_SETTEMBRE_VIP,ATTIVO
falkedil@libero.it,Null,Null,Falk Edil,+390815025472,SIC-ID-9FB56A4368A3,NULL,NA,SICUREZZA,0,PROMO_SETTEMBRE_VIP,ATTIVO
info@falserbau.it,Null,Null,Falserbau,+390471353460,SIC-ID-F25F4BF573FB,NULL,BZ,SICUREZZA,0,PROMO_SETTEMBRE_VIP,ATTIVO
info@famaredilizia.it,Null,Null,Famar S.r.l. - Falconara M.ma,+390719160096,SIC-ID-C2C019BFE778,NULL,AN,SICUREZZA,0,PROMO_SETTEMBRE_VIP,ATTIVO
familycapone@libero.it,Null,Null,Familycapone,,SIC-ID-7E263D97C1CF,NULL,,SICUREZZA,0,PROMO_SETTEMBRE_VIP,ATTIVO
famitalia.fe@gmail.com,Null,Null,Famitalia Fe,,SIC-ID-C2FC5B2778AD,NULL,,SICUREZZA,0,PROMO_SETTEMBRE_VIP,ATTIVO
fantoni@eredifantoni.it,Null,Null,Fantoni,,SIC-ID-438C63B45B84,NULL,,SICUREZZA,0,PROMO_SETTEMBRE_VIP,ATTIVO
faram.modena@pierluigivasini.it,Null,Null,Faram Modena,34600700630,SIC-ID-E678180B2A47,NULL,,SICUREZZA,0,PROMO_SETTEMBRE_VIP,ATTIVO
farfalla77@live.com,Null,Null,Farfalla77,,SIC-ID-243092DC6ACF,NULL,,SICUREZZA,0,PROMO_SETTEMBRE_VIP,ATTIVO
farinazzoandrea@gmail.com,Null,Null,Farinazzoandrea Euro Hygiene,+393403675711,SIC-ID-C168F9A862FF,NULL,,SICUREZZA,0,PROMO_SETTEMBRE_VIP,ATTIVO
farm.pincara@libero.it,Null,Null,Farm Pincara,,SIC-ID-D7F1F8D992A9,NULL,,SICUREZZA,0,PROMO_SETTEMBRE_VIP,ATTIVO
farosalotti@gmail.com,Null,Null,Farosalotti Granfo,+3934864103900,SIC-ID-9CD128D9AD23,NULL,,SICUREZZA,0,PROMO_SETTEMBRE_VIP,ATTIVO
farosnc@libero.it,Null,Null,Farosnc,34780508190,SIC-ID-C89CF9DFD65B,NULL,,SICUREZZA,0,PROMO_SETTEMBRE_VIP,ATTIVO
fasiol.rodolfo@azisanrovigo.it,Null,Null,Fasiol Rodolfo,,SIC-ID-DC81735CDC32,NULL,,SICUREZZA,0,PROMO_SETTEMBRE_VIP,ATTIVO
info@fassari.com,Null,Null,Fassari Colorhome,+39095495238,SIC-ID-CF91FF32E5B4,NULL,CT,SICUREZZA,0,PROMO_SETTEMBRE_VIP,ATTIVO
info@fastcolor.it,Null,Null,Fastcolor Sas,+393471484864,SIC-ID-7D3C9763A946,NULL,,SICUREZZA,0,PROMO_SETTEMBRE_VIP,ATTIVO
fasulillomynames@virgilio.it,Null,Null,Fasulillomynames Ferraro,,SIC-ID-71CA4B58A1AA,NULL,,SICUREZZA,0,PROMO_SETTEMBRE_VIP,ATTIVO
fatokeaugustine@gmail.com,Null,Null,Fatokeaugustine,,SIC-ID-101DC9DF0154,NULL,,SICUREZZA,0,PROMO_SETTEMBRE_VIP,ATTIVO
fatpalma@gmail.com,Null,Null,Fatpalma Cicciona,+393496409428,SIC-ID-410403632B4B,NULL,,SICUREZZA,0,PROMO_SETTEMBRE_VIP,ATTIVO
fattoretto.luca@alice.it,Null,Null,Fattoretto Luca,,SIC-ID-B3F27307E154,NULL,,SICUREZZA,0,PROMO_SETTEMBRE_VIP,ATTIVO
fatture@elearningsicurezza.com,Null,Null,Fatture,34751004390,SIC-ID-911456EEB8F5,NULL,,SICUREZZA,0,PROMO_SETTEMBRE_VIP,ATTIVO
fatture@euroports.it,Null,Null,Fatture,,SIC-ID-3212630DFC79,NULL,,SICUREZZA,0,PROMO_SETTEMBRE_VIP,ATTIVO
fatture@credimi.com,Null,Null,Fatture Tipog,+3934796372120,SIC-ID-AC4E55CEC9AA,NULL,,SICUREZZA,0,PROMO_SETTEMBRE_VIP,ATTIVO
fausto.fellin@studiofellin.it,Null,Null,Fausto Fellin,,SIC-ID-CF892B397F6F,NULL,,SICUREZZA,0,PROMO_SETTEMBRE_VIP,ATTIVO
fausto.pizza@yahoo.it,Null,Null,Fausto Pizza,+393489010893,SIC-ID-06520D16BCD8,NULL,,SICUREZZA,0,PROMO_SETTEMBRE_VIP,ATTIVO
faustofusetti65@gmail.com,Null,Null,Faustofusetti65,,SIC-ID-F058E228A959,NULL,,SICUREZZA,0,PROMO_SETTEMBRE_VIP,ATTIVO
favaro.nicola@yahoo.it,Null,Null,Favaro Friggitoria,+393203327015,SIC-ID-0396BCA1C5CB,NULL,,SICUREZZA,0,PROMO_SETTEMBRE_VIP,ATTIVO
favro_barbara@hotmail.it,Null,Null,Favro_barbara,,SIC-ID-27B68CFD17A3,NULL,,SICUREZZA,0,PROMO_SETTEMBRE_VIP,ATTIVO
faxgratis@faxator.com,Null,Null,Faxgratis,34889307090,SIC-ID-00DB4244E741,NULL,,SICUREZZA,0,PROMO_SETTEMBRE_VIP,ATTIVO
fdelon@gmail.com,Null,Null,Fdelon,,SIC-ID-7A8DB57E6CB7,NULL,,SICUREZZA,0,PROMO_SETTEMBRE_VIP,ATTIVO
febalza@yahoo.com,Null,Null,Febalza,,SIC-ID-7591E1A2CBAA,NULL,,SICUREZZA,0,PROMO_SETTEMBRE_VIP,ATTIVO
fedeemi@libero.it,Null,Null,Fedeemi Verona,+393282174556,SIC-ID-CF214BCFEEFA,NULL,,SICUREZZA,0,PROMO_SETTEMBRE_VIP,ATTIVO
fedeflorence@hotmail.it,Null,Null,Fedeflorence,,SIC-ID-1EAA954273D0,NULL,,SICUREZZA,0,PROMO_SETTEMBRE_VIP,ATTIVO
fedenardi8@yahoo.it,Null,Null,Fedenardi8 Nardini,+393455075098,SIC-ID-2FFC36C1589C,NULL,,SICUREZZA,0,PROMO_SETTEMBRE_VIP,ATTIVO
federicco@live.it,Null,Null,Federicco Adria Shopping,+3934797373120,SIC-ID-075E1A83B210,NULL,,SICUREZZA,0,PROMO_SETTEMBRE_VIP,ATTIVO
federico@carbonera.net,Null,Null,Federico,+3938995558470,SIC-ID-3C77D4A4E485,NULL,,SICUREZZA,0,PROMO_SETTEMBRE_VIP,ATTIVO
federico.caselli@tryeco.com,Null,Null,Federico Caselli,+3932078747670,SIC-ID-15A21D034BA1,NULL,,SICUREZZA,0,PROMO_SETTEMBRE_VIP,ATTIVO
federico@saldoteck.com,Null,Null,Federico Costruzioni,+393491690272,SIC-ID-94E911855BFD,NULL,,SICUREZZA,0,PROMO_SETTEMBRE_VIP,ATTIVO
morefed@alice.it,Null,Null,Federico Lyo,+393935437121,SIC-ID-F44AC9205556,NULL,,SICUREZZA,0,PROMO_SETTEMBRE_VIP,ATTIVO
federico.panza@damiani.com,Null,Null,Federico Panza,,SIC-ID-EC999387D4D3,NULL,,SICUREZZA,0,PROMO_SETTEMBRE_VIP,ATTIVO
federico.sabbadin@alice.it,Null,Null,Federico Sabbadin,+393714227283,SIC-ID-DA5D218B5BCB,NULL,,SICUREZZA,0,PROMO_SETTEMBRE_VIP,ATTIVO
federico_milano@hotmail.com,Null,Null,Federico_milano Fonso Pittori,+3934957638810,SIC-ID-EE3179E8FA23,NULL,,SICUREZZA,0,PROMO_SETTEMBRE_VIP,ATTIVO
federico_spinadin@hotmail.it,Null,Null,Federico_spinadin,+393484125170,SIC-ID-9147EA660C3D,NULL,,SICUREZZA,0,PROMO_SETTEMBRE_VIP,ATTIVO
federicotivelli@libero.it,Null,Null,Federicotivelli,,SIC-ID-6208F3B8C847,NULL,,SICUREZZA,0,PROMO_SETTEMBRE_VIP,ATTIVO
federpini@gmail.com,Null,Null,Federpini,,SIC-ID-3A603B56CB48,NULL,,SICUREZZA,0,PROMO_SETTEMBRE_VIP,ATTIVO
felice.marangoni@virgilio.it,Null,Null,Felice Marangoni,+3932902468280,SIC-ID-C73B7C3C7E7D,NULL,,SICUREZZA,0,PROMO_SETTEMBRE_VIP,ATTIVO
ferdi8306@gmail.com,Null,Null,Ferdi8306,,SIC-ID-B529C628CFA3,NULL,,SICUREZZA,0,PROMO_SETTEMBRE_VIP,ATTIVO
fernando.ogliani@libero.it,Null,Null,Ferdo Ogliani,,SIC-ID-F1176BB9ED6B,NULL,,SICUREZZA,0,PROMO_SETTEMBRE_VIP,ATTIVO
fermani.fabrizio@gmail.com,Null,Null,Fermani Fabrizio,,SIC-ID-C4B378088DE6,NULL,,SICUREZZA,0,PROMO_SETTEMBRE_VIP,ATTIVO
silurolap@hotmail.it,Null,Null,Fernando Lyo,+393492868488,SIC-ID-B144DB29660D,NULL,,SICUREZZA,0,PROMO_SETTEMBRE_VIP,ATTIVO
info@fercom.eu,Null,Null,Ferramenta Fercom - Casarza Ligure,+390185469089,SIC-ID-24F2B0FCCB20,NULL,,SICUREZZA,0,PROMO_SETTEMBRE_VIP,ATTIVO
marketing@scomazzon.it,Null,Null,Ferramenta Scomazzon Libero Sas,+39041698800,SIC-ID-8835C7365EB9,NULL,VE,SICUREZZA,0,PROMO_SETTEMBRE_VIP,ATTIVO
ferrari.cavarzere@gmail.com,Null,Null,Ferrari Cavarzere,+393357083572,SIC-ID-692C153A6D62,NULL,,SICUREZZA,0,PROMO_SETTEMBRE_VIP,ATTIVO
ferrariscavi@libero.it,Null,Null,Ferrariscavi,,SIC-ID-933CE7BB00FB,NULL,,SICUREZZA,0,PROMO_SETTEMBRE_VIP,ATTIVO
ferreroa1984@gmail.com,Null,Null,Ferreroa1984,,SIC-ID-395F7694E3C3,NULL,,SICUREZZA,0,PROMO_SETTEMBRE_VIP,ATTIVO
ferro-idroservice@libero.it,Null,Null,Ferro-idroservice,,SIC-ID-99A70EABEDAF,NULL,,SICUREZZA,0,PROMO_SETTEMBRE_VIP,ATTIVO
ferrodavide@hotmail.com,Null,Null,Ferrodavide,,SIC-ID-97F71ABF7721,NULL,,SICUREZZA,0,PROMO_SETTEMBRE_VIP,ATTIVO
commerciale@ferroedilizia.it,Null,Null,Ferroedilizia,+390564456133,SIC-ID-93AA448E81DD,NULL,GR,SICUREZZA,0,PROMO_SETTEMBRE_VIP,ATTIVO
ferroni.bellato@libero.it,Null,Null,Ferroni Bellato,+3935304443980,SIC-ID-875EA306D9C9,NULL,,SICUREZZA,0,PROMO_SETTEMBRE_VIP,ATTIVO
ferrotrasporti.monia@alice.it,Null,Null,Ferrotrasporti Monia,,SIC-ID-487CC05C6564,NULL,,SICUREZZA,0,PROMO_SETTEMBRE_VIP,ATTIVO
ferrua.nadia@gmail.com,Null,Null,Ferrua Nadia,+393667100971,SIC-ID-CA84F37A55E8,NULL,,SICUREZZA,0,PROMO_SETTEMBRE_VIP,ATTIVO
ferry2005@email.it,Null,Null,Ferry2005,,SIC-ID-3C23525E9C2A,NULL,,SICUREZZA,0,PROMO_SETTEMBRE_VIP,ATTIVO
ffrancescaromana@gmail.com,Null,Null,Ffrancescaromana,,SIC-ID-68FC65B78F44,NULL,,SICUREZZA,0,PROMO_SETTEMBRE_VIP,ATTIVO
fgcxvb4sjb@privaterelay.appleid.com,Null,Null,Fgcxvbsjb,,SIC-ID-3FEFE18EF99F,NULL,,SICUREZZA,0,PROMO_SETTEMBRE_VIP,ATTIVO
fibi@libero.it,Null,Null,Fibi,,SIC-ID-D591F37FF5F2,NULL,,SICUREZZA,0,PROMO_SETTEMBRE_VIP,ATTIVO
daniele.marceca@libero.it,Null,Null,Ficara Giuseppe,+390923552752,SIC-ID-EE259C3CF471,NULL,,SICUREZZA,0,PROMO_SETTEMBRE_VIP,ATTIVO
filippo@dottormartone.com,Null,Null,Filippo,+393292803380,SIC-ID-D7312835CB16,NULL,,SICUREZZA,0,PROMO_SETTEMBRE_VIP,ATTIVO
filippo.ong@gmail.com,Null,Null,Filippo Ong,+3937924162610,SIC-ID-E1BC9AFC0D38,NULL,,SICUREZZA,0,PROMO_SETTEMBRE_VIP,ATTIVO
filippofiore316@gmail.com,Null,Null,Filippofiore316 Fiore,,SIC-ID-7067390F028C,NULL,,SICUREZZA,0,PROMO_SETTEMBRE_VIP,ATTIVO
finottieros@live.it,Null,Null,Finottieros,,SIC-ID-580246A31250,NULL,,SICUREZZA,0,PROMO_SETTEMBRE_VIP,ATTIVO
finottipaoloragioneria@pcert.postecert.it,Null,Null,Finottipaoloragioneria,,SIC-ID-59E0956C6341,NULL,,SICUREZZA,0,PROMO_SETTEMBRE_VIP,ATTIVO
finotto.giulia@yahoo.it,Null,Null,Finotto Giulia,,SIC-ID-DD49AF145872,NULL,,SICUREZZA,0,PROMO_SETTEMBRE_VIP,ATTIVO
info@fiorimpresa.it,Null,Null,Fior Impresa Edile,+390495952542,SIC-ID-C952C499C234,NULL,PD,SICUREZZA,0,PROMO_SETTEMBRE_VIP,ATTIVO
fiorella.civardi@studiocivardi.com,Null,Null,Fiorella Civardi,,SIC-ID-73F9AAC4DCBB,NULL,,SICUREZZA,0,PROMO_SETTEMBRE_VIP,ATTIVO
fiorenzadegliesposti@tin.it,Null,Null,Fiorenzadegliesposti,,SIC-ID-0F8E032F6EB3,NULL,,SICUREZZA,0,PROMO_SETTEMBRE_VIP,ATTIVO
fioretto.davide@libero.it,Null,Null,Fioretto Davide,,SIC-ID-17370EF5DE1E,NULL,,SICUREZZA,0,PROMO_SETTEMBRE_VIP,ATTIVO
info@fiorillosrl.it,Null,Null,Fiorillo Srl Impresa Edile,+390761309075,SIC-ID-F2B67FD7AC27,NULL,VT,SICUREZZA,0,PROMO_SETTEMBRE_VIP,ATTIVO
info@momoscale.eu,Null,Null,Flaviano Momoscale,,SIC-ID-02A02BF0CEDC,NULL,,SICUREZZA,0,PROMO_SETTEMBRE_VIP,ATTIVO
flavio_veronese@alice.it,Null,Null,Flavio_veronese,,SIC-ID-BAAF9DCE0C66,NULL,,SICUREZZA,0,PROMO_SETTEMBRE_VIP,ATTIVO
flaviocesa@hotmail.it,Null,Null,Flaviocesa,,SIC-ID-6EB1BAA0AA43,NULL,,SICUREZZA,0,PROMO_SETTEMBRE_VIP,ATTIVO
fleediego69@gmail.com,Null,Null,Fleediego69,,SIC-ID-AB61948FB5BE,NULL,,SICUREZZA,0,PROMO_SETTEMBRE_VIP,ATTIVO
flicorno@gmail.com,Null,Null,Flicorno,+3938580633350,SIC-ID-028A4DA1699F,NULL,,SICUREZZA,0,PROMO_SETTEMBRE_VIP,ATTIVO
info@floradesign.it,Null,Null,Floradesign,+393938892343,SIC-ID-AF7718E835EA,NULL,,SICUREZZA,0,PROMO_SETTEMBRE_VIP,ATTIVO
fm.milano@gmail.com,Null,Null,Fm Milano,,SIC-ID-7DA81708C6F9,NULL,,SICUREZZA,0,PROMO_SETTEMBRE_VIP,ATTIVO
fmasotti@tcravenna.it,Null,Null,Fmasotti,,SIC-ID-69FEC07059C8,NULL,,SICUREZZA,0,PROMO_SETTEMBRE_VIP,ATTIVO
fnardelli74@gmail.com,Null,Null,Fnardelli74,,SIC-ID-8DDBF8DEF286,NULL,,SICUREZZA,0,PROMO_SETTEMBRE_VIP,ATTIVO
fochielisa08@gmail.com,Null,Null,Fochielisa08,,SIC-ID-049659C5F4D1,NULL,,SICUREZZA,0,PROMO_SETTEMBRE_VIP,ATTIVO
fogliatopierandrea@gmail.com,Null,Null,Fogliatopierandrea Fogliato,,SIC-ID-77D14017662E,NULL,,SICUREZZA,0,PROMO_SETTEMBRE_VIP,ATTIVO
fonsato@libero.it,Null,Null,Fonsato,34080973420,SIC-ID-A7C4104949DC,NULL,,SICUREZZA,0,PROMO_SETTEMBRE_VIP,ATTIVO
fonsatos@gmail.com,Null,Null,Fonsatos,,SIC-ID-CE5E048DBA04,NULL,,SICUREZZA,0,PROMO_SETTEMBRE_VIP,ATTIVO
fonsoandrea@gmail.com,Null,Null,Fonsoandrea,+393338491437,SIC-ID-E3C0E5F65102,NULL,,SICUREZZA,0,PROMO_SETTEMBRE_VIP,ATTIVO
fonsoandrea2015@gmail.com,Null,Null,Fonsoandrea2015 Andrea Impresa Individuale,+393803017700,SIC-ID-892938F24AB9,NULL,,SICUREZZA,0,PROMO_SETTEMBRE_VIP,ATTIVO
forazzo@yahoo.com,Null,Null,Forazzo,,SIC-ID-C20B2B482D6A,NULL,,SICUREZZA,0,PROMO_SETTEMBRE_VIP,ATTIVO
forin@pistorello.it,Null,Null,Forin,,SIC-ID-0BBE07BE7BFC,NULL,,SICUREZZA,0,PROMO_SETTEMBRE_VIP,ATTIVO
forlanfaria@gmail.com,Null,Null,Forlanfaria,,SIC-ID-94AAC6A7E6E3,NULL,,SICUREZZA,0,PROMO_SETTEMBRE_VIP,ATTIVO
coordformatemp@formaservice.it,Null,Null,Forma.service Srl,,SIC-ID-A6DD6D23EB67,NULL,,SICUREZZA,0,PROMO_SETTEMBRE_VIP,ATTIVO
formazione@lonigosoccorso.it,Null,Null,Formazione Lavoro,+3932945031470,SIC-ID-3C19B21B06D9,NULL,,SICUREZZA,0,PROMO_SETTEMBRE_VIP,ATTIVO
formicolatecla@gmail.com,Null,Null,Formicolatecla,,SIC-ID-AC57CFC09668,NULL,,SICUREZZA,0,PROMO_SETTEMBRE_VIP,ATTIVO
info@fornoniflli.it,Null,Null,Fornoni F.lli,+39035905427,SIC-ID-D023890A1AA7,NULL,BG,SICUREZZA,0,PROMO_SETTEMBRE_VIP,ATTIVO
info@littlewild-gallery.com,Null,Null,Forte Di Bard,+390125833811,SIC-ID-B323D56431D5,NULL,TO,SICUREZZA,0,PROMO_SETTEMBRE_VIP,ATTIVO
fotovoltaico@tasrl.it,Null,Null,Fotovoltaico,,SIC-ID-E393AD4594AB,NULL,,SICUREZZA,0,PROMO_SETTEMBRE_VIP,ATTIVO
fra.ska.ssl@gmail.com,Null,Null,Fra Ska Ssl,+393298876534,SIC-ID-CD6CA6CBA3CF,NULL,,SICUREZZA,0,PROMO_SETTEMBRE_VIP,ATTIVO
info@impresafraccaroli.com,Null,Null,Fraccaroli Leonello E Figli (s.n.c.),+390458301092,SIC-ID-722447899B3B,NULL,VR,SICUREZZA,0,PROMO_SETTEMBRE_VIP,ATTIVO
fragonas@tiscali.it,Null,Null,Fragonas,,SIC-ID-81526C208F94,NULL,,SICUREZZA,0,PROMO_SETTEMBRE_VIP,ATTIVO
framar.chioggia@gmail.com,Null,Null,Framar Chioggia,,SIC-ID-F91EFC086084,NULL,,SICUREZZA,0,PROMO_SETTEMBRE_VIP,ATTIVO
frampazzo@notariato.it,Null,Null,Frampazzo Engine V1_2026-02-24_03-38 Estr,,SIC-ID-789257CCDE42,NULL,,SICUREZZA,0,PROMO_SETTEMBRE_VIP,ATTIVO
franc.rodella@tiscali.it,Null,Null,Franc Rodella,,SIC-ID-86134C3577A4,NULL,,SICUREZZA,0,PROMO_SETTEMBRE_VIP,ATTIVO
franca_caccia@libero.it,Null,Null,Franca_caccia,+3933859653080,SIC-ID-C868070037FB,NULL,,SICUREZZA,0,PROMO_SETTEMBRE_VIP,ATTIVO
francesca.ballan@forlegnonovem.it,Null,Null,Francesca Ballan,+393928632740,SIC-ID-945AE8926304,NULL,,SICUREZZA,0,PROMO_SETTEMBRE_VIP,ATTIVO
francyvettorello@libero.it,Null,Null,Francesca Vettorello,+393289574125,SIC-ID-CBD6FAE7805A,NULL,,SICUREZZA,0,PROMO_SETTEMBRE_VIP,ATTIVO
francescabassi73@yahoo.it,Null,Null,Francescabassi73,,SIC-ID-7E323E1B2AFB,NULL,,SICUREZZA,0,PROMO_SETTEMBRE_VIP,ATTIVO
francescaceliberto@gmail.com,Null,Null,Francescaceliberto Celiberto,+393717745138,SIC-ID-5EF4C60F250B,NULL,,SICUREZZA,0,PROMO_SETTEMBRE_VIP,ATTIVO
francescagobesso@hotmail.com,Null,Null,Francescagobesso,,SIC-ID-42DBE3334934,NULL,,SICUREZZA,0,PROMO_SETTEMBRE_VIP,ATTIVO
francescaliccardi@hotmail.com,Null,Null,Francescaliccardi,+393285498899,SIC-ID-A9A7148223F0,NULL,,SICUREZZA,0,PROMO_SETTEMBRE_VIP,ATTIVO
francesco@solo.sh,Null,Null,Francesco Arnone Pos,+393480866502,SIC-ID-9FC24463EF0D,NULL,,SICUREZZA,0,PROMO_SETTEMBRE_VIP,ATTIVO
francesco.brami@changecapital.it,Null,Null,Francesco Brami,+393319006308,SIC-ID-9B765E3EBA5F,NULL,,SICUREZZA,0,PROMO_SETTEMBRE_VIP,ATTIVO
francesco.dalpiaz@gmail.com,Null,Null,Francesco Dalpiaz,+393474483215,SIC-ID-FA333DC6244F,NULL,,SICUREZZA,0,PROMO_SETTEMBRE_VIP,ATTIVO
fravelli58@hotmail.it,Null,Null,Francesco Lyo,+393355253084,SIC-ID-9EC3B3B41B0C,NULL,,SICUREZZA,0,PROMO_SETTEMBRE_VIP,ATTIVO
francesco.passoni@unionextrusion.it,Null,Null,Francesco Passoni,+393389168273,SIC-ID-7089C8214873,NULL,,SICUREZZA,0,PROMO_SETTEMBRE_VIP,ATTIVO
francesco.schioppa@gmail.com,Null,Null,Francesco Schioppa,+393483635918,SIC-ID-9F192D215823,NULL,,SICUREZZA,0,PROMO_SETTEMBRE_VIP,ATTIVO
soncini.francesco@alice.it,Null,Null,Francesco Soncini,+393283919197,SIC-ID-DEF9C256AE5D,NULL,,SICUREZZA,0,PROMO_SETTEMBRE_VIP,ATTIVO
francesco.zanirato@yahoo.it,Null,Null,Francesco Zanirato,+393348374549,SIC-ID-CDBDD0BA0E56,NULL,,SICUREZZA,0,PROMO_SETTEMBRE_VIP,ATTIVO
francesco.zantedeschi@isolabio.eu,Null,Null,Francesco Zantedeschi,+393208858567,SIC-ID-0FBFE226563C,NULL,,SICUREZZA,0,PROMO_SETTEMBRE_VIP,ATTIVO
francesco_barengo@libero.it,Null,Null,Francesco_barengo,,SIC-ID-B586B56D1078,NULL,,SICUREZZA,0,PROMO_SETTEMBRE_VIP,ATTIVO
francescogeomverzola@gmail.com,Null,Null,Francescogeomverzola,+393491990407,SIC-ID-DDB2A19623E6,NULL,,SICUREZZA,0,PROMO_SETTEMBRE_VIP,ATTIVO
francescosalviato3@gmail.com,Null,Null,Francescosalviato3,,SIC-ID-CE6C64CADF41,NULL,,SICUREZZA,0,PROMO_SETTEMBRE_VIP,ATTIVO
francescoutizisrl@gmail.com,Null,Null,Francescoutizisrl,,SIC-ID-AA016135B513,NULL,,SICUREZZA,0,PROMO_SETTEMBRE_VIP,ATTIVO
franciscaidris40@gmail.com,Null,Null,Franciscaidris40,33966574680,SIC-ID-2A5C749514CF,NULL,,SICUREZZA,0,PROMO_SETTEMBRE_VIP,ATTIVO
franco.chirco@imci-group.com,Null,Null,Franco Chirco,,SIC-ID-0AD720E57F3E,NULL,,SICUREZZA,0,PROMO_SETTEMBRE_VIP,ATTIVO
info@gruppofranco.it,Null,Null,Franco Costruzioni Srl,+39049629368,SIC-ID-E703BE074F64,NULL,PD,SICUREZZA,0,PROMO_SETTEMBRE_VIP,ATTIVO
franco.feola4@gmail.com,Null,Null,Franco Feola4,386474470,SIC-ID-304179AAE35F,NULL,,SICUREZZA,0,PROMO_SETTEMBRE_VIP,ATTIVO
franco.pasqua59@gmail.com,Null,Null,Franco Pasqua59,+3932807079460,SIC-ID-A4156CA4869F,NULL,,SICUREZZA,0,PROMO_SETTEMBRE_VIP,ATTIVO
franco.rossi@ater.rovigo.it,Null,Null,Franco Rossi,+393358140876,SIC-ID-1E4F0A1B928D,NULL,,SICUREZZA,0,PROMO_SETTEMBRE_VIP,ATTIVO
franconeri51@gmail.com,Null,Null,Franconeri-bg,+393358055687,SIC-ID-96250C91BBAE,NULL,,SICUREZZA,0,PROMO_SETTEMBRE_VIP,ATTIVO
francodetuglie@gmail.com,Null,Null,Francodetuglie,,SIC-ID-7836BD16294D,NULL,,SICUREZZA,0,PROMO_SETTEMBRE_VIP,ATTIVO
francy.68@live.it,Null,Null,Francy 68,,SIC-ID-D951D0002268,NULL,,SICUREZZA,0,PROMO_SETTEMBRE_VIP,ATTIVO
francy.fumi@tiscali.it,Null,Null,Francy Fumi,+393388077946,SIC-ID-312FF7D64FDB,NULL,,SICUREZZA,0,PROMO_SETTEMBRE_VIP,ATTIVO
francybresciani@me.com,Null,Null,Francybresciani,,SIC-ID-5A08FCC8887C,NULL,,SICUREZZA,0,PROMO_SETTEMBRE_VIP,ATTIVO
frankiedj@alice.it,Null,Null,Frankiedj,,SIC-ID-7EEE1C5B1E4C,NULL,,SICUREZZA,0,PROMO_SETTEMBRE_VIP,ATTIVO
franz.lanaro@gmail.com,Null,Null,Franz Lanaro,+393282161977,SIC-ID-75CB5A960878,NULL,,SICUREZZA,0,PROMO_SETTEMBRE_VIP,ATTIVO
franz.suono@gmail.com,Null,Null,Franz Suono,,SIC-ID-70E398BDD931,NULL,,SICUREZZA,0,PROMO_SETTEMBRE_VIP,ATTIVO
franzonstefano86@gmail.com,Null,Null,Franzonstefano86,+393396407783,SIC-ID-E337B19DDDF5,NULL,,SICUREZZA,0,PROMO_SETTEMBRE_VIP,ATTIVO
frassonmaurizio@libero.it,Null,Null,Frassonmaurizio Frasson,,SIC-ID-D80348C6E3C4,NULL,,SICUREZZA,0,PROMO_SETTEMBRE_VIP,ATTIVO
giampaolo_capra@libero.it,Null,Null,Fratelli Capra Impresa Edile A Lugo,+393386750022,SIC-ID-2DCD1B7BC22C,NULL,,SICUREZZA,0,PROMO_SETTEMBRE_VIP,ATTIVO
info@fratellimarrazzoedilizia.it,Null,Null,Fratelli Marrazzo,+390961074025,SIC-ID-D48BD088A0E7,NULL,CZ,SICUREZZA,0,PROMO_SETTEMBRE_VIP,ATTIVO
flli.nardi@libero.it,Null,Null,Fratelli Nardi Magazzino Edile,+39058823015,SIC-ID-63AA4D3EE9C4,NULL,,SICUREZZA,0,PROMO_SETTEMBRE_VIP,ATTIVO
info@fratellisindoni.com,Null,Null,Fratelli Sindoni,+390931463353,SIC-ID-1FAA0EF9BF00,NULL,SR,SICUREZZA,0,PROMO_SETTEMBRE_VIP,ATTIVO
info@sposettipavimentazioni.com,Null,Null,Fratelli Sposetti Srl - Sposetti Pavimentazioni,+39034342341,SIC-ID-0305F848DC71,NULL,,SICUREZZA,0,PROMO_SETTEMBRE_VIP,ATTIVO
info@fratellisimonetti.com,Null,Null,Fratelli Simonetti,+390714600540,SIC-ID-296F2FC0C5C8,NULL,AN,SICUREZZA,0,PROMO_SETTEMBRE_VIP,ATTIVO
frezza.andrea@libero.it,Null,Null,Frezza Andrea,+393331492007,SIC-ID-F4F3941DE7CC,NULL,,SICUREZZA,0,PROMO_SETTEMBRE_VIP,ATTIVO
info@frigotetti.com,Null,Null,Frigo Tetti Di Riccardo Frigo,+390424692050,SIC-ID-776351886B5A,NULL,,SICUREZZA,0,PROMO_SETTEMBRE_VIP,ATTIVO
frkl@libero.it,Null,Null,Frkl,,SIC-ID-88BE6498A0DA,NULL,,SICUREZZA,0,PROMO_SETTEMBRE_VIP,ATTIVO
fom@towerhotelbologna.com,Null,Null,Front Bologna,34780200360,SIC-ID-961CEF2163FF,NULL,,SICUREZZA,0,PROMO_SETTEMBRE_VIP,ATTIVO
frstudio.fr@gmail.com,Null,Null,Frstudio Fr,,SIC-ID-1D47F472FB7D,NULL,,SICUREZZA,0,PROMO_SETTEMBRE_VIP,ATTIVO
fseformazione@ascomrovigo.it,Null,Null,Fseformazione,,SIC-ID-B2C91B2075E8,NULL,,SICUREZZA,0,PROMO_SETTEMBRE_VIP,ATTIVO
fuad.vand@gmail.com,Null,Null,Fuad Vand,,SIC-ID-E2AD011AF4D8,NULL,,SICUREZZA,0,PROMO_SETTEMBRE_VIP,ATTIVO
fulvio@finottofulvio.com,Null,Null,Fulvio,,SIC-ID-1B8766DB94AD,NULL,,SICUREZZA,0,PROMO_SETTEMBRE_VIP,ATTIVO
fuoriclasse217@gmail.com,Null,Null,Fuoriclasse217,,SIC-ID-C46C33DD5647,NULL,,SICUREZZA,0,PROMO_SETTEMBRE_VIP,ATTIVO
furlanisnc@libero.it,Null,Null,Furlanisnc,,SIC-ID-39A904027B9C,NULL,,SICUREZZA,0,PROMO_SETTEMBRE_VIP,ATTIVO
info@futura.srl,Null,Null,Futura S.r.l.,+393276754136,SIC-ID-9CE4AB2FD666,NULL,,SICUREZZA,0,PROMO_SETTEMBRE_VIP,ATTIVO
fvallese1@virgilio.it,Null,Null,Fvallese1,,SIC-ID-B2D3439C4733,NULL,,SICUREZZA,0,PROMO_SETTEMBRE_VIP,ATTIVO
g.bagatin@gmail.com,Null,Null,G Bagatin,,SIC-ID-9DCAE4B0ED15,NULL,,SICUREZZA,0,PROMO_SETTEMBRE_VIP,ATTIVO
g.braj@rfi.it,Null,Null,G Braj,,SIC-ID-414D06B7FC60,NULL,,SICUREZZA,0,PROMO_SETTEMBRE_VIP,ATTIVO
g.carassini@gmail.com,Null,Null,G Carassini,,SIC-ID-3C6A7552AB1E,NULL,,SICUREZZA,0,PROMO_SETTEMBRE_VIP,ATTIVO
g.costa@tecnobitmail.com,Null,Null,G Costa,32828798600,SIC-ID-060C1E18802A,NULL,,SICUREZZA,0,PROMO_SETTEMBRE_VIP,ATTIVO
g.gallocchio@libero.it,Null,Null,G Gallocchio,,SIC-ID-D1459AC8E638,NULL,,SICUREZZA,0,PROMO_SETTEMBRE_VIP,ATTIVO
g.landini@stablecomp.com,Null,Null,G Landini,+393355858184,SIC-ID-C5A06300FCEC,NULL,,SICUREZZA,0,PROMO_SETTEMBRE_VIP,ATTIVO
g.manfredi@comas-srl.com,Null,Null,G Manfredi,,SIC-ID-948939E27B16,NULL,,SICUREZZA,0,PROMO_SETTEMBRE_VIP,ATTIVO
g.visentin@yahoo.it,Null,Null,G Visentin,,SIC-ID-712E6EF27CDA,NULL,,SICUREZZA,0,PROMO_SETTEMBRE_VIP,ATTIVO
g.zuolo@politecnaeng.it,Null,Null,G Zuolo,,SIC-ID-1CEB6DCF0A87,NULL,,SICUREZZA,0,PROMO_SETTEMBRE_VIP,ATTIVO
info@annalu.it,Null,Null,G. & V. - Impresa Edile Pistoia,+393454589830,SIC-ID-2428225ECEF4,NULL,,SICUREZZA,0,PROMO_SETTEMBRE_VIP,ATTIVO
parafarmaciarattazzi@gmail.com,Null,Null,G. Edilizia Technology Srl,+393371061111,SIC-ID-4D5F0F257304,NULL,,SICUREZZA,0,PROMO_SETTEMBRE_VIP,ATTIVO
info@gbacostruzioni.it,Null,Null,G.b.a. Costruzioni Srl,+39058353406,SIC-ID-C0C958DBE96A,NULL,LU,SICUREZZA,0,PROMO_SETTEMBRE_VIP,ATTIVO
gbfinduno@gbfsrl.it,Null,Null,G.b.f. Srl Lattoneria – Rivenditore Velux,+390332200069,SIC-ID-FF96647CA7B6,NULL,VA,SICUREZZA,0,PROMO_SETTEMBRE_VIP,ATTIVO
assistenza@webador.it,Null,Null,G.g.s. Lavori Edili Di Geloso Salvatore,+393343325479,SIC-ID-3B812E063D93,NULL,,SICUREZZA,0,PROMO_SETTEMBRE_VIP,ATTIVO
info@gbrsolution.it,Null,Null,Gbr Solution - Coperture | Edilizia | Impermeabilizzazioni,+390222226791,SIC-ID-39900C13F98D,NULL,MI,SICUREZZA,0,PROMO_SETTEMBRE_VIP,ATTIVO
richiestainfo@genertel.it,Null,Null,Genertel Trieste,,SIC-ID-4C56F7631877,NULL,,SICUREZZA,0,PROMO_SETTEMBRE_VIP,ATTIVO
info@genesystudio.it,Null,Null,Genesys Architetti,+393343402538,SIC-ID-E9EAF43ABF5E,NULL,,SICUREZZA,0,PROMO_SETTEMBRE_VIP,ATTIVO
legalerappresentante@gescoedilicia.com,Null,Null,Ges.co. Edilicia Srl,+393426332896,SIC-ID-5767C28CC439,NULL,,SICUREZZA,0,PROMO_SETTEMBRE_VIP,ATTIVO
shop@gfcarval.it,Null,Null,Gf Carval - Edilizia,+39064512027,SIC-ID-2B3FAB9F0D87,NULL,RM,SICUREZZA,0,PROMO_SETTEMBRE_VIP,ATTIVO
gmscseriocostruzioni@gmail.com,Null,Null,Gmsc Serio Costruzioni,+393476132720,SIC-ID-4AF113DB92FD,NULL,,SICUREZZA,0,PROMO_SETTEMBRE_VIP,ATTIVO
gaal@inwind.it,Null,Null,Gaal,,SIC-ID-580CC1BC34FE,NULL,,SICUREZZA,0,PROMO_SETTEMBRE_VIP,ATTIVO
gabriela.g1@alice.it,Null,Null,Gabriela G1,,SIC-ID-ED9E415D357F,NULL,,SICUREZZA,0,PROMO_SETTEMBRE_VIP,ATTIVO
gabry88.rossi@gmail.com,Null,Null,Gabriele Rossi,+393282422301,SIC-ID-7DE4D6D04E0A,NULL,,SICUREZZA,0,PROMO_SETTEMBRE_VIP,ATTIVO
gabriele.senno@amesvenezia.it,Null,Null,Gabriele Senno,+3934915912520,SIC-ID-D27E902B7504,NULL,,SICUREZZA,0,PROMO_SETTEMBRE_VIP,ATTIVO
gabriele.zanirato@hotmail.it,Null,Null,Gabriele Zanirato,+393397385012,SIC-ID-FB132B7F2D4E,NULL,,SICUREZZA,0,PROMO_SETTEMBRE_VIP,ATTIVO
gabrielebovolenta@virgilio.it,Null,Null,Gabrielebovolenta,,SIC-ID-3D5EE094760A,NULL,,SICUREZZA,0,PROMO_SETTEMBRE_VIP,ATTIVO
gabrielegiatti@alice.it,Null,Null,Gabrielegiatti,,SIC-ID-B5FA7D01F240,NULL,,SICUREZZA,0,PROMO_SETTEMBRE_VIP,ATTIVO
gabrielemazzaro@finproject.biz,Null,Null,Gabrielemazzaro,,SIC-ID-347B5C5E4EB7,NULL,,SICUREZZA,0,PROMO_SETTEMBRE_VIP,ATTIVO
info@ristorantemolo45.it,Null,Null,Gabrio 45,+393293619477,SIC-ID-F8C5662E1C4C,NULL,,SICUREZZA,0,PROMO_SETTEMBRE_VIP,ATTIVO
gabrydematte@gmail.com,Null,Null,Gabrydematte,,SIC-ID-35681AB93FBA,NULL,,SICUREZZA,0,PROMO_SETTEMBRE_VIP,ATTIVO
gadir.cg@gmail.com,Null,Null,Gadir Cg,,SIC-ID-585DB9A74287,NULL,,SICUREZZA,0,PROMO_SETTEMBRE_VIP,ATTIVO
gaeema@tin.it,Null,Null,Gaeema 4,,SIC-ID-9E9C61B2D228,NULL,,SICUREZZA,0,PROMO_SETTEMBRE_VIP,ATTIVO
gaetano.soardo@gmail.com,Null,Null,Gaetano Soardo,+393482258004,SIC-ID-903AAE74E03A,NULL,,SICUREZZA,0,PROMO_SETTEMBRE_VIP,ATTIVO
gaetanosicurello@gmail.com,Null,Null,Gaetanosicurello,+393497227068,SIC-ID-C2D2C7BDB36E,NULL,,SICUREZZA,0,PROMO_SETTEMBRE_VIP,ATTIVO
galbian72@gmail.com,Null,Null,Galbian72 Galbiati,,SIC-ID-6EF59FAB9CEF,NULL,,SICUREZZA,0,PROMO_SETTEMBRE_VIP,ATTIVO
gallieram@libero.it,Null,Null,Galliera Costruzioni S.r.l.,+390532897718,SIC-ID-9939B171A78B,NULL,FE,SICUREZZA,0,PROMO_SETTEMBRE_VIP,ATTIVO
galluppi.simona@libero.it,Null,Null,Galluppi Simona,+393775459877,SIC-ID-0A8A8C766A3A,NULL,,SICUREZZA,0,PROMO_SETTEMBRE_VIP,ATTIVO
info@gamelettroimpianti.it,Null,Null,Gam Opere Edili,+393204134295,SIC-ID-BA101CBCF470,NULL,,SICUREZZA,0,PROMO_SETTEMBRE_VIP,ATTIVO
receptionhotel@gardaland.it,Null,Null,Gardaland Hotel Resort Reception,34023814060,SIC-ID-FE50AEF6019C,NULL,,SICUREZZA,0,PROMO_SETTEMBRE_VIP,ATTIVO
gardenaleestintori@libero.it,Null,Null,Gardenale Estintori,+390425757906,SIC-ID-2FBC2CB9A8C6,NULL,RO,SICUREZZA,0,PROMO_SETTEMBRE_VIP,ATTIVO
garofaloa68@gmail.com,Null,Null,Garofaloa68,,SIC-ID-D3C60920C15F,NULL,,SICUREZZA,0,PROMO_SETTEMBRE_VIP,ATTIVO
gasparettoandrea2000@outlook.it,Null,Null,Gasparettoandrea2000,+393283919197,SIC-ID-8810466579C6,NULL,,SICUREZZA,0,PROMO_SETTEMBRE_VIP,ATTIVO
gattaliu@tiscalinet.it,Null,Null,Gattaliu,,SIC-ID-18B18CDF5998,NULL,,SICUREZZA,0,PROMO_SETTEMBRE_VIP,ATTIVO
gattoelia8@gcom.it,Null,Null,Gattoelia8,,SIC-ID-246A23FC4FA4,NULL,,SICUREZZA,0,PROMO_SETTEMBRE_VIP,ATTIVO
gavioli@ater.rovigo.it,Null,Null,Gavioli,,SIC-ID-2AAE1825543D,NULL,,SICUREZZA,0,PROMO_SETTEMBRE_VIP,ATTIVO
gboem@equipefinance.it,Null,Null,Gboem,,SIC-ID-BEAE30DA66AB,NULL,,SICUREZZA,0,PROMO_SETTEMBRE_VIP,ATTIVO
gd.verniciature@yahoo.it,Null,Null,Gd Verniciature,,SIC-ID-6AC198D5BB10,NULL,,SICUREZZA,0,PROMO_SETTEMBRE_VIP,ATTIVO
camille.baudin@gefco.co.uk,Null,Null,Gefco Italia,+393902932701,SIC-ID-0D7E3FA1A127,NULL,,SICUREZZA,0,PROMO_SETTEMBRE_VIP,ATTIVO
gelateriamimosa@virgilio.it,Null,Null,Gelateriamimosa,,SIC-ID-FDA9AFF160B6,NULL,,SICUREZZA,0,PROMO_SETTEMBRE_VIP,ATTIVO
gelindo.stoppa@alice.it,Null,Null,Gelindo Stoppa,,SIC-ID-4EA497A926BC,NULL,,SICUREZZA,0,PROMO_SETTEMBRE_VIP,ATTIVO
gem@godaddy.com,Null,Null,Gem Or Service,+3934714717140,SIC-ID-6EAE8425B9CF,NULL,,SICUREZZA,0,PROMO_SETTEMBRE_VIP,ATTIVO
michela.taddia@gemmasrl.net,Null,Null,Gemma S.r.l.,+390532846537,SIC-ID-9014493096C7,NULL,FE,SICUREZZA,0,PROMO_SETTEMBRE_VIP,ATTIVO
gen_costruzioni@virgilio.it,Null,Null,Gen_costruzioni,,SIC-ID-4F11FB30DCEF,NULL,,SICUREZZA,0,PROMO_SETTEMBRE_VIP,ATTIVO
soluzione_legno@libero.it,Null,Null,Gennari Matteo Soluzione Snc,+393428264120,SIC-ID-663EDB3476EE,NULL,,SICUREZZA,0,PROMO_SETTEMBRE_VIP,ATTIVO
gennarodimarzo1963@gmail.com,Null,Null,Gennarodimarzo1963,,SIC-ID-8528A2AB9ECF,NULL,,SICUREZZA,0,PROMO_SETTEMBRE_VIP,ATTIVO
gennaroleone75@gmail.com,Null,Null,Gennaroleone75,,SIC-ID-91254EE05550,NULL,,SICUREZZA,0,PROMO_SETTEMBRE_VIP,ATTIVO
genny.pagliai@tiscali.it,Null,Null,Genny Pagliai,,SIC-ID-71C318115487,NULL,,SICUREZZA,0,PROMO_SETTEMBRE_VIP,ATTIVO
geo.michieletti@tiscali.it,Null,Null,Geo Michieletti,,SIC-ID-B04FF17ECD2A,NULL,,SICUREZZA,0,PROMO_SETTEMBRE_VIP,ATTIVO
geo.sandro@virgilio.it,Null,Null,Geo Sandro,,SIC-ID-A5643B1694B5,NULL,,SICUREZZA,0,PROMO_SETTEMBRE_VIP,ATTIVO
geoale1962@libero.it,Null,Null,Geoale1962 Marciano' Surf Expo Roma,+393387003044,SIC-ID-77FB7BA9E9A3,NULL,,SICUREZZA,0,PROMO_SETTEMBRE_VIP,ATTIVO
geoberni@hotmail.it,Null,Null,Geoberni,,SIC-ID-34F199200220,NULL,,SICUREZZA,0,PROMO_SETTEMBRE_VIP,ATTIVO
geologia@sigeo.info,Null,Null,Geologia,,SIC-ID-622F510E1FED,NULL,,SICUREZZA,0,PROMO_SETTEMBRE_VIP,ATTIVO
geom.albertocastagna@gmail.com,Null,Null,Geom Albertocastagna,,SIC-ID-8F4EB89E533B,NULL,,SICUREZZA,0,PROMO_SETTEMBRE_VIP,ATTIVO
geom.aldosegato@stargatenet.it,Null,Null,Geom Aldosegato,,SIC-ID-B631301DA160,NULL,,SICUREZZA,0,PROMO_SETTEMBRE_VIP,ATTIVO
geom.beggiato@live.it,Null,Null,Geom Beggiato,,SIC-ID-B81ACF54857F,NULL,,SICUREZZA,0,PROMO_SETTEMBRE_VIP,ATTIVO
geom.buora@libero.it,Null,Null,Geom Buora,,SIC-ID-6DA162B01FC7,NULL,,SICUREZZA,0,PROMO_SETTEMBRE_VIP,ATTIVO
geom.camisottilino@tiscali.it,Null,Null,Geom Camisottilino,,SIC-ID-F342D7E07765,NULL,,SICUREZZA,0,PROMO_SETTEMBRE_VIP,ATTIVO
geom.candellieri@virgilio.it,Null,Null,Geom Candellieri,,SIC-ID-6CF9CF9005BF,NULL,,SICUREZZA,0,PROMO_SETTEMBRE_VIP,ATTIVO
geom.colombo@alice.it,Null,Null,Geom Colombo,,SIC-ID-F11146012E94,NULL,,SICUREZZA,0,PROMO_SETTEMBRE_VIP,ATTIVO
geom.destro@alice.it,Null,Null,Geom Destro,,SIC-ID-AA1621182129,NULL,,SICUREZZA,0,PROMO_SETTEMBRE_VIP,ATTIVO
geom.fogagnolo@gmail.com,Null,Null,Geom Fogagnolo,,SIC-ID-8CE9F9A63AF7,NULL,,SICUREZZA,0,PROMO_SETTEMBRE_VIP,ATTIVO
geom.franco.grasso63@gmail.com,Null,Null,Geom Franco Grasso63,,SIC-ID-A9F23F478B05,NULL,,SICUREZZA,0,PROMO_SETTEMBRE_VIP,ATTIVO
geom.giovanninimauro@alice.it,Null,Null,Geom Giovanninimauro,+393487236264,SIC-ID-E1465E67C7FF,NULL,,SICUREZZA,0,PROMO_SETTEMBRE_VIP,ATTIVO
geom.lucaformaglio@virgilio.it,Null,Null,Geom Lucaformaglio,,SIC-ID-C47CDA2349A9,NULL,,SICUREZZA,0,PROMO_SETTEMBRE_VIP,ATTIVO
geom.mariotrevisan@gmail.com,Null,Null,Geom Mariotrevisan,,SIC-ID-C50754F95754,NULL,,SICUREZZA,0,PROMO_SETTEMBRE_VIP,ATTIVO
geom.matteocasarotto@stargatenet.it,Null,Null,Geom Matteocasarotto,,SIC-ID-67A9073F397F,NULL,,SICUREZZA,0,PROMO_SETTEMBRE_VIP,ATTIVO
geom.mauriziocassetta@gmail.com,Null,Null,Geom Mauriziocassetta,,SIC-ID-DE1E31D0E6E9,NULL,,SICUREZZA,0,PROMO_SETTEMBRE_VIP,ATTIVO
geom.r.sagredin@virgilio.it,Null,Null,Geom R Sagredin,,SIC-ID-7F6E630FA3F7,NULL,,SICUREZZA,0,PROMO_SETTEMBRE_VIP,ATTIVO
geom.rossinico@libero.it,Null,Null,Geom Rossinico,,SIC-ID-A1FDE3FCCDF7,NULL,,SICUREZZA,0,PROMO_SETTEMBRE_VIP,ATTIVO
studio-ceciliato@libero.it,Null,Null,Geom Sante,+393394213478,SIC-ID-63DCFC539E72,NULL,,SICUREZZA,0,PROMO_SETTEMBRE_VIP,ATTIVO
geom.vicentini@libero.it,Null,Null,Geom Vicentini,,SIC-ID-887581C67D94,NULL,,SICUREZZA,0,PROMO_SETTEMBRE_VIP,ATTIVO
geomax_mc@libero.it,Null,Null,Geomax_mc,,SIC-ID-24A056466B90,NULL,,SICUREZZA,0,PROMO_SETTEMBRE_VIP,ATTIVO
geomberto@libero.it,Null,Null,Geomberto,,SIC-ID-E08EEAF98557,NULL,,SICUREZZA,0,PROMO_SETTEMBRE_VIP,ATTIVO
geometra@federicogazzetta.it,Null,Null,Geometra,,SIC-ID-37ECEF238606,NULL,,SICUREZZA,0,PROMO_SETTEMBRE_VIP,ATTIVO
geometra.devivo@gmail.com,Null,Null,Geometra Devivo,,SIC-ID-8498FA5A5272,NULL,,SICUREZZA,0,PROMO_SETTEMBRE_VIP,ATTIVO
geometra.neodo@gmail.com,Null,Null,Geometra Neodo,,SIC-ID-A1496F200FC4,NULL,,SICUREZZA,0,PROMO_SETTEMBRE_VIP,ATTIVO
geometragfm@virgilio.it,Null,Null,Geometragfm,,SIC-ID-78F8F9B7798E,NULL,,SICUREZZA,0,PROMO_SETTEMBRE_VIP,ATTIVO
geometri.finanziamenti@popso.it,Null,Null,Geometri Fiziamenti,,SIC-ID-E0D7BE8FB71B,NULL,,SICUREZZA,0,PROMO_SETTEMBRE_VIP,ATTIVO
geommosca@libero.it,Null,Null,Geommosca,,SIC-ID-7472D0259C8E,NULL,,SICUREZZA,0,PROMO_SETTEMBRE_VIP,ATTIVO
geompavasini@gmail.com,Null,Null,Geompavasini,,SIC-ID-665AD9CFD41F,NULL,,SICUREZZA,0,PROMO_SETTEMBRE_VIP,ATTIVO
geomsoncin@tin.it,Null,Null,Geomsoncin,,SIC-ID-CC1326E0CD81,NULL,,SICUREZZA,0,PROMO_SETTEMBRE_VIP,ATTIVO
geomstefanocarboni@libero.it,Null,Null,Geomstefanocarboni,,SIC-ID-EB5C7EFA4013,NULL,,SICUREZZA,0,PROMO_SETTEMBRE_VIP,ATTIVO
geopalitalia@gmail.com,Null,Null,Geopalitalia,,SIC-ID-2A42057DAA92,NULL,,SICUREZZA,0,PROMO_SETTEMBRE_VIP,ATTIVO
geopla@libero.it,Null,Null,Geopla Cutuli,+393357035951,SIC-ID-99EE1F325FE2,NULL,,SICUREZZA,0,PROMO_SETTEMBRE_VIP,ATTIVO
georgsamuel@gmail.com,Null,Null,Georgsamuel,,SIC-ID-4FD7E17B91C7,NULL,,SICUREZZA,0,PROMO_SETTEMBRE_VIP,ATTIVO
georubi@libero.it,Null,Null,Georubi,,SIC-ID-1435E74A1E06,NULL,,SICUREZZA,0,PROMO_SETTEMBRE_VIP,ATTIVO
geostudio.08@gmail.com,Null,Null,Geostudio 08,,SIC-ID-730C510305F6,NULL,,SICUREZZA,0,PROMO_SETTEMBRE_VIP,ATTIVO
geotecnostudio@libero.it,Null,Null,Geotecnostudio,,SIC-ID-575576CFBA09,NULL,,SICUREZZA,0,PROMO_SETTEMBRE_VIP,ATTIVO
geoumbe@libero.it,Null,Null,Geoumbe,,SIC-ID-CB603DB877EF,NULL,,SICUREZZA,0,PROMO_SETTEMBRE_VIP,ATTIVO
info@geoweb.it,Null,Null,Geoweb Roma,,SIC-ID-8028A1C5A6EE,NULL,,SICUREZZA,0,PROMO_SETTEMBRE_VIP,ATTIVO
gepo69@alice.it,Null,Null,Gepo69,,SIC-ID-297A6EDBFD2E,NULL,,SICUREZZA,0,PROMO_SETTEMBRE_VIP,ATTIVO
info.cagepa@gmail.com,Null,Null,Geppino,,SIC-ID-93F7342BECD9,NULL,,SICUREZZA,0,PROMO_SETTEMBRE_VIP,ATTIVO
gerardina.delvecchio@gmail.com,Null,Null,Gerardina Delvecchio,,SIC-ID-23E39F3A055C,NULL,,SICUREZZA,0,PROMO_SETTEMBRE_VIP,ATTIVO
gerardo.stefan@libero.it,Null,Null,Gerardo Stefan,,SIC-ID-4D5B246D7C0A,NULL,,SICUREZZA,0,PROMO_SETTEMBRE_VIP,ATTIVO
germanmi@tin.it,Null,Null,Germanmi,,SIC-ID-7640A00FA81C,NULL,,SICUREZZA,0,PROMO_SETTEMBRE_VIP,ATTIVO
gessicaferro85@gmail.com,Null,Null,Gessicaferro85,,SIC-ID-76C723152C25,NULL,,SICUREZZA,0,PROMO_SETTEMBRE_VIP,ATTIVO
gestore@g-patrol.it,Null,Null,Gestore,,SIC-ID-436976C7189E,NULL,,SICUREZZA,0,PROMO_SETTEMBRE_VIP,ATTIVO
info@gheco.it,Null,Null,Gheco Costruzioni Generali S.r.l.,+3906622860300,SIC-ID-02D73428D16C,NULL,RM,SICUREZZA,0,PROMO_SETTEMBRE_VIP,ATTIVO
gherardinivittorio@gmail.com,Null,Null,Gherardinivittorio,,SIC-ID-137CA63F4B86,NULL,,SICUREZZA,0,PROMO_SETTEMBRE_VIP,ATTIVO
ghezzog@alice.it,Null,Null,Ghezzog,,SIC-ID-CC0B774A7A84,NULL,,SICUREZZA,0,PROMO_SETTEMBRE_VIP,ATTIVO
ghiro.14@libero.it,Null,Null,Ghiro 14,,SIC-ID-9DDDFE1EF534,NULL,,SICUREZZA,0,PROMO_SETTEMBRE_VIP,ATTIVO
prolocofrass@libero.it,Null,Null,Ghisellini Giovanni,34812119630,SIC-ID-6AA371941F53,NULL,,SICUREZZA,0,PROMO_SETTEMBRE_VIP,ATTIVO
giacomelli.cristina@tiscali.it,Null,Null,Giacomelli Cristina,,SIC-ID-BDBC54CA9625,NULL,,SICUREZZA,0,PROMO_SETTEMBRE_VIP,ATTIVO
giacomo@giacomofreddi.it,Null,Null,Giacomo,,SIC-ID-56DB295EF1BF,NULL,,SICUREZZA,0,PROMO_SETTEMBRE_VIP,ATTIVO
giacomo.franzoso@gmail.com,Null,Null,Giacomo Franzoso,+393463336525,SIC-ID-5027F25E0AC6,NULL,,SICUREZZA,0,PROMO_SETTEMBRE_VIP,ATTIVO
giacomo.trombini@virgilio.it,Null,Null,Giacomo Trombini,,SIC-ID-7991CCBC742E,NULL,,SICUREZZA,0,PROMO_SETTEMBRE_VIP,ATTIVO
giacomo@agentidoma.it,Null,Null,Giacomo. Doma Doná,+393938118156,SIC-ID-91DF089F52C8,NULL,,SICUREZZA,0,PROMO_SETTEMBRE_VIP,ATTIVO
giacomotrabalzini@hotmail.com,Null,Null,Giacomotrabalzini Trabalzini,+393518290377,SIC-ID-46703F972847,NULL,,SICUREZZA,0,PROMO_SETTEMBRE_VIP,ATTIVO
giacomotuzza@libero.it,Null,Null,Giacomotuzza,,SIC-ID-83C04FC73BBD,NULL,,SICUREZZA,0,PROMO_SETTEMBRE_VIP,ATTIVO
giaconthomas@libero.it,Null,Null,Giaconthomas,,SIC-ID-1A426B4B946B,NULL,,SICUREZZA,0,PROMO_SETTEMBRE_VIP,ATTIVO
info@giammetta.it,Null,Null,Giametta,+390923941470,SIC-ID-B095C610387B,NULL,,SICUREZZA,0,PROMO_SETTEMBRE_VIP,ATTIVO
diego.ddm747@gmail.com,Null,Null,Giampaolo Lyo,+393921253679,SIC-ID-58BBFD56F7F0,NULL,,SICUREZZA,0,PROMO_SETTEMBRE_VIP,ATTIVO
giampaoloantonio@tiscali.it,Null,Null,Giampaoloantonio,,SIC-ID-65C9F0D9EC8F,NULL,,SICUREZZA,0,PROMO_SETTEMBRE_VIP,ATTIVO
giampaolobaccaglini@virgilio.it,Null,Null,Giampaolobaccaglini,+393452150198,SIC-ID-9280A39DCCA4,NULL,,SICUREZZA,0,PROMO_SETTEMBRE_VIP,ATTIVO
giampietro@studiosaccon.it,Null,Null,Giampietro,,SIC-ID-0EB7D7585813,NULL,,SICUREZZA,0,PROMO_SETTEMBRE_VIP,ATTIVO
gennari.giancarlo@libero.it,Null,Null,Giancarlo Gennari,+393339932757,SIC-ID-63B9E3D9E616,NULL,,SICUREZZA,0,PROMO_SETTEMBRE_VIP,ATTIVO
gianfrancacris@gmail.com,Null,Null,Gianfrancacris,+393289574125,SIC-ID-171B022C43DB,NULL,,SICUREZZA,0,PROMO_SETTEMBRE_VIP,ATTIVO
gianfranco.it@gmail.com,Null,Null,Gianfranco It,+3933816269220,SIC-ID-2377B9030FE3,NULL,,SICUREZZA,0,PROMO_SETTEMBRE_VIP,ATTIVO
gianfranco@bbq4all.it,Null,Null,Gianfranco Lo Cascio,+393479133699,SIC-ID-E931E1EC0BE4,NULL,,SICUREZZA,0,PROMO_SETTEMBRE_VIP,ATTIVO
gianfrancogriggio@tin.it,Null,Null,Gianfrancogriggio,+393357627572,SIC-ID-E0F613BC6CC3,NULL,,SICUREZZA,0,PROMO_SETTEMBRE_VIP,ATTIVO
gianfrancolosi@katamail.com,Null,Null,Gianfrancolosi,,SIC-ID-249B72D8CB56,NULL,,SICUREZZA,0,PROMO_SETTEMBRE_VIP,ATTIVO
giankipoc@outlook.it,Null,Null,Giankipoc,,SIC-ID-9BAE48D44BC2,NULL,,SICUREZZA,0,PROMO_SETTEMBRE_VIP,ATTIVO
gianlu.frez@libero.it,Null,Null,Gianlu Frez,,SIC-ID-3D04BB8BE969,NULL,,SICUREZZA,0,PROMO_SETTEMBRE_VIP,ATTIVO
gianluca.follini@gmail.com,Null,Null,Gianluca Follini,+393883537782,SIC-ID-5592C1F4392A,NULL,,SICUREZZA,0,PROMO_SETTEMBRE_VIP,ATTIVO
gianluca.galetto@gmail.com,Null,Null,Gianluca Galetto,+393476488692,SIC-ID-51D5A1F9F19B,NULL,,SICUREZZA,0,PROMO_SETTEMBRE_VIP,ATTIVO
3.g@tiscali.it,Null,Null,Gianluca Prescianotto,+393483844651,SIC-ID-9A1A3BC03A7B,NULL,,SICUREZZA,0,PROMO_SETTEMBRE_VIP,ATTIVO
gianluca.sacco@libero.it,Null,Null,Gianluca Sacco,+393472376788,SIC-ID-B571ACF030F4,NULL,,SICUREZZA,0,PROMO_SETTEMBRE_VIP,ATTIVO
gianluca.schio@live.it,Null,Null,Gianluca Schio,+393334597799,SIC-ID-452A0C8D687C,NULL,,SICUREZZA,0,PROMO_SETTEMBRE_VIP,ATTIVO
gianlucacarraro@iol.it,Null,Null,Gianlucacarraro,+393206294116,SIC-ID-10890E3BA00F,NULL,,SICUREZZA,0,PROMO_SETTEMBRE_VIP,ATTIVO
gianlucaloi69@gmail.com,Null,Null,Gianlucaloi69,,SIC-ID-475A5E54E40D,NULL,,SICUREZZA,0,PROMO_SETTEMBRE_VIP,ATTIVO
gianlucapignotti@tiscali.it,Null,Null,Gianlucapignotti,,SIC-ID-8F3A6DF19D25,NULL,,SICUREZZA,0,PROMO_SETTEMBRE_VIP,ATTIVO
gianni@gagliardo.it,Null,Null,Gianni,,SIC-ID-BB5688FE5EB8,NULL,,SICUREZZA,0,PROMO_SETTEMBRE_VIP,ATTIVO
gianni.bertelle@gmail.com,Null,Null,Gianni Bertelle,+393283352697,SIC-ID-30ECA1C0C81C,NULL,,SICUREZZA,0,PROMO_SETTEMBRE_VIP,ATTIVO
gianni.bragante@email.it,Null,Null,Gianni Bragante,+393476495083,SIC-ID-162D3D2B0026,NULL,,SICUREZZA,0,PROMO_SETTEMBRE_VIP,ATTIVO
gianni.cantelli@alice.it,Null,Null,Gianni Cantelli,+393482403080,SIC-ID-293C799966C2,NULL,,SICUREZZA,0,PROMO_SETTEMBRE_VIP,ATTIVO
janisero@gmail.com,Null,Null,Gianni Schiavon,+393478526000,SIC-ID-CC472A9C27F3,NULL,,SICUREZZA,0,PROMO_SETTEMBRE_VIP,ATTIVO
giannibeninca@libero.it,Null,Null,Giannibeninca,,SIC-ID-3B62BFFD6E4B,NULL,,SICUREZZA,0,PROMO_SETTEMBRE_VIP,ATTIVO
giannibuldo@yahoo.it,Null,Null,Giannibuldo,+393356924648,SIC-ID-FEB77E8AAA3E,NULL,,SICUREZZA,0,PROMO_SETTEMBRE_VIP,ATTIVO
giannifederico@gmail.com,Null,Null,Giannifederico Federico,,SIC-ID-ED3435CF9D11,NULL,,SICUREZZA,0,PROMO_SETTEMBRE_VIP,ATTIVO
gianniscanu@alice.it,Null,Null,Gianniscanu,,SIC-ID-B8035EF64132,NULL,,SICUREZZA,0,PROMO_SETTEMBRE_VIP,ATTIVO
gianpietropea@hotmail.it,Null,Null,Gianpietropea,,SIC-ID-0BF2A3936AA9,NULL,,SICUREZZA,0,PROMO_SETTEMBRE_VIP,ATTIVO
giattiluciano@gmail.com,Null,Null,Giattiluciano,+393477048924,SIC-ID-0C1CF07BADDA,NULL,,SICUREZZA,0,PROMO_SETTEMBRE_VIP,ATTIVO
gibinivan@libero.it,Null,Null,Gibinivan,,SIC-ID-279A68CBC3CB,NULL,,SICUREZZA,0,PROMO_SETTEMBRE_VIP,ATTIVO
gigiturla@gmail.com,Null,Null,Gigi Turla,,SIC-ID-AF6B687E7092,NULL,,SICUREZZA,0,PROMO_SETTEMBRE_VIP,ATTIVO
gigino93@gmail.com,Null,Null,Gigino93 Candela,,SIC-ID-81446416D9E7,NULL,,SICUREZZA,0,PROMO_SETTEMBRE_VIP,ATTIVO
gigisabia70@gmail.com,Null,Null,Gigisabia70,,SIC-ID-9E1D633E443C,NULL,,SICUREZZA,0,PROMO_SETTEMBRE_VIP,ATTIVO
gimmilanza@hotmail.it,Null,Null,Gimmilanza,,SIC-ID-4D7CE2945B7B,NULL,,SICUREZZA,0,PROMO_SETTEMBRE_VIP,ATTIVO
info@sititematici.it,Null,Null,Ginardi Arredamenti Srl,+39065895027,SIC-ID-B2A58EE576AF,NULL,RM,SICUREZZA,0,PROMO_SETTEMBRE_VIP,ATTIVO
tappezzeriasalese@gmail.com,Null,Null,Ginko Srl,+393486618168,SIC-ID-05C11DDB9C5F,NULL,,SICUREZZA,0,PROMO_SETTEMBRE_VIP,ATTIVO
gino@strovigo.com,Null,Null,Gino,+3934536091680,SIC-ID-610A21CFB844,NULL,,SICUREZZA,0,PROMO_SETTEMBRE_VIP,ATTIVO
ginosafranco1@gmail.com,Null,Null,Ginosafranco1,,SIC-ID-4C3D6C87B2C0,NULL,,SICUREZZA,0,PROMO_SETTEMBRE_VIP,ATTIVO
gio.baroni65@gmail.com,Null,Null,Gio Baroni65,,SIC-ID-2E072E85E339,NULL,,SICUREZZA,0,PROMO_SETTEMBRE_VIP,ATTIVO
gio.gallone@gmail.com,Null,Null,Gio Gallone,,SIC-ID-6EA6FF3CD4FB,NULL,,SICUREZZA,0,PROMO_SETTEMBRE_VIP,ATTIVO
gioehein@libero.it,Null,Null,Gioehein Dell'erba,,SIC-ID-8697B1C17680,NULL,,SICUREZZA,0,PROMO_SETTEMBRE_VIP,ATTIVO
giofavarotto@tiscali.it,Null,Null,Giofavarotto,,SIC-ID-EBAD5A888376,NULL,,SICUREZZA,0,PROMO_SETTEMBRE_VIP,ATTIVO
giordanocostruzioni@gmail.com,Null,Null,Giordanocostruzioni Giordano,+393357542030,SIC-ID-5B440E3EDBD6,NULL,,SICUREZZA,0,PROMO_SETTEMBRE_VIP,ATTIVO
info@giorgettirenzo.it,Null,Null,"Giorgetti Renzo | Magazzino Edile Lucca, Pavimenti, Arredo Bagno, Caminetti E Terrecotte",+390583928103,SIC-ID-18D4297525E5,NULL,LU,SICUREZZA,0,PROMO_SETTEMBRE_VIP,ATTIVO
giorgia.tasso@alice.it,Null,Null,Giorgia Tasso,,SIC-ID-DDC37F7D7B65,NULL,,SICUREZZA,0,PROMO_SETTEMBRE_VIP,ATTIVO
giorgian@venditaautomatica.com,Null,Null,Giorgian,,SIC-ID-98BA662CEA0A,NULL,,SICUREZZA,0,PROMO_SETTEMBRE_VIP,ATTIVO
giorgio.dagostini@elitestate.it,Null,Null,Giorgio Dagostini,+393490781729,SIC-ID-5BF269ACB368,NULL,,SICUREZZA,0,PROMO_SETTEMBRE_VIP,ATTIVO
giorgio.decastello@haritalia.com,Null,Null,Giorgio Decastello,+393488214093,SIC-ID-8984E4438115,NULL,,SICUREZZA,0,PROMO_SETTEMBRE_VIP,ATTIVO
giorgio@grimani.eu,Null,Null,Giorgio Grimani,+393492543709,SIC-ID-B76106E9AC95,NULL,,SICUREZZA,0,PROMO_SETTEMBRE_VIP,ATTIVO
giorgio.marchioro@libero.it,Null,Null,Giorgio Marchioro,+393466455746,SIC-ID-719E8EC69F6B,NULL,,SICUREZZA,0,PROMO_SETTEMBRE_VIP,ATTIVO
giorgio.ferraro@enel.com,Null,Null,Giorgio.ferraro Enel,+393292409684,SIC-ID-CA7408FB9A5C,NULL,,SICUREZZA,0,PROMO_SETTEMBRE_VIP,ATTIVO
giorgio_pizzolato@libero.it,Null,Null,Giorgio_pizzolato,+393484850361,SIC-ID-1F3B41B4614F,NULL,,SICUREZZA,0,PROMO_SETTEMBRE_VIP,ATTIVO
giorgiozamara@gmail.com,Null,Null,Giorgiozamara,,SIC-ID-05E6E9B00913,NULL,,SICUREZZA,0,PROMO_SETTEMBRE_VIP,ATTIVO
gio79russo@libero.it,Null,Null,Giorusso Russo,+393384327131,SIC-ID-C9230F4A524B,NULL,,SICUREZZA,0,PROMO_SETTEMBRE_VIP,ATTIVO
giosga77@yahoo.it,Null,Null,Giosga Tiengo,+393474843509,SIC-ID-6D85C8F008B0,NULL,,SICUREZZA,0,PROMO_SETTEMBRE_VIP,ATTIVO
giovanna.gentilomi@unibo.it,Null,Null,Giovanna Gentilomi,+393396551537,SIC-ID-8DF818BC23E8,NULL,,SICUREZZA,0,PROMO_SETTEMBRE_VIP,ATTIVO
giovannaguazzelli1961@gmail.com,Null,Null,Giovannaguazzelli1961,+393427417949,SIC-ID-FEB6CDA39BD7,NULL,,SICUREZZA,0,PROMO_SETTEMBRE_VIP,ATTIVO
giovannalubjan@gmail.com,Null,Null,Giovannalubjan,+393498588010,SIC-ID-067E2D205FB3,NULL,,SICUREZZA,0,PROMO_SETTEMBRE_VIP,ATTIVO
giovanni@giovannibillo.it,Null,Null,Giovanni,+393479637212,SIC-ID-C39967321C77,NULL,,SICUREZZA,0,PROMO_SETTEMBRE_VIP,ATTIVO
edil.future@gmail.com,Null,Null,Giovanni,+393388543587,SIC-ID-4E10DE0697C9,NULL,,SICUREZZA,0,PROMO_SETTEMBRE_VIP,ATTIVO
giovanni.carloni@ebaf.ch,Null,Null,Giovanni Carloni,+393388543587,SIC-ID-35E3A4E326C6,NULL,,SICUREZZA,0,PROMO_SETTEMBRE_VIP,ATTIVO
dandreagiovanni1989@virgilio.it,Null,Null,Giovanni D'andrea,+393403873567,SIC-ID-70AF3B6B435B,NULL,,SICUREZZA,0,PROMO_SETTEMBRE_VIP,ATTIVO
giovanni.ippolito@venditoreadistanza.com,Null,Null,Giovanni Ippolito,,SIC-ID-E5D071385F32,NULL,,SICUREZZA,0,PROMO_SETTEMBRE_VIP,ATTIVO
giovanni.lora7@gimail.com,Null,Null,Giovanni Lora7,+393483384253,SIC-ID-227CE1980F7E,NULL,,SICUREZZA,0,PROMO_SETTEMBRE_VIP,ATTIVO
giovanni.zampirolo@itstecnologie.it,Null,Null,Giovanni Zampirolo,+393666568531,SIC-ID-2400866419FA,NULL,,SICUREZZA,0,PROMO_SETTEMBRE_VIP,ATTIVO
giovanni_casazza@virgilio.it,Null,Null,Giovanni_casazza,+393450587109,SIC-ID-21953F20DB4F,NULL,,SICUREZZA,0,PROMO_SETTEMBRE_VIP,ATTIVO
giovanniapanunzio@gmail.com,Null,Null,Giovanniapanunzio,,SIC-ID-70704B60FDFF,NULL,,SICUREZZA,0,PROMO_SETTEMBRE_VIP,ATTIVO
giovannibissacco.91@gmail.com,Null,Null,Giovannibissacco 91,,SIC-ID-566235BC5FCB,NULL,,SICUREZZA,0,PROMO_SETTEMBRE_VIP,ATTIVO
giovanniboscolo@tiscali.it,Null,Null,Giovanniboscolo,,SIC-ID-3570597736B0,NULL,,SICUREZZA,0,PROMO_SETTEMBRE_VIP,ATTIVO
giovannicannella@tiscali.it,Null,Null,Giovannicannella,+393351288446,SIC-ID-6BEAC5F01E22,NULL,,SICUREZZA,0,PROMO_SETTEMBRE_VIP,ATTIVO
giovanniciviero@libero.it,Null,Null,Giovanniciviero,,SIC-ID-BCC23C75E2C3,NULL,,SICUREZZA,0,PROMO_SETTEMBRE_VIP,ATTIVO
giovannilaterza@libero.it,Null,Null,Giovannilaterza,+393299267400,SIC-ID-4041C84949F7,NULL,,SICUREZZA,0,PROMO_SETTEMBRE_VIP,ATTIVO
giovannirossato.ro@libero.it,Null,Null,Giovannirossato Ro,+393917528554,SIC-ID-120F5CE4EE63,NULL,,SICUREZZA,0,PROMO_SETTEMBRE_VIP,ATTIVO
giovannyangelo@outlook.com,Null,Null,Giovannyangelo Lanzetta,+393490704524,SIC-ID-3307AEE5810D,NULL,,SICUREZZA,0,PROMO_SETTEMBRE_VIP,ATTIVO
gippep@gmail.com,Null,Null,Gippep,,SIC-ID-E55EB395F844,NULL,,SICUREZZA,0,PROMO_SETTEMBRE_VIP,ATTIVO
girardi.d@libero.it,Null,Null,Girardi Diego,+393289647841,SIC-ID-123C15956464,NULL,,SICUREZZA,0,PROMO_SETTEMBRE_VIP,ATTIVO
girotto.elisa@libero.it,Null,Null,Girotto Elisa,,SIC-ID-F5E8777A8F12,NULL,,SICUREZZA,0,PROMO_SETTEMBRE_VIP,ATTIVO
girottodiego@libero.it,Null,Null,Girottodiego,,SIC-ID-622CD7920C98,NULL,,SICUREZZA,0,PROMO_SETTEMBRE_VIP,ATTIVO
gisele@hotmail.es,Null,Null,Gisele,,SIC-ID-BFDEF756AF35,NULL,,SICUREZZA,0,PROMO_SETTEMBRE_VIP,ATTIVO
giu.sep78@alice.it,Null,Null,Giu Sep78,+393339625351,SIC-ID-B153475989AB,NULL,,SICUREZZA,0,PROMO_SETTEMBRE_VIP,ATTIVO
giubilatochiara@iisciprianicolombo.edu.it,Null,Null,Giubilatochiara,,SIC-ID-E823CE75AA7C,NULL,,SICUREZZA,0,PROMO_SETTEMBRE_VIP,ATTIVO
giulia.bergamin92@gmail.com,Null,Null,Giulia Ftv,+393477334148,SIC-ID-3CCC3000E134,NULL,,SICUREZZA,0,PROMO_SETTEMBRE_VIP,ATTIVO
giulia.franzato@padovafiere.it,Null,Null,Giulia Franzato,32835365800,SIC-ID-0F05BC15D162,NULL,,SICUREZZA,0,PROMO_SETTEMBRE_VIP,ATTIVO
info@giuliaepietro.it,Null,Null,Giulia Pietro,,SIC-ID-C3088E65D6D0,NULL,,SICUREZZA,0,PROMO_SETTEMBRE_VIP,ATTIVO
giulia09@ymail.com,Null,Null,Giulia09,+393475357617,SIC-ID-D377C605075A,NULL,,SICUREZZA,0,PROMO_SETTEMBRE_VIP,ATTIVO
giuliacezza@friuladria.it,Null,Null,Giuliacezza,,SIC-ID-2049EF589011,NULL,,SICUREZZA,0,PROMO_SETTEMBRE_VIP,ATTIVO
giuliana@attivamenteonlus.onmicrosoft.com,Null,Null,Giuliana Attivamente,34014296280,SIC-ID-637425783828,NULL,,SICUREZZA,0,PROMO_SETTEMBRE_VIP,ATTIVO
giuliana.gradara@attivamenteonlus.it,Null,Null,Giuliana Attivamente,+393283339015,SIC-ID-D01CCABEAA38,NULL,,SICUREZZA,0,PROMO_SETTEMBRE_VIP,ATTIVO
giuliana.bttn@gmail.com,Null,Null,Giuliana Bttn,+393296605139,SIC-ID-4BC31E76DD77,NULL,,SICUREZZA,0,PROMO_SETTEMBRE_VIP,ATTIVO
info@pienissimo.com,Null,Null,Giuliano Lanzetti,,SIC-ID-964B33F06297,NULL,,SICUREZZA,0,PROMO_SETTEMBRE_VIP,ATTIVO
giuliano.ponzilacqua@uparchitettiassociati.it,Null,Null,Giuliano Ponzilacqua,+393487937411,SIC-ID-03F729AA61D5,NULL,,SICUREZZA,0,PROMO_SETTEMBRE_VIP,ATTIVO
giuliano69berto@gmail.com,Null,Null,Giulianoberto,+393489751611,SIC-ID-2BB12E9D9753,NULL,,SICUREZZA,0,PROMO_SETTEMBRE_VIP,ATTIVO
giuliatammiso@gmail.com,Null,Null,Giuliatammiso,,SIC-ID-49386A59904D,NULL,,SICUREZZA,0,PROMO_SETTEMBRE_VIP,ATTIVO
luca.biadolla@gmail.com,Null,Null,Giulio Massetti,+393483845017,SIC-ID-BC1489735283,NULL,,SICUREZZA,0,PROMO_SETTEMBRE_VIP,ATTIVO
amministrazione@caspita.biz,Null,Null,Giulio Tartuferi Elettricista,,SIC-ID-D3A4735AC0FF,NULL,,SICUREZZA,0,PROMO_SETTEMBRE_VIP,ATTIVO
giulycost95@gmail.com,Null,Null,Giulycost Moro,+3934008382940,SIC-ID-F7900FFEF0E8,NULL,,SICUREZZA,0,PROMO_SETTEMBRE_VIP,ATTIVO
giusemice@gmail.com,Null,Null,Giusemice Micello,+393483022554,SIC-ID-15C9E0A2E859,NULL,,SICUREZZA,0,PROMO_SETTEMBRE_VIP,ATTIVO
example@domain.com,Null,Null,Giuseppe Blunda Costruzioni,+390924076431,SIC-ID-4A3FF5C24450,NULL,,SICUREZZA,0,PROMO_SETTEMBRE_VIP,ATTIVO
verdescaligera@gmail.com,Null,Null,Giuseppe Brancaleon,+393292259549,SIC-ID-72763B66C337,NULL,,SICUREZZA,0,PROMO_SETTEMBRE_VIP,ATTIVO
giuseppe.fossati@carisbo.it,Null,Null,Giuseppe Fossati,+393289574125,SIC-ID-81D8F9EEDFA3,NULL,,SICUREZZA,0,PROMO_SETTEMBRE_VIP,ATTIVO
giuseppe_07@alice.it,Null,Null,Giuseppe_07 Sicchiero Acque Venete Spa,+393387828022,SIC-ID-59841AA10B56,NULL,,SICUREZZA,0,PROMO_SETTEMBRE_VIP,ATTIVO
giuseppebaruffaldi@gmail.com,Null,Null,Giuseppebaruffaldi Giuseppe,,SIC-ID-7376DEA47BED,NULL,,SICUREZZA,0,PROMO_SETTEMBRE_VIP,ATTIVO
giuseppebergantin@me.com,Null,Null,Giuseppebergantin,,SIC-ID-9D0BD8D34568,NULL,,SICUREZZA,0,PROMO_SETTEMBRE_VIP,ATTIVO
giuseppelobueaudiopro@gmail.com,Null,Null,Giuseppelobueaudiopro,,SIC-ID-6F54E4C91A38,NULL,,SICUREZZA,0,PROMO_SETTEMBRE_VIP,ATTIVO
giuseppinadevitooo@gmail.com,Null,Null,Giuseppinadevitooo,+393343509912,SIC-ID-309EF124536F,NULL,,SICUREZZA,0,PROMO_SETTEMBRE_VIP,ATTIVO
giuseppinasansone3@gmail.com,Null,Null,Giuseppinasansone3,,SIC-ID-ECDF5A0F9636,NULL,,SICUREZZA,0,PROMO_SETTEMBRE_VIP,ATTIVO
giustina.dsga@gmail.com,Null,Null,Giustina Dsga,,SIC-ID-81C6C06DE1BA,NULL,,SICUREZZA,0,PROMO_SETTEMBRE_VIP,ATTIVO
giusymontanino@hotmail.it,Null,Null,Giusymontanino,,SIC-ID-50CFD5C2DECA,NULL,,SICUREZZA,0,PROMO_SETTEMBRE_VIP,ATTIVO
givifer@libero.it,Null,Null,Givifer,,SIC-ID-4C93ECB4154B,NULL,,SICUREZZA,0,PROMO_SETTEMBRE_VIP,ATTIVO
glen.white@libero.it,Null,Null,Glen White,,SIC-ID-41D8CDBDE79A,NULL,,SICUREZZA,0,PROMO_SETTEMBRE_VIP,ATTIVO
info@globaledilizia.it,Null,Null,Global Edilizia,+393335637851,SIC-ID-53C615A8C974,NULL,,SICUREZZA,0,PROMO_SETTEMBRE_VIP,ATTIVO
globaltech1987@gmail.com,Null,Null,Globaltech1987 Posa 3000,+393478566813,SIC-ID-00E061C03238,NULL,,SICUREZZA,0,PROMO_SETTEMBRE_VIP,ATTIVO
globoasfalti@libero.it,Null,Null,Globoasfalti,,SIC-ID-BEEA5C641211,NULL,,SICUREZZA,0,PROMO_SETTEMBRE_VIP,ATTIVO
glocati@synthesis-srl.com,Null,Null,Glocati,,SIC-ID-9DD1E2AADC3D,NULL,,SICUREZZA,0,PROMO_SETTEMBRE_VIP,ATTIVO
ferrogloria79@gmail.com,Null,Null,Gloria,,SIC-ID-532D8CB794A9,NULL,,SICUREZZA,0,PROMO_SETTEMBRE_VIP,ATTIVO
gloria.naso@libero.it,Null,Null,Gloria Naso,,SIC-ID-46FF33BE0F22,NULL,,SICUREZZA,0,PROMO_SETTEMBRE_VIP,ATTIVO
gloria.zerbinati@libero.it,Null,Null,Gloria Zerbinati,,SIC-ID-FA5A49ACBCFA,NULL,,SICUREZZA,0,PROMO_SETTEMBRE_VIP,ATTIVO
info@gmimpresaedile.it,Null,Null,Gm Impresa Edile Di Guidolin Massimo,+393490976671,SIC-ID-19E4F25A4CDD,NULL,,SICUREZZA,0,PROMO_SETTEMBRE_VIP,ATTIVO
gmrizzieri@libero.it,Null,Null,Gmrizzieri,,SIC-ID-CF72D6B07EF3,NULL,,SICUREZZA,0,PROMO_SETTEMBRE_VIP,ATTIVO
gmtchiarel@libero.it,Null,Null,Gmtchiarel,,SIC-ID-C9F44E21879E,NULL,,SICUREZZA,0,PROMO_SETTEMBRE_VIP,ATTIVO
info.enrico72@gmail.com,Null,Null,Gobbato Enrico,,SIC-ID-28B6DCE0EEE0,NULL,,SICUREZZA,0,PROMO_SETTEMBRE_VIP,ATTIVO
f.lligobbato@libero.it,Null,Null,Gobbato S. L,+393480836896,SIC-ID-D3BC40CE2540,NULL,,SICUREZZA,0,PROMO_SETTEMBRE_VIP,ATTIVO
gogoleva59@yahoo.it,Null,Null,Gogoleva59,,SIC-ID-9AA5DF60F166,NULL,,SICUREZZA,0,PROMO_SETTEMBRE_VIP,ATTIVO
gold_fine@hotmail.com,Null,Null,Gold_fine,,SIC-ID-3C05BFE8AE68,NULL,,SICUREZZA,0,PROMO_SETTEMBRE_VIP,ATTIVO
mat82it@yahoo.it,Null,Null,Golin Rcm,+393408718063,SIC-ID-7DC8366344E5,NULL,,SICUREZZA,0,PROMO_SETTEMBRE_VIP,ATTIVO
golinellil@i-dea.it,Null,Null,Golinellil,,SIC-ID-F0594AA16F7F,NULL,,SICUREZZA,0,PROMO_SETTEMBRE_VIP,ATTIVO
golivieri357@gmail.com,Null,Null,Golivieri357,,SIC-ID-CC697EAAB332,NULL,,SICUREZZA,0,PROMO_SETTEMBRE_VIP,ATTIVO
gongservice@libero.it,Null,Null,Gongservice,,SIC-ID-4BA9B18E2757,NULL,,SICUREZZA,0,PROMO_SETTEMBRE_VIP,ATTIVO
info@govonicostruzioni.it,Null,Null,Govoni Costruzioni Snc,+390532870868,SIC-ID-47DA414B109C,NULL,FE,SICUREZZA,0,PROMO_SETTEMBRE_VIP,ATTIVO
goyita@hotmail.it,Null,Null,Goyita Margarita,,SIC-ID-D81715298D05,NULL,,SICUREZZA,0,PROMO_SETTEMBRE_VIP,ATTIVO
edil.pinto.tommaso@gmail.com,Null,Null,Gp Impresa Edile Bologna,+393358033747,SIC-ID-D5E9DC6D142B,NULL,,SICUREZZA,0,PROMO_SETTEMBRE_VIP,ATTIVO
gpadovan@hotmail.com,Null,Null,Gpadovan,,SIC-ID-2EF96C59BF82,NULL,,SICUREZZA,0,PROMO_SETTEMBRE_VIP,ATTIVO
gpclienti@alice.it,Null,Null,Gpclienti,,SIC-ID-29A148C2B08C,NULL,,SICUREZZA,0,PROMO_SETTEMBRE_VIP,ATTIVO
gpozzato@gmail.it,Null,Null,Gpozzato,,SIC-ID-36C1800DF7B6,NULL,,SICUREZZA,0,PROMO_SETTEMBRE_VIP,ATTIVO
gradarafederico@gmail.com,Null,Null,Gradarafederico Milan Contatori Acque Venete,+393336184558,SIC-ID-842EF1BB5F2F,NULL,,SICUREZZA,0,PROMO_SETTEMBRE_VIP,ATTIVO
grafica@trattostampa.it,Null,Null,Grafica,,SIC-ID-7EA58EB0D338,NULL,,SICUREZZA,0,PROMO_SETTEMBRE_VIP,ATTIVO
granellacostruzionisrl@gmail.com,Null,Null,Granellacostruzionisrl,+393771889290,SIC-ID-EC08A95B6217,NULL,,SICUREZZA,0,PROMO_SETTEMBRE_VIP,ATTIVO
graphic.solutions@virgilio.it,Null,Null,Graphic Solutions,,SIC-ID-92A781C402DE,NULL,,SICUREZZA,0,PROMO_SETTEMBRE_VIP,ATTIVO
graronzulli@gmail.com,Null,Null,Graronzulli,,SIC-ID-CD8B999F946C,NULL,,SICUREZZA,0,PROMO_SETTEMBRE_VIP,ATTIVO
grassi.mancin@libero.it,Null,Null,Grassi Mancin,,SIC-ID-E6E1AD257DBD,NULL,,SICUREZZA,0,PROMO_SETTEMBRE_VIP,ATTIVO
gratton.gabriele@yahoo.it,Null,Null,Gratton Gabriele,,SIC-ID-0A4F199EA12D,NULL,,SICUREZZA,0,PROMO_SETTEMBRE_VIP,ATTIVO
graziano@bbsgroup.it,Null,Null,Graziano Paolo,+393485115931,SIC-ID-4282B9E69638,NULL,,SICUREZZA,0,PROMO_SETTEMBRE_VIP,ATTIVO
graziusojacopo@gmail.com,Null,Null,Graziusojacopo Graziuso,,SIC-ID-5A0C5CEADFF0,NULL,,SICUREZZA,0,PROMO_SETTEMBRE_VIP,ATTIVO
grebra@alice.it,Null,Null,Grebra,,SIC-ID-9A2011B20C71,NULL,,SICUREZZA,0,PROMO_SETTEMBRE_VIP,ATTIVO
greenhouse.costr@gmail.com,Null,Null,Green House Srl - Impresa Edile,+390744432516,SIC-ID-C3B2EB0C4E5E,NULL,TR,SICUREZZA,0,PROMO_SETTEMBRE_VIP,ATTIVO
greentel.srlcr@gmail.com,Null,Null,Greentel Srlcr,,SIC-ID-E96B63E478EC,NULL,,SICUREZZA,0,PROMO_SETTEMBRE_VIP,ATTIVO
gretas@libero.it,Null,Null,Gretas,,SIC-ID-045A71C950E9,NULL,,SICUREZZA,0,PROMO_SETTEMBRE_VIP,ATTIVO
grimeco_costruzioni@yahoo.it,Null,Null,Grimeco_costruzioni,,SIC-ID-B367F9AFB646,NULL,,SICUREZZA,0,PROMO_SETTEMBRE_VIP,ATTIVO
info@grivettirestauri.it,Null,Null,Grivetti Restauri S.rl Impresa Edile - Ristrutturazioni; Costruzioni; Appaltatori,+390598677935,SIC-ID-04086B3BF2C6,NULL,MO,SICUREZZA,0,PROMO_SETTEMBRE_VIP,ATTIVO
info@grossetoedilizia.com,Null,Null,Grosseto Edilizia,+3905641931990,SIC-ID-80C2A991D5D8,NULL,GR,SICUREZZA,0,PROMO_SETTEMBRE_VIP,ATTIVO
info@gruppoe.com,Null,Null,Group E - Edilflaminio,+390652996300,SIC-ID-F6FF29DCC50B,NULL,RM,SICUREZZA,0,PROMO_SETTEMBRE_VIP,ATTIVO
groups@ramadaplazamilano.it,Null,Null,Groups,,SIC-ID-1651FB9EE2CA,NULL,,SICUREZZA,0,PROMO_SETTEMBRE_VIP,ATTIVO
groupsgvcaminetti@virgilio.it,Null,Null,Groupsgvcaminetti,,SIC-ID-E24C41CE5F8D,NULL,,SICUREZZA,0,PROMO_SETTEMBRE_VIP,ATTIVO
privacy@gruppocastaldi.it,Null,Null,Gruppo Castaldi,+390692936099,SIC-ID-5C22FBEF4B24,NULL,RM,SICUREZZA,0,PROMO_SETTEMBRE_VIP,ATTIVO
gruppodistefano@libero.it,Null,Null,Gruppo Di Stefano Srl,+390924922193,SIC-ID-D8F7A634DA25,NULL,,SICUREZZA,0,PROMO_SETTEMBRE_VIP,ATTIVO
info@gruppomichielan.it,Null,Null,Gruppo Michielan Srl - Impresa Edile,+39041447547,SIC-ID-DF5EA75EAB66,NULL,VE,SICUREZZA,0,PROMO_SETTEMBRE_VIP,ATTIVO
gruppoculturalepolentari@gmail.com,Null,Null,Gruppoculturalepolentari,,SIC-ID-0EBC65578158,NULL,,SICUREZZA,0,PROMO_SETTEMBRE_VIP,ATTIVO
gscalone@gmail.com,Null,Null,Gscalone,,SIC-ID-81ED01929110,NULL,,SICUREZZA,0,PROMO_SETTEMBRE_VIP,ATTIVO
gteing@gteing.com,Null,Null,Gteing,,SIC-ID-ABCF080628EF,NULL,,SICUREZZA,0,PROMO_SETTEMBRE_VIP,ATTIVO
gteresa@lattebusche.it,Null,Null,Gteresa,,SIC-ID-A060D31414C8,NULL,,SICUREZZA,0,PROMO_SETTEMBRE_VIP,ATTIVO
guadagnidirendita@gmail.com,Null,Null,Guadagnidirendita,,SIC-ID-98B8218DAB0C,NULL,,SICUREZZA,0,PROMO_SETTEMBRE_VIP,ATTIVO
guerracapuzzogeom@libero.it,Null,Null,Guerracapuzzogeom,,SIC-ID-57F2BE66820F,NULL,,SICUREZZA,0,PROMO_SETTEMBRE_VIP,ATTIVO
guglielmocampajola@gmail.com,Null,Null,Guglielmocampajola,,SIC-ID-97889FA91855,NULL,,SICUREZZA,0,PROMO_SETTEMBRE_VIP,ATTIVO
guidom48@virgilio.it,Null,Null,Guidom48,+393355366712,SIC-ID-C9CDF8962DB4,NULL,,SICUREZZA,0,PROMO_SETTEMBRE_VIP,ATTIVO
guidotosarelli@gmail.com,Null,Null,Guidotosarelli,32925070880,SIC-ID-DB2935E7D985,NULL,,SICUREZZA,0,PROMO_SETTEMBRE_VIP,ATTIVO
info@026969.it,Null,Null,Gullo Costruzioni,+393287366969,SIC-ID-95F3A1BDB25C,NULL,,SICUREZZA,0,PROMO_SETTEMBRE_VIP,ATTIVO
gumina.gianluca@gmail.com,Null,Null,Gumina Gianluca,+393486928673,SIC-ID-ED79EDF48E38,NULL,,SICUREZZA,0,PROMO_SETTEMBRE_VIP,ATTIVO
guolo.patrick@alice.it,Null,Null,Guolo Patrick,,SIC-ID-32956BC399A0,NULL,,SICUREZZA,0,PROMO_SETTEMBRE_VIP,ATTIVO
guzzonandrea@gmail.com,Null,Null,Guzzodrea Consulting S.r.l.,,SIC-ID-D78E7F99C702,NULL,,SICUREZZA,0,PROMO_SETTEMBRE_VIP,ATTIVO
gvalentini.geom@alice.it,Null,Null,Gvalentini Geom,,SIC-ID-553723B2539B,NULL,,SICUREZZA,0,PROMO_SETTEMBRE_VIP,ATTIVO
info@fioriniedilizia.it,Null,Null,Habimat F.lli Crusco S.r.l.,+390985801852,SIC-ID-F574C2E01471,NULL,,SICUREZZA,0,PROMO_SETTEMBRE_VIP,ATTIVO
commerce@lededilizia.it,Null,Null,Habitus | Led Edilizia,+390690212142,SIC-ID-BCB3D91C7FD7,NULL,RM,SICUREZZA,0,PROMO_SETTEMBRE_VIP,ATTIVO
info@epmroma.it,Null,Null,Hdc - Hub Design Coronari,+390668804608,SIC-ID-9EE33008021D,NULL,RM,SICUREZZA,0,PROMO_SETTEMBRE_VIP,ATTIVO
habitatdiamante@gmail.com,Null,Null,Habitat,+393356526067,SIC-ID-2874C8835DBB,NULL,,SICUREZZA,0,PROMO_SETTEMBRE_VIP,ATTIVO
hajnic@gmail.com,Null,Null,Hajnic,,SIC-ID-A4AB5BD91FD7,NULL,,SICUREZZA,0,PROMO_SETTEMBRE_VIP,ATTIVO
thehandyman.it@gmail.com,Null,Null,Handyman,+393495755056,SIC-ID-A3D256AF8218,NULL,,SICUREZZA,0,PROMO_SETTEMBRE_VIP,ATTIVO
hank@cryptocom.intercom-mail.com,Null,Null,Hank Com,32921567440,SIC-ID-64B70B4B59C6,NULL,,SICUREZZA,0,PROMO_SETTEMBRE_VIP,ATTIVO
newsletter@shop-harley-dresden.com,Null,Null,Harley-davidson Onlineshop Dresden,32810214420,SIC-ID-8B80E958EF69,NULL,,SICUREZZA,0,PROMO_SETTEMBRE_VIP,ATTIVO
help@produzionidalbasso.com,Null,Null,Help,,SIC-ID-77B663735365,NULL,,SICUREZZA,0,PROMO_SETTEMBRE_VIP,ATTIVO
help@eshirt.it,Null,Null,Help,32921556040,SIC-ID-7B16E1FA297D,NULL,,SICUREZZA,0,PROMO_SETTEMBRE_VIP,ATTIVO
honademolaadewuyi@gmail.com,Null,Null,Honademolaadewuyi Adewuyi,,SIC-ID-091258B6FA78,NULL,,SICUREZZA,0,PROMO_SETTEMBRE_VIP,ATTIVO
hotel@pragserwildsee.com,Null,Null,Hotel,,SIC-ID-D988499ED2DA,NULL,,SICUREZZA,0,PROMO_SETTEMBRE_VIP,ATTIVO
info@relaxhotelasiago.it,Null,Null,Hotel Asiago,,SIC-ID-471F6B4458E9,NULL,,SICUREZZA,0,PROMO_SETTEMBRE_VIP,ATTIVO
info@bellavistaterme.com,Null,Null,Hotel Bella Vista Terme,,SIC-ID-CC3802F8F577,NULL,,SICUREZZA,0,PROMO_SETTEMBRE_VIP,ATTIVO
info@dabarba.it,Null,Null,Hotel Da Barba,,SIC-ID-B343F26B2CDF,NULL,,SICUREZZA,0,PROMO_SETTEMBRE_VIP,ATTIVO
info@hotelparadisoasiago.it,Null,Null,Hotel Paradiso Asiago,,SIC-ID-2DB53D437A37,NULL,,SICUREZZA,0,PROMO_SETTEMBRE_VIP,ATTIVO
hotel.real@libero.it,Null,Null,Hotel Real,,SIC-ID-7A890B5D53B0,NULL,,SICUREZZA,0,PROMO_SETTEMBRE_VIP,ATTIVO
hotrodgrills@outlook.com,Null,Null,Hotrodgrills,216356590,SIC-ID-680C92797145,NULL,,SICUREZZA,0,PROMO_SETTEMBRE_VIP,ATTIVO
hypercommunityitaly@gmail.com,Null,Null,Hypercommunityitaly,33116628630,SIC-ID-EA9F292BD5FC,NULL,,SICUREZZA,0,PROMO_SETTEMBRE_VIP,ATTIVO
compliance@thehyperfund.com,Null,Null,Hyperfund Team,32924649210,SIC-ID-FEDB9C288D7F,NULL,,SICUREZZA,0,PROMO_SETTEMBRE_VIP,ATTIVO
i.gordini@calcestruzzi.it,Null,Null,I Gordini,,SIC-ID-9DE1A4B95466,NULL,,SICUREZZA,0,PROMO_SETTEMBRE_VIP,ATTIVO
i.prevedello@gmail.com,Null,Null,I Prevedello,,SIC-ID-A867060F26FA,NULL,,SICUREZZA,0,PROMO_SETTEMBRE_VIP,ATTIVO
info@impresaire.com,Null,Null,I.r.e. Impresa Ripristini Edili,+393907135791,SIC-ID-8826646171BD,NULL,,SICUREZZA,0,PROMO_SETTEMBRE_VIP,ATTIVO
info@iceaimpianti.com,Null,Null,"Icea S.r.l | Impresa Di Ristrutturazioni Edilizie, Costruzioni, Impianti Fotovoltaici, Pannelli Solari",+39070789306,SIC-ID-2ED830C420A2,NULL,CA,SICUREZZA,0,PROMO_SETTEMBRE_VIP,ATTIVO
danico@danico.it,Null,Null,Ide Danico Edilizia Srl,+390695461072,SIC-ID-E29CA290DD65,NULL,RM,SICUREZZA,0,PROMO_SETTEMBRE_VIP,ATTIVO
imisrl2015@libero.it,Null,Null,Imi Busatto,+393285358695,SIC-ID-C44F9AA11CFC,NULL,,SICUREZZA,0,PROMO_SETTEMBRE_VIP,ATTIVO
.alex@gmail.com,Null,Null,Impresa Edile Milazzo Del Geom. Alex Milazzo,+393485114815,SIC-ID-63508897A2C3,NULL,,SICUREZZA,0,PROMO_SETTEMBRE_VIP,ATTIVO
info@cssanna.com,Null,Null,Info Centro Servizi Anna,,SIC-ID-A08763DA938D,NULL,,SICUREZZA,0,PROMO_SETTEMBRE_VIP,ATTIVO
info@innovazioneinedilizia.com,Null,Null,Innovazione(in)edilizia Srls,+390683086915,SIC-ID-4A9A8CE92DFE,NULL,RM,SICUREZZA,0,PROMO_SETTEMBRE_VIP,ATTIVO
info@isolaugo.it,Null,Null,Isola Costruzioni Srl,+393477721291,SIC-ID-D0DD67BAF388,NULL,,SICUREZZA,0,PROMO_SETTEMBRE_VIP,ATTIVO
iaco.cla@libero.it,Null,Null,Iaco Cla,,SIC-ID-9564E6632113,NULL,,SICUREZZA,0,PROMO_SETTEMBRE_VIP,ATTIVO
ianniello.alessio@gmail.com,Null,Null,Ianniello Alessio,+393402304639,SIC-ID-B7BE5A328781,NULL,,SICUREZZA,0,PROMO_SETTEMBRE_VIP,ATTIVO
ida.marina.olmina@hotmail.it,Null,Null,Ida Marina Olmina,,SIC-ID-57FAEC38827D,NULL,,SICUREZZA,0,PROMO_SETTEMBRE_VIP,ATTIVO
info@ideacolore.it,Null,Null,Idea Colore S.r.l.,+393905043075,SIC-ID-A6CB09BCEEED,NULL,,SICUREZZA,0,PROMO_SETTEMBRE_VIP,ATTIVO
info.idealimpiantisrl@gmail.com,Null,Null,Ideal Impianti S.r.l,+39092487046,SIC-ID-5140440955A6,NULL,,SICUREZZA,0,PROMO_SETTEMBRE_VIP,ATTIVO
info@idraulicagazometro.com,Null,Null,Idraulica Gazometro,+39065780761,SIC-ID-A41C25C1662F,NULL,RM,SICUREZZA,0,PROMO_SETTEMBRE_VIP,ATTIVO
idrotecno.sf@libero.it,Null,Null,Idrotecno Sf,,SIC-ID-C3A9F8C65D93,NULL,,SICUREZZA,0,PROMO_SETTEMBRE_VIP,ATTIVO
ignaziopuccio@libero.it,Null,Null,Ignazio Puccio,+393923387776,SIC-ID-81714BC3C6CF,NULL,,SICUREZZA,0,PROMO_SETTEMBRE_VIP,ATTIVO
igor.grigolato@studiom6.it,Null,Null,Igor Grigolato,,SIC-ID-B4F12BE850F6,NULL,,SICUREZZA,0,PROMO_SETTEMBRE_VIP,ATTIVO
supporto@euroffice.it,Null,Null,Il Euroffice,,SIC-ID-21D4D0C48B15,NULL,,SICUREZZA,0,PROMO_SETTEMBRE_VIP,ATTIVO
fogoveronica@gmail.com,Null,Null,Il Tempio Del Corpo Di Fogo Veronica,,SIC-ID-8B80E297EDCD,NULL,,SICUREZZA,0,PROMO_SETTEMBRE_VIP,ATTIVO
iltettocasesnc@gmail.com,Null,Null,Il Tetto,+390463973230,SIC-ID-01AAADF936CC,NULL,,SICUREZZA,0,PROMO_SETTEMBRE_VIP,ATTIVO
gottardo.ilaria@sangaetano.org,Null,Null,Ilaria Ilaria,+3938049691310,SIC-ID-33C18B2BA124,NULL,,SICUREZZA,0,PROMO_SETTEMBRE_VIP,ATTIVO
ilaria.livolsi@attivamenteonlus.it,Null,Null,Ilaria Livolsi,+393717745138,SIC-ID-5409CB361C59,NULL,,SICUREZZA,0,PROMO_SETTEMBRE_VIP,ATTIVO
ilber73@live.it,Null,Null,Ilber73,,SIC-ID-FE4C1FB44BD4,NULL,,SICUREZZA,0,PROMO_SETTEMBRE_VIP,ATTIVO
ilenia.francescon@gmail.com,Null,Null,Ilenia,34859403880,SIC-ID-DA47F1D81499,NULL,,SICUREZZA,0,PROMO_SETTEMBRE_VIP,ATTIVO
ilenia.francescon@libero.it,Null,Null,Ilenia Francescon,+393473223614,SIC-ID-0503357925B8,NULL,,SICUREZZA,0,PROMO_SETTEMBRE_VIP,ATTIVO
ileniatosetto86@libero.it,Null,Null,Ileniatosetto86,,SIC-ID-EE3B570323A6,NULL,,SICUREZZA,0,PROMO_SETTEMBRE_VIP,ATTIVO
ilpesciolino@email.it,Null,Null,Ilpesciolino,,SIC-ID-BA27B736E004,NULL,,SICUREZZA,0,PROMO_SETTEMBRE_VIP,ATTIVO
ilpuntobase@tin.it,Null,Null,Ilpuntobase,,SIC-ID-18B247078009,NULL,,SICUREZZA,0,PROMO_SETTEMBRE_VIP,ATTIVO
immarca@libero.it,Null,Null,Immarca,,SIC-ID-1FDE4DDCF70D,NULL,,SICUREZZA,0,PROMO_SETTEMBRE_VIP,ATTIVO
immob_progettocasa@libero.it,Null,Null,Immob_progettocasa,,SIC-ID-86DC65BB7273,NULL,,SICUREZZA,0,PROMO_SETTEMBRE_VIP,ATTIVO
info@immobilservicesrl.it,Null,Null,Immobil Service Srl,+390697841609,SIC-ID-221207F7D8A9,NULL,RM,SICUREZZA,0,PROMO_SETTEMBRE_VIP,ATTIVO
immobiliare.di.adria@gmail.com,Null,Null,Immobiliare Di Adria,,SIC-ID-9C439BF3C774,NULL,,SICUREZZA,0,PROMO_SETTEMBRE_VIP,ATTIVO
info@immobiliareroana.it,Null,Null,Immobiliare Roana,+39042466124,SIC-ID-61F47B689A8C,NULL,,SICUREZZA,0,PROMO_SETTEMBRE_VIP,ATTIVO
impedovo.a@gmail.com,Null,Null,Impedovo A,,SIC-ID-B850ADBF4463,NULL,,SICUREZZA,0,PROMO_SETTEMBRE_VIP,ATTIVO
info@imperialecostruzioni.com,Null,Null,Imperiale Costruzioni Srl,+393887331274,SIC-ID-655A17657F9D,NULL,,SICUREZZA,0,PROMO_SETTEMBRE_VIP,ATTIVO
impiantifv@cdne.it,Null,Null,Impianti Ftv Cdne,+393286010934,SIC-ID-1F9BD370F001,NULL,,SICUREZZA,0,PROMO_SETTEMBRE_VIP,ATTIVO
impiantisticaedilizia2020@gmail.com,Null,Null,Impiantistica Edilizia 2020,+393931773491,SIC-ID-3BC9599B5789,NULL,,SICUREZZA,0,PROMO_SETTEMBRE_VIP,ATTIVO
servizioclienti@genertel.it,Null,Null,Imprenditore,,SIC-ID-A2C4AE49D6DA,NULL,,SICUREZZA,0,PROMO_SETTEMBRE_VIP,ATTIVO
impresacastaldi@gmail.com,Null,Null,Impresa,+393791573415,SIC-ID-27062414ACBA,NULL,,SICUREZZA,0,PROMO_SETTEMBRE_VIP,ATTIVO
info@bianconigroup.com,Null,Null,Impresa Bianconi,+393451558475,SIC-ID-A6EB8E027190,NULL,,SICUREZZA,0,PROMO_SETTEMBRE_VIP,ATTIVO
info@costruzioniedilverde.com,Null,Null,Impresa Bioedilizia | Edilverde Costruzioni S.r.l.,+390532093269,SIC-ID-0FC76895C5C8,NULL,FE,SICUREZZA,0,PROMO_SETTEMBRE_VIP,ATTIVO
info@impresagrossi.com,Null,Null,Impresa Costruzioni Grossi Walter S.r.l. - Impresa Edile A Parma,+390521281212,SIC-ID-E633C95FB00A,NULL,PR,SICUREZZA,0,PROMO_SETTEMBRE_VIP,ATTIVO
odv@impresapellegrini.it,Null,Null,Impresa Di Costruzioni Ing. Raffaello Pellegrini S.r.l.,+39070265271,SIC-ID-A4D7357DB26E,NULL,CA,SICUREZZA,0,PROMO_SETTEMBRE_VIP,ATTIVO
info@impresaedilelarinascente.it,Null,Null,Impresa Di Costruzioni La Rinascente - Sabbiatura Edile,+393347570784,SIC-ID-791D2403C0B4,NULL,,SICUREZZA,0,PROMO_SETTEMBRE_VIP,ATTIVO
seven@sevensrl.it,Null,Null,Impresa E.d.i.l.e Seven,,SIC-ID-AF6FC8387E4D,NULL,,SICUREZZA,0,PROMO_SETTEMBRE_VIP,ATTIVO
cacciatoregioacchino@gmail.com,Null,Null,Impresa Edile,+390521816665,SIC-ID-212115E755BB,NULL,PR,SICUREZZA,0,PROMO_SETTEMBRE_VIP,ATTIVO
s.p.e.costruzioni@gmail.com,Null,Null,Impresa Edile,,SIC-ID-E1D34C363B61,NULL,,SICUREZZA,0,PROMO_SETTEMBRE_VIP,ATTIVO
lattoneriamazzotti@alice.it,Null,Null,Impresa Edile - Lattoneria Mazzotti Daniele,+393358233581,SIC-ID-AE2ED6547B77,NULL,,SICUREZZA,0,PROMO_SETTEMBRE_VIP,ATTIVO
info@rsgroupitalia.it,Null,Null,Impresa Edile 2g,+393393332441,SIC-ID-AAC2BFD0911B,NULL,,SICUREZZA,0,PROMO_SETTEMBRE_VIP,ATTIVO
contatto@contattogenova.it,Null,Null,Impresa Edile 3d Giuseppe D'antuono,+393488187573,SIC-ID-7B2E3C7D9005,NULL,,SICUREZZA,0,PROMO_SETTEMBRE_VIP,ATTIVO
info@4dcoperture.com,Null,Null,Impresa Edile 4d Coperture San Felice Sul Panaro Modena,+393402638778,SIC-ID-06D44375DBA8,NULL,,SICUREZZA,0,PROMO_SETTEMBRE_VIP,ATTIVO
impresabonalumisrl@gmail.com,Null,Null,Impresa Edile Bonalumi Giuliano E Figli S.r.l.,+39035542487,SIC-ID-8694EF13289E,NULL,BG,SICUREZZA,0,PROMO_SETTEMBRE_VIP,ATTIVO
disservizi@amicacard.it,Null,Null,Impresa Edile Cappai Vincenzo - Sinnai,+393339577421,SIC-ID-BA13F27615B3,NULL,,SICUREZZA,0,PROMO_SETTEMBRE_VIP,ATTIVO
info@impresaediledm.it,Null,Null,Impresa Edile Dmbp Srl Dhamo Martin,+393404870499,SIC-ID-0584D538487E,NULL,,SICUREZZA,0,PROMO_SETTEMBRE_VIP,ATTIVO
noshifabjan@gmail.com,Null,Null,Impresa Edile Emili Evelyn,+393288769350,SIC-ID-D73942D0C2D5,NULL,,SICUREZZA,0,PROMO_SETTEMBRE_VIP,ATTIVO
info@gruppoeb.it,Null,Null,Impresa Edile Roma - Gruppo Eb,+390656548418,SIC-ID-9B91EF6DC740,NULL,RM,SICUREZZA,0,PROMO_SETTEMBRE_VIP,ATTIVO
info@sea89.it,Null,Null,Impresa Edile Roma - S.e.a. 89,+39066532632,SIC-ID-38A31939EBAB,NULL,RM,SICUREZZA,0,PROMO_SETTEMBRE_VIP,ATTIVO
rossiedil@libero.it,Null,Null,Impresa Edile Rossi Michele,+39360340111,SIC-ID-2DF107FCC3BC,NULL,,SICUREZZA,0,PROMO_SETTEMBRE_VIP,ATTIVO
oscar.schirru@gmail.com,Null,Null,Impresa Edile Schirru Oscar,+393931946256,SIC-ID-0BF3EE67C7A8,NULL,,SICUREZZA,0,PROMO_SETTEMBRE_VIP,ATTIVO
impresatommasini@gmail.com,Null,Null,Impresa Edile Tommasini Di Tommasini Enio & C. Snc,+390457156286,SIC-ID-1D19DEC8A1AE,NULL,VR,SICUREZZA,0,PROMO_SETTEMBRE_VIP,ATTIVO
tecnico@impresazimer.com,Null,Null,Impresa Edile Zimer - Coperture E Bonifica Amianto,+390432934928,SIC-ID-60AB635C6BA0,NULL,UD,SICUREZZA,0,PROMO_SETTEMBRE_VIP,ATTIVO
coop.ccea@gmail.com,Null,Null,Impresa Edile A Modena - C.c.e.a. Costruzioni,+390522557781,SIC-ID-D475D6CF2312,NULL,RE,SICUREZZA,0,PROMO_SETTEMBRE_VIP,ATTIVO
info@restone.it,Null,Null,Impresa Edile Accardo Giuseppe,+393478756767,SIC-ID-314C0464315C,NULL,,SICUREZZA,0,PROMO_SETTEMBRE_VIP,ATTIVO
info@ananiamariocostruzioni.it,Null,Null,Impresa Edile Aia Mario Costruzioni,+393474674105,SIC-ID-704E55119B45,NULL,,SICUREZZA,0,PROMO_SETTEMBRE_VIP,ATTIVO
alexservicesrls@libero.it,Null,Null,Impresa Edile Alex Service,+393206388988,SIC-ID-CF6271A25195,NULL,,SICUREZZA,0,PROMO_SETTEMBRE_VIP,ATTIVO
info@hotel-boccaccio.it,Null,Null,Impresa Edile Ammirata Rosario,+390545994551,SIC-ID-E24F19BDA5C5,NULL,,SICUREZZA,0,PROMO_SETTEMBRE_VIP,ATTIVO
antonellosrl@hotmail.it,Null,Null,Impresa Edile Antonello S.r.l.,+393319062180,SIC-ID-3FFD9867EB7D,NULL,,SICUREZZA,0,PROMO_SETTEMBRE_VIP,ATTIVO
arallanik92@gmail.com,Null,Null,Impresa Edile Aralla,+393312257099,SIC-ID-AE7A9DA98F13,NULL,,SICUREZZA,0,PROMO_SETTEMBRE_VIP,ATTIVO
info@impresaedilearena.com,Null,Null,Impresa Edile Arena Nicola,+393382898521,SIC-ID-EAE2AFB8A0AB,NULL,,SICUREZZA,0,PROMO_SETTEMBRE_VIP,ATTIVO
d.barolo@studioarchitetti.com,Null,Null,Impresa Edile Artigiana Barolo Graziano,+393460232526,SIC-ID-C34CA1796E52,NULL,,SICUREZZA,0,PROMO_SETTEMBRE_VIP,ATTIVO
info@botter.it,Null,Null,Impresa Edile Baldo Paolo & C. Snc,+390421205180,SIC-ID-9C43F56078D8,NULL,,SICUREZZA,0,PROMO_SETTEMBRE_VIP,ATTIVO
info@impresabaraldo.it,Null,Null,Impresa Edile Baraldo,+390445364845,SIC-ID-5D0EF0D7EC8F,NULL,,SICUREZZA,0,PROMO_SETTEMBRE_VIP,ATTIVO
impresaedilebartucca@gmail.com,Null,Null,Impresa Edile Bartucca Srl,+393452235121,SIC-ID-8274677E4990,NULL,,SICUREZZA,0,PROMO_SETTEMBRE_VIP,ATTIVO
info.mtc@baruffaldi.it,Null,Null,Impresa Edile Baruffaldi Luigi,+390516849247,SIC-ID-B7B77F45669E,NULL,BO,SICUREZZA,0,PROMO_SETTEMBRE_VIP,ATTIVO
info@impresabarzon.it,Null,Null,Impresa Edile Barzon Stefano,+393487492931,SIC-ID-117287D9EA86,NULL,,SICUREZZA,0,PROMO_SETTEMBRE_VIP,ATTIVO
info@novelloec.com,Null,Null,Impresa Edile Bianchi Pietro,+393487450933,SIC-ID-C11E87521F8D,NULL,,SICUREZZA,0,PROMO_SETTEMBRE_VIP,ATTIVO
tommaso@gmail.com,Null,Null,Impresa Edile Bologna Pinto Tommaso,+39337861230,SIC-ID-89E23466C387,NULL,,SICUREZZA,0,PROMO_SETTEMBRE_VIP,ATTIVO
info@impresaedileboscain.it,Null,Null,Impresa Edile Boscain Silvano E Figlio,+393472960860,SIC-ID-FB83CA7EF273,NULL,,SICUREZZA,0,PROMO_SETTEMBRE_VIP,ATTIVO
edil@vucaj.net,Null,Null,Impresa Edile Bucaj,+390412439466,SIC-ID-7C2A1BE86FED,NULL,VE,SICUREZZA,0,PROMO_SETTEMBRE_VIP,ATTIVO
info@bulladoantonio.com,Null,Null,Impresa Edile Bullado Antonio,+393408614252,SIC-ID-4A4839F8CB47,NULL,,SICUREZZA,0,PROMO_SETTEMBRE_VIP,ATTIVO
info@ce-bu.it,Null,Null,Impresa Edile C.e.bu. S.r.l.s.,+393927570025,SIC-ID-EA5A3F4AEC06,NULL,,SICUREZZA,0,PROMO_SETTEMBRE_VIP,ATTIVO
social@mardegan.it,Null,Null,Impresa Edile Camillo Mardegan,+393356486533,SIC-ID-E2C58188B526,NULL,,SICUREZZA,0,PROMO_SETTEMBRE_VIP,ATTIVO
info@impresacatalano.it,Null,Null,Impresa Edile Catalano Nicolo',+393394023224,SIC-ID-9A4A29DB93F9,NULL,,SICUREZZA,0,PROMO_SETTEMBRE_VIP,ATTIVO
segreteria.cdmsrl@gmail.com,Null,Null,Impresa Edile Cdm Srl,+390522343492,SIC-ID-8B5F52B68ACE,NULL,RE,SICUREZZA,0,PROMO_SETTEMBRE_VIP,ATTIVO
arrigo.cestaro@libero.it,Null,Null,Impresa Edile Cestaro Di Cestaro Claudia - Lavori Pubblici Privati Costruzioni Appartamenti,+390425701248,SIC-ID-A900DDC9D12E,NULL,RO,SICUREZZA,0,PROMO_SETTEMBRE_VIP,ATTIVO
info@impresaedileciaravolo.it,Null,Null,Impresa Edile Ciaravolo Luigi,+393408405923,SIC-ID-7A697408F72B,NULL,,SICUREZZA,0,PROMO_SETTEMBRE_VIP,ATTIVO
cipripaolo2015@gmail.com,Null,Null,Impresa Edile Ciprì Paolo – Ristrutturazioni E Lavori Edili,+393287545263,SIC-ID-A749B3715C69,NULL,,SICUREZZA,0,PROMO_SETTEMBRE_VIP,ATTIVO
colombanigiacomo@alice.it,Null,Null,Impresa Edile Colombani Giacomo,+393387218639,SIC-ID-B61F32083F79,NULL,,SICUREZZA,0,PROMO_SETTEMBRE_VIP,ATTIVO
www.ariabona.it@gmail.com,Null,Null,Impresa Edile Coppola Giuseppe,+393388851285,SIC-ID-9529F6C4FA1A,NULL,,SICUREZZA,0,PROMO_SETTEMBRE_VIP,ATTIVO
edilcorradi@gmail.com,Null,Null,Impresa Edile Corradi,+393406642025,SIC-ID-E08ECCA30ABA,NULL,,SICUREZZA,0,PROMO_SETTEMBRE_VIP,ATTIVO
privacy@astrazeneca.com,Null,Null,Impresa Edile Costel Srl Di Pasquale Stellato,+393452413595,SIC-ID-2B551E0667CA,NULL,,SICUREZZA,0,PROMO_SETTEMBRE_VIP,ATTIVO
impresaedilecristian@gmail.com,Null,Null,Impresa Edile Cristian,+393278663414,SIC-ID-3792C68D0700,NULL,,SICUREZZA,0,PROMO_SETTEMBRE_VIP,ATTIVO
devincentiemanuele@yahoo.it,Null,Null,Impresa Edile De Vincenti,+393454572294,SIC-ID-4E62F2815D40,NULL,,SICUREZZA,0,PROMO_SETTEMBRE_VIP,ATTIVO
segreteria@athenagroup.eu,Null,Null,Impresa Edile Di Bevilacqua Walter,+390415600396,SIC-ID-C6C1A5FB348B,NULL,VE,SICUREZZA,0,PROMO_SETTEMBRE_VIP,ATTIVO
info@studiocesaretti.it,Null,Null,Impresa Edile Di Cesaretti Filippo - Ferrara,+393355252853,SIC-ID-9EC128F23B04,NULL,,SICUREZZA,0,PROMO_SETTEMBRE_VIP,ATTIVO
infoimpresaediledigiovanni@gmail.com,Null,Null,Impresa Edile Di Costruzioni Di Giovanni,+393714193490,SIC-ID-8B082B801178,NULL,,SICUREZZA,0,PROMO_SETTEMBRE_VIP,ATTIVO
domidritan2@gmail.com,Null,Null,Impresa Edile Domi Dritan,+393331206032,SIC-ID-228BD0067371,NULL,,SICUREZZA,0,PROMO_SETTEMBRE_VIP,ATTIVO
info@duiliogazzettasrl.com,Null,Null,Impresa Edile Duilio Gazzetta S.r.l.,+39041721911,SIC-ID-908E2B1C2263,NULL,VE,SICUREZZA,0,PROMO_SETTEMBRE_VIP,ATTIVO
ristrutturazioneeb.srl@gmail.com,Null,Null,Impresa Edile Ebi,+393924658204,SIC-ID-2116C5912F59,NULL,,SICUREZZA,0,PROMO_SETTEMBRE_VIP,ATTIVO
edilangeli@yahoo.it,Null,Null,Impresa Edile Edilangeli,+393497797571,SIC-ID-0944DA180A37,NULL,,SICUREZZA,0,PROMO_SETTEMBRE_VIP,ATTIVO
info@giorgiobormac.com,Null,Null,Impresa Edile Eurocasa Srl,+390593971695,SIC-ID-E54BA91EADE9,NULL,MO,SICUREZZA,0,PROMO_SETTEMBRE_VIP,ATTIVO
lacafred@hotmail.com,Null,Null,Impresa Edile Euroedil Di Laca Fred,+393299378046,SIC-ID-F96EA81DA0E8,NULL,,SICUREZZA,0,PROMO_SETTEMBRE_VIP,ATTIVO
info@impresaedilebezzegato.com,Null,Null,Impresa Edile F.lli Bezzegato & C. S.n.c.,+393358123514,SIC-ID-0A3168EC204F,NULL,,SICUREZZA,0,PROMO_SETTEMBRE_VIP,ATTIVO
info@impresalecce.it,Null,Null,Impresa Edile F.lli Lecce,+390386390025,SIC-ID-AEBDA4A1D64B,NULL,,SICUREZZA,0,PROMO_SETTEMBRE_VIP,ATTIVO
media.relations@delonghigroup.com,Null,Null,Impresa Edile F.lli Moro S.r.l.,+390422841475,SIC-ID-FA7047705125,NULL,TV,SICUREZZA,0,PROMO_SETTEMBRE_VIP,ATTIVO
ing.ferrari1954@libero.it,Null,Null,Impresa Edile Ferrari,+39059340999,SIC-ID-052F9D7637DC,NULL,MO,SICUREZZA,0,PROMO_SETTEMBRE_VIP,ATTIVO
info@impresaedilefontana.com,Null,Null,Impresa Edile Fontana,+393312230334,SIC-ID-F3CB0F39FC10,NULL,,SICUREZZA,0,PROMO_SETTEMBRE_VIP,ATTIVO
francopalmericostruzioni@gmail.com,Null,Null,Impresa Edile Francesco Palmeri,+3902358130819,SIC-ID-508F6DEA132F,NULL,MI,SICUREZZA,0,PROMO_SETTEMBRE_VIP,ATTIVO
fratelli.facchin@libero.it,Null,Null,Impresa Edile Fratelli Facchin Snc,+39360500990,SIC-ID-F46E6F466BC1,NULL,,SICUREZZA,0,PROMO_SETTEMBRE_VIP,ATTIVO
info@giulianibau.com,Null,Null,Impresa Edile Fratelli Giuliani,+390532892407,SIC-ID-4769C9F17BF9,NULL,FE,SICUREZZA,0,PROMO_SETTEMBRE_VIP,ATTIVO
info@impresaturra.it,Null,Null,"Impresa Edile Fratelli Turra Di Turra Luigi, Valerio Snc",+390532870488,SIC-ID-8E309CF63902,NULL,FE,SICUREZZA,0,PROMO_SETTEMBRE_VIP,ATTIVO
info@gattocostruzioni.com,Null,Null,Impresa Edile Gatto Di Gatto Vittorio,+390422633065,SIC-ID-C8FFFEDA1C73,NULL,TV,SICUREZZA,0,PROMO_SETTEMBRE_VIP,ATTIVO
info@gccostruzioni.net,Null,Null,Impresa Edile General Costruzioni,+390422849246,SIC-ID-6DE27A75E859,NULL,TV,SICUREZZA,0,PROMO_SETTEMBRE_VIP,ATTIVO
info@gentile-costruzioni.com,Null,Null,Impresa Edile Gentilin Christian,+393393687302,SIC-ID-84352EE5B3D4,NULL,,SICUREZZA,0,PROMO_SETTEMBRE_VIP,ATTIVO
aregoladarte_bo@alice.it,Null,Null,Impresa Edile Giorgio Domenicangelo,+39051704627,SIC-ID-C3E1367B31F6,NULL,BO,SICUREZZA,0,PROMO_SETTEMBRE_VIP,ATTIVO
info@grossocandido.it,Null,Null,Impresa Edile Grosso Candido,+393386278343,SIC-ID-411C1C0F411F,NULL,,SICUREZZA,0,PROMO_SETTEMBRE_VIP,ATTIVO
edile.linguerri@tiscali.it,Null,Null,Impresa Edile Linguerri Srl,+39051851718,SIC-ID-067E7FD4B216,NULL,BO,SICUREZZA,0,PROMO_SETTEMBRE_VIP,ATTIVO
loverre.salvatore@gmail.com,Null,Null,Impresa Edile Loverre,+393393596768,SIC-ID-908B8013033C,NULL,,SICUREZZA,0,PROMO_SETTEMBRE_VIP,ATTIVO
info@casa39.com,Null,Null,Impresa Edile Lugli Giuseppe,+393384140401,SIC-ID-0293B641670F,NULL,,SICUREZZA,0,PROMO_SETTEMBRE_VIP,ATTIVO
impresamaccan@libero.it,Null,Null,Impresa Edile Maccan,+390434626550,SIC-ID-2DCFC1E2F88A,NULL,,SICUREZZA,0,PROMO_SETTEMBRE_VIP,ATTIVO
info@bpriduttori.com,Null,Null,Impresa Edile Masiero Cristian,+39041486088,SIC-ID-D42585D3EF6F,NULL,VE,SICUREZZA,0,PROMO_SETTEMBRE_VIP,ATTIVO
atrex@atrex.it,Null,Null,Impresa Edile Masiero S.r.l.,+390498626166,SIC-ID-F032DAAA04C5,NULL,PD,SICUREZZA,0,PROMO_SETTEMBRE_VIP,ATTIVO
info@impresaedilemattiuzzo.it,Null,Null,Impresa Edile Mattiuzzo G. & G. S.n.c.,+390421221343,SIC-ID-0DD074948D4E,NULL,,SICUREZZA,0,PROMO_SETTEMBRE_VIP,ATTIVO
info@pucci.it,Null,Null,Impresa Edile Matulli Roberto,+39054551586,SIC-ID-FAE051556D24,NULL,,SICUREZZA,0,PROMO_SETTEMBRE_VIP,ATTIVO
edilemelisrl@gmail.com,Null,Null,Impresa Edile Meli,+390532715361,SIC-ID-8E28D1AB5BEF,NULL,FE,SICUREZZA,0,PROMO_SETTEMBRE_VIP,ATTIVO
michitumminello67@gmail.com,Null,Null,Impresa Edile Michi House,+393356814880,SIC-ID-34C74CF45DBF,NULL,,SICUREZZA,0,PROMO_SETTEMBRE_VIP,ATTIVO
alaricomichielan@libero.it,Null,Null,Impresa Edile Michielan,+393491343597,SIC-ID-B943AB8C053A,NULL,,SICUREZZA,0,PROMO_SETTEMBRE_VIP,ATTIVO
info@mircobadalottimpresaedile.it,Null,Null,Impresa Edile Mirco Badalotti,+390375899032,SIC-ID-1D160D2364D2,NULL,,SICUREZZA,0,PROMO_SETTEMBRE_VIP,ATTIVO
info@nomesito.it,Null,Null,Impresa Edile Mondo Costruzioni,+393391538933,SIC-ID-C57AD8BC2FEC,NULL,,SICUREZZA,0,PROMO_SETTEMBRE_VIP,ATTIVO
info@nicocostruzioni.it,Null,Null,Impresa Edile Nico Costruzioni,+390516871487,SIC-ID-7AB22F1EB8F3,NULL,BO,SICUREZZA,0,PROMO_SETTEMBRE_VIP,ATTIVO
info@impresaedilenicoli.it,Null,Null,Impresa Edile Nicoli Giovanni & Luigino S.n.c.,+393318251839,SIC-ID-4693ED874F56,NULL,,SICUREZZA,0,PROMO_SETTEMBRE_VIP,ATTIVO
ufficio@novadomus-snc.it,Null,Null,Impresa Edile Nova Domus Snc,+393356892844,SIC-ID-990C73C08541,NULL,,SICUREZZA,0,PROMO_SETTEMBRE_VIP,ATTIVO
info@costruzioniedilinoventa.it,Null,Null,Impresa Edile Noventa,+393291544593,SIC-ID-0CD80A6F9F34,NULL,,SICUREZZA,0,PROMO_SETTEMBRE_VIP,ATTIVO
amministrazioneombsrl@gmail.com,Null,Null,Impresa Edile Omb S.r.l.,+393465118880,SIC-ID-F96A8D289C8D,NULL,,SICUREZZA,0,PROMO_SETTEMBRE_VIP,ATTIVO
info@impresaedilepalaminmaurosrl.it,Null,Null,Impresa Edile Palamin Mauro Srl,+3904211880637,SIC-ID-96071CA52624,NULL,,SICUREZZA,0,PROMO_SETTEMBRE_VIP,ATTIVO
info@bo.cna.it,Null,Null,Impresa Edile Parazza Luca,+39051370324,SIC-ID-7B8242910628,NULL,,SICUREZZA,0,PROMO_SETTEMBRE_VIP,ATTIVO
info@impresaedilepatrizi.it,Null,Null,Impresa Edile Patrizi S.r.l.,+390761751828,SIC-ID-167C288248D1,NULL,,SICUREZZA,0,PROMO_SETTEMBRE_VIP,ATTIVO
info@costruzionipavan.com,Null,Null,Impresa Edile Pavan Di Pavan Silvano E Roberto S.n.c.,+390422807156,SIC-ID-A97E77C5088D,NULL,,SICUREZZA,0,PROMO_SETTEMBRE_VIP,ATTIVO
info@pedocchi.it,Null,Null,Impresa Edile Pedocchi Srl,+390425756864,SIC-ID-B99B5BDC0966,NULL,,SICUREZZA,0,PROMO_SETTEMBRE_VIP,ATTIVO
shoponline@peserico.it,Null,Null,Impresa Edile Peruzzo Mirco E Poletto Ilario S.n.c.,+390445605677,SIC-ID-AD67CA01EC85,NULL,,SICUREZZA,0,PROMO_SETTEMBRE_VIP,ATTIVO
nicola@ediliziapiazza.it,Null,Null,Impresa Edile Piazza Sergio Di Piazza Geom. Nicola,+393387002091,SIC-ID-6D57A21FB66F,NULL,,SICUREZZA,0,PROMO_SETTEMBRE_VIP,ATTIVO
piscontileonardo@libero.it,Null,Null,Impresa Edile Pisconti Leonardo - Costruzioni E Ristrutturazioni Chiavi In Mano,+393456444981,SIC-ID-1E52321FACAB,NULL,,SICUREZZA,0,PROMO_SETTEMBRE_VIP,ATTIVO
impresapivato@libero.it,Null,Null,Impresa Edile Pivato Srl,+390423484188,SIC-ID-FC5DB949F067,NULL,,SICUREZZA,0,PROMO_SETTEMBRE_VIP,ATTIVO
tufanocipriano@gmail.com,Null,Null,Impresa Edile Progetto Ristrutturare Geom. Cipriano Tufano,+393275381067,SIC-ID-B232ECAC4FB5,NULL,,SICUREZZA,0,PROMO_SETTEMBRE_VIP,ATTIVO
impresaedile.ragona@gmail.com,Null,Null,Impresa Edile Ragona Rag. Adriano,+393402182772,SIC-ID-CDD432B71584,NULL,,SICUREZZA,0,PROMO_SETTEMBRE_VIP,ATTIVO
info@impresarampazzo.it,Null,Null,Impresa Edile Rampazzo Aurelio S.r.l.,+390415489457,SIC-ID-5ADACC491C81,NULL,,SICUREZZA,0,PROMO_SETTEMBRE_VIP,ATTIVO
info@cceacostruzioni.it,Null,Null,Impresa Edile Reggio Emilia C.c.e.a. Costruzioni,+390522557781,SIC-ID-7DD3ADB8B674,NULL,,SICUREZZA,0,PROMO_SETTEMBRE_VIP,ATTIVO
faustinirobertoimpresa@gmail.com,Null,Null,Impresa Edile Riberti Roberto,,SIC-ID-06C0F887E36D,NULL,,SICUREZZA,0,PROMO_SETTEMBRE_VIP,ATTIVO
info@impresarossi.it,Null,Null,Impresa Edile Rossi Giuseppe,+39042623013,SIC-ID-890266703D51,NULL,,SICUREZZA,0,PROMO_SETTEMBRE_VIP,ATTIVO
info@impresaboaretto.it,Null,Null,Impresa Edile Rovigo,+393293406892,SIC-ID-9604A5650B5D,NULL,,SICUREZZA,0,PROMO_SETTEMBRE_VIP,ATTIVO
ramadanrukolli6@gmail.com,Null,Null,Impresa Edile Rukolli,+393396627702,SIC-ID-2A0088ECDFD6,NULL,,SICUREZZA,0,PROMO_SETTEMBRE_VIP,ATTIVO
geom.russogabriele@gmail.com,Null,Null,Impresa Edile Russo Gabriele,+393383767187,SIC-ID-2FF7F9CFC010,NULL,,SICUREZZA,0,PROMO_SETTEMBRE_VIP,ATTIVO
info@impresaedilesabbion.it,Null,Null,Impresa Edile Sabbion,+39049719285,SIC-ID-DE71E15F2EFF,NULL,,SICUREZZA,0,PROMO_SETTEMBRE_VIP,ATTIVO
impresascarato@gmail.com,Null,Null,Impresa Edile Scarato,+393484904503,SIC-ID-47E77FBF1A2C,NULL,,SICUREZZA,0,PROMO_SETTEMBRE_VIP,ATTIVO
info@impresaedilesegatto.it,Null,Null,Impresa Edile Segatto S.r.l,+390422746046,SIC-ID-65D96B2BC088,NULL,,SICUREZZA,0,PROMO_SETTEMBRE_VIP,ATTIVO
impresaselmani@gmail.com,Null,Null,Impresa Edile Selmani,+393922490990,SIC-ID-CFE7DC6A6197,NULL,,SICUREZZA,0,PROMO_SETTEMBRE_VIP,ATTIVO
info@edilsinigaglia.com,Null,Null,Impresa Edile Sinigaglia Daniele,+393386871500,SIC-ID-94A99E6ACA5C,NULL,,SICUREZZA,0,PROMO_SETTEMBRE_VIP,ATTIVO
impresa@edilespricigo.it,Null,Null,Impresa Edile Spricigo Adamo E Figli Sas,+390422396164,SIC-ID-290A302930DA,NULL,,SICUREZZA,0,PROMO_SETTEMBRE_VIP,ATTIVO
info@stangherlin.it,Null,Null,Impresa Edile Stangherlin Camillo E Adriano S.r.l.,+390423468250,SIC-ID-E799486FBC4B,NULL,,SICUREZZA,0,PROMO_SETTEMBRE_VIP,ATTIVO
info@impresasciaccafrancesco.it,Null,Null,Impresa Edile Stradale E Movimento Terra Sciacca Francesco,+393284003935,SIC-ID-D48F7BA192C7,NULL,,SICUREZZA,0,PROMO_SETTEMBRE_VIP,ATTIVO
investor.relations@delonghigroup.com,Null,Null,Impresa Edile Stradale Ghedin Di Ghedin Umberto & Figlio,+39042297285,SIC-ID-7EDECB98830D,NULL,,SICUREZZA,0,PROMO_SETTEMBRE_VIP,ATTIVO
info@impresatasselli.it,Null,Null,Impresa Edile Tasselli,+39054525942,SIC-ID-95207491AA48,NULL,,SICUREZZA,0,PROMO_SETTEMBRE_VIP,ATTIVO
tecnocostruzionivozza@gmail.com,Null,Null,Impresa Edile Tecnocostruzioni,+393382781333,SIC-ID-000D1762EC16,NULL,,SICUREZZA,0,PROMO_SETTEMBRE_VIP,ATTIVO
info@impresatessaro.com,Null,Null,Impresa Edile Tessaro Remo,+39049631031,SIC-ID-D9B4E96D339C,NULL,,SICUREZZA,0,PROMO_SETTEMBRE_VIP,ATTIVO
giuliotomanin975@gmail.com,Null,Null,Impresa Edile Tomanin,+393286891119,SIC-ID-9B621F1A1500,NULL,,SICUREZZA,0,PROMO_SETTEMBRE_VIP,ATTIVO
immobiliare.rebecca@tosatto.it,Null,Null,Impresa Edile Tosatto Di Verghi Tosatto,+390415780128,SIC-ID-C4C2F087B410,NULL,,SICUREZZA,0,PROMO_SETTEMBRE_VIP,ATTIVO
webmaster@tosatto.it,Null,Null,Impresa Edile Tosatto Paolo,+393395273843,SIC-ID-1B0996C1CB1E,NULL,,SICUREZZA,0,PROMO_SETTEMBRE_VIP,ATTIVO
impresaediletrenp@gmail.com,Null,Null,Impresa Edile Tre N.p.,+393489289591,SIC-ID-EB436C284A82,NULL,,SICUREZZA,0,PROMO_SETTEMBRE_VIP,ATTIVO
info@bruppoeb.it,Null,Null,Impresa Edile Viterbo - Gruppo Eb,+3907611576845,SIC-ID-1AF16CC044D9,NULL,,SICUREZZA,0,PROMO_SETTEMBRE_VIP,ATTIVO
info@impresaedilezemolini.com,Null,Null,Impresa Edile Zemolini Srl,+390532478339,SIC-ID-8E572F56E4C0,NULL,,SICUREZZA,0,PROMO_SETTEMBRE_VIP,ATTIVO
info@impresaedilezorzin.it,Null,Null,Impresa Edile Zorzin,+393491417165,SIC-ID-5A82E533E702,NULL,,SICUREZZA,0,PROMO_SETTEMBRE_VIP,ATTIVO
impresa.ferratisrl@gmail.com,Null,Null,Impresa Ferratisrl,,SIC-ID-57848774718D,NULL,,SICUREZZA,0,PROMO_SETTEMBRE_VIP,ATTIVO
info@costruzioniedilifontana.it,Null,Null,Impresa Giorgio Fontana,+390332334012,SIC-ID-44B320EA073A,NULL,,SICUREZZA,0,PROMO_SETTEMBRE_VIP,ATTIVO
info@impresamoretti.it,Null,Null,Impresa Moretti Srl,+390532720150,SIC-ID-1669E83A3D72,NULL,,SICUREZZA,0,PROMO_SETTEMBRE_VIP,ATTIVO
vito@impresanaso.it,Null,Null,Impresa Naso,+393334733623,SIC-ID-59FA2A7AEB38,NULL,,SICUREZZA,0,PROMO_SETTEMBRE_VIP,ATTIVO
info@pasqualzemirosrl.it,Null,Null,Impresa Pasqual Zemiro Srl,+390415470017,SIC-ID-ABB7C3386942,NULL,,SICUREZZA,0,PROMO_SETTEMBRE_VIP,ATTIVO
leghiluigi@gmail.com,Null,Null,Impresa Edile Leghi Luigi Srl,+390350781940,SIC-ID-578E022E2D99,NULL,,SICUREZZA,0,PROMO_SETTEMBRE_VIP,ATTIVO
tecnicaedilizia@tecnicaedilizia.it,Null,Null,Impresa Edile Tecnicaedilizia Di Cherubini Michele,+390458621996,SIC-ID-0BF040A29F11,NULL,,SICUREZZA,0,PROMO_SETTEMBRE_VIP,ATTIVO
info@ilmaoffshore.it,Null,Null,Impresa Lavori Marittimi Ancona - I.l.m.a.,+39071201908,SIC-ID-5329BCCF12FA,NULL,,SICUREZZA,0,PROMO_SETTEMBRE_VIP,ATTIVO
impresacogipa@gmail.com,Null,Null,Impresacogipa,,SIC-ID-A3DDD6FC86A3,NULL,,SICUREZZA,0,PROMO_SETTEMBRE_VIP,ATTIVO
impresaguerra@virgilio.it,Null,Null,Impresaguerra,,SIC-ID-0A3237CBFB23,NULL,,SICUREZZA,0,PROMO_SETTEMBRE_VIP,ATTIVO
imprese@studioporzionato.191.it,Null,Null,Imprese,,SIC-ID-4017EB3F908C,NULL,,SICUREZZA,0,PROMO_SETTEMBRE_VIP,ATTIVO
redazione@pritalia.it,Null,Null,Imprese Edili Baricella Impresa Edile Barletta Angelo Antonio,+39051879183,SIC-ID-29455719A9BD,NULL,,SICUREZZA,0,PROMO_SETTEMBRE_VIP,ATTIVO
quotasrls@gmail.com,Null,Null,In Quota Srls,+39800033995,SIC-ID-C48785B9F96B,NULL,,SICUREZZA,0,PROMO_SETTEMBRE_VIP,ATTIVO
inarch1@tin.it,Null,Null,Inarch1,,SIC-ID-66C3B3827681,NULL,,SICUREZZA,0,PROMO_SETTEMBRE_VIP,ATTIVO
incaricatiallevendite@lyconet.com,Null,Null,Incaricatiallevendite,,SIC-ID-547BEFC6A391,NULL,,SICUREZZA,0,PROMO_SETTEMBRE_VIP,ATTIVO
indragundidimax@gmail.com,Null,Null,Indragundidimax Gunawan,,SIC-ID-5CA419532746,NULL,,SICUREZZA,0,PROMO_SETTEMBRE_VIP,ATTIVO
info@hotelexpoverona.it,Null,Null,Info - Best Expo,,SIC-ID-1148308B3287,NULL,,SICUREZZA,0,PROMO_SETTEMBRE_VIP,ATTIVO
info@tec-group.net,Null,Null,Info Group,,SIC-ID-8E341C62B0F8,NULL,,SICUREZZA,0,PROMO_SETTEMBRE_VIP,ATTIVO
info@medworksas.com,Null,Null,Info Medwork,+390498072345,SIC-ID-B1F0203770B9,NULL,,SICUREZZA,0,PROMO_SETTEMBRE_VIP,ATTIVO
info064@brt.it,Null,Null,Info064,,SIC-ID-C0048E1D383F,NULL,,SICUREZZA,0,PROMO_SETTEMBRE_VIP,ATTIVO
infoareaufficio@virgilio.it,Null,Null,Infoareaufficio,,SIC-ID-1AFCF228B5D1,NULL,,SICUREZZA,0,PROMO_SETTEMBRE_VIP,ATTIVO
infoboxsrls@gmail.com,Null,Null,Infoboxsrls,,SIC-ID-40FA2610B24C,NULL,,SICUREZZA,0,PROMO_SETTEMBRE_VIP,ATTIVO
infogoticashopelettro@gmail.com,Null,Null,Infogoticashopelettro,,SIC-ID-7C6F8781A78A,NULL,,SICUREZZA,0,PROMO_SETTEMBRE_VIP,ATTIVO
infomusikandsound@gmail.com,Null,Null,Infomusikandsound,,SIC-ID-872918375F2D,NULL,,SICUREZZA,0,PROMO_SETTEMBRE_VIP,ATTIVO
infosaluteebellezza@gmail.com,Null,Null,Infosaluteebellezza,,SIC-ID-6862E2F2044F,NULL,,SICUREZZA,0,PROMO_SETTEMBRE_VIP,ATTIVO
infostudio.cb@gmail.com,Null,Null,Infostudio,,SIC-ID-FEDF37BD41F2,NULL,,SICUREZZA,0,PROMO_SETTEMBRE_VIP,ATTIVO
ing.aguiarigiuliano@libero.it,Null,Null,Ing Aguiarigiuliano,,SIC-ID-EDEF0695DF42,NULL,,SICUREZZA,0,PROMO_SETTEMBRE_VIP,ATTIVO
fabio.berti@poliedron.com,Null,Null,Ing Berti,+393384439416,SIC-ID-3F7D500DEFA1,NULL,,SICUREZZA,0,PROMO_SETTEMBRE_VIP,ATTIVO
ing.bazzani@gmail.com,Null,Null,Ing Bazzani,,SIC-ID-C40920315765,NULL,,SICUREZZA,0,PROMO_SETTEMBRE_VIP,ATTIVO
ing.cmilan@libero.it,Null,Null,Ing Cmilan,,SIC-ID-80246DD146B2,NULL,,SICUREZZA,0,PROMO_SETTEMBRE_VIP,ATTIVO
ing.concetti@gmail.com,Null,Null,Ing Concetti,+393487838473,SIC-ID-8688F0749FF7,NULL,,SICUREZZA,0,PROMO_SETTEMBRE_VIP,ATTIVO
ing.donatofiorillo@libero.it,Null,Null,Ing Donatofiorillo,,SIC-ID-17E3C04C2548,NULL,,SICUREZZA,0,PROMO_SETTEMBRE_VIP,ATTIVO
ing.elenachiappa@gmail.com,Null,Null,Ing Elenachiappa,,SIC-ID-11779F0D9CA4,NULL,,SICUREZZA,0,PROMO_SETTEMBRE_VIP,ATTIVO
angelo.gallerani@enel.com,Null,Null,Ing Gallerani Enel,+390418215776,SIC-ID-D320677F9608,NULL,,SICUREZZA,0,PROMO_SETTEMBRE_VIP,ATTIVO
ing.giacomazzi@tiscali.it,Null,Null,Ing Giacomazzi,,SIC-ID-97F9586D37FE,NULL,,SICUREZZA,0,PROMO_SETTEMBRE_VIP,ATTIVO
ing.giordanoantonio@gmail.com,Null,Null,Ing Giordanoantonio,,SIC-ID-C7EFCB52C3A0,NULL,,SICUREZZA,0,PROMO_SETTEMBRE_VIP,ATTIVO
ing.gromani@gmail.com,Null,Null,Ing Gromani,,SIC-ID-47EBAB85E650,NULL,,SICUREZZA,0,PROMO_SETTEMBRE_VIP,ATTIVO
ing.guglielmo@tiscali.it,Null,Null,Ing Guglielmo,,SIC-ID-8E7AE1C33D5C,NULL,,SICUREZZA,0,PROMO_SETTEMBRE_VIP,ATTIVO
ing.paoloborin@libero.it,Null,Null,Ing Paoloborin,,SIC-ID-B2C084F289CD,NULL,,SICUREZZA,0,PROMO_SETTEMBRE_VIP,ATTIVO
ing.polichetti@libero.it,Null,Null,Ing Polichetti,,SIC-ID-D7C789F595BD,NULL,,SICUREZZA,0,PROMO_SETTEMBRE_VIP,ATTIVO
studiopregnolato@gmail.com,Null,Null,Ing Pregnolato,+393299262150,SIC-ID-5AA2F25018BD,NULL,,SICUREZZA,0,PROMO_SETTEMBRE_VIP,ATTIVO
ing.romanfra@gmail.com,Null,Null,Ing Romanfra,,SIC-ID-096E93DA137D,NULL,,SICUREZZA,0,PROMO_SETTEMBRE_VIP,ATTIVO
ing.sacrato@libero.it,Null,Null,Ing Sacrato,,SIC-ID-FB2901873466,NULL,,SICUREZZA,0,PROMO_SETTEMBRE_VIP,ATTIVO
ing.sandrosignoretto@gmail.com,Null,Null,Ing Sandrosignoretto,,SIC-ID-6F367D02171D,NULL,,SICUREZZA,0,PROMO_SETTEMBRE_VIP,ATTIVO
ing.sanna.roberto@gmail.com,Null,Null,Ing Sanna Roberto,,SIC-ID-BAD42E06BBFA,NULL,,SICUREZZA,0,PROMO_SETTEMBRE_VIP,ATTIVO
prenotazioni@villamargherita.it,Null,Null,Ing. Antonino Campo & C. Costruzioni E Impianti Snc,+390923921501,SIC-ID-5ECB712F165F,NULL,,SICUREZZA,0,PROMO_SETTEMBRE_VIP,ATTIVO
certienergia@gmail.com,Null,Null,Ing. Rinaldi Ape,34924581920,SIC-ID-471B592D2ABF,NULL,,SICUREZZA,0,PROMO_SETTEMBRE_VIP,ATTIVO
ufficiotecnico@inglombardi.com,Null,Null,Ing.g. Lombardi E C. Costruzioni Edilizie Srl,+390815848576,SIC-ID-063CFD5219EA,NULL,,SICUREZZA,0,PROMO_SETTEMBRE_VIP,ATTIVO
ingbaiano@libero.it,Null,Null,Ingbaiano Baiano,,SIC-ID-C1E044F45CA4,NULL,,SICUREZZA,0,PROMO_SETTEMBRE_VIP,ATTIVO
ingguglielmo.passarella@gmail.com,Null,Null,Ingguglielmo Passarella,,SIC-ID-272B32BB4AD7,NULL,,SICUREZZA,0,PROMO_SETTEMBRE_VIP,ATTIVO
inglago@libero.it,Null,Null,Inglago,,SIC-ID-7153B360B4E7,NULL,,SICUREZZA,0,PROMO_SETTEMBRE_VIP,ATTIVO
ingmauriziobarboni@gmail.com,Null,Null,Ingmauriziobarboni,,SIC-ID-DD76B794867A,NULL,,SICUREZZA,0,PROMO_SETTEMBRE_VIP,ATTIVO
ingsena@alice.it,Null,Null,Ingsena,,SIC-ID-9BB92EC55D47,NULL,,SICUREZZA,0,PROMO_SETTEMBRE_VIP,ATTIVO
noisanmichele@gmail.com,Null,Null,Inguscio Solsonica,+393487919434,SIC-ID-0F0B8ECEB8B9,NULL,,SICUREZZA,0,PROMO_SETTEMBRE_VIP,ATTIVO
iniziative@uildmve.it,Null,Null,Iniziative,,SIC-ID-BFFFDC496843,NULL,,SICUREZZA,0,PROMO_SETTEMBRE_VIP,ATTIVO
webserver@staff.aruba.it,Null,Null,Innamorati Edilizia Spa,+39086202891,SIC-ID-038109FEDC7F,NULL,,SICUREZZA,0,PROMO_SETTEMBRE_VIP,ATTIVO
insieme.perlapace@hotmail.it,Null,Null,Insieme Perlapace,,SIC-ID-B5CB460F3329,NULL,,SICUREZZA,0,PROMO_SETTEMBRE_VIP,ATTIVO
interazionieuropa@libero.it,Null,Null,Interazionieuropa,,SIC-ID-E0FE2001382D,NULL,,SICUREZZA,0,PROMO_SETTEMBRE_VIP,ATTIVO
ufficiocommerciale@intersonda.it,Null,Null,Intersonda S.r.l.,+390583644646,SIC-ID-C738D2B2C689,NULL,,SICUREZZA,0,PROMO_SETTEMBRE_VIP,ATTIVO
info@verdeintesa.it,Null,Null,Intesa Verde S.r.l.,,SIC-ID-D1EDF91D07E2,NULL,,SICUREZZA,0,PROMO_SETTEMBRE_VIP,ATTIVO
intonaci.fl@gmail.com,Null,Null,Intonaci Fl,,SIC-ID-E4577BDFF565,NULL,,SICUREZZA,0,PROMO_SETTEMBRE_VIP,ATTIVO
intonacimilan@libero.it,Null,Null,Intonacimilan,,SIC-ID-80E36ED6AC81,NULL,,SICUREZZA,0,PROMO_SETTEMBRE_VIP,ATTIVO
inviodocumenti.it@ing.com,Null,Null,Inviodocumenti It,34779138900,SIC-ID-8138D0C29B42,NULL,,SICUREZZA,0,PROMO_SETTEMBRE_VIP,ATTIVO
iocisono@kartra.com,Null,Null,Iocisono,34724653860,SIC-ID-AC1F4F6F7AF0,NULL,,SICUREZZA,0,PROMO_SETTEMBRE_VIP,ATTIVO
iovhei55@gmail.com,Null,Null,Iovhei55,,SIC-ID-AF5D74C999D5,NULL,,SICUREZZA,0,PROMO_SETTEMBRE_VIP,ATTIVO
iphone.liliana@gmail.com,Null,Null,Iphone Liliana,,SIC-ID-FBF79ED70263,NULL,,SICUREZZA,0,PROMO_SETTEMBRE_VIP,ATTIVO
iragazzidelsole@libero.it,Null,Null,Iragazzidelsole,,SIC-ID-627FE1213F57,NULL,,SICUREZZA,0,PROMO_SETTEMBRE_VIP,ATTIVO
irene.bend@live.it,Null,Null,Irene Bend,+393475525348,SIC-ID-0F64FF392F48,NULL,,SICUREZZA,0,PROMO_SETTEMBRE_VIP,ATTIVO
irecama86@libero.it,Null,Null,Irene Camacci,+393475525348,SIC-ID-13D6B7C1A969,NULL,,SICUREZZA,0,PROMO_SETTEMBRE_VIP,ATTIVO
irenebassani@gmail.com,Null,Null,Irenebassani Un Taglio Di Bassani Irene,,SIC-ID-63130E2B5C28,NULL,,SICUREZZA,0,PROMO_SETTEMBRE_VIP,ATTIVO
iris59@hotmail.it,Null,Null,Iris59,,SIC-ID-D51F8A2C7625,NULL,,SICUREZZA,0,PROMO_SETTEMBRE_VIP,ATTIVO
irsi@irsi.it,Null,Null,Irsi,,SIC-ID-D916D5D2B3A7,NULL,,SICUREZZA,0,PROMO_SETTEMBRE_VIP,ATTIVO
isabellabella.ib@gmail.com,Null,Null,Isabella Bellan,+393493425240,SIC-ID-38F7BC25D4BE,NULL,,SICUREZZA,0,PROMO_SETTEMBRE_VIP,ATTIVO
isabellapicariello7@gmail.com,Null,Null,Isabellapicariello7,,SIC-ID-0FF3AE8374A6,NULL,,SICUREZZA,0,PROMO_SETTEMBRE_VIP,ATTIVO
isabellatammaro@gmail.com,Null,Null,Isabellatammaro Tammaro,+393470144114,SIC-ID-5D16A7EEF582,NULL,,SICUREZZA,0,PROMO_SETTEMBRE_VIP,ATTIVO
isaqsrl@gmail.com,Null,Null,Isaqsrl,,SIC-ID-A27DCC0B862B,NULL,,SICUREZZA,0,PROMO_SETTEMBRE_VIP,ATTIVO
ishtiyaqaw@gmail.com,Null,Null,Ishtiyaqaw,,SIC-ID-9E7532C4E699,NULL,,SICUREZZA,0,PROMO_SETTEMBRE_VIP,ATTIVO
isis.sanlucar@gmail.com,Null,Null,Isis Sanlucar,,SIC-ID-EBD3BEEFA46D,NULL,,SICUREZZA,0,PROMO_SETTEMBRE_VIP,ATTIVO
impresaisof@gmail.com,Null,Null,Isof Srl Impresa Costruzioni,+390704638087,SIC-ID-62B2994E0EEF,NULL,,SICUREZZA,0,PROMO_SETTEMBRE_VIP,ATTIVO
issps@outlook.it,Null,Null,Issps,,SIC-ID-187D68FBF91B,NULL,,SICUREZZA,0,PROMO_SETTEMBRE_VIP,ATTIVO
it.support@lyconet.com,Null,Null,It Support,,SIC-ID-AACFFF5D8671,NULL,,SICUREZZA,0,PROMO_SETTEMBRE_VIP,ATTIVO
italiacostruzionimpiantisrls@gmail.com,Null,Null,Italia Costruzioni Impianti Srls,+393276162819,SIC-ID-05B5AAD88A72,NULL,,SICUREZZA,0,PROMO_SETTEMBRE_VIP,ATTIVO
info@italiasurfexpo.it,Null,Null,Italia Expo,,SIC-ID-DFDC4EE549EE,NULL,,SICUREZZA,0,PROMO_SETTEMBRE_VIP,ATTIVO
italiancoffee@actimail.it,Null,Null,Italiancoffee,,SIC-ID-997508B8958B,NULL,,SICUREZZA,0,PROMO_SETTEMBRE_VIP,ATTIVO
italy@lyconet.com,Null,Null,Italy,,SIC-ID-521547ADF910,NULL,,SICUREZZA,0,PROMO_SETTEMBRE_VIP,ATTIVO
itiszubair343@gmail.com,Null,Null,Itiszubair343,,SIC-ID-4FB80F49031E,NULL,,SICUREZZA,0,PROMO_SETTEMBRE_VIP,ATTIVO
ivanpadovan78@gmail.com,Null,Null,Ivan Padovan,+393282219280,SIC-ID-A9F5FCAE8B25,NULL,,SICUREZZA,0,PROMO_SETTEMBRE_VIP,ATTIVO
ivan.veronese@alice.it,Null,Null,Ivan Veronese,+3934882394480,SIC-ID-0650FDF52B47,NULL,,SICUREZZA,0,PROMO_SETTEMBRE_VIP,ATTIVO
ivana.pietrolungo@gmail.com,Null,Null,Ivana Pietrolungo,,SIC-ID-C0DE6D05D3A7,NULL,,SICUREZZA,0,PROMO_SETTEMBRE_VIP,ATTIVO
ivanapagliarulo@alice.it,Null,Null,Ivanapagliarulo,,SIC-ID-CCA80123F999,NULL,,SICUREZZA,0,PROMO_SETTEMBRE_VIP,ATTIVO
ivanb61@libero.it,Null,Null,Ivanb61,+393293439966,SIC-ID-7068F84D314A,NULL,,SICUREZZA,0,PROMO_SETTEMBRE_VIP,ATTIVO
ivanmaso65@gmail.com,Null,Null,Ivanmaso65,+393356460375,SIC-ID-6C17398B2AFC,NULL,,SICUREZZA,0,PROMO_SETTEMBRE_VIP,ATTIVO
ivano.m56@libero.it,Null,Null,Ivano M56,+393354609730,SIC-ID-D6E166FB6620,NULL,,SICUREZZA,0,PROMO_SETTEMBRE_VIP,ATTIVO
iv3msp@libero.it,Null,Null,Ivmsp,,SIC-ID-C11FB63B59A4,NULL,,SICUREZZA,0,PROMO_SETTEMBRE_VIP,ATTIVO
ivo.magnabosco@gmail.com,Null,Null,Ivo Magnabosco,,SIC-ID-42F7377BB68D,NULL,,SICUREZZA,0,PROMO_SETTEMBRE_VIP,ATTIVO
ivo.rinaldin@alice.it,Null,Null,Ivo Rinaldin,,SIC-ID-21560C21DA8F,NULL,,SICUREZZA,0,PROMO_SETTEMBRE_VIP,ATTIVO
ivoavidhold@gmail.com,Null,Null,Ivoavidhold,,SIC-ID-546878D7A1F7,NULL,,SICUREZZA,0,PROMO_SETTEMBRE_VIP,ATTIVO
izeta7@gmail.com,Null,Null,Izeta7,,SIC-ID-D768C59FDB11,NULL,,SICUREZZA,0,PROMO_SETTEMBRE_VIP,ATTIVO
djjacy@hotmail.it,Null,Null,Jacopo Lyo,+393201571385,SIC-ID-78B106D1D54E,NULL,,SICUREZZA,0,PROMO_SETTEMBRE_VIP,ATTIVO
jacopoaneghini@me.com,Null,Null,Jacopoaneghini,,SIC-ID-02147CECCEF7,NULL,,SICUREZZA,0,PROMO_SETTEMBRE_VIP,ATTIVO
jarilavoro@gmail.com,Null,Null,Jarilavoro,,SIC-ID-2E838644950D,NULL,,SICUREZZA,0,PROMO_SETTEMBRE_VIP,ATTIVO
jarivianellolavoro@gmail.com,Null,Null,Jarivianellolavoro,,SIC-ID-C17B257CADFF,NULL,,SICUREZZA,0,PROMO_SETTEMBRE_VIP,ATTIVO
jariviianellolavoro@gmail.com,Null,Null,Jariviianellolavoro,,SIC-ID-DCE4520814D4,NULL,,SICUREZZA,0,PROMO_SETTEMBRE_VIP,ATTIVO
jeanpalezza@gmail.com,Null,Null,Jeanpalezza,,SIC-ID-DFA8C0DDD70D,NULL,,SICUREZZA,0,PROMO_SETTEMBRE_VIP,ATTIVO
jetboarditaly@gmail.com,Null,Null,Jetboarditaly,251106970,SIC-ID-7E7FE09CA423,NULL,,SICUREZZA,0,PROMO_SETTEMBRE_VIP,ATTIVO
jidejoda4@live.com,Null,Null,Jidejoda4,,SIC-ID-ECA65D4C93F3,NULL,,SICUREZZA,0,PROMO_SETTEMBRE_VIP,ATTIVO
jimmi.bas@gmail.com,Null,Null,Jimmi Bas,,SIC-ID-60C096AC8C40,NULL,,SICUREZZA,0,PROMO_SETTEMBRE_VIP,ATTIVO
jimmybonato@gmail.com,Null,Null,Jimmybonato,,SIC-ID-4E84891580B7,NULL,,SICUREZZA,0,PROMO_SETTEMBRE_VIP,ATTIVO
joao.bahia@tiscali.it,Null,Null,Joao Bahia,,SIC-ID-C4F437FD36FB,NULL,,SICUREZZA,0,PROMO_SETTEMBRE_VIP,ATTIVO
joia669@hotmail.it,Null,Null,Joia669,+393482467581,SIC-ID-4AAAFB40C54F,NULL,,SICUREZZA,0,PROMO_SETTEMBRE_VIP,ATTIVO
preorder@onean.com,Null,Null,Jon Uriarte,34634555778,SIC-ID-BF39E0017515,NULL,,SICUREZZA,0,PROMO_SETTEMBRE_VIP,ATTIVO
pasqualijonathan@gmail.com,Null,Null,Jonathan Kennedy,,SIC-ID-B64E70513367,NULL,,SICUREZZA,0,PROMO_SETTEMBRE_VIP,ATTIVO
jonnycavallarin@hotmail.it,Null,Null,Jonny Cavallarin,+393277349044,SIC-ID-20A86F05DDA7,NULL,,SICUREZZA,0,PROMO_SETTEMBRE_VIP,ATTIVO
josephaglieririnella@gmail.com,Null,Null,Josephaglieririnella Rinella,,SIC-ID-58CC5D00C75A,NULL,,SICUREZZA,0,PROMO_SETTEMBRE_VIP,ATTIVO
josex78@libero.it,Null,Null,Josex78,,SIC-ID-71B2C1E2ED39,NULL,,SICUREZZA,0,PROMO_SETTEMBRE_VIP,ATTIVO
joshef70@libero.it,Null,Null,Joshef70,,SIC-ID-46C29CD5B474,NULL,,SICUREZZA,0,PROMO_SETTEMBRE_VIP,ATTIVO
jrxpaintingcontractors@gmail.com,Null,Null,Jrxpaintingcontractors Castillo Sanabia,,SIC-ID-5876A02ED8B8,NULL,,SICUREZZA,0,PROMO_SETTEMBRE_VIP,ATTIVO
juan_giovanni_1124@hotmail.com,Null,Null,Juan_giovanni_1124,+393398182865,SIC-ID-8BA779A6216F,NULL,,SICUREZZA,0,PROMO_SETTEMBRE_VIP,ATTIVO
justchigozie@gmail.com,Null,Null,Justchigozie,,SIC-ID-C14A346D2B3B,NULL,,SICUREZZA,0,PROMO_SETTEMBRE_VIP,ATTIVO
juxhin@ipervox.com,Null,Null,Juxhin Moretti,+393386254956,SIC-ID-5802964B411B,NULL,,SICUREZZA,0,PROMO_SETTEMBRE_VIP,ATTIVO
kamykatt@hotmail.it,Null,Null,Kamykatt,34785605970,SIC-ID-29003BA1FE14,NULL,,SICUREZZA,0,PROMO_SETTEMBRE_VIP,ATTIVO
kantemohamed980@gmail.com,Null,Null,Kantemohamed980 Mohamed,,SIC-ID-802F9EB53754,NULL,,SICUREZZA,0,PROMO_SETTEMBRE_VIP,ATTIVO
info@carrozzeriavergone.com,Null,Null,Karrozzeria Vergone S.r.l.,+390931750611,SIC-ID-48B8A8FB5605,NULL,,SICUREZZA,0,PROMO_SETTEMBRE_VIP,ATTIVO
katiuscia.vertua@simtree.it,Null,Null,Katiuscia Vertua,+3934907045240,SIC-ID-BD3DDD6FA1B3,NULL,,SICUREZZA,0,PROMO_SETTEMBRE_VIP,ATTIVO
katiusciagabriele3@gmail.com,Null,Null,Katiusciagabriele3,,SIC-ID-8D02522B61D0,NULL,,SICUREZZA,0,PROMO_SETTEMBRE_VIP,ATTIVO
kayros68@live.it,Null,Null,Kayros68,,SIC-ID-A9E312975597,NULL,,SICUREZZA,0,PROMO_SETTEMBRE_VIP,ATTIVO
kevinrossante@yahoo.it,Null,Null,Kevin Rossante,+393297795272,SIC-ID-D544D08E3CBE,NULL,,SICUREZZA,0,PROMO_SETTEMBRE_VIP,ATTIVO
khiangtesawma8@gmail.com,Null,Null,Khiangtesawma8,+3933397802710,SIC-ID-CD3DB2A28015,NULL,,SICUREZZA,0,PROMO_SETTEMBRE_VIP,ATTIVO
kilsyblake21@gmail.com,Null,Null,Kilsyblake21,,SIC-ID-CD1CC9D52D6F,NULL,,SICUREZZA,0,PROMO_SETTEMBRE_VIP,ATTIVO
kimberly@cryptocom.intercom-mail.com,Null,Null,Kimberly Com,34891544080,SIC-ID-B98FA82C7C19,NULL,,SICUREZZA,0,PROMO_SETTEMBRE_VIP,ATTIVO
konatefatim001@gmail.com,Null,Null,Konatefatim001,,SIC-ID-6D1425F6BE4E,NULL,,SICUREZZA,0,PROMO_SETTEMBRE_VIP,ATTIVO
krashdj@tiscali.it,Null,Null,Krashdj,,SIC-ID-8105D375F2BA,NULL,,SICUREZZA,0,PROMO_SETTEMBRE_VIP,ATTIVO
kri.mottaran@gmail.com,Null,Null,Kri Mottaran,,SIC-ID-3C483992C51E,NULL,,SICUREZZA,0,PROMO_SETTEMBRE_VIP,ATTIVO
kristianpiva@libero.it,Null,Null,Kristianpiva,,SIC-ID-80F4E98EA5FF,NULL,,SICUREZZA,0,PROMO_SETTEMBRE_VIP,ATTIVO
kyky73@gmail.com,Null,Null,Kyky73,,SIC-ID-1E442D26C98B,NULL,,SICUREZZA,0,PROMO_SETTEMBRE_VIP,ATTIVO
l.belli@calcestruzzi.it,Null,Null,L Belli,,SIC-ID-D86DB5EC80A5,NULL,,SICUREZZA,0,PROMO_SETTEMBRE_VIP,ATTIVO
l.bozzatomenin@studiomenin.it,Null,Null,L Bozzatomenin,,SIC-ID-CC9A947EE4A3,NULL,,SICUREZZA,0,PROMO_SETTEMBRE_VIP,ATTIVO
spinea@artediabitare.it,Null,Null,L'arte Di Abitare - Agenzia Di Oriago Di Mira,+39041472423,SIC-ID-1064EAC96668,NULL,,SICUREZZA,0,PROMO_SETTEMBRE_VIP,ATTIVO
info@limmobilecostruzioni.it,Null,Null,L'immobile Costruzioni Srl,+390291447880,SIC-ID-A82993AE5C20,NULL,,SICUREZZA,0,PROMO_SETTEMBRE_VIP,ATTIVO
info@impresafavara.it,Null,Null,L'arte Del Mestiere,+393408237803,SIC-ID-C0E4B7FEA707,NULL,,SICUREZZA,0,PROMO_SETTEMBRE_VIP,ATTIVO
l-angolodelpane@hotmail.com,Null,Null,L-angolodelpane,+393933370085,SIC-ID-C147B6D52A93,NULL,,SICUREZZA,0,PROMO_SETTEMBRE_VIP,ATTIVO
impresaedilelra2014@gmail.com,Null,Null,L.r.a. Ristrutturazioni E Costruzioni Edili,+393792449733,SIC-ID-BAB0D5EB63E0,NULL,,SICUREZZA,0,PROMO_SETTEMBRE_VIP,ATTIVO
labotecnicstudio@outlook.it,Null,Null,Labo+ Studio,34786264760,SIC-ID-09C662DF707D,NULL,,SICUREZZA,0,PROMO_SETTEMBRE_VIP,ATTIVO
la.clessidra@live.it,Null,Null,La Clessidra,,SIC-ID-5F61573AF2FC,NULL,,SICUREZZA,0,PROMO_SETTEMBRE_VIP,ATTIVO
info@lamelacoop.it,Null,Null,La Cooperativa,,SIC-ID-439381B79257,NULL,,SICUREZZA,0,PROMO_SETTEMBRE_VIP,ATTIVO
soncini.gio@alice.it,Null,Null,La Gió,+393487761434,SIC-ID-C45869E27522,NULL,,SICUREZZA,0,PROMO_SETTEMBRE_VIP,ATTIVO
privacy@lanuovagronda.com,Null,Null,La Nuova Gronda,+39041420914,SIC-ID-CF022053F194,NULL,,SICUREZZA,0,PROMO_SETTEMBRE_VIP,ATTIVO
info@lapiastrellaitalia.it,Null,Null,La Piastrella Italia,+390985849125,SIC-ID-25651724B040,NULL,,SICUREZZA,0,PROMO_SETTEMBRE_VIP,ATTIVO
enricapezzolato@libero.it,Null,Null,La Rosticcera,+390426025048,SIC-ID-D84FAA26C511,NULL,,SICUREZZA,0,PROMO_SETTEMBRE_VIP,ATTIVO
labruna2@yahoo.it,Null,Null,Labruna2,,SIC-ID-D7EF5F3F9577,NULL,,SICUREZZA,0,PROMO_SETTEMBRE_VIP,ATTIVO
lacasadivi.10@libero.it,Null,Null,Lacasadivi 10,,SIC-ID-153500F17D44,NULL,,SICUREZZA,0,PROMO_SETTEMBRE_VIP,ATTIVO
lacasasulfiumebosa@gmail.com,Null,Null,Lacasasulfiumebosa,,SIC-ID-18C045F3C3E0,NULL,,SICUREZZA,0,PROMO_SETTEMBRE_VIP,ATTIVO
ladoridori@gmail.com,Null,Null,Ladoridori,+393319203849,SIC-ID-CF6B78E9CB56,NULL,,SICUREZZA,0,PROMO_SETTEMBRE_VIP,ATTIVO
ladyanna69@libero.it,Null,Null,Ladyanna69,,SIC-ID-B3A7519E73B6,NULL,,SICUREZZA,0,PROMO_SETTEMBRE_VIP,ATTIVO
lago.federica@gmail.com,Null,Null,Lago Federica,+393396331241,SIC-ID-EAE8FA387DE3,NULL,,SICUREZZA,0,PROMO_SETTEMBRE_VIP,ATTIVO
laila.bisio@milanoexe.it,Null,Null,Laila Bisio,,SIC-ID-0A70E9C314FB,NULL,,SICUREZZA,0,PROMO_SETTEMBRE_VIP,ATTIVO
lalla.lanzi@gmail.com,Null,Null,Lalla Lanzi,,SIC-ID-EB4BFF02CBFB,NULL,,SICUREZZA,0,PROMO_SETTEMBRE_VIP,ATTIVO
lamagiadelfumo@gmail.com,Null,Null,Lamagiadelfumo,,SIC-ID-6EE788AD4BFE,NULL,,SICUREZZA,0,PROMO_SETTEMBRE_VIP,ATTIVO
lamelacoop@icloud.com,Null,Null,Lamelacoop Rimini,+3937146638710,SIC-ID-1F5A306D48E6,NULL,,SICUREZZA,0,PROMO_SETTEMBRE_VIP,ATTIVO
info@lamuc.it,Null,Null,Lamuc 89,+390639750142,SIC-ID-9D8ACB0953F2,NULL,,SICUREZZA,0,PROMO_SETTEMBRE_VIP,ATTIVO
lanari.maria.cristina@gmail.com,Null,Null,Lanari Maria Cristina,+393407231036,SIC-ID-927B1689D820,NULL,,SICUREZZA,0,PROMO_SETTEMBRE_VIP,ATTIVO
lanzaristrutturazioni@gmail.com,Null,Null,Lanza Ristrutturazioni,+393497535347,SIC-ID-54ADDBBBEE20,NULL,,SICUREZZA,0,PROMO_SETTEMBRE_VIP,ATTIVO
lanzapesca@libero.it,Null,Null,Lanzapesca,+393472448654,SIC-ID-507C99F4B84E,NULL,,SICUREZZA,0,PROMO_SETTEMBRE_VIP,ATTIVO
lapostadimiki@gmail.com,Null,Null,Lapostadimiki,,SIC-ID-5BA87BB1CE8A,NULL,,SICUREZZA,0,PROMO_SETTEMBRE_VIP,ATTIVO
lara.astolfi@libero.it,Null,Null,Lara Astolfi,,SIC-ID-2CEB26ED820D,NULL,,SICUREZZA,0,PROMO_SETTEMBRE_VIP,ATTIVO
larabiolo@gmail.com,Null,Null,Larabiolo,,SIC-ID-55FEC5779841,NULL,,SICUREZZA,0,PROMO_SETTEMBRE_VIP,ATTIVO
laracappelli@hotmail.it,Null,Null,Laracappelli,,SIC-ID-0656F2DC6621,NULL,,SICUREZZA,0,PROMO_SETTEMBRE_VIP,ATTIVO
larasantin@libero.it,Null,Null,Larasantin Santin Lara,+393391947081,SIC-ID-CD4B4F1E5BD9,NULL,,SICUREZZA,0,PROMO_SETTEMBRE_VIP,ATTIVO
orjon.nallbati@onlawoffice.com,Null,Null,Latini Group Italia Srl,+390686356060,SIC-ID-03023FD78D12,NULL,,SICUREZZA,0,PROMO_SETTEMBRE_VIP,ATTIVO
info@lattebusche.it,Null,Null,Latte Busche,,SIC-ID-31A40CF7A915,NULL,,SICUREZZA,0,PROMO_SETTEMBRE_VIP,ATTIVO
lattoneriafavaretto@gmail.com,Null,Null,Lattoneria Favaretto Di Favaretto Mattia,+393355323498,SIC-ID-3093CCA55E90,NULL,,SICUREZZA,0,PROMO_SETTEMBRE_VIP,ATTIVO
lattoneriaclodia@gmail.com,Null,Null,Lattoneriaclodia,,SIC-ID-D768BF1DC989,NULL,,SICUREZZA,0,PROMO_SETTEMBRE_VIP,ATTIVO
lau641@hotmail.it,Null,Null,Lau641,+393929173084,SIC-ID-D8C5B0851DFA,NULL,,SICUREZZA,0,PROMO_SETTEMBRE_VIP,ATTIVO
info@lauraivan.com,Null,Null,Laura,,SIC-ID-C660F2FAF875,NULL,,SICUREZZA,0,PROMO_SETTEMBRE_VIP,ATTIVO
laura.danda60@gmail.com,Null,Null,Laura Danda60,+393701330772,SIC-ID-5DC7D7B2BCAD,NULL,,SICUREZZA,0,PROMO_SETTEMBRE_VIP,ATTIVO
laura_laura908@yahoo.com,Null,Null,Laura_laura908,,SIC-ID-920C5A5A4910,NULL,,SICUREZZA,0,PROMO_SETTEMBRE_VIP,ATTIVO
laurabruni31@gmail.com,Null,Null,Laurabruni31,+393408125618,SIC-ID-67FBD4D8FBB1,NULL,,SICUREZZA,0,PROMO_SETTEMBRE_VIP,ATTIVO
lauralbb@hotmail.it,Null,Null,Lauralbb,+393496043079,SIC-ID-E5643F218581,NULL,,SICUREZZA,0,PROMO_SETTEMBRE_VIP,ATTIVO
lauramarcucci@tiscali.it,Null,Null,Lauramarcucci Rogi Cucine,+393484940968,SIC-ID-C0DD1AE4EFDA,NULL,,SICUREZZA,0,PROMO_SETTEMBRE_VIP,ATTIVO
laurarizzato85@gmail.com,Null,Null,Laurarizzato85,,SIC-ID-0B50C9D7CBDF,NULL,,SICUREZZA,0,PROMO_SETTEMBRE_VIP,ATTIVO
laurasolinas73@gmail.com,Null,Null,Laurasolinas73 Solinas,,SIC-ID-A03965DF08B2,NULL,,SICUREZZA,0,PROMO_SETTEMBRE_VIP,ATTIVO
lauravascellari@virgilio.it,Null,Null,Lauravascellari,+393494294790,SIC-ID-8CF521AD5AC4,NULL,,SICUREZZA,0,PROMO_SETTEMBRE_VIP,ATTIVO
laurazida71@gmail.com,Null,Null,Laurazida71,,SIC-ID-138EF963D78D,NULL,,SICUREZZA,0,PROMO_SETTEMBRE_VIP,ATTIVO
laurimaria15@gmail.com,Null,Null,Laurimaria15,,SIC-ID-53B34889ED35,NULL,,SICUREZZA,0,PROMO_SETTEMBRE_VIP,ATTIVO
lauro.gardinale@alfuturosa.it,Null,Null,Lauro Gardinale,,SIC-ID-55B783D3CF6A,NULL,,SICUREZZA,0,PROMO_SETTEMBRE_VIP,ATTIVO
lautomobile.pratiche@gmail.com,Null,Null,Lautomobile Pratiche,33463964650,SIC-ID-3B18A3127182,NULL,,SICUREZZA,0,PROMO_SETTEMBRE_VIP,ATTIVO
info@lavoriecostruzioni.it,Null,Null,Lavori E Costruzioni S.r.l.,+39092426699,SIC-ID-6A5293D15C19,NULL,,SICUREZZA,0,PROMO_SETTEMBRE_VIP,ATTIVO
info@fashion-web.it,Null,Null,Lavori Edili A Bologna | Gs Ristrutturazioni,+393482723774,SIC-ID-E22257AAF922,NULL,,SICUREZZA,0,PROMO_SETTEMBRE_VIP,ATTIVO
lavoricontoterzi@libero.it,Null,Null,Lavoricontoterzi,,SIC-ID-DEFDA953D71A,NULL,,SICUREZZA,0,PROMO_SETTEMBRE_VIP,ATTIVO
law_enforcement@bybit.com,Null,Null,Law_enforcement,,SIC-ID-BA841B6332AE,NULL,,SICUREZZA,0,PROMO_SETTEMBRE_VIP,ATTIVO
lazzarincri@libero.it,Null,Null,Lazzarin Cristina,,SIC-ID-458FA7920E96,NULL,,SICUREZZA,0,PROMO_SETTEMBRE_VIP,ATTIVO
lazzarin.massimo@ciapadova.it,Null,Null,Lazzarin Massimo,,SIC-ID-5CD113A88E13,NULL,,SICUREZZA,0,PROMO_SETTEMBRE_VIP,ATTIVO
info@lci.it,Null,Null,Lci Isolanti Termici - Coibentazioni,+390415630858,SIC-ID-CFA8A6802901,NULL,,SICUREZZA,0,PROMO_SETTEMBRE_VIP,ATTIVO
lcipriani1071@gmail.com,Null,Null,Lcipriani1071,+393463871785,SIC-ID-054FB9822399,NULL,,SICUREZZA,0,PROMO_SETTEMBRE_VIP,ATTIVO
monicaborghese@ledecorazioni.com,Null,Null,Le Decorazioni - Prati,+390660668395,SIC-ID-DF7AC3864941,NULL,,SICUREZZA,0,PROMO_SETTEMBRE_VIP,ATTIVO
info@leilgroup.it,Null,Null,Le.il. Costruzioni S.r.l.,+390918781438,SIC-ID-F1EA32F3777E,NULL,,SICUREZZA,0,PROMO_SETTEMBRE_VIP,ATTIVO
commerciale@compedata.com,Null,Null,Lead Rilevato,,SIC-ID-0DBFB19F06F3,NULL,,SICUREZZA,0,PROMO_SETTEMBRE_VIP,ATTIVO
leander.vocaj@yahoo.it,Null,Null,Leander Vocaj,,SIC-ID-B3016BA43DB7,NULL,,SICUREZZA,0,PROMO_SETTEMBRE_VIP,ATTIVO
ledeliziedinazzareno@libero.it,Null,Null,Ledeliziedinazzareno,,SIC-ID-B164440683BF,NULL,,SICUREZZA,0,PROMO_SETTEMBRE_VIP,ATTIVO
legal.it@myworld.com,Null,Null,Legal It,32060536620,SIC-ID-B075AC101693,NULL,,SICUREZZA,0,PROMO_SETTEMBRE_VIP,ATTIVO
legale.federicapozzato@studipozzato.it,Null,Null,Legale Federicapozzato,,SIC-ID-4F275B1B1915,NULL,,SICUREZZA,0,PROMO_SETTEMBRE_VIP,ATTIVO
lellabosco@libero.it,Null,Null,Lellabosco,,SIC-ID-39CD5DA20755,NULL,,SICUREZZA,0,PROMO_SETTEMBRE_VIP,ATTIVO
info@dittalemmi.com,Null,Null,Lemmi & C. Sede Di Pistoia,+3905731794724,SIC-ID-4B27F2D7D235,NULL,,SICUREZZA,0,PROMO_SETTEMBRE_VIP,ATTIVO
lendinara@cnaro.it,Null,Null,Lendinara Engine V1_2026-02-24_03-38 Estr,,SIC-ID-1BDC75C82DED,NULL,,SICUREZZA,0,PROMO_SETTEMBRE_VIP,ATTIVO
lenkam@tin.it,Null,Null,Lenkam,+3938597465860,SIC-ID-767C1E42AAA4,NULL,,SICUREZZA,0,PROMO_SETTEMBRE_VIP,ATTIVO
lenzi@lucalenzi.it,Null,Null,Lenzi,,SIC-ID-CEAA82B85520,NULL,,SICUREZZA,0,PROMO_SETTEMBRE_VIP,ATTIVO
info.leofer@gmail.com,Null,Null,Leofer Di Leonardi Salvatore - Lavorazioni In Ferro | Paesi Etnei | Catania,+393407245580,SIC-ID-3138451E3C3E,NULL,,SICUREZZA,0,PROMO_SETTEMBRE_VIP,ATTIVO
leonardo.bonato@tin.it,Null,Null,Leonardo Bonato,+3934919904070,SIC-ID-DFD666AC6F8F,NULL,,SICUREZZA,0,PROMO_SETTEMBRE_VIP,ATTIVO
leonardo.fibbiani@gmail.com,Null,Null,Leonardo Fibbiani,+393485204990,SIC-ID-484798E7FE7B,NULL,,SICUREZZA,0,PROMO_SETTEMBRE_VIP,ATTIVO
artisti.leonardo@studiopozzato.it,Null,Null,Leonardo Lo Cicero,+393314390562,SIC-ID-34BB0ACA9E31,NULL,,SICUREZZA,0,PROMO_SETTEMBRE_VIP,ATTIVO
leone@zannovello.it,Null,Null,Leone,+393421688889,SIC-ID-101F36DED7B1,NULL,,SICUREZZA,0,PROMO_SETTEMBRE_VIP,ATTIVO
leonecapoferri61@gmail.com,Null,Null,Leonecapoferri61,,SIC-ID-020CA912F64B,NULL,,SICUREZZA,0,PROMO_SETTEMBRE_VIP,ATTIVO
leonelorenzoni@libero.it,Null,Null,Leonelorenzoni,,SIC-ID-FBD848023B1E,NULL,,SICUREZZA,0,PROMO_SETTEMBRE_VIP,ATTIVO
leosil54@libero.it,Null,Null,Leosil54,,SIC-ID-C12223B15082,NULL,,SICUREZZA,0,PROMO_SETTEMBRE_VIP,ATTIVO
silvia.cencelli@leroymerlin.it,Null,Null,Leroy Merlin,+390410992630,SIC-ID-5202584CB7CB,NULL,,SICUREZZA,0,PROMO_SETTEMBRE_VIP,ATTIVO
lessiniacostruzioni@gmail.com,Null,Null,Lessinia Costruzioni Srl,+390456500321,SIC-ID-A5BD2E57BAE8,NULL,,SICUREZZA,0,PROMO_SETTEMBRE_VIP,ATTIVO
graficarima@gmail.com,Null,Null,Letizia Ricarica,+393924879543,SIC-ID-271ACDAA4B5B,NULL,,SICUREZZA,0,PROMO_SETTEMBRE_VIP,ATTIVO
leucianto22@gmail.com,Null,Null,Leucianto22,,SIC-ID-FDB48C05CB39,NULL,,SICUREZZA,0,PROMO_SETTEMBRE_VIP,ATTIVO
lgripasrl@gmail.com,Null,Null,Lg Edilizia Srl,+39073597230,SIC-ID-676D7FB4F375,NULL,,SICUREZZA,0,PROMO_SETTEMBRE_VIP,ATTIVO
lgfservizi@gmail.com,Null,Null,Lgfservizi,,SIC-ID-22CD873D1A8F,NULL,,SICUREZZA,0,PROMO_SETTEMBRE_VIP,ATTIVO
lgimmy@inwind.it,Null,Null,Lgimmy,,SIC-ID-A155D2BB9289,NULL,,SICUREZZA,0,PROMO_SETTEMBRE_VIP,ATTIVO
libri@archimagazine.es,Null,Null,Libri,,SIC-ID-2B6BC937D91C,NULL,,SICUREZZA,0,PROMO_SETTEMBRE_VIP,ATTIVO
liciaconsolid@gmail.com,Null,Null,Liciaconsolid,,SIC-ID-6EB90D3DF1AD,NULL,,SICUREZZA,0,PROMO_SETTEMBRE_VIP,ATTIVO
lidia@negritrasporti.it,Null,Null,Lidia,,SIC-ID-D1D9436550B9,NULL,,SICUREZZA,0,PROMO_SETTEMBRE_VIP,ATTIVO
lidialaplaca@hotmail.it,Null,Null,Lidialaplaca,,SIC-ID-B5D52AAF61BA,NULL,,SICUREZZA,0,PROMO_SETTEMBRE_VIP,ATTIVO
liliana.lattuada@fastwebnet.it,Null,Null,Liliana Lattuada,+3934964838670,SIC-ID-4ADF3DDA2E7A,NULL,,SICUREZZA,0,PROMO_SETTEMBRE_VIP,ATTIVO
lillimarino249@gmail.com,Null,Null,Lillimarino249,,SIC-ID-10B90CA3710F,NULL,,SICUREZZA,0,PROMO_SETTEMBRE_VIP,ATTIVO
linareppuccia@libero.it,Null,Null,Linareppuccia,,SIC-ID-993C388AED3E,NULL,,SICUREZZA,0,PROMO_SETTEMBRE_VIP,ATTIVO
linda.forenza@gmail.com,Null,Null,Linda Forenza,+393886380383,SIC-ID-C0653B253C92,NULL,,SICUREZZA,0,PROMO_SETTEMBRE_VIP,ATTIVO
lindabobbo@virgilio.it,Null,Null,Lindabobbo,,SIC-ID-AA5F2B8262AC,NULL,,SICUREZZA,0,PROMO_SETTEMBRE_VIP,ATTIVO
linkin560@yahoo.it,Null,Null,Linkin560 Barbuto,,SIC-ID-F9FD7BFF8487,NULL,,SICUREZZA,0,PROMO_SETTEMBRE_VIP,ATTIVO
linogiuseppe.zen@icportoviro.edu.it,Null,Null,Linogiuseppe Zen,32994515560,SIC-ID-C2F12C28A8D0,NULL,,SICUREZZA,0,PROMO_SETTEMBRE_VIP,ATTIVO
lisanicoletto@hotmail.com,Null,Null,Lisanicoletto,,SIC-ID-9254F8393B2C,NULL,,SICUREZZA,0,PROMO_SETTEMBRE_VIP,ATTIVO
lisatugnolo@hotmail.com,Null,Null,Lisatugnolo,,SIC-ID-E9911BCD3A98,NULL,,SICUREZZA,0,PROMO_SETTEMBRE_VIP,ATTIVO
livicsoluzioniedili@libero.it,Null,Null,Livicsoluzioniedili,,SIC-ID-4708FD441B5A,NULL,,SICUREZZA,0,PROMO_SETTEMBRE_VIP,ATTIVO
info@lmc-infrastrutturestradali.it,Null,Null,Lmc Infrastrutture Stradali,+390957040688,SIC-ID-9113FAC48393,NULL,,SICUREZZA,0,PROMO_SETTEMBRE_VIP,ATTIVO
lodo.claudia@gmail.com,Null,Null,Lodo Claudia,,SIC-ID-917368B87E7F,NULL,,SICUREZZA,0,PROMO_SETTEMBRE_VIP,ATTIVO
info@segheria-lombardi.it,Null,Null,Lombardi Franco Srl,+390465621159,SIC-ID-F5F14F91C2C9,NULL,,SICUREZZA,0,PROMO_SETTEMBRE_VIP,ATTIVO
info@lomonacostruzioni.com,Null,Null,Lomonacostruzioni Srl,+393392149317,SIC-ID-B751041B1294,NULL,,SICUREZZA,0,PROMO_SETTEMBRE_VIP,ATTIVO
info@longhincostruzioniedili.it,Null,Null,Longhin Costruzioni Edili S.r.l.,+393357034596,SIC-ID-55F119F2B903,NULL,,SICUREZZA,0,PROMO_SETTEMBRE_VIP,ATTIVO
longo.m.geometra@gmail.com,Null,Null,Longo M Geometra,,SIC-ID-882C9534860A,NULL,,SICUREZZA,0,PROMO_SETTEMBRE_VIP,ATTIVO
loredana.ciotti@gmail.com,Null,Null,Loredana Ciotti,,SIC-ID-0E8BF378F96E,NULL,,SICUREZZA,0,PROMO_SETTEMBRE_VIP,ATTIVO
loredana@molinofavero.com,Null,Null,Loredana Elite,+3934744832150,SIC-ID-3EC2370FCD0F,NULL,,SICUREZZA,0,PROMO_SETTEMBRE_VIP,ATTIVO
loredana.sardo@tiscali.it,Null,Null,Loredana Sardo,,SIC-ID-FBD202C2F296,NULL,,SICUREZZA,0,PROMO_SETTEMBRE_VIP,ATTIVO
lorella.studiogs@gmail.com,Null,Null,Lorella Studiogs,,SIC-ID-64C639ABA298,NULL,,SICUREZZA,0,PROMO_SETTEMBRE_VIP,ATTIVO
lorellamontanari63@gmail.com,Null,Null,Lorellamontanari63,,SIC-ID-FF07C967688B,NULL,,SICUREZZA,0,PROMO_SETTEMBRE_VIP,ATTIVO
lorena.dalpoz@regione.veneto.it,Null,Null,Lorena Dalpoz,,SIC-ID-8281E612F69C,NULL,,SICUREZZA,0,PROMO_SETTEMBRE_VIP,ATTIVO
lorena.luca60@gmail.com,Null,Null,Lorena Luca60,,SIC-ID-E3A3A6920D69,NULL,,SICUREZZA,0,PROMO_SETTEMBRE_VIP,ATTIVO
lorena.scremin@alice.it,Null,Null,Lorena Malgari,+393491966857,SIC-ID-1399D91A5F9D,NULL,,SICUREZZA,0,PROMO_SETTEMBRE_VIP,ATTIVO
amministrazione@benazzosrl.it,Null,Null,Lorena Srl,,SIC-ID-28BA630132E1,NULL,,SICUREZZA,0,PROMO_SETTEMBRE_VIP,ATTIVO
lorenza.bego@libero.it,Null,Null,Lorenza Bego,+393204643357,SIC-ID-3CAB8B03A523,NULL,,SICUREZZA,0,PROMO_SETTEMBRE_VIP,ATTIVO
lorenzolivestage@iol.it,Null,Null,Lorenzolivestage,+393289354511,SIC-ID-D4AE9C5DF82A,NULL,,SICUREZZA,0,PROMO_SETTEMBRE_VIP,ATTIVO
lorenzomoretto@yahoo.it,Null,Null,Lorenzomoretto,,SIC-ID-7A5FD6F253DC,NULL,,SICUREZZA,0,PROMO_SETTEMBRE_VIP,ATTIVO
timoty79@libero.it,Null,Null,Lorenzoni Giuliano,+393356742283,SIC-ID-3CE0CFBB2611,NULL,,SICUREZZA,0,PROMO_SETTEMBRE_VIP,ATTIVO
loretta_ricci@libero.it,Null,Null,Loretta_ricci,,SIC-ID-30FDE965E086,NULL,,SICUREZZA,0,PROMO_SETTEMBRE_VIP,ATTIVO
lorettazanardelli@gmail.com,Null,Null,Lorettazanardelli,,SIC-ID-E52B41A86BED,NULL,,SICUREZZA,0,PROMO_SETTEMBRE_VIP,ATTIVO
losapio.a@gmail.com,Null,Null,Losapio A,,SIC-ID-CC42D7BE7CE4,NULL,,SICUREZZA,0,PROMO_SETTEMBRE_VIP,ATTIVO
lothar.80@alice.it,Null,Null,Lothar 80,,SIC-ID-4A1296C53DA8,NULL,,SICUREZZA,0,PROMO_SETTEMBRE_VIP,ATTIVO
preventivi@lovatolegnami.it,Null,Null,Lovato Giuseppe Srl,+390458347977,SIC-ID-CD7D0D735140,NULL,,SICUREZZA,0,PROMO_SETTEMBRE_VIP,ATTIVO
lpieretto@libero.it,Null,Null,Lpieretto,,SIC-ID-38E79DDFD8B9,NULL,,SICUREZZA,0,PROMO_SETTEMBRE_VIP,ATTIVO
lpizzolato@libero.it,Null,Null,Lpizzolato,,SIC-ID-D3ACB627AA92,NULL,,SICUREZZA,0,PROMO_SETTEMBRE_VIP,ATTIVO
lubrog@tin.it,Null,Null,Lubrog,,SIC-ID-F7EE0BC2CE32,NULL,,SICUREZZA,0,PROMO_SETTEMBRE_VIP,ATTIVO
luc365@hotmail.it,Null,Null,Luc365,,SIC-ID-DB9F6EB6B073,NULL,,SICUREZZA,0,PROMO_SETTEMBRE_VIP,ATTIVO
luca@logiksrl.it,Null,Null,Luca,,SIC-ID-AC0F06AB555B,NULL,,SICUREZZA,0,PROMO_SETTEMBRE_VIP,ATTIVO
luca.nencioni@cerved.com,Null,Null,Luca Cerved,+390587298454,SIC-ID-70B81551DD6E,NULL,,SICUREZZA,0,PROMO_SETTEMBRE_VIP,ATTIVO
luca.dambrosio2@libero.it,Null,Null,Luca Dambrosio2,,SIC-ID-522FF4B5CE85,NULL,,SICUREZZA,0,PROMO_SETTEMBRE_VIP,ATTIVO
luca.ferraro1978@gmail.com,Null,Null,Luca Ferraro Dan Costiera,+393290091910,SIC-ID-CFFD599935A5,NULL,,SICUREZZA,0,PROMO_SETTEMBRE_VIP,ATTIVO
luca.giordano73@gmail.com,Null,Null,Luca Giordano73,,SIC-ID-4DE5734CC6D5,NULL,,SICUREZZA,0,PROMO_SETTEMBRE_VIP,ATTIVO
luca.parnisari@gmail.com,Null,Null,Luca Parnisari,,SIC-ID-1A2D4C19FE30,NULL,,SICUREZZA,0,PROMO_SETTEMBRE_VIP,ATTIVO
nome@email.it,Null,Null,Luca Ravaioli Impresa Edile Ravenna,+393280878572,SIC-ID-A71B3C7E448E,NULL,,SICUREZZA,0,PROMO_SETTEMBRE_VIP,ATTIVO
lucadoati@hotmail.it,Null,Null,Lucadoati Rescue Guardian,+393289647841,SIC-ID-6E85E5604D9E,NULL,,SICUREZZA,0,PROMO_SETTEMBRE_VIP,ATTIVO
lucamilani63@hotmail.it,Null,Null,Lucamilani63,,SIC-ID-22057503032E,NULL,,SICUREZZA,0,PROMO_SETTEMBRE_VIP,ATTIVO
lucasocciarelli@yahoo.it,Null,Null,Lucasocciarelli,,SIC-ID-5415B77DC228,NULL,,SICUREZZA,0,PROMO_SETTEMBRE_VIP,ATTIVO
info@luccasfalti.it,Null,Null,Luccasfalti - Sede E Magazzino,+393407437539,SIC-ID-645A48F81792,NULL,,SICUREZZA,0,PROMO_SETTEMBRE_VIP,ATTIVO
lucia@reef.it,Null,Null,Lucia,,SIC-ID-3EE1EAD2AE01,NULL,,SICUREZZA,0,PROMO_SETTEMBRE_VIP,ATTIVO
roccato.l@cnaro.it,Null,Null,Lucia Roccato,+393281214929,SIC-ID-8E1328FAF138,NULL,,SICUREZZA,0,PROMO_SETTEMBRE_VIP,ATTIVO
lucia.zampini.63@gmail.com,Null,Null,Lucia Zampini 63,212712100,SIC-ID-8B99A9F70BFE,NULL,,SICUREZZA,0,PROMO_SETTEMBRE_VIP,ATTIVO
luciaballiana68@gmail.com,Null,Null,Luciaballiana68,,SIC-ID-1746D97855E8,NULL,,SICUREZZA,0,PROMO_SETTEMBRE_VIP,ATTIVO
luciafavilli@tiscali.it,Null,Null,Luciafavilli,+393388833989,SIC-ID-22685B46B33F,NULL,,SICUREZZA,0,PROMO_SETTEMBRE_VIP,ATTIVO
luciafune2807@gmail.com,Null,Null,Luciafune2807,+393281214929,SIC-ID-4061BEED17DD,NULL,,SICUREZZA,0,PROMO_SETTEMBRE_VIP,ATTIVO
lucialocatelli01@gmail.com,Null,Null,Lucialocatelli01 President,+393487944934,SIC-ID-6FD86F6A346C,NULL,,SICUREZZA,0,PROMO_SETTEMBRE_VIP,ATTIVO
luciana.marchioni@libero.it,Null,Null,Luciana Marchioni,,SIC-ID-A24CFB091678,NULL,,SICUREZZA,0,PROMO_SETTEMBRE_VIP,ATTIVO
luciana.masi@yahoo.it,Null,Null,Luciana Masi,,SIC-ID-30EB38444D38,NULL,,SICUREZZA,0,PROMO_SETTEMBRE_VIP,ATTIVO
lucianoangelini64@alice.it,Null,Null,Lucianoangelini64,+393474219379,SIC-ID-1A3213BDFBD4,NULL,,SICUREZZA,0,PROMO_SETTEMBRE_VIP,ATTIVO
lucio.licata@live.it,Null,Null,Lucio Licata,+393287374019,SIC-ID-331B9240D1E3,NULL,,SICUREZZA,0,PROMO_SETTEMBRE_VIP,ATTIVO
info@sldservice.it,Null,Null,Lucio Tessarin Service,+393287374019,SIC-ID-9AC496259DE2,NULL,,SICUREZZA,0,PROMO_SETTEMBRE_VIP,ATTIVO
lucrezio.giovanni@agecreditsrl.it,Null,Null,Lucrezio Giovanni,,SIC-ID-47E129577770,NULL,,SICUREZZA,0,PROMO_SETTEMBRE_VIP,ATTIVO
ludobriciola@gmail.com,Null,Null,Ludobriciola,,SIC-ID-EBA745AA5DCE,NULL,,SICUREZZA,0,PROMO_SETTEMBRE_VIP,ATTIVO
ludovico.m@inwind.it,Null,Null,Ludovico M,33562936630,SIC-ID-67C808F6B61D,NULL,,SICUREZZA,0,PROMO_SETTEMBRE_VIP,ATTIVO
segreteria@luigicarlino.it,Null,Null,Luigi,,SIC-ID-E29551CE8674,NULL,,SICUREZZA,0,PROMO_SETTEMBRE_VIP,ATTIVO
deboniluigi@libero.it,Null,Null,Luigi,+3933396253510,SIC-ID-F0516FC09A09,NULL,,SICUREZZA,0,PROMO_SETTEMBRE_VIP,ATTIVO
luigi_bove@hotmail.it,Null,Null,Luigi Bove,,SIC-ID-5E2ADF4362DE,NULL,,SICUREZZA,0,PROMO_SETTEMBRE_VIP,ATTIVO
luigi.ferraiuolo2004@libero.it,Null,Null,Luigi Ferraiuolo2004,+393459100635,SIC-ID-53371B3B5A0A,NULL,,SICUREZZA,0,PROMO_SETTEMBRE_VIP,ATTIVO
luigi.salvatore@gtssrl.eu,Null,Null,Luigi Salvatore,+393384389864,SIC-ID-39781C015D66,NULL,,SICUREZZA,0,PROMO_SETTEMBRE_VIP,ATTIVO
luigi.salzano.76@gmail.com,Null,Null,Luigi Sicurezza Salzano,+393385965308,SIC-ID-E54AD0690133,NULL,,SICUREZZA,0,PROMO_SETTEMBRE_VIP,ATTIVO
luigiesposito_1976@libero.it,Null,Null,Luigiesposito_1976,+393471217898,SIC-ID-1729DF9E8BD5,NULL,,SICUREZZA,0,PROMO_SETTEMBRE_VIP,ATTIVO
luigisbano@alice.it,Null,Null,Luigisbano,,SIC-ID-493585D23B6A,NULL,,SICUREZZA,0,PROMO_SETTEMBRE_VIP,ATTIVO
luisadaniela8482@gmail.com,Null,Null,Luisadaniela8482,,SIC-ID-5FB7967625D9,NULL,,SICUREZZA,0,PROMO_SETTEMBRE_VIP,ATTIVO
luisas21@hotmail.it,Null,Null,Luisas21,+393894360041,SIC-ID-F56939A04EDA,NULL,,SICUREZZA,0,PROMO_SETTEMBRE_VIP,ATTIVO
luismor@libero.it,Null,Null,Luismor,,SIC-ID-34747F6ACC1D,NULL,,SICUREZZA,0,PROMO_SETTEMBRE_VIP,ATTIVO
lulittam@gmail.com,Null,Null,Lulittam,,SIC-ID-BE489D48411F,NULL,,SICUREZZA,0,PROMO_SETTEMBRE_VIP,ATTIVO
luminizza@live.ru,Null,Null,Luminizza,,SIC-ID-B51D6892DBAE,NULL,,SICUREZZA,0,PROMO_SETTEMBRE_VIP,ATTIVO
info@lunadeiristrutturazioni.it,Null,Null,Lunadei Ristrutturazioni,+39065416284,SIC-ID-3FDFE32DA004,NULL,,SICUREZZA,0,PROMO_SETTEMBRE_VIP,ATTIVO
lunardivittorio@virgilio.it,Null,Null,Lunardivittorio,,SIC-ID-ED26A0F515C3,NULL,,SICUREZZA,0,PROMO_SETTEMBRE_VIP,ATTIVO
lungomichela@gmail.com,Null,Null,Lungomichela,,SIC-ID-3093E04F8859,NULL,,SICUREZZA,0,PROMO_SETTEMBRE_VIP,ATTIVO
gibus@luxurywindowsitalia.com,Null,Null,Luxury Windows Italia,+39065411815,SIC-ID-B9B433CAF6B8,NULL,,SICUREZZA,0,PROMO_SETTEMBRE_VIP,ATTIVO
luzpierotto@hotmail.com,Null,Null,Luzpierotto,,SIC-ID-B5A9E523BAFE,NULL,,SICUREZZA,0,PROMO_SETTEMBRE_VIP,ATTIVO
lzagato@libero.it,Null,Null,Lzagato,,SIC-ID-17206E4EA1FF,NULL,,SICUREZZA,0,PROMO_SETTEMBRE_VIP,ATTIVO
m.belotti@studioassociatobbc.it,Null,Null,M Belotti,,SIC-ID-E51AA95557AB,NULL,,SICUREZZA,0,PROMO_SETTEMBRE_VIP,ATTIVO
m.debei@intermediassicura.it,Null,Null,M Debei,,SIC-ID-8B2E0E83F638,NULL,,SICUREZZA,0,PROMO_SETTEMBRE_VIP,ATTIVO
m.depietri@mos80.it,Null,Null,M Depietri,,SIC-ID-0A58F8D36C63,NULL,,SICUREZZA,0,PROMO_SETTEMBRE_VIP,ATTIVO
m.ferro@eco-engineering.it,Null,Null,M Ferro,+393292999142,SIC-ID-ACCD0E891A4B,NULL,,SICUREZZA,0,PROMO_SETTEMBRE_VIP,ATTIVO
m.lago@onean.com,Null,Null,M Lago,,SIC-ID-2B5B3F5D03C3,NULL,,SICUREZZA,0,PROMO_SETTEMBRE_VIP,ATTIVO
m.leitempergher@transistor.it,Null,Null,M Leitempergher,,SIC-ID-E9755DB67D1A,NULL,,SICUREZZA,0,PROMO_SETTEMBRE_VIP,ATTIVO
m.monaco@blumatica.it,Null,Null,M Monaco,,SIC-ID-AED80340424F,NULL,,SICUREZZA,0,PROMO_SETTEMBRE_VIP,ATTIVO
m.saccoman@gmail.com,Null,Null,M Saccoman,,SIC-ID-409A66DF7116,NULL,,SICUREZZA,0,PROMO_SETTEMBRE_VIP,ATTIVO
m.trombetti@libero.it,Null,Null,M Trombetti,,SIC-ID-981BA8259D80,NULL,,SICUREZZA,0,PROMO_SETTEMBRE_VIP,ATTIVO
info@mggcostruzioni.com,Null,Null,M.g. Costruzioni S.r.l.,,SIC-ID-9FD9A1EB9DFE,NULL,,SICUREZZA,0,PROMO_SETTEMBRE_VIP,ATTIVO
privacy@mac-edilizia.it,Null,Null,Ma.c. S.r.l,+390755280928,SIC-ID-692341A19268,NULL,,SICUREZZA,0,PROMO_SETTEMBRE_VIP,ATTIVO
info@impresamaghi.it,Null,Null,Ma.ghi Impresa Edile Di Geom. Matteo Ghirardi - Ristrutturazione Appartamenti A Bergamo E Milano,+393429487019,SIC-ID-1BAB47085374,NULL,,SICUREZZA,0,PROMO_SETTEMBRE_VIP,ATTIVO
info@mabogroup.it,Null,Null,Mabo Group,,SIC-ID-7111177C4299,NULL,,SICUREZZA,0,PROMO_SETTEMBRE_VIP,ATTIVO
mcrestauri@cert.cna.it,Null,Null,Mc Restauri S.r.l.,+390639723846,SIC-ID-AE0DE83DF554,NULL,,SICUREZZA,0,PROMO_SETTEMBRE_VIP,ATTIVO
info@mevcasa.com,Null,Null,Mev Materiali Edili Varese,+390332820598,SIC-ID-F6A97BF0B71E,NULL,,SICUREZZA,0,PROMO_SETTEMBRE_VIP,ATTIVO
mgrcostruzioniedili@gmail.com,Null,Null,Mgr Costruzioni Edili,+393403469284,SIC-ID-12DDE7EE8F44,NULL,,SICUREZZA,0,PROMO_SETTEMBRE_VIP,ATTIVO
moreno@myradiostore.it,Null,Null,Moreno Marangon,+393939012962,SIC-ID-68C33378FA9C,NULL,,SICUREZZA,0,PROMO_SETTEMBRE_VIP,ATTIVO
utente@dominio.com,Null,Null,Mq Costruzioni Generali,+393517280097,SIC-ID-FED21A2758F3,NULL,,SICUREZZA,0,PROMO_SETTEMBRE_VIP,ATTIVO
info@msappalti.it,Null,Null,Msa S.r.l.,+390817599023,SIC-ID-1992DD649E3A,NULL,,SICUREZZA,0,PROMO_SETTEMBRE_VIP,ATTIVO
mabate2003@alice.it,Null,Null,Mabate2003,,SIC-ID-F152150A0CD5,NULL,,SICUREZZA,0,PROMO_SETTEMBRE_VIP,ATTIVO
macelleriadacarlogenova@gmail.com,Null,Null,Macelleriadacarlogenova,395837530,SIC-ID-EE9440600636,NULL,,SICUREZZA,0,PROMO_SETTEMBRE_VIP,ATTIVO
made@marcegaglia.com,Null,Null,Made,,SIC-ID-7C5B4E2E4201,NULL,,SICUREZZA,0,PROMO_SETTEMBRE_VIP,ATTIVO
madre-querida@hotmail.com,Null,Null,Madre-querida,,SIC-ID-2CD9165300DA,NULL,,SICUREZZA,0,PROMO_SETTEMBRE_VIP,ATTIVO
maes.laiena@libero.it,Null,Null,Mae.s.,+390817597328,SIC-ID-C78E7320D227,NULL,,SICUREZZA,0,PROMO_SETTEMBRE_VIP,ATTIVO
tontine.edile@gmail.com,Null,Null,Magazzini Edili Tontine Srl,+390172413791,SIC-ID-5D134D374F44,NULL,,SICUREZZA,0,PROMO_SETTEMBRE_VIP,ATTIVO
magda.dellai@hymson.eu,Null,Null,Magda Dellai,,SIC-ID-72DFA6E8B920,NULL,,SICUREZZA,0,PROMO_SETTEMBRE_VIP,ATTIVO
maggio.roberto@hotmail.it,Null,Null,Maggio Roberto,+393467327965,SIC-ID-EB0CFC3BC53D,NULL,,SICUREZZA,0,PROMO_SETTEMBRE_VIP,ATTIVO
magnaniedilizia@cert.postecert.it,Null,Null,Magnani Edilizia Srl Varese,,SIC-ID-3210E8D1D47A,NULL,,SICUREZZA,0,PROMO_SETTEMBRE_VIP,ATTIVO
maidirebau@gmail.com,Null,Null,Maidirebau,,SIC-ID-3C144443007A,NULL,,SICUREZZA,0,PROMO_SETTEMBRE_VIP,ATTIVO
mail@ilve.com,Null,Null,Mail,,SIC-ID-0F9914DB6A24,NULL,,SICUREZZA,0,PROMO_SETTEMBRE_VIP,ATTIVO
maila.amministrazione@studiocarloalbertini.it,Null,Null,Maila Amministrazione,,SIC-ID-59A516A7C759,NULL,,SICUREZZA,0,PROMO_SETTEMBRE_VIP,ATTIVO
maiorano.ester@libero.it,Null,Null,Maiorano Ester,,SIC-ID-47B2BEDCE50A,NULL,,SICUREZZA,0,PROMO_SETTEMBRE_VIP,ATTIVO
maira.comin75@gmail.com,Null,Null,Maira Comin75,,SIC-ID-B7C70A0494D2,NULL,,SICUREZZA,0,PROMO_SETTEMBRE_VIP,ATTIVO
m.perez@onean.com,Null,Null,Maite Onean,32836844790,SIC-ID-AA846EC90539,NULL,,SICUREZZA,0,PROMO_SETTEMBRE_VIP,ATTIVO
gabriele.maldini@enel.it,Null,Null,Maldini Gabriele Enel Ferrara,+393292406126,SIC-ID-9011A39C4116,NULL,,SICUREZZA,0,PROMO_SETTEMBRE_VIP,ATTIVO
malo.2010@libero.it,Null,Null,Malo 2010,,SIC-ID-D1D1DCDBCCA5,NULL,,SICUREZZA,0,PROMO_SETTEMBRE_VIP,ATTIVO
malookkhan56@gmail.com,Null,Null,Malookkhan56,,SIC-ID-5EC80BD5A67E,NULL,,SICUREZZA,0,PROMO_SETTEMBRE_VIP,ATTIVO
info@maltesesrl.it,Null,Null,Maltese S.r.l.,+39092426433,SIC-ID-059985970B26,NULL,,SICUREZZA,0,PROMO_SETTEMBRE_VIP,ATTIVO
mamigiro@gmail.com,Null,Null,Mamigiro,+393664365547,SIC-ID-B47911932A4E,NULL,,SICUREZZA,0,PROMO_SETTEMBRE_VIP,ATTIVO
mamoserena@gmail.com,Null,Null,Mamoserena Anna,,SIC-ID-1A7D3961B5BE,NULL,,SICUREZZA,0,PROMO_SETTEMBRE_VIP,ATTIVO
manager@ultimomulino.it,Null,Null,Manager,,SIC-ID-D2B5194D2B3B,NULL,,SICUREZZA,0,PROMO_SETTEMBRE_VIP,ATTIVO
manca.patrizio@gmail.com,Null,Null,Manca Patrizio,,SIC-ID-1BBC71A351CC,NULL,,SICUREZZA,0,PROMO_SETTEMBRE_VIP,ATTIVO
mancin.dem@gmail.com,Null,Null,Mancin Dem,,SIC-ID-FF43E6FC8B27,NULL,,SICUREZZA,0,PROMO_SETTEMBRE_VIP,ATTIVO
mandingo.79@live.it,Null,Null,Mandingo 79,,SIC-ID-B570DDAA5A75,NULL,,SICUREZZA,0,PROMO_SETTEMBRE_VIP,ATTIVO
mand72@libero.it,Null,Null,Mandolesi,+390734628117,SIC-ID-ACE9B91A9DB2,NULL,,SICUREZZA,0,PROMO_SETTEMBRE_VIP,ATTIVO
manfrin.m@libero.it,Null,Null,Manfrin Manuele,+3933827746050,SIC-ID-2571D1123B3E,NULL,,SICUREZZA,0,PROMO_SETTEMBRE_VIP,ATTIVO
manola@cuoreiberico.it,Null,Null,Manola Iberico,34915912520,SIC-ID-08BD4E0FDF3B,NULL,,SICUREZZA,0,PROMO_SETTEMBRE_VIP,ATTIVO
mantovan.adelmo@gmail.com,Null,Null,Mantovan Adelmo,,SIC-ID-D6A4BA1397B0,NULL,,SICUREZZA,0,PROMO_SETTEMBRE_VIP,ATTIVO
chrismaitai1981@gmail.com,Null,Null,Mantovan Cristian,+393408310242,SIC-ID-F541C998612A,NULL,,SICUREZZA,0,PROMO_SETTEMBRE_VIP,ATTIVO
decor.mm@virgilio.it,Null,Null,Mantovan Mattia,,SIC-ID-76C175F243D3,NULL,,SICUREZZA,0,PROMO_SETTEMBRE_VIP,ATTIVO
info@mantovanitrasporti.it,Null,Null,Mantovani Leonzio & Figli S.r.l.,,SIC-ID-CD3897729F84,NULL,,SICUREZZA,0,PROMO_SETTEMBRE_VIP,ATTIVO
mantovaniandrea7@gmail.com,Null,Null,Mantovaniandrea7,,SIC-ID-D045AADC29A6,NULL,,SICUREZZA,0,PROMO_SETTEMBRE_VIP,ATTIVO
mantovaninico13@gmail.com,Null,Null,Mantovaninico13,,SIC-ID-6C27DDFD9485,NULL,,SICUREZZA,0,PROMO_SETTEMBRE_VIP,ATTIVO
manuel.cavallin@prodecopharma.com,Null,Null,Manuel Cavallin,,SIC-ID-E4CA4469AF36,NULL,,SICUREZZA,0,PROMO_SETTEMBRE_VIP,ATTIVO
manuel.cipriotto@gmail.com,Null,Null,Manuel Cipriotto,,SIC-ID-3FBC3A81ABB9,NULL,,SICUREZZA,0,PROMO_SETTEMBRE_VIP,ATTIVO
manuel_facen@hotmail.it,Null,Null,Manuel_facen,,SIC-ID-05A36EB03D20,NULL,,SICUREZZA,0,PROMO_SETTEMBRE_VIP,ATTIVO
manuela.moscardi@mm-forgings.com,Null,Null,Manuela Moscardi,+3933880779460,SIC-ID-82D1C23C6273,NULL,,SICUREZZA,0,PROMO_SETTEMBRE_VIP,ATTIVO
manuelpaolini@engineer.com,Null,Null,Manuelpaolini,,SIC-ID-E5A90814A199,NULL,,SICUREZZA,0,PROMO_SETTEMBRE_VIP,ATTIVO
manzolidavid72@gmail.com,Null,Null,Manzolidavid72,,SIC-ID-FB436FA7EAC9,NULL,,SICUREZZA,0,PROMO_SETTEMBRE_VIP,ATTIVO
maqconsultsrl@tiscali.it,Null,Null,Maqconsultsrl,,SIC-ID-8D687CABB445,NULL,,SICUREZZA,0,PROMO_SETTEMBRE_VIP,ATTIVO
mar.milena@libero.it,Null,Null,Mar Milena,,SIC-ID-7783B9172CB8,NULL,,SICUREZZA,0,PROMO_SETTEMBRE_VIP,ATTIVO
marangon.denis@libero.it,Null,Null,Marangon Denis,,SIC-ID-25C5A724384F,NULL,,SICUREZZA,0,PROMO_SETTEMBRE_VIP,ATTIVO
marangoninicoletta@gmail.com,Null,Null,Marangoninicoletta Roberto,+393357107570,SIC-ID-9049D14D601A,NULL,,SICUREZZA,0,PROMO_SETTEMBRE_VIP,ATTIVO
marangonmelissa@gmail.com,Null,Null,Marangonmelissa,+393801050159,SIC-ID-039E05A3ABFD,NULL,,SICUREZZA,0,PROMO_SETTEMBRE_VIP,ATTIVO
marangonmelissa@gmai.com,Null,Null,Marangonmelissa,,SIC-ID-E63F7577A0B2,NULL,,SICUREZZA,0,PROMO_SETTEMBRE_VIP,ATTIVO
marcatinaccio@yahoo.it,Null,Null,Marcatinaccio,,SIC-ID-A4E4799A086B,NULL,,SICUREZZA,0,PROMO_SETTEMBRE_VIP,ATTIVO
marcelloliguorivs@gmail.com,Null,Null,Marcelloliguorivs,,SIC-ID-84B00FC68EEE,NULL,,SICUREZZA,0,PROMO_SETTEMBRE_VIP,ATTIVO
marcellosoncin@icloud.com,Null,Null,Marcellosoncin,34660759280,SIC-ID-34C261D0CB46,NULL,,SICUREZZA,0,PROMO_SETTEMBRE_VIP,ATTIVO
maremmanaedilizia@libero.it,Null,Null,Maremmana Edilizia Srl,+393483709391,SIC-ID-0673F80C45A0,NULL,,SICUREZZA,0,PROMO_SETTEMBRE_VIP,ATTIVO
marghy.cinque@tiscali.it,Null,Null,Marghy Cinque,+393479571941,SIC-ID-7F09271F6BFA,NULL,,SICUREZZA,0,PROMO_SETTEMBRE_VIP,ATTIVO
m.faccin@progettorisparmioenergetico.it,Null,Null,Maria Faccin,+393389808126,SIC-ID-B4082B231E31,NULL,,SICUREZZA,0,PROMO_SETTEMBRE_VIP,ATTIVO
m.faccin@greenenergyitalia.it,Null,Null,Maria Faccin,,SIC-ID-A313A49641F7,NULL,,SICUREZZA,0,PROMO_SETTEMBRE_VIP,ATTIVO
maria.sardina@libero.it,Null,Null,Maria Sardina,,SIC-ID-7FE13D74318B,NULL,,SICUREZZA,0,PROMO_SETTEMBRE_VIP,ATTIVO
mariachiara.crivellari@gmail.com,Null,Null,Mariachiara Crivellari,,SIC-ID-C7F8D29DA028,NULL,,SICUREZZA,0,PROMO_SETTEMBRE_VIP,ATTIVO
mariachiarapizzo@libero.it,Null,Null,Mariachiarapizzo,,SIC-ID-34E8423EED03,NULL,,SICUREZZA,0,PROMO_SETTEMBRE_VIP,ATTIVO
mariacristina.mernone@gmail.com,Null,Null,Mariacristina Mernone,,SIC-ID-552BE6D93F67,NULL,,SICUREZZA,0,PROMO_SETTEMBRE_VIP,ATTIVO
mariafanaru@gmail.com,Null,Null,Mariafanaru,,SIC-ID-7978EBDFC23F,NULL,,SICUREZZA,0,PROMO_SETTEMBRE_VIP,ATTIVO
mariag.buono@gmail.com,Null,Null,Mariag Buono,,SIC-ID-675FCB564576,NULL,,SICUREZZA,0,PROMO_SETTEMBRE_VIP,ATTIVO
mguzzon.2@notariato.it,Null,Null,Mariagrazia Guzzon,34647950380,SIC-ID-7331FBC04B1C,NULL,,SICUREZZA,0,PROMO_SETTEMBRE_VIP,ATTIVO
mariagrazia15@live.it,Null,Null,Mariagrazia15,+3934817578000,SIC-ID-E441B9418F4D,NULL,,SICUREZZA,0,PROMO_SETTEMBRE_VIP,ATTIVO
mariagrazialopriore9@gmail.com,Null,Null,Mariagrazialopriore9,,SIC-ID-322BC2A62837,NULL,,SICUREZZA,0,PROMO_SETTEMBRE_VIP,ATTIVO
mariah70@alice.it,Null,Null,Mariah70,+393284222852,SIC-ID-561A83D366AA,NULL,,SICUREZZA,0,PROMO_SETTEMBRE_VIP,ATTIVO
marialentini@gmail.com,Null,Null,Marialentini,,SIC-ID-AE7DF3A69E3D,NULL,,SICUREZZA,0,PROMO_SETTEMBRE_VIP,ATTIVO
mariangela.spolaor@confve.it,Null,Null,Mariangela Spolaor,+3934633365250,SIC-ID-8CE4902472BC,NULL,,SICUREZZA,0,PROMO_SETTEMBRE_VIP,ATTIVO
mariangela.voltarel@alice.it,Null,Null,Mariangela Voltarel,+3933575258210,SIC-ID-62B3FD3AD1B9,NULL,,SICUREZZA,0,PROMO_SETTEMBRE_VIP,ATTIVO
marianna.bellini@fazland.com,Null,Null,Marianna Bellini,+393518290377,SIC-ID-C7F559355246,NULL,,SICUREZZA,0,PROMO_SETTEMBRE_VIP,ATTIVO
mariano.seminara@yahoo.it,Null,Null,Mariano Seminara,,SIC-ID-AF4DB2376740,NULL,,SICUREZZA,0,PROMO_SETTEMBRE_VIP,ATTIVO
mariapia.garbo@alice.it,Null,Null,Mariapia Garbo,,SIC-ID-4CD91838BCC1,NULL,,SICUREZZA,0,PROMO_SETTEMBRE_VIP,ATTIVO
mariateresa.florio@tin.it,Null,Null,Mariateresa Florio,,SIC-ID-9A95B60B438D,NULL,,SICUREZZA,0,PROMO_SETTEMBRE_VIP,ATTIVO
mariella.gaeta@yahoo.it,Null,Null,Mariella Gaeta,,SIC-ID-7C253BD1CC78,NULL,,SICUREZZA,0,PROMO_SETTEMBRE_VIP,ATTIVO
mariella@maxilia.it,Null,Null,Mariella Srl,+393406322038,SIC-ID-2A5E454EF3CE,NULL,,SICUREZZA,0,PROMO_SETTEMBRE_VIP,ATTIVO
spinello.alessandro@libero.it,Null,Null,Marika Gelateria Tdp,+393403197383,SIC-ID-DB8B44741A41,NULL,,SICUREZZA,0,PROMO_SETTEMBRE_VIP,ATTIVO
marilisascafati@gmail.con,Null,Null,Marilisascafati,,SIC-ID-72CDA4A04F9A,NULL,,SICUREZZA,0,PROMO_SETTEMBRE_VIP,ATTIVO
marimonaci@yahoo.it,Null,Null,Marimonaci,,SIC-ID-2B4ADDD3D58D,NULL,,SICUREZZA,0,PROMO_SETTEMBRE_VIP,ATTIVO
marina.bianconcini@easymatic.it,Null,Null,Marina Bianconcini,,SIC-ID-F8CCB81CF8A2,NULL,,SICUREZZA,0,PROMO_SETTEMBRE_VIP,ATTIVO
marina.bonati64@gmail.com,Null,Null,Marina Bonati64,+393464360158,SIC-ID-4868BFB47D68,NULL,,SICUREZZA,0,PROMO_SETTEMBRE_VIP,ATTIVO
marina.venegoni@libero.it,Null,Null,Marina Venegoni,+3934738299810,SIC-ID-08169D0EB106,NULL,,SICUREZZA,0,PROMO_SETTEMBRE_VIP,ATTIVO
marina.bancheva@cryptocom.intercom-mail.com,Null,Null,Marina Com,33465489330,SIC-ID-C94AEDEB6E90,NULL,,SICUREZZA,0,PROMO_SETTEMBRE_VIP,ATTIVO
info@toolmaster.it,Null,Null,Marinelli Paolo & C. S.r.l. - Materiali Edili - Ferramenta,+390717570366,SIC-ID-83C1ED50021D,NULL,,SICUREZZA,0,PROMO_SETTEMBRE_VIP,ATTIVO
marinobaldassarri@hotmail.com,Null,Null,Marinobaldassarri,+393314940595,SIC-ID-C69B7D9CC775,NULL,,SICUREZZA,0,PROMO_SETTEMBRE_VIP,ATTIVO
mario.bragagnolo@bmautomazioni.com,Null,Null,Mario Bragagnolo,+393487809877,SIC-ID-C3EECDA03471,NULL,,SICUREZZA,0,PROMO_SETTEMBRE_VIP,ATTIVO
mario.carroccio80@gmail.com,Null,Null,Mario Carroccio80,+393477321646,SIC-ID-409975E9FFE4,NULL,,SICUREZZA,0,PROMO_SETTEMBRE_VIP,ATTIVO
mariofrancescorusso@gmail.com,Null,Null,Mariofrancescorusso Francesco,,SIC-ID-6316ACE4AF02,NULL,,SICUREZZA,0,PROMO_SETTEMBRE_VIP,ATTIVO
mariofusco1979@hotmail.it,Null,Null,Mariofusco1979,,SIC-ID-6701EB2EDCB3,NULL,,SICUREZZA,0,PROMO_SETTEMBRE_VIP,ATTIVO
mariolinag62@gmail.com,Null,Null,Mariolinag62,+3932017451110,SIC-ID-28B4163631B0,NULL,,SICUREZZA,0,PROMO_SETTEMBRE_VIP,ATTIVO
mariomasala1@gmail.com,Null,Null,Mariomasala1,,SIC-ID-CCE74CE1B5B5,NULL,,SICUREZZA,0,PROMO_SETTEMBRE_VIP,ATTIVO
marola.m@elettrosigma.com,Null,Null,Marola M,,SIC-ID-E4BF93304B27,NULL,,SICUREZZA,0,PROMO_SETTEMBRE_VIP,ATTIVO
marssignals@gmail.com,Null,Null,Marssignals Sergio,+393292746457,SIC-ID-7542CC034C8F,NULL,,SICUREZZA,0,PROMO_SETTEMBRE_VIP,ATTIVO
marta.gastaldin@cf.confart.tv,Null,Null,Marta Gastaldin,32925070760,SIC-ID-A105356BE1F6,NULL,,SICUREZZA,0,PROMO_SETTEMBRE_VIP,ATTIVO
martecu@gmail.com,Null,Null,Martecu,,SIC-ID-E5E4FD1C8F1F,NULL,,SICUREZZA,0,PROMO_SETTEMBRE_VIP,ATTIVO
martina.speri@sacrocuore.it,Null,Null,Martina Speri,+393345851704,SIC-ID-0E49EEF22927,NULL,,SICUREZZA,0,PROMO_SETTEMBRE_VIP,ATTIVO
martina_tempesta@libero.it,Null,Null,Martina_tempesta,+393463214955,SIC-ID-9104DB9F24C1,NULL,,SICUREZZA,0,PROMO_SETTEMBRE_VIP,ATTIVO
martinaalesara@libero.it,Null,Null,Martinaalesara,,SIC-ID-93D5F59C2E21,NULL,,SICUREZZA,0,PROMO_SETTEMBRE_VIP,ATTIVO
martinacarossa@gmail.com,Null,Null,Martinacarossa,,SIC-ID-7A558076F528,NULL,,SICUREZZA,0,PROMO_SETTEMBRE_VIP,ATTIVO
martinello.dani@gmail.com,Null,Null,Martinello Dani,,SIC-ID-DE5815103890,NULL,,SICUREZZA,0,PROMO_SETTEMBRE_VIP,ATTIVO
martinello.dani22@gmail.com,Null,Null,Martinello Dani22,+393933320092,SIC-ID-D6064EB3BF96,NULL,,SICUREZZA,0,PROMO_SETTEMBRE_VIP,ATTIVO
info@alifax.com,Null,Null,Martini Pio Mario Sas Impresa Edile Di Martini Pio Mario & C.,+39049604545,SIC-ID-176985EE5A4F,NULL,,SICUREZZA,0,PROMO_SETTEMBRE_VIP,ATTIVO
martino.gerardo@myefm.it,Null,Null,Martino Gerardo,+393486067770,SIC-ID-FEAA9E4CD145,NULL,,SICUREZZA,0,PROMO_SETTEMBRE_VIP,ATTIVO
martinrissi1962@hotmail.com,Null,Null,Martinrissi1962,,SIC-ID-B718E8497F83,NULL,,SICUREZZA,0,PROMO_SETTEMBRE_VIP,ATTIVO
marzia.cappello@gmail.com,Null,Null,Marzia Cappello,+3934063220380,SIC-ID-9A4A86409E92,NULL,,SICUREZZA,0,PROMO_SETTEMBRE_VIP,ATTIVO
marziaorsucci65@gmail.com,Null,Null,Marziaorsucci65,,SIC-ID-ADDD92DD8129,NULL,,SICUREZZA,0,PROMO_SETTEMBRE_VIP,ATTIVO
marzio.sisti@yahoo.it,Null,Null,Marzio Sisti,+3933334888260,SIC-ID-357DC08E5A14,NULL,,SICUREZZA,0,PROMO_SETTEMBRE_VIP,ATTIVO
mascheriniloredana@gmail.com,Null,Null,Mascheriniloredana,,SIC-ID-0DEDA5B44FCD,NULL,,SICUREZZA,0,PROMO_SETTEMBRE_VIP,ATTIVO
mascia.annam@gmail.com,Null,Null,Mascia Annam,+3932928033800,SIC-ID-A7516E833B9E,NULL,,SICUREZZA,0,PROMO_SETTEMBRE_VIP,ATTIVO
masciaverucchi@gmail.com,Null,Null,Masciaverucchi,,SIC-ID-863EF2850E12,NULL,,SICUREZZA,0,PROMO_SETTEMBRE_VIP,ATTIVO
info@masiristrutturazioni.com,Null,Null,Masi Ristrutturazioni S.r.l.,+390515060592,SIC-ID-5B94D0918424,NULL,,SICUREZZA,0,PROMO_SETTEMBRE_VIP,ATTIVO
masierluca@libero.it,Null,Null,Masierluca,,SIC-ID-1B1355D73F58,NULL,,SICUREZZA,0,PROMO_SETTEMBRE_VIP,ATTIVO
masierocostruzioni@gmail.com,Null,Null,Masiero Mattia,,SIC-ID-82FBA85ECBA9,NULL,,SICUREZZA,0,PROMO_SETTEMBRE_VIP,ATTIVO
amministrazionemasierosrl@gmail.com,Null,Null,Masiero Mattia Costruzioni S.r.l.,,SIC-ID-5BCA98F9F543,NULL,,SICUREZZA,0,PROMO_SETTEMBRE_VIP,ATTIVO
massi.bonistalli@alice.it,Null,Null,Massi Bonistalli,,SIC-ID-D70BAC1D0CB5,NULL,,SICUREZZA,0,PROMO_SETTEMBRE_VIP,ATTIVO
massiedil2@gmail.com,Null,Null,Massiedil2,,SIC-ID-16F65FB3A1DF,NULL,,SICUREZZA,0,PROMO_SETTEMBRE_VIP,ATTIVO
massifer64@gmail.com,Null,Null,Massifer64,,SIC-ID-832F59243750,NULL,,SICUREZZA,0,PROMO_SETTEMBRE_VIP,ATTIVO
massimiliano.michelotto@stema.it,Null,Null,Massimiliano Michelotto,+393392775383,SIC-ID-E80EE5F3BB81,NULL,,SICUREZZA,0,PROMO_SETTEMBRE_VIP,ATTIVO
massimilianolaurenti@tin.it,Null,Null,Massimilianolaurenti Luca,+3934091329060,SIC-ID-8F0D8FB35F91,NULL,,SICUREZZA,0,PROMO_SETTEMBRE_VIP,ATTIVO
massimilianomunari@libero.it,Null,Null,Massimilianomunari,+393791863833,SIC-ID-36207BB0CC2C,NULL,,SICUREZZA,0,PROMO_SETTEMBRE_VIP,ATTIVO
massimilianonocehd@gmail.com,Null,Null,Massimilianonocehd Noce,+393357583788,SIC-ID-764C6E906B27,NULL,,SICUREZZA,0,PROMO_SETTEMBRE_VIP,ATTIVO
massimo@bieffemontaggi.it,Null,Null,Massimo,+393494758933,SIC-ID-8CE8E9BB147B,NULL,,SICUREZZA,0,PROMO_SETTEMBRE_VIP,ATTIVO
massimo.boscolo@gruppovengest.it,Null,Null,Massimo Boscolo Vengest,,SIC-ID-5F23C2CF1BA8,NULL,,SICUREZZA,0,PROMO_SETTEMBRE_VIP,ATTIVO
degattimassimo@gmail.com,Null,Null,Massimo Lyo,+393888719533,SIC-ID-823718180D35,NULL,,SICUREZZA,0,PROMO_SETTEMBRE_VIP,ATTIVO
dealer64@gmail.com,Null,Null,Massimo Lyoness,+393494758933,SIC-ID-2A5419C9D4EC,NULL,,SICUREZZA,0,PROMO_SETTEMBRE_VIP,ATTIVO
massimo@puntaadige.it,Null,Null,Massimo Nuvoletto,+3933576275720,SIC-ID-282B9691A092,NULL,,SICUREZZA,0,PROMO_SETTEMBRE_VIP,ATTIVO
massimo.baccaglini@ronconiauto.it,Null,Null,Massimo Srl,+393289134522,SIC-ID-BCC86EADEC43,NULL,,SICUREZZA,0,PROMO_SETTEMBRE_VIP,ATTIVO
tononmax@libero.it,Null,Null,Massimo Tonon,+393291585784,SIC-ID-4D2A72241A31,NULL,,SICUREZZA,0,PROMO_SETTEMBRE_VIP,ATTIVO
massimo.zanardo@interprostudio.it,Null,Null,Massimo Zanardo,,SIC-ID-13E3367AEAA8,NULL,,SICUREZZA,0,PROMO_SETTEMBRE_VIP,ATTIVO
massimo@vivoilmare.it,Null,Null,Massimo Cooperativa,+393479970899,SIC-ID-747640A1750D,NULL,,SICUREZZA,0,PROMO_SETTEMBRE_VIP,ATTIVO
massimosottile3@gmail.com,Null,Null,Massimosottile3,,SIC-ID-0566FF9FE10D,NULL,,SICUREZZA,0,PROMO_SETTEMBRE_VIP,ATTIVO
info@costruzionimastergroup.it,Null,Null,Master Costruzioni Srls,+393491466989,SIC-ID-D170BB92DD3D,NULL,,SICUREZZA,0,PROMO_SETTEMBRE_VIP,ATTIVO
materesabertuccelli@teletu.it,Null,Null,Materesabertuccelli,+3934029744290,SIC-ID-2016519FEA22,NULL,,SICUREZZA,0,PROMO_SETTEMBRE_VIP,ATTIVO
info@fornitureedili.com,Null,Null,Materiale Per Edilizia Bergamo - Forniture Edili,+39035784815,SIC-ID-AB892CE0F995,NULL,,SICUREZZA,0,PROMO_SETTEMBRE_VIP,ATTIVO
cimmesrl@libero.it,Null,Null,Materiali Edili C.i.m.m.e.,+390734937077,SIC-ID-9AD2C8520CA3,NULL,,SICUREZZA,0,PROMO_SETTEMBRE_VIP,ATTIVO
castelnuovocarletto@virgilio.it,Null,Null,Materiali Edili Val Sabbia - Castelnuovo Carletto,+390365824204,SIC-ID-04CD8B10D9A9,NULL,,SICUREZZA,0,PROMO_SETTEMBRE_VIP,ATTIVO
mattbon55@gmail.com,Null,Null,Mattbon55,+393357372586,SIC-ID-2780D26832D7,NULL,,SICUREZZA,0,PROMO_SETTEMBRE_VIP,ATTIVO
matteo@easysub.it,Null,Null,Matteo,+393406326453,SIC-ID-EFD534D7D85B,NULL,,SICUREZZA,0,PROMO_SETTEMBRE_VIP,ATTIVO
assuntamatteo.85@gmail.com,Null,Null,Matteo 85,,SIC-ID-61A9267EBCED,NULL,,SICUREZZA,0,PROMO_SETTEMBRE_VIP,ATTIVO
matteo.aeffe@gmail.com,Null,Null,Matteo Aeffe,+393478949312,SIC-ID-EB4C47CF2C78,NULL,,SICUREZZA,0,PROMO_SETTEMBRE_VIP,ATTIVO
matteo.com@live.com,Null,Null,Matteo Com,+393472120843,SIC-ID-4FEA55A37A0C,NULL,,SICUREZZA,0,PROMO_SETTEMBRE_VIP,ATTIVO
matteo.debattisti@gmail.com,Null,Null,Matteo Debattisti,+3934652476800,SIC-ID-339A3B014DD2,NULL,,SICUREZZA,0,PROMO_SETTEMBRE_VIP,ATTIVO
matteo.fabbri@enaip.veneto.it,Null,Null,Matteo Fabbri,,SIC-ID-6622FD75CAB9,NULL,,SICUREZZA,0,PROMO_SETTEMBRE_VIP,ATTIVO
matteo.ferrari@lalineaverde.it,Null,Null,Matteo Ferrari,+3933830688850,SIC-ID-5973AB2524B5,NULL,,SICUREZZA,0,PROMO_SETTEMBRE_VIP,ATTIVO
matteopurisiol@yahoo.it,Null,Null,Matteo Lyo,+393485579585,SIC-ID-E6AD793BEEC7,NULL,,SICUREZZA,0,PROMO_SETTEMBRE_VIP,ATTIVO
matteo.melchiotti.1980@gmail.com,Null,Null,Matteo Melchiotti,+3932797829380,SIC-ID-BE76D963407A,NULL,,SICUREZZA,0,PROMO_SETTEMBRE_VIP,ATTIVO
info@2mlighting.it,Null,Null,Matteo Moro,+393400838294,SIC-ID-B331AE6B82C8,NULL,,SICUREZZA,0,PROMO_SETTEMBRE_VIP,ATTIVO
mattebreschi@yahoo.it,Null,Null,Matteo Onean,+393497865638,SIC-ID-C54050323A8D,NULL,,SICUREZZA,0,PROMO_SETTEMBRE_VIP,ATTIVO
pagan.matteo@virgilio.it,Null,Null,Matteo Pagan,+3934755598370,SIC-ID-BB3E39C06E75,NULL,,SICUREZZA,0,PROMO_SETTEMBRE_VIP,ATTIVO
teodor.1981@gmail.com,Null,Null,Matteo Sarto,+393408741799,SIC-ID-79A565B7B51A,NULL,,SICUREZZA,0,PROMO_SETTEMBRE_VIP,ATTIVO
matteoalfonso@yahoo.com,Null,Null,Matteoalfonso,,SIC-ID-7D1518408E4B,NULL,,SICUREZZA,0,PROMO_SETTEMBRE_VIP,ATTIVO
matteoauto@hotmail.it,Null,Null,Matteoauto,,SIC-ID-06756D75543E,NULL,,SICUREZZA,0,PROMO_SETTEMBRE_VIP,ATTIVO
matteodiiasio60@gmail.com,Null,Null,Matteodiiasio60,,SIC-ID-887E527379CD,NULL,,SICUREZZA,0,PROMO_SETTEMBRE_VIP,ATTIVO
mattia.arco@libero.it,Null,Null,Mattia Arco,+393355316847,SIC-ID-C1CB1A263BB7,NULL,,SICUREZZA,0,PROMO_SETTEMBRE_VIP,ATTIVO
mattia.casellato@ictagliodipo.com,Null,Null,Mattia Casellato,,SIC-ID-19DE765D74C2,NULL,,SICUREZZA,0,PROMO_SETTEMBRE_VIP,ATTIVO
mattia.boscolo@hotmail.it,Null,Null,Mattia Chiodoro,,SIC-ID-481AA7769646,NULL,,SICUREZZA,0,PROMO_SETTEMBRE_VIP,ATTIVO
mattia.gardenghi@gmail.com,Null,Null,Mattia Gardenghi,+393391956291,SIC-ID-9AA4381A1FF8,NULL,,SICUREZZA,0,PROMO_SETTEMBRE_VIP,ATTIVO
mattiafox89@gmail.com,Null,Null,Mattia Lyo,+393295365912,SIC-ID-4881E93F4ABE,NULL,,SICUREZZA,0,PROMO_SETTEMBRE_VIP,ATTIVO
mattiacheula89@gmail.com,Null,Null,Mattiacheula89,,SIC-ID-C53BDB421026,NULL,,SICUREZZA,0,PROMO_SETTEMBRE_VIP,ATTIVO
mattiatognati@alice.it,Null,Null,Mattiatognati,,SIC-ID-A98B00765D5B,NULL,,SICUREZZA,0,PROMO_SETTEMBRE_VIP,ATTIVO
mattiaveronese@vodafone.it,Null,Null,Mattiaveronese,,SIC-ID-635915120980,NULL,,SICUREZZA,0,PROMO_SETTEMBRE_VIP,ATTIVO
mattiolimarica@gmail.com,Null,Null,Mattiolimarica Mattioli,,SIC-ID-D38EEE5B16F1,NULL,,SICUREZZA,0,PROMO_SETTEMBRE_VIP,ATTIVO
mauiscrizioni@libero.it,Null,Null,Mauiscrizioni,+393482718252,SIC-ID-F75AC868EBF7,NULL,,SICUREZZA,0,PROMO_SETTEMBRE_VIP,ATTIVO
mauramagnaghi@gmail.com,Null,Null,Mauramagnaghi,,SIC-ID-340A324C8267,NULL,,SICUREZZA,0,PROMO_SETTEMBRE_VIP,ATTIVO
maurielloelvira@gmail.com,Null,Null,Maurielloelvira,,SIC-ID-158AE52576FE,NULL,,SICUREZZA,0,PROMO_SETTEMBRE_VIP,ATTIVO
maurizio@greentechservice.it,Null,Null,Maurizio,+3934824030800,SIC-ID-F68A0E57301D,NULL,,SICUREZZA,0,PROMO_SETTEMBRE_VIP,ATTIVO
maurizio.ulano@artigianfidi.pd.it,Null,Null,Maurizio Cognome Email Telefono Id Cliente Backup_sicu,+3934869286730,SIC-ID-CDD714DC170A,NULL,,SICUREZZA,0,PROMO_SETTEMBRE_VIP,ATTIVO
maurizio.derosa@outlook.it,Null,Null,Maurizio Derosa,,SIC-ID-B82C99412523,NULL,,SICUREZZA,0,PROMO_SETTEMBRE_VIP,ATTIVO
maurizio.drago@artigianatopadovano.it,Null,Null,Maurizio Drago,+3937718892900,SIC-ID-00BC69F035DE,NULL,,SICUREZZA,0,PROMO_SETTEMBRE_VIP,ATTIVO
direzione@vm-antincendi.it,Null,Null,Maurizio Estintori,+393487446629,SIC-ID-C915714253F6,NULL,,SICUREZZA,0,PROMO_SETTEMBRE_VIP,ATTIVO
mauriziobuzzone@gmail.com,Null,Null,Mauriziobuzzone,,SIC-ID-A2DA75EFA83C,NULL,,SICUREZZA,0,PROMO_SETTEMBRE_VIP,ATTIVO
mauriziodrago@gmail.com,Null,Null,Mauriziodrago,,SIC-ID-5A7819DFC836,NULL,,SICUREZZA,0,PROMO_SETTEMBRE_VIP,ATTIVO
mauriziosco1@yahoo.com,Null,Null,Mauriziosco1,,SIC-ID-8F63B3AB958E,NULL,,SICUREZZA,0,PROMO_SETTEMBRE_VIP,ATTIVO
mauro@studiomingotti.com,Null,Null,Mauro,,SIC-ID-101E638D834E,NULL,,SICUREZZA,0,PROMO_SETTEMBRE_VIP,ATTIVO
mauro.cecchinato@email.it,Null,Null,Mauro Cecchinato,+3932003141390,SIC-ID-356E58E7BB46,NULL,,SICUREZZA,0,PROMO_SETTEMBRE_VIP,ATTIVO
mauroca@libero.it,Null,Null,Mauro Geom. Ctu,+393388833989,SIC-ID-09BB788A27CD,NULL,,SICUREZZA,0,PROMO_SETTEMBRE_VIP,ATTIVO
maurobeggio@hotmail.com,Null,Null,Maurobeggio,+393929183275,SIC-ID-07337E88AEBC,NULL,,SICUREZZA,0,PROMO_SETTEMBRE_VIP,ATTIVO
mauroboscolo1@gmail.com,Null,Null,Mauroboscolo1,,SIC-ID-6E57711410F3,NULL,,SICUREZZA,0,PROMO_SETTEMBRE_VIP,ATTIVO
maurobottaro4@gmail.com,Null,Null,Maurobottaro4,283466860,SIC-ID-F31D85AA03BA,NULL,,SICUREZZA,0,PROMO_SETTEMBRE_VIP,ATTIVO
mauropicky@gmail.com,Null,Null,Mauropicky,+393389867717,SIC-ID-DA1BFD474372,NULL,,SICUREZZA,0,PROMO_SETTEMBRE_VIP,ATTIVO
mauroricetto@yahoo.it,Null,Null,Mauroricetto,,SIC-ID-AB4FBF9522F2,NULL,,SICUREZZA,0,PROMO_SETTEMBRE_VIP,ATTIVO
maurovf58@gmail.com,Null,Null,Maurovf58 Benedetti,+393284765250,SIC-ID-A849943BC014,NULL,,SICUREZZA,0,PROMO_SETTEMBRE_VIP,ATTIVO
maverick76_12@libero.it,Null,Null,Maverick76_12,,SIC-ID-835D5A5ED899,NULL,,SICUREZZA,0,PROMO_SETTEMBRE_VIP,ATTIVO
max.lazzari@hotmail.com,Null,Null,Max Lazzari,,SIC-ID-F42B027E7586,NULL,,SICUREZZA,0,PROMO_SETTEMBRE_VIP,ATTIVO
max.morelli@me.com,Null,Null,Max Morelli,,SIC-ID-8A885B58678F,NULL,,SICUREZZA,0,PROMO_SETTEMBRE_VIP,ATTIVO
info@maxamcostruzioni.it,Null,Null,Maxam Costruzioni Srl,+39063216528,SIC-ID-3F0536CD2889,NULL,,SICUREZZA,0,PROMO_SETTEMBRE_VIP,ATTIVO
maxgraci69@gmail.com,Null,Null,Maxgraci69,,SIC-ID-6414CB5D707A,NULL,,SICUREZZA,0,PROMO_SETTEMBRE_VIP,ATTIVO
maxmarevivo@gmail.com,Null,Null,Maxmarevivo,,SIC-ID-A2A0A798B6DC,NULL,,SICUREZZA,0,PROMO_SETTEMBRE_VIP,ATTIVO
mazsandro@hotmail.com,Null,Null,Mazsandro,,SIC-ID-E5A99C8E39C0,NULL,,SICUREZZA,0,PROMO_SETTEMBRE_VIP,ATTIVO
mazzaugo61@gmail.com,Null,Null,Mazza Ugo,,SIC-ID-AE3D66F11339,NULL,,SICUREZZA,0,PROMO_SETTEMBRE_VIP,ATTIVO
mazzetto@sermetranet.it,Null,Null,Mazzetto,,SIC-ID-DDDB713C639A,NULL,,SICUREZZA,0,PROMO_SETTEMBRE_VIP,ATTIVO
mazzuccoluca@gmail.com,Null,Null,Mazzuccoluca,,SIC-ID-B1D274A42CCE,NULL,,SICUREZZA,0,PROMO_SETTEMBRE_VIP,ATTIVO
mb.srl@alice.it,Null,Null,Mb Srl,,SIC-ID-6E9A6A07C824,NULL,,SICUREZZA,0,PROMO_SETTEMBRE_VIP,ATTIVO
mbadescu82@gmail.com,Null,Null,Mbadescu82 Badescu Goat,+3938993507150,SIC-ID-9A18ACF6F7D1,NULL,,SICUREZZA,0,PROMO_SETTEMBRE_VIP,ATTIVO
mbonato@me.com,Null,Null,Mbonato,+393405583664,SIC-ID-36C720060ABB,NULL,,SICUREZZA,0,PROMO_SETTEMBRE_VIP,ATTIVO
info@mccoperture.it,Null,Null,Mc Coperture Di Chiappetti Manuel,+393347820166,SIC-ID-6FEEF624DDA1,NULL,,SICUREZZA,0,PROMO_SETTEMBRE_VIP,ATTIVO
info@mcedil.it,Null,Null,Mcedil S.r.l.s. Costruzioni E Impianti,+393801032737,SIC-ID-6C48FB858351,NULL,,SICUREZZA,0,PROMO_SETTEMBRE_VIP,ATTIVO
md.serramenti@libero.it,Null,Null,Md Serramenti,+390426322508,SIC-ID-7CDD29C2D6E8,NULL,,SICUREZZA,0,PROMO_SETTEMBRE_VIP,ATTIVO
efb.mecstoreedilfer@gmail.com,Null,Null,Mecstore - Edilfer,+393311333738,SIC-ID-18D92CC07AE2,NULL,,SICUREZZA,0,PROMO_SETTEMBRE_VIP,ATTIVO
medilav2011@tiscali.it,Null,Null,Medilav2011,,SIC-ID-A8E30D4FFDE6,NULL,,SICUREZZA,0,PROMO_SETTEMBRE_VIP,ATTIVO
pier@megasrl.it,Null,Null,Mega Magazzini Edili,+39017286404,SIC-ID-4A83B215421D,NULL,,SICUREZZA,0,PROMO_SETTEMBRE_VIP,ATTIVO
info@megarestauri.it,Null,Null,Mega Restauri,+390622428363,SIC-ID-28E863C4C801,NULL,,SICUREZZA,0,PROMO_SETTEMBRE_VIP,ATTIVO
megajhp@gmail.com,Null,Null,Megajhp,32924097100,SIC-ID-2A1BB77CA470,NULL,,SICUREZZA,0,PROMO_SETTEMBRE_VIP,ATTIVO
meganleva19@gmail.com,Null,Null,Meganleva19 Pf Treviso,+393487476318,SIC-ID-2D80FBD345CA,NULL,,SICUREZZA,0,PROMO_SETTEMBRE_VIP,ATTIVO
melanywind83m@libero.it,Null,Null,Melanywindm,+393356742283,SIC-ID-92EDDC484B2D,NULL,,SICUREZZA,0,PROMO_SETTEMBRE_VIP,ATTIVO
melina.agnello@libero.it,Null,Null,Melina Agnello,,SIC-ID-5868DE2AFFEC,NULL,,SICUREZZA,0,PROMO_SETTEMBRE_VIP,ATTIVO
melissa_mesc@yahoo.com,Null,Null,Melissa_mesc,+393475915630,SIC-ID-EA2E95F9CBEA,NULL,,SICUREZZA,0,PROMO_SETTEMBRE_VIP,ATTIVO
mendez2018ramongu@gmail.com,Null,Null,Mendezramongu,32046433570,SIC-ID-8EAFE0F893D6,NULL,,SICUREZZA,0,PROMO_SETTEMBRE_VIP,ATTIVO
meneghessoalessia@gmail.com,Null,Null,Meneghessoalessia,,SIC-ID-F91BA29115D8,NULL,,SICUREZZA,0,PROMO_SETTEMBRE_VIP,ATTIVO
meneghin.roberto@hotmail.it,Null,Null,Meneghin Roberto,,SIC-ID-BE72FA277097,NULL,,SICUREZZA,0,PROMO_SETTEMBRE_VIP,ATTIVO
info@meneghinigiovannisrl.it,Null,Null,Meneghini Giovanni,+39045942264,SIC-ID-F4A2F02C672C,NULL,,SICUREZZA,0,PROMO_SETTEMBRE_VIP,ATTIVO
info@mentuccialdo.it,Null,Null,Mentucci Aldo Srl,+390717921151,SIC-ID-5DC6416AA33C,NULL,,SICUREZZA,0,PROMO_SETTEMBRE_VIP,ATTIVO
merchant-info.it@cashback-solutions.com,Null,Null,Merchant- It,,SIC-ID-2738A9D69D48,NULL,,SICUREZZA,0,PROMO_SETTEMBRE_VIP,ATTIVO
info@mesoracasrl.com,Null,Null,Mesoraca Srl| Impresa Edile Per Costruzione E Ristrutturazioni Di Edifici Residenziali E Industriali| Bologna| Zola Predosa,+39051753611,SIC-ID-35628BBD7026,NULL,,SICUREZZA,0,PROMO_SETTEMBRE_VIP,ATTIVO
mestaghanmimed.tra@gmail.com,Null,Null,Mestaghanmimed Tra,,SIC-ID-448CADBF44FC,NULL,,SICUREZZA,0,PROMO_SETTEMBRE_VIP,ATTIVO
mexas@libero.it,Null,Null,Mexas,,SIC-ID-B86777A374BD,NULL,,SICUREZZA,0,PROMO_SETTEMBRE_VIP,ATTIVO
mf.cabezas97@gmail.com,Null,Null,Mf Cabezas97,,SIC-ID-EF03CF333E8A,NULL,,SICUREZZA,0,PROMO_SETTEMBRE_VIP,ATTIVO
mf.impresaedile@gmail.com,Null,Null,Mf Impresaedile,,SIC-ID-0117A968FD54,NULL,,SICUREZZA,0,PROMO_SETTEMBRE_VIP,ATTIVO
mg.zandarin@gmail.com,Null,Null,Mg Zandarin,,SIC-ID-24DA2D63AF25,NULL,,SICUREZZA,0,PROMO_SETTEMBRE_VIP,ATTIVO
mgfiumelli@gmail.com,Null,Null,Mgfiumelli Grazia,,SIC-ID-46021868419B,NULL,,SICUREZZA,0,PROMO_SETTEMBRE_VIP,ATTIVO
info@mgmcostruzioni.it,Null,Null,Mgm Costruzioni S.r.l. | Impresa Edile A Bologna,+393755646294,SIC-ID-6BFFCB967CCF,NULL,,SICUREZZA,0,PROMO_SETTEMBRE_VIP,ATTIVO
mguidijob@gmail.com,Null,Null,Mguidijob,,SIC-ID-FDB3E59EAD27,NULL,,SICUREZZA,0,PROMO_SETTEMBRE_VIP,ATTIVO
mi.heitzinger@gmail.com,Null,Null,Mi Heitzinger,,SIC-ID-98C4062A9ABD,NULL,,SICUREZZA,0,PROMO_SETTEMBRE_VIP,ATTIVO
micaela.colleoni82@gmail.com,Null,Null,Micaela Colleoni82,+3934097140780,SIC-ID-64E02B84550B,NULL,,SICUREZZA,0,PROMO_SETTEMBRE_VIP,ATTIVO
micangeli@hotmail.it,Null,Null,Micangeli,,SIC-ID-48BC12B951F5,NULL,,SICUREZZA,0,PROMO_SETTEMBRE_VIP,ATTIVO
furlanmichael@ymail.com,Null,Null,Michael,,SIC-ID-889E88B7922B,NULL,,SICUREZZA,0,PROMO_SETTEMBRE_VIP,ATTIVO
michela_ferlin@yahoo.it,Null,Null,Michela_ferlin,+393402439855,SIC-ID-BA0895AED42E,NULL,,SICUREZZA,0,PROMO_SETTEMBRE_VIP,ATTIVO
michela_tassotti@yahoo.it,Null,Null,Michela_tassotti Stoppa,+3934795719410,SIC-ID-1812F92FB70A,NULL,,SICUREZZA,0,PROMO_SETTEMBRE_VIP,ATTIVO
arkimiki76@gmail.com,Null,Null,Michelangelo,,SIC-ID-E33150472067,NULL,,SICUREZZA,0,PROMO_SETTEMBRE_VIP,ATTIVO
michelangelo.scardamaglia@gmail.com,Null,Null,Michelangelo Scardamaglia,,SIC-ID-AD3F8CD683E4,NULL,,SICUREZZA,0,PROMO_SETTEMBRE_VIP,ATTIVO
michele@fivesuperiorstars.com,Null,Null,Michele,+393355372248,SIC-ID-5C939567055F,NULL,,SICUREZZA,0,PROMO_SETTEMBRE_VIP,ATTIVO
michele.catamero@gmail.com,Null,Null,Michele Catamero,+3933314920070,SIC-ID-392F7BE7CEF1,NULL,,SICUREZZA,0,PROMO_SETTEMBRE_VIP,ATTIVO
michele.doris@antonianaemergenza.it,Null,Null,Michele Doris,+393491352406,SIC-ID-A12A608A618E,NULL,,SICUREZZA,0,PROMO_SETTEMBRE_VIP,ATTIVO
zapjoldon@gmail.com,Null,Null,Michele Gennari,+393454631574,SIC-ID-7EAF28B4DCC9,NULL,,SICUREZZA,0,PROMO_SETTEMBRE_VIP,ATTIVO
michelepezzolato@gmail.com,Null,Null,Michele Pezzolato,+393485622861,SIC-ID-852BB365A36D,NULL,,SICUREZZA,0,PROMO_SETTEMBRE_VIP,ATTIVO
sm85@libero.it,Null,Null,Michele Sandrin,+393475501579,SIC-ID-7D4805698EC3,NULL,,SICUREZZA,0,PROMO_SETTEMBRE_VIP,ATTIVO
michele.siviero@libero.it,Null,Null,Michele Siviero,+3934209841810,SIC-ID-DDF56FB3033B,NULL,,SICUREZZA,0,PROMO_SETTEMBRE_VIP,ATTIVO
michele@cpmshop.it,Null,Null,Michele Tarroni,+393331894558,SIC-ID-CEC2655D902E,NULL,,SICUREZZA,0,PROMO_SETTEMBRE_VIP,ATTIVO
michelevoltan@libero.it,Null,Null,Michele Voltan,+393383404328,SIC-ID-7372D61EA4A8,NULL,,SICUREZZA,0,PROMO_SETTEMBRE_VIP,ATTIVO
micheledelta59@gmail.it,Null,Null,Micheledelta59,,SIC-ID-0A9484F92AF9,NULL,,SICUREZZA,0,PROMO_SETTEMBRE_VIP,ATTIVO
michelegasparini46@gmail.com,Null,Null,Michelegasparini46,+393293096073,SIC-ID-AC1DA038BE75,NULL,,SICUREZZA,0,PROMO_SETTEMBRE_VIP,ATTIVO
micheleposta2@gmail.com,Null,Null,Micheleposta2 Caputo,,SIC-ID-BF512026699C,NULL,,SICUREZZA,0,PROMO_SETTEMBRE_VIP,ATTIVO
micheletoffa@libero.it,Null,Null,Micheletoffa Ghezzo,+393462123847,SIC-ID-62DD6AA4CB74,NULL,,SICUREZZA,0,PROMO_SETTEMBRE_VIP,ATTIVO
michellecappelletto@gmail.com,Null,Null,Michellecappelletto,,SIC-ID-D25C84A7CE22,NULL,,SICUREZZA,0,PROMO_SETTEMBRE_VIP,ATTIVO
michi.deirossi@tin.it,Null,Null,Michi Deirossi,,SIC-ID-7CC99C349565,NULL,,SICUREZZA,0,PROMO_SETTEMBRE_VIP,ATTIVO
mihaipoke@yahoo.com,Null,Null,Mihaipoke Palade,,SIC-ID-A5EE378FF1E0,NULL,,SICUREZZA,0,PROMO_SETTEMBRE_VIP,ATTIVO
mikeiscaro@hotmail.com,Null,Null,Mikeiscaro,,SIC-ID-8BB1D9446B06,NULL,,SICUREZZA,0,PROMO_SETTEMBRE_VIP,ATTIVO
mikelhelmi@libero.it,Null,Null,Mikelhelmi,,SIC-ID-BD8464741931,NULL,,SICUREZZA,0,PROMO_SETTEMBRE_VIP,ATTIVO
info@chioggia-immobiliare.it,Null,Null,Miki Soncin,+393286381230,SIC-ID-3E3FCC805A04,NULL,,SICUREZZA,0,PROMO_SETTEMBRE_VIP,ATTIVO
milagrosmenendez71@gmail.com,Null,Null,Milagrosmenendez71,,SIC-ID-8C29C78C8921,NULL,,SICUREZZA,0,PROMO_SETTEMBRE_VIP,ATTIVO
milaka1979@hotmail.com,Null,Null,Milaka1979,,SIC-ID-D033085D1818,NULL,,SICUREZZA,0,PROMO_SETTEMBRE_VIP,ATTIVO
milan.geometra@libero.it,Null,Null,Milan Davide,,SIC-ID-0BED944F0A23,NULL,,SICUREZZA,0,PROMO_SETTEMBRE_VIP,ATTIVO
milanialessia2@gmail.com,Null,Null,Milani Alessia Café,+393403961349,SIC-ID-19E5C4028ADA,NULL,,SICUREZZA,0,PROMO_SETTEMBRE_VIP,ATTIVO
milaniloeis1976@gmail.com,Null,Null,Milaniloeis1976,,SIC-ID-75B5B5CCC1F6,NULL,,SICUREZZA,0,PROMO_SETTEMBRE_VIP,ATTIVO
milaniloria1976@gmail.com,Null,Null,Milaniloria1976,,SIC-ID-3B516D9F5167,NULL,,SICUREZZA,0,PROMO_SETTEMBRE_VIP,ATTIVO
milaniloris1976@gmail.com,Null,Null,Milaniloris1976,,SIC-ID-E0325E061B9D,NULL,,SICUREZZA,0,PROMO_SETTEMBRE_VIP,ATTIVO
milaniloris2976@gmail.com,Null,Null,Milaniloris2976,,SIC-ID-85AF5E6DD5F9,NULL,,SICUREZZA,0,PROMO_SETTEMBRE_VIP,ATTIVO
milaniloris76@gmail.com,Null,Null,Milaniloris76,,SIC-ID-1934F51A8272,NULL,,SICUREZZA,0,PROMO_SETTEMBRE_VIP,ATTIVO
milaniloros1976@gmail.com,Null,Null,Milaniloros1976,,SIC-ID-5BC30FB9D9D9,NULL,,SICUREZZA,0,PROMO_SETTEMBRE_VIP,ATTIVO
milena.mimmo@gmail.com,Null,Null,Milena Mimmo,+393474918173,SIC-ID-AC754F6FC5EF,NULL,,SICUREZZA,0,PROMO_SETTEMBRE_VIP,ATTIVO
milenasaiani@alice.it,Null,Null,Milena Saiani,+393491290681,SIC-ID-E0C9A9033C5E,NULL,,SICUREZZA,0,PROMO_SETTEMBRE_VIP,ATTIVO
milena.saletta@gmail.com,Null,Null,Milena Saletta,+3933512954320,SIC-ID-09444E9B0A3B,NULL,,SICUREZZA,0,PROMO_SETTEMBRE_VIP,ATTIVO
millesaporisnc@libero.it,Null,Null,Millesaporisnc Hair,+393883869351,SIC-ID-00EBC28DAB62,NULL,,SICUREZZA,0,PROMO_SETTEMBRE_VIP,ATTIVO
mingozzichiara@iisciprianicolombo.edu.it,Null,Null,Mingozzichiara,,SIC-ID-78BCE5861044,NULL,,SICUREZZA,0,PROMO_SETTEMBRE_VIP,ATTIVO
mioriandmore@gmail.com,Null,Null,Mioriandmore,,SIC-ID-0440CC612645,NULL,,SICUREZZA,0,PROMO_SETTEMBRE_VIP,ATTIVO
miottomichele59@gmail.it,Null,Null,Miottomichele59,,SIC-ID-EFAFAFF52603,NULL,,SICUREZZA,0,PROMO_SETTEMBRE_VIP,ATTIVO
mirandolavasco@gmail.com,Null,Null,Mirandolavasco,,SIC-ID-6577D670BD9E,NULL,,SICUREZZA,0,PROMO_SETTEMBRE_VIP,ATTIVO
miranorma@libero.it,Null,Null,Miranorma,,SIC-ID-B199BD6BDBAC,NULL,,SICUREZZA,0,PROMO_SETTEMBRE_VIP,ATTIVO
mirapic@virgilio.it,Null,Null,Mirapic,,SIC-ID-B13001C9A7FF,NULL,,SICUREZZA,0,PROMO_SETTEMBRE_VIP,ATTIVO
mirca@nglattonieri.com,Null,Null,Mirca,,SIC-ID-136947C0107E,NULL,,SICUREZZA,0,PROMO_SETTEMBRE_VIP,ATTIVO
mirco@porzionatoassociati.it,Null,Null,Mirco,+393496781084,SIC-ID-5B858E5A4953,NULL,,SICUREZZA,0,PROMO_SETTEMBRE_VIP,ATTIVO
daoplanb@gmail.com,Null,Null,Mirco,,SIC-ID-01C01290D16D,NULL,,SICUREZZA,0,PROMO_SETTEMBRE_VIP,ATTIVO
mirco.gasparotto@arroweld.com,Null,Null,Mirco Gasparotto,+393482730070,SIC-ID-CCFED86DCDC8,NULL,,SICUREZZA,0,PROMO_SETTEMBRE_VIP,ATTIVO
mircofaggia@gmail.com,Null,Null,Mirco Lyo,+393933324093,SIC-ID-D8D1D0E59D26,NULL,,SICUREZZA,0,PROMO_SETTEMBRE_VIP,ATTIVO
mircobenedetti@gmail.com,Null,Null,Mircobenedetti,,SIC-ID-5B08E00A3EE5,NULL,,SICUREZZA,0,PROMO_SETTEMBRE_VIP,ATTIVO
mircogiupponi@libero.it,Null,Null,Mircogiupponi,,SIC-ID-70DE145C88B5,NULL,,SICUREZZA,0,PROMO_SETTEMBRE_VIP,ATTIVO
mirellad@tiscali.it,Null,Null,Mirellad,,SIC-ID-C5794BDFCCD9,NULL,,SICUREZZA,0,PROMO_SETTEMBRE_VIP,ATTIVO
miriamsanfilippo@gmail.com,Null,Null,Miriamsanfilippo,,SIC-ID-65BC88852591,NULL,,SICUREZZA,0,PROMO_SETTEMBRE_VIP,ATTIVO
mirko.cogo@virgilio.it,Null,Null,Mirko Cogo,+393292409684,SIC-ID-6BA1B89F5D34,NULL,,SICUREZZA,0,PROMO_SETTEMBRE_VIP,ATTIVO
mirna.loi@leonardocompany.com,Null,Null,Mirna Loi,,SIC-ID-571E9514628D,NULL,,SICUREZZA,0,PROMO_SETTEMBRE_VIP,ATTIVO
mister.trevi@libero.it,Null,Null,Mister Trevi,+393338792862,SIC-ID-824950877F53,NULL,,SICUREZZA,0,PROMO_SETTEMBRE_VIP,ATTIVO
mluisa.spezzati@gmail.com,Null,Null,Mluisa Spezzati,,SIC-ID-76DBE3121718,NULL,,SICUREZZA,0,PROMO_SETTEMBRE_VIP,ATTIVO
mmauro0267@gmail.com,Null,Null,Mmauro0267,+393371206615,SIC-ID-55B93C2615D9,NULL,,SICUREZZA,0,PROMO_SETTEMBRE_VIP,ATTIVO
mmm-bop@hotmail.it,Null,Null,Mmm-bop,,SIC-ID-77C870DA37AB,NULL,,SICUREZZA,0,PROMO_SETTEMBRE_VIP,ATTIVO
mmt65a@gmail.com,Null,Null,Mmta,,SIC-ID-C6866440D933,NULL,,SICUREZZA,0,PROMO_SETTEMBRE_VIP,ATTIVO
mnegro80@gmail.com,Null,Null,Mnegro80,,SIC-ID-44CB346BDC34,NULL,,SICUREZZA,0,PROMO_SETTEMBRE_VIP,ATTIVO
mo-88@live.it,Null,Null,Mo-88,,SIC-ID-3C9FBF0150E2,NULL,,SICUREZZA,0,PROMO_SETTEMBRE_VIP,ATTIVO
mobiliacostruzionisrl@gmail.com,Null,Null,Mobilia Costruzioni Srl,+393533199750,SIC-ID-EA4CC4955A08,NULL,,SICUREZZA,0,PROMO_SETTEMBRE_VIP,ATTIVO
modellimkt@gmail.com,Null,Null,Modellimkt,,SIC-ID-23C96AD0E4F1,NULL,,SICUREZZA,0,PROMO_SETTEMBRE_VIP,ATTIVO
moduspm@gmail.com,Null,Null,Moduspm Edile,+3933837163870,SIC-ID-30529549FC57,NULL,,SICUREZZA,0,PROMO_SETTEMBRE_VIP,ATTIVO
moira.benvegnu@gmail.com,Null,Null,Moira Benvegnu,,SIC-ID-8D0928A1915B,NULL,,SICUREZZA,0,PROMO_SETTEMBRE_VIP,ATTIVO
info@molinellacostruzioni.it,Null,Null,Molinella Costruzioni S.r.l.,+39051881350,SIC-ID-57724E6B05FE,NULL,,SICUREZZA,0,PROMO_SETTEMBRE_VIP,ATTIVO
welcome@molinopn.com,Null,Null,Molino Pordenone,+390434362421,SIC-ID-4EE0B9C86908,NULL,,SICUREZZA,0,PROMO_SETTEMBRE_VIP,ATTIVO
molinobergamini@libero.it,Null,Null,Molinobergamini,,SIC-ID-6483118BC442,NULL,,SICUREZZA,0,PROMO_SETTEMBRE_VIP,ATTIVO
23aprile73@libero.it,Null,Null,Mon Apr 23 1973 00:00:00 Gmt+0100 (central European Standard Time),,SIC-ID-A754EA190355,NULL,,SICUREZZA,0,PROMO_SETTEMBRE_VIP,ATTIVO
info@monaciedilizia.it,Null,Null,Monaci F.lli,+39034571407,SIC-ID-D7E0B75CC73E,NULL,,SICUREZZA,0,PROMO_SETTEMBRE_VIP,ATTIVO
info@mondo-infissi.it,Null,Null,Mondo Infissi | Installazione Infissi E Serramenti,+390187992101,SIC-ID-11CFC570A238,NULL,,SICUREZZA,0,PROMO_SETTEMBRE_VIP,ATTIVO
monia@zambonmarmi.it,Null,Null,Monia,,SIC-ID-806BA96CDD5D,NULL,,SICUREZZA,0,PROMO_SETTEMBRE_VIP,ATTIVO
moniam@libero.it,Null,Null,Moniam,,SIC-ID-83865A1935E5,NULL,,SICUREZZA,0,PROMO_SETTEMBRE_VIP,ATTIVO
monica.bissacco@studiomenin.it,Null,Null,Monica Bissacco,,SIC-ID-BC00F16B6C99,NULL,,SICUREZZA,0,PROMO_SETTEMBRE_VIP,ATTIVO
monica.carlin80@gmail.com,Null,Null,Monica Carlin80,+393290963289,SIC-ID-87D5B974AC79,NULL,,SICUREZZA,0,PROMO_SETTEMBRE_VIP,ATTIVO
monica.duo82@icloud.com,Null,Null,Monica Duo82,+3938943600410,SIC-ID-75EE278443E8,NULL,,SICUREZZA,0,PROMO_SETTEMBRE_VIP,ATTIVO
monikinaduo82@gmail.com,Null,Null,Monica Duò Caffè,,SIC-ID-4036B9CD7A97,NULL,,SICUREZZA,0,PROMO_SETTEMBRE_VIP,ATTIVO
michela.pozzato@yahoo.it,Null,Null,Monica Ferrari Panetteria,+393406664199,SIC-ID-5348CA5BF973,NULL,,SICUREZZA,0,PROMO_SETTEMBRE_VIP,ATTIVO
monica.marenghi67@gmail.com,Null,Null,Monica Marenghi67,,SIC-ID-CB22C2ADF38F,NULL,,SICUREZZA,0,PROMO_SETTEMBRE_VIP,ATTIVO
monica.pavan@libero.it,Null,Null,Monica Pavan,+393458416346,SIC-ID-DA707F67DD1F,NULL,,SICUREZZA,0,PROMO_SETTEMBRE_VIP,ATTIVO
monica.riello@studiosd.it,Null,Null,Monica Riello,,SIC-ID-DD7A1CFB0CDC,NULL,,SICUREZZA,0,PROMO_SETTEMBRE_VIP,ATTIVO
monica.spiga79@gmail.com,Null,Null,Monica Spiga79,,SIC-ID-ECB1838F5C96,NULL,,SICUREZZA,0,PROMO_SETTEMBRE_VIP,ATTIVO
monicabaioni32@gmail.com,Null,Null,Monicabaioni32,+393406664199,SIC-ID-C58EF8B04093,NULL,,SICUREZZA,0,PROMO_SETTEMBRE_VIP,ATTIVO
monicafonsato@gmail.com,Null,Null,Monicafonsato,,SIC-ID-F204F4896BA2,NULL,,SICUREZZA,0,PROMO_SETTEMBRE_VIP,ATTIVO
montefortemario1@gmail.com,Null,Null,Montefortemario1 Monteforte,,SIC-ID-A9D9D6F992E4,NULL,,SICUREZZA,0,PROMO_SETTEMBRE_VIP,ATTIVO
monteleoneantonietta@libero.it,Null,Null,Monteleoneantonietta,,SIC-ID-A1E37E4EF12C,NULL,,SICUREZZA,0,PROMO_SETTEMBRE_VIP,ATTIVO
v.bloise@trenitalia.it,Null,Null,Montepescali,+390595454760,SIC-ID-C2CD8916E1F4,NULL,,SICUREZZA,0,PROMO_SETTEMBRE_VIP,ATTIVO
moregolaluciano@libero.it,Null,Null,Moregolaluciano,+393494214877,SIC-ID-633F3A586362,NULL,,SICUREZZA,0,PROMO_SETTEMBRE_VIP,ATTIVO
stefania.morello@venetica.org,Null,Null,Morello Stefania,+393929880922,SIC-ID-17BE56FC1765,NULL,,SICUREZZA,0,PROMO_SETTEMBRE_VIP,ATTIVO
morena.buzzoni@virgilio.it,Null,Null,Morena Buzzoni,+393200854219,SIC-ID-E572139671B6,NULL,,SICUREZZA,0,PROMO_SETTEMBRE_VIP,ATTIVO
moreno.menegazzo@gmail.com,Null,Null,Moreno Menegazzo,+393393919397,SIC-ID-4EAFB4C80C57,NULL,,SICUREZZA,0,PROMO_SETTEMBRE_VIP,ATTIVO
moretticentroedile@gmail.com,Null,Null,Moretti Centro Edile,+390803743768,SIC-ID-4C45DFF8EBDF,NULL,,SICUREZZA,0,PROMO_SETTEMBRE_VIP,ATTIVO
moretticostruzionisas@gmail.com,Null,Null,Moretti Sas,33975878940,SIC-ID-2469A8561476,NULL,,SICUREZZA,0,PROMO_SETTEMBRE_VIP,ATTIVO
info@impresaedilemorigi.it,Null,Null,Morigi Impresa Edile,+3905441823618,SIC-ID-E8D6D25878FD,NULL,,SICUREZZA,0,PROMO_SETTEMBRE_VIP,ATTIVO
morini_alex@hotmail.com,Null,Null,Morini_alex,,SIC-ID-47CA83219A93,NULL,,SICUREZZA,0,PROMO_SETTEMBRE_VIP,ATTIVO
mosnamariano@gmail.com,Null,Null,Mosnamariano Radio Fibra,+393896903705,SIC-ID-583F6E3F2515,NULL,,SICUREZZA,0,PROMO_SETTEMBRE_VIP,ATTIVO
m.destefani@bipiemme.it,Null,Null,Mosè Dr Destefani,+390425070622,SIC-ID-0A5834B211F9,NULL,,SICUREZZA,0,PROMO_SETTEMBRE_VIP,ATTIVO
motorman.loreo@gmail.com,Null,Null,Motorman Loreo,,SIC-ID-074849C87DB6,NULL,,SICUREZZA,0,PROMO_SETTEMBRE_VIP,ATTIVO
mottamarta69@gmail.com,Null,Null,Mottamarta69,+393338664500,SIC-ID-FC36E8CC5D6A,NULL,,SICUREZZA,0,PROMO_SETTEMBRE_VIP,ATTIVO
moutacharifo@gmail.com,Null,Null,Moutacharifo,,SIC-ID-ABB1B9307829,NULL,,SICUREZZA,0,PROMO_SETTEMBRE_VIP,ATTIVO
movidadesign@gmail.com,Null,Null,Movida Design Srl,,SIC-ID-C665197C5CF8,NULL,,SICUREZZA,0,PROMO_SETTEMBRE_VIP,ATTIVO
info@movi-mac.it,Null,Null,Movimac S.r.l.,+390817594403,SIC-ID-424F680B9EA5,NULL,,SICUREZZA,0,PROMO_SETTEMBRE_VIP,ATTIVO
mrrosabo@libero.it,Null,Null,Mrrosabo,,SIC-ID-3C6864C16E38,NULL,,SICUREZZA,0,PROMO_SETTEMBRE_VIP,ATTIVO
mt.parente@yahoo.it,Null,Null,Mt Parente,,SIC-ID-9A174AD8527B,NULL,,SICUREZZA,0,PROMO_SETTEMBRE_VIP,ATTIVO
mtelettricsnc@alice.it,Null,Null,Mtelettricsnc,+393400838294,SIC-ID-39DFEBCC94B7,NULL,,SICUREZZA,0,PROMO_SETTEMBRE_VIP,ATTIVO
mtvsrl@libero.it,Null,Null,Mtvsrl,,SIC-ID-54D005B7AE61,NULL,,SICUREZZA,0,PROMO_SETTEMBRE_VIP,ATTIVO
info@mulinaricostruzioni.it,Null,Null,Mulinari Costruzioni Generali Srl,+39054561013,SIC-ID-7E07EE2A3550,NULL,,SICUREZZA,0,PROMO_SETTEMBRE_VIP,ATTIVO
info@multigrafica.net,Null,Null,Multigrafica Printing,,SIC-ID-48AD962BB014,NULL,,SICUREZZA,0,PROMO_SETTEMBRE_VIP,ATTIVO
info@multiservicesleone.com,Null,Null,Multiservices Leone S.r.l.s.,+393342740988,SIC-ID-041FAA892C08,NULL,,SICUREZZA,0,PROMO_SETTEMBRE_VIP,ATTIVO
marchesistudio@gmail.com,Null,Null,Muratore Bologna E Provincia,,SIC-ID-ECCD2207C0E3,NULL,,SICUREZZA,0,PROMO_SETTEMBRE_VIP,ATTIVO
info@murri-cisam.it,Null,Null,Murri - Edilizia,+390630810709,SIC-ID-236D8D285238,NULL,,SICUREZZA,0,PROMO_SETTEMBRE_VIP,ATTIVO
musikana@libero.it,Null,Null,Musikana,,SIC-ID-2DCBDE1F8DE8,NULL,,SICUREZZA,0,PROMO_SETTEMBRE_VIP,ATTIVO
mussatigiacomo@gmail.com,Null,Null,Mussatigiacomo Lyo,+3934799708990,SIC-ID-EEB17AB5537C,NULL,,SICUREZZA,0,PROMO_SETTEMBRE_VIP,ATTIVO
ufficio.mvrartedile.srl@gmail.com,Null,Null,Mvr Artedile Srl Impresa Edile E Opere In Cartongesso,+390522390311,SIC-ID-79B8B48D0260,NULL,,SICUREZZA,0,PROMO_SETTEMBRE_VIP,ATTIVO
mwrlife@globalewallet.com,Null,Null,Mwrlife,,SIC-ID-0146762E382A,NULL,,SICUREZZA,0,PROMO_SETTEMBRE_VIP,ATTIVO
info@ntccostruzionigenerali.com,Null,Null,N.t.c. Costruzioni Generali S.r.l.,+39070882419,SIC-ID-3463B235201F,NULL,,SICUREZZA,0,PROMO_SETTEMBRE_VIP,ATTIVO
shop@nio-cocktails.com,Null,Null,Nio Cocktails,+393457681262,SIC-ID-4637078A6D7E,NULL,,SICUREZZA,0,PROMO_SETTEMBRE_VIP,ATTIVO
9nabilross7@gmail.com,Null,Null,Nabilross,,SIC-ID-40A93C78F43A,NULL,,SICUREZZA,0,PROMO_SETTEMBRE_VIP,ATTIVO
nadia.coratti@libero.it,Null,Null,Nadia Coratti,+393480996070,SIC-ID-20BC1C4AE708,NULL,,SICUREZZA,0,PROMO_SETTEMBRE_VIP,ATTIVO
nadiasacc@gmail.com,Null,Null,Nadia Saccardin,+3933514339960,SIC-ID-626B7ACF4E9C,NULL,,SICUREZZA,0,PROMO_SETTEMBRE_VIP,ATTIVO
nalin.gessica@libero.it,Null,Null,Nalin Gessica,+393486067770,SIC-ID-2FA07DC5A851,NULL,,SICUREZZA,0,PROMO_SETTEMBRE_VIP,ATTIVO
mira@nalon.it,Null,Null,Nalon Srl,+390415676540,SIC-ID-7B2B3CDFE5DD,NULL,,SICUREZZA,0,PROMO_SETTEMBRE_VIP,ATTIVO
napoligaetano81@gmail.com,Null,Null,Napoligaetano81,,SIC-ID-AAD138433DEA,NULL,,SICUREZZA,0,PROMO_SETTEMBRE_VIP,ATTIVO
napolitano_silvia@libero.it,Null,Null,Napolitano_silvia,,SIC-ID-7C8805DF31F1,NULL,,SICUREZZA,0,PROMO_SETTEMBRE_VIP,ATTIVO
nardinge@libero.it,Null,Null,Nardinge,,SIC-ID-FBFBE2AEC81D,NULL,,SICUREZZA,0,PROMO_SETTEMBRE_VIP,ATTIVO
natystani@icloud.com,Null,Null,Natystani,,SIC-ID-40F04E2B7AA6,NULL,,SICUREZZA,0,PROMO_SETTEMBRE_VIP,ATTIVO
info@nauticaantonello.com,Null,Null,Nautica Antonello,+390423720355,SIC-ID-EB145596EBF3,NULL,,SICUREZZA,0,PROMO_SETTEMBRE_VIP,ATTIVO
info@ndediliziaeristrutturazioni.it,Null,Null,Nd Edilizia E Ristrutturazioni Srls,+393498334967,SIC-ID-6B092EEDBE8B,NULL,,SICUREZZA,0,PROMO_SETTEMBRE_VIP,ATTIVO
negrello.giancarlo@azisanrovigo.it,Null,Null,Negrello Giancarlo Spisal Rovigo,+393497952739,SIC-ID-45BC7B6B2DE1,NULL,,SICUREZZA,0,PROMO_SETTEMBRE_VIP,ATTIVO
nelloesimo@libero.it,Null,Null,Nelloesimo,,SIC-ID-B52092F2D08C,NULL,,SICUREZZA,0,PROMO_SETTEMBRE_VIP,ATTIVO
neridermo@libero.lt,Null,Null,Neridermo,,SIC-ID-08185A6E7CF3,NULL,,SICUREZZA,0,PROMO_SETTEMBRE_VIP,ATTIVO
nespoli@cerchioblu.org,Null,Null,Nespoli,,SIC-ID-7975526DAFE5,NULL,,SICUREZZA,0,PROMO_SETTEMBRE_VIP,ATTIVO
web@e21.it,Null,Null,New Edil Cupi,+393206238643,SIC-ID-00FBD865E69F,NULL,,SICUREZZA,0,PROMO_SETTEMBRE_VIP,ATTIVO
jmj69nola@gmail.com,Null,Null,New Line Mantovan Stefano,+393291558661,SIC-ID-EB91D7741171,NULL,,SICUREZZA,0,PROMO_SETTEMBRE_VIP,ATTIVO
newstylegommesas@gmail.com,Null,Null,New Style Gomme Adria Ivano,+393406657691,SIC-ID-FB6DC4FA614C,NULL,,SICUREZZA,0,PROMO_SETTEMBRE_VIP,ATTIVO
newstylegomme@libero.it,Null,Null,New Style Gomme Rovigo,+390425475487,SIC-ID-87DE28F6A2A2,NULL,,SICUREZZA,0,PROMO_SETTEMBRE_VIP,ATTIVO
newedil_t@libero.it,Null,Null,Newedil_t Srl,,SIC-ID-6883E2394621,NULL,,SICUREZZA,0,PROMO_SETTEMBRE_VIP,ATTIVO
newfly76@hotmail.it,Null,Null,Newfly76,,SIC-ID-A689FC33876D,NULL,,SICUREZZA,0,PROMO_SETTEMBRE_VIP,ATTIVO
newlinepro.bg@gmail.com,Null,Null,Newlinepro Bg,,SIC-ID-3D649BDE77CC,NULL,,SICUREZZA,0,PROMO_SETTEMBRE_VIP,ATTIVO
newlinesm@libero.it,Null,Null,Newlinesm,,SIC-ID-1D9F40DCBF51,NULL,,SICUREZZA,0,PROMO_SETTEMBRE_VIP,ATTIVO
news@portaleconsulenti.it,Null,Null,News,32848521210,SIC-ID-C6C4E7115839,NULL,,SICUREZZA,0,PROMO_SETTEMBRE_VIP,ATTIVO
news.gruppomas@gmail.com,Null,Null,News Gruppomas,,SIC-ID-8BDDCDC62B74,NULL,,SICUREZZA,0,PROMO_SETTEMBRE_VIP,ATTIVO
newsteteys@gmail.com,Null,Null,Newsteteys,,SIC-ID-354BBE409BBC,NULL,,SICUREZZA,0,PROMO_SETTEMBRE_VIP,ATTIVO
nextimpianti2016@gmail.com,Null,Null,Nextimpianti2016,,SIC-ID-F8FF6B0D75E1,NULL,,SICUREZZA,0,PROMO_SETTEMBRE_VIP,ATTIVO
niassekhadim1501@gmail.com,Null,Null,Niassekhadim1501,,SIC-ID-60D74897E9CB,NULL,,SICUREZZA,0,PROMO_SETTEMBRE_VIP,ATTIVO
niazig11@gmail.com,Null,Null,Niazig11,,SIC-ID-2A5D8C28BD10,NULL,,SICUREZZA,0,PROMO_SETTEMBRE_VIP,ATTIVO
nico.pregnolato@gmail.com,Null,Null,Nico Pregnolato,+3933941849110,SIC-ID-EE1407334FAB,NULL,,SICUREZZA,0,PROMO_SETTEMBRE_VIP,ATTIVO
nico.vettore@hotmail.it,Null,Null,Nico Vettore,+3934907817290,SIC-ID-E2489EAD0E86,NULL,,SICUREZZA,0,PROMO_SETTEMBRE_VIP,ATTIVO
nicohd1340@libero.it,Null,Null,Nicohd1340,,SIC-ID-1B4F41429A29,NULL,,SICUREZZA,0,PROMO_SETTEMBRE_VIP,ATTIVO
nicola@soladria.it,Null,Null,Nicola,+3934848503610,SIC-ID-B4AABFE8B08A,NULL,,SICUREZZA,0,PROMO_SETTEMBRE_VIP,ATTIVO
nicola.b@tisoalfredo.it,Null,Null,Nicola B,+393494445997,SIC-ID-D8A4391D350C,NULL,,SICUREZZA,0,PROMO_SETTEMBRE_VIP,ATTIVO
level8@me.com,Null,Null,Nicola Domini,+393472222690,SIC-ID-05D497ACC7E6,NULL,,SICUREZZA,0,PROMO_SETTEMBRE_VIP,ATTIVO
nico.dona@gmail.com,Null,Null,Nicola Donà,+393355376755,SIC-ID-0A92DEF08945,NULL,,SICUREZZA,0,PROMO_SETTEMBRE_VIP,ATTIVO
nicola.fusetti@email.it,Null,Null,Nicola Fusetti,+393295361604,SIC-ID-218B93874B50,NULL,,SICUREZZA,0,PROMO_SETTEMBRE_VIP,ATTIVO
servizioclienti@bipiemme.it,Null,Null,Nicola Paparella,+393381018716,SIC-ID-254C73AC4DF8,NULL,,SICUREZZA,0,PROMO_SETTEMBRE_VIP,ATTIVO
nicola.passerini@studiolegalepasserini.it,Null,Null,Nicola Passerini,,SIC-ID-B9684C5DDBA3,NULL,,SICUREZZA,0,PROMO_SETTEMBRE_VIP,ATTIVO
nicola.pessot@gmail.com,Null,Null,Nicola Pessot,+393333844282,SIC-ID-ADE45EA281A1,NULL,,SICUREZZA,0,PROMO_SETTEMBRE_VIP,ATTIVO
rentservice.energia@libero.it,Null,Null,Nicola Sanfelici,+3934960872020,SIC-ID-C614D1D4AE83,NULL,,SICUREZZA,0,PROMO_SETTEMBRE_VIP,ATTIVO
utente-nvifgh2rj@messaggi.subito.it,Null,Null,Nicola Subito,34772507710,SIC-ID-5B8FFDDA2E30,NULL,,SICUREZZA,0,PROMO_SETTEMBRE_VIP,ATTIVO
nicola.svaizer@jlbbooks.it,Null,Null,Nicola Svaizer,+393394700867,SIC-ID-C0312C4C9751,NULL,,SICUREZZA,0,PROMO_SETTEMBRE_VIP,ATTIVO
nic@avvzambon.com,Null,Null,Nicola Zambon,+393396116999,SIC-ID-BD313D81AAB6,NULL,,SICUREZZA,0,PROMO_SETTEMBRE_VIP,ATTIVO
nicolapasta@alice.it,Null,Null,Nicolapasta,,SIC-ID-AD6D2BAE108B,NULL,,SICUREZZA,0,PROMO_SETTEMBRE_VIP,ATTIVO
nicolapiccoli.piccoli@gmail.com,Null,Null,Nicolapiccoli Piccoli,,SIC-ID-99B2AE5D2A20,NULL,,SICUREZZA,0,PROMO_SETTEMBRE_VIP,ATTIVO
nicole.passarella@outlook.it,Null,Null,Nicole Passarella,+393396215395,SIC-ID-C9A0AD1EBF02,NULL,,SICUREZZA,0,PROMO_SETTEMBRE_VIP,ATTIVO
nicolemondin90@gmail.com,Null,Null,Nicolemondin90,,SIC-ID-24F7FAA6F0B1,NULL,,SICUREZZA,0,PROMO_SETTEMBRE_VIP,ATTIVO
nicolo.bortolato@gmail.com,Null,Null,Nicolo Bortolato,+3934076573280,SIC-ID-9319C955D89E,NULL,,SICUREZZA,0,PROMO_SETTEMBRE_VIP,ATTIVO
nikhilfayaz@gmail.com,Null,Null,Nikhilfayaz,,SIC-ID-50916BF5E5F0,NULL,,SICUREZZA,0,PROMO_SETTEMBRE_VIP,ATTIVO
nikupalade@gmail.com,Null,Null,Nikupalade,,SIC-ID-15FB1BE8BE0D,NULL,,SICUREZZA,0,PROMO_SETTEMBRE_VIP,ATTIVO
nildesava@libero.it,Null,Null,Nildesava,,SIC-ID-11FA9DA75C7F,NULL,,SICUREZZA,0,PROMO_SETTEMBRE_VIP,ATTIVO
ninakate89@gmail.com,Null,Null,Ninakate89,+393492747757,SIC-ID-3BFD97ADEBE8,NULL,,SICUREZZA,0,PROMO_SETTEMBRE_VIP,ATTIVO
nino.anto@live.it,Null,Null,Nino Anto,+393933368070,SIC-ID-5738F8D52157,NULL,,SICUREZZA,0,PROMO_SETTEMBRE_VIP,ATTIVO
nino.sanfilippo@gmail.com,Null,Null,Nino San Filippo,+39335360120,SIC-ID-BEAF06594F4C,NULL,,SICUREZZA,0,PROMO_SETTEMBRE_VIP,ATTIVO
info@nipab.it,Null,Null,Nipab - Showroom,+390290390034,SIC-ID-385FC99BC59D,NULL,,SICUREZZA,0,PROMO_SETTEMBRE_VIP,ATTIVO
nisigiuseppe@yahoo.it,Null,Null,Nisigiuseppe,,SIC-ID-7DCDE5D5F51F,NULL,,SICUREZZA,0,PROMO_SETTEMBRE_VIP,ATTIVO
nives.conf@libero.it,Null,Null,Nives Conf,,SIC-ID-839B8AB7716B,NULL,,SICUREZZA,0,PROMO_SETTEMBRE_VIP,ATTIVO
nlalanne@alice.it,Null,Null,Nlalanne,,SIC-ID-827C181DFE41,NULL,,SICUREZZA,0,PROMO_SETTEMBRE_VIP,ATTIVO
alessandra.dc78@gmail.com,Null,Null,Nome Cognome Email Telefono Id Cliente Backup_sicu,+393334152106,SIC-ID-7373181885DC,NULL,,SICUREZZA,0,PROMO_SETTEMBRE_VIP,ATTIVO
biglucaoffice@gmail.com,Null,Null,Nome Cognome Email Telefono Id Cliente Backup_sicu,34915201000,SIC-ID-BAD7A920DBB1,NULL,,SICUREZZA,0,PROMO_SETTEMBRE_VIP,ATTIVO
alessiafulgheri79@gmail.com,Null,Null,Nome Cognome Email Telefono Id Cliente Backup_sicu,,SIC-ID-C5E251FCB6AE,NULL,,SICUREZZA,0,PROMO_SETTEMBRE_VIP,ATTIVO
bv.archh@bortolasovantini.it,Null,Null,Nome Cognome Email Telefono Id Cliente Backup_sicu,+393480717912,SIC-ID-EB0ED04886D4,NULL,,SICUREZZA,0,PROMO_SETTEMBRE_VIP,ATTIVO
clavomatic@gmail.com,Null,Null,Nome Cognome Email Telefono Id Cliente Backup_sicu,+393286668466,SIC-ID-33EE343E534B,NULL,,SICUREZZA,0,PROMO_SETTEMBRE_VIP,ATTIVO
francalarosa@tiscali.it,Null,Null,Nome Cognome Email Telefono Id Cliente Backup_sicu,+393937764394,SIC-ID-64617C1ECF08,NULL,,SICUREZZA,0,PROMO_SETTEMBRE_VIP,ATTIVO
elenacaiazzo78@live.it,Null,Null,Nome Cognome Email Telefono Id Cliente Backup_sicu,+393899555847,SIC-ID-A35775FA01D0,NULL,,SICUREZZA,0,PROMO_SETTEMBRE_VIP,ATTIVO
59antonioromano@gmail.com,Null,Null,Nome Cognome Email Telefono Id Cliente Backup_sicu,+393346548933,SIC-ID-64C3280F48B5,NULL,,SICUREZZA,0,PROMO_SETTEMBRE_VIP,ATTIVO
nonloso-1969@libero.it,Null,Null,Nonloso-1969,,SIC-ID-86FDFF82A2D8,NULL,,SICUREZZA,0,PROMO_SETTEMBRE_VIP,ATTIVO
nordiofederico@hotmail.com,Null,Null,Nordiofederico,,SIC-ID-2AB2743C281A,NULL,,SICUREZZA,0,PROMO_SETTEMBRE_VIP,ATTIVO
nordiox@libero.it,Null,Null,Nordiox,,SIC-ID-A9CFC692D890,NULL,,SICUREZZA,0,PROMO_SETTEMBRE_VIP,ATTIVO
l.arnone@libero.it,Null,Null,Notaio Arnone,,SIC-ID-5672E99BABDB,NULL,,SICUREZZA,0,PROMO_SETTEMBRE_VIP,ATTIVO
gcocito@notariato.it,Null,Null,Notaio Cocito,,SIC-ID-4122D84A41ED,NULL,,SICUREZZA,0,PROMO_SETTEMBRE_VIP,ATTIVO
info@nuovacostruzionieimpianti.com,Null,Null,Nova Costruzioni,+390421312428,SIC-ID-832C075B4B44,NULL,,SICUREZZA,0,PROMO_SETTEMBRE_VIP,ATTIVO
info@fattorinidesign.com,Null,Null,Novamobili | Veneta Cucine - Fattorini Roma Centro,+390668136615,SIC-ID-657B65392D20,NULL,,SICUREZZA,0,PROMO_SETTEMBRE_VIP,ATTIVO
info@novelloponteggi.com,Null,Null,Novello Gabriele,+39041479111,SIC-ID-BA939E7F6D42,NULL,,SICUREZZA,0,PROMO_SETTEMBRE_VIP,ATTIVO
noylen@hotmail.com,Null,Null,Noylen,,SIC-ID-6454585918A3,NULL,,SICUREZZA,0,PROMO_SETTEMBRE_VIP,ATTIVO
nss_sistemasinistriunipol@unipol.it,Null,Null,Nss_sistemasinistriunipol,,SIC-ID-124726D3DC9A,NULL,,SICUREZZA,0,PROMO_SETTEMBRE_VIP,ATTIVO
info@numeroverde.com,Null,Null,Numero Italia,,SIC-ID-E5308D106E9B,NULL,,SICUREZZA,0,PROMO_SETTEMBRE_VIP,ATTIVO
studioaprea@newpowergreen.it,Null,Null,Nuova Costruzioni Generali Srl,+39063700116,SIC-ID-87C7EE3EB8A2,NULL,,SICUREZZA,0,PROMO_SETTEMBRE_VIP,ATTIVO
ordini.penisola@lucianu.it,Null,Null,Nuova Logistica Lucianu Srl,+390187626927,SIC-ID-24B6F80408BE,NULL,,SICUREZZA,0,PROMO_SETTEMBRE_VIP,ATTIVO
info@nuovaerrepi.it,Null,Null,Nuova Modena,+39059671371,SIC-ID-3C688FD3EAA4,NULL,,SICUREZZA,0,PROMO_SETTEMBRE_VIP,ATTIVO
info@nuovasolaiedilpa.it,Null,Null,Nuova Solai Edilpa Srl,+390583299472,SIC-ID-7EAB178F2C38,NULL,,SICUREZZA,0,PROMO_SETTEMBRE_VIP,ATTIVO
commerciale@nuovaediliziadue.it,Null,Null,Nuova Edilizia,+390734932958,SIC-ID-088492E9D1AA,NULL,,SICUREZZA,0,PROMO_SETTEMBRE_VIP,ATTIVO
info@nuovabelpesca.it,Null,Null,Nuovabelpesca,,SIC-ID-A3C4CAF09A09,NULL,,SICUREZZA,0,PROMO_SETTEMBRE_VIP,ATTIVO
nuovaprined@gmail.com,Null,Null,Nuovaprined Prined,,SIC-ID-879D62CAC000,NULL,,SICUREZZA,0,PROMO_SETTEMBRE_VIP,ATTIVO
nuovatmsrl@libero.it,Null,Null,Nuovatmsrl,,SIC-ID-6FA20768E5A1,NULL,,SICUREZZA,0,PROMO_SETTEMBRE_VIP,ATTIVO
nuovoabitare2.0@gmail.com,Null,Null,Nuovoabitare2 0,,SIC-ID-49CAAA98D2B7,NULL,,SICUREZZA,0,PROMO_SETTEMBRE_VIP,ATTIVO
nutini@nutini-costruzioni.com,Null,Null,Nutini Costruzioni Srl,+390583779379,SIC-ID-AAC1D6F74E8F,NULL,,SICUREZZA,0,PROMO_SETTEMBRE_VIP,ATTIVO
nuvolettogianfranco@commercialeferramenta.it,Null,Null,Nuvolettogianfranco,,SIC-ID-C26E04C9B8AF,NULL,,SICUREZZA,0,PROMO_SETTEMBRE_VIP,ATTIVO
nvste80@gmail.com,Null,Null,Nvste80,,SIC-ID-97B2ED7AF0E9,NULL,,SICUREZZA,0,PROMO_SETTEMBRE_VIP,ATTIVO
fabio.fiani@obi-italia.it,Null,Null,Obi Trento,+390461420294,SIC-ID-255253B408F9,NULL,,SICUREZZA,0,PROMO_SETTEMBRE_VIP,ATTIVO
info@odap.it,Null,Null,Odap - Officine Di Architettura Pavese,,SIC-ID-83AE136482AC,NULL,,SICUREZZA,0,PROMO_SETTEMBRE_VIP,ATTIVO
info@omcb.it,Null,Null,Omcb Srl | Meccanica Di Precisione | Sede Principale E Unità Produttiva,+39030927278,SIC-ID-F380BAF64A9A,NULL,,SICUREZZA,0,PROMO_SETTEMBRE_VIP,ATTIVO
privacy@titrovo.it,Null,Null,Opr Di Galeone Angelo,+390187736483,SIC-ID-E3BF23EFBB81,NULL,,SICUREZZA,0,PROMO_SETTEMBRE_VIP,ATTIVO
odontoiatriacavarzere@gmail.com,Null,Null,Odontoiatriacavarzere,,SIC-ID-D3ABFCD01076,NULL,,SICUREZZA,0,PROMO_SETTEMBRE_VIP,ATTIVO
ofbellicapelli@gmail.com,Null,Null,Ofbellicapelli,,SIC-ID-335219A510B7,NULL,,SICUREZZA,0,PROMO_SETTEMBRE_VIP,ATTIVO
office@3technology.it,Null,Null,Office Gió,+393487761434,SIC-ID-10446EA61F63,NULL,,SICUREZZA,0,PROMO_SETTEMBRE_VIP,ATTIVO
official@cam.tv,Null,Null,Official Break,+393357790052,SIC-ID-D58390FC48B8,NULL,,SICUREZZA,0,PROMO_SETTEMBRE_VIP,ATTIVO
info@officinenuove.it,Null,Null,Officine Nuove,+390432561586,SIC-ID-6AC16DFED175,NULL,,SICUREZZA,0,PROMO_SETTEMBRE_VIP,ATTIVO
ofrizzo@libero.it,Null,Null,Ofrizzo,,SIC-ID-B1EBF885909D,NULL,,SICUREZZA,0,PROMO_SETTEMBRE_VIP,ATTIVO
okoroaforanaelechisom@yahoo.com,Null,Null,Okoroafor Chisom,33365913220,SIC-ID-874A40A73492,NULL,,SICUREZZA,0,PROMO_SETTEMBRE_VIP,ATTIVO
olmes.trapella@libero.it,Null,Null,Olmes Trapella,,SIC-ID-BFFC120DBEA5,NULL,,SICUREZZA,0,PROMO_SETTEMBRE_VIP,ATTIVO
ombre71@hotmail.com,Null,Null,Ombre71,,SIC-ID-0FE8C81B1114,NULL,,SICUREZZA,0,PROMO_SETTEMBRE_VIP,ATTIVO
omerican81@gmail.com,Null,Null,Omerican81,,SIC-ID-CFE8484304D4,NULL,,SICUREZZA,0,PROMO_SETTEMBRE_VIP,ATTIVO
oneanboards@gmail.com,Null,Null,Oneanboards,32922118900,SIC-ID-B2CFBB83EC9A,NULL,,SICUREZZA,0,PROMO_SETTEMBRE_VIP,ATTIVO
oneraul@hotmail.com,Null,Null,Oneraul,,SIC-ID-D3C8FD6C6E28,NULL,,SICUREZZA,0,PROMO_SETTEMBRE_VIP,ATTIVO
onofrio.salvemini@gmail.com,Null,Null,Onofrio Salvemini,,SIC-ID-DA949B4A682B,NULL,,SICUREZZA,0,PROMO_SETTEMBRE_VIP,ATTIVO
999ooxtx@gmail.com,Null,Null,Ooxtx,,SIC-ID-9DCDFE965516,NULL,,SICUREZZA,0,PROMO_SETTEMBRE_VIP,ATTIVO
info@operaedile.com,Null,Null,Opera Edile,+390414764938,SIC-ID-7C89BE267C11,NULL,,SICUREZZA,0,PROMO_SETTEMBRE_VIP,ATTIVO
or.mantovani@gmail.com,Null,Null,Or Mantovani,+393313646515,SIC-ID-EDA6B33B95F7,NULL,,SICUREZZA,0,PROMO_SETTEMBRE_VIP,ATTIVO
o.paiola@alice.it,Null,Null,Orazio Paiola,+393382900121,SIC-ID-E0FE56141743,NULL,,SICUREZZA,0,PROMO_SETTEMBRE_VIP,ATTIVO
orbital_76@libero.it,Null,Null,Orbital_76,,SIC-ID-B2CEC6C06C63,NULL,,SICUREZZA,0,PROMO_SETTEMBRE_VIP,ATTIVO
oriana.monaldo77@gmail.com,Null,Null,Oriana Monaldo77,+3934969219250,SIC-ID-895FF637DB5D,NULL,,SICUREZZA,0,PROMO_SETTEMBRE_VIP,ATTIVO
oriettapaga@gmail.com,Null,Null,Oriettapaga,,SIC-ID-5A770722D8E2,NULL,,SICUREZZA,0,PROMO_SETTEMBRE_VIP,ATTIVO
orlandogrossato@gmail.com,Null,Null,Orlandogrossato,,SIC-ID-85B2F1546BEA,NULL,,SICUREZZA,0,PROMO_SETTEMBRE_VIP,ATTIVO
orlaxxx@libero.it,Null,Null,Orlaxxx,,SIC-ID-1D391A945F75,NULL,,SICUREZZA,0,PROMO_SETTEMBRE_VIP,ATTIVO
ortofrutticolapanzin@libero.it,Null,Null,Ortofrutticolapanzin,,SIC-ID-237C6D4B8FDD,NULL,,SICUREZZA,0,PROMO_SETTEMBRE_VIP,ATTIVO
oscarsemola@libero.it,Null,Null,Oscarsemola,,SIC-ID-561AC6FB412B,NULL,,SICUREZZA,0,PROMO_SETTEMBRE_VIP,ATTIVO
info@almaristrutturazioni.it,Null,Null,Ottavianelli Edilizia,+393891354362,SIC-ID-5FAE5E5C110C,NULL,,SICUREZZA,0,PROMO_SETTEMBRE_VIP,ATTIVO
p.bordoni@pepatrasporti.it,Null,Null,P Bordoni,,SIC-ID-383FAAB2704B,NULL,,SICUREZZA,0,PROMO_SETTEMBRE_VIP,ATTIVO
p.pezzotta@soluzionetasse.com,Null,Null,P Pezzotta,,SIC-ID-D8EC02280363,NULL,,SICUREZZA,0,PROMO_SETTEMBRE_VIP,ATTIVO
p.teramo51@gmail.com,Null,Null,P Teramo51,,SIC-ID-0C094221B3DD,NULL,,SICUREZZA,0,PROMO_SETTEMBRE_VIP,ATTIVO
p.zamponi@gmail.com,Null,Null,P Zamponi,,SIC-ID-893D094026FC,NULL,,SICUREZZA,0,PROMO_SETTEMBRE_VIP,ATTIVO
pmadivalisena@libero.it,Null,Null,P.m.a. Di Valisena | Impresa Edile - Reggio Emilia,+390522394013,SIC-ID-3683F5971A07,NULL,,SICUREZZA,0,PROMO_SETTEMBRE_VIP,ATTIVO
98071preventivi@gruppoperrone.com,Null,Null,Perrone Group Srl,,SIC-ID-6A8B7F7E0848,NULL,,SICUREZZA,0,PROMO_SETTEMBRE_VIP,ATTIVO
pras@pras.it,Null,Null,Pras Tecnica Edilizia Srl,+39066878374,SIC-ID-3D5B186FBD51,NULL,,SICUREZZA,0,PROMO_SETTEMBRE_VIP,ATTIVO
info.progettob@gmail.com,Null,Null,Progettob Srl,+39058325483,SIC-ID-FFA69BD2C42A,NULL,,SICUREZZA,0,PROMO_SETTEMBRE_VIP,ATTIVO
pvpratiche@pv-centroservizi.it,Null,Null,Pv Auto,+390495385729,SIC-ID-1AE8E45A3CC0,NULL,,SICUREZZA,0,PROMO_SETTEMBRE_VIP,ATTIVO
pa.guglielmini@virgilio.it,Null,Null,Pa Guglielmini,,SIC-ID-2037AA98580E,NULL,,SICUREZZA,0,PROMO_SETTEMBRE_VIP,ATTIVO
padanapesca@libero.it,Null,Null,Padana Pesca,+390415506599,SIC-ID-B596D393AFB9,NULL,,SICUREZZA,0,PROMO_SETTEMBRE_VIP,ATTIVO
padoan63@gmail.com,Null,Null,Padoan63,,SIC-ID-E91F8B2AF29A,NULL,,SICUREZZA,0,PROMO_SETTEMBRE_VIP,ATTIVO
padrin.adriano@gmail.com,Null,Null,Padrin Adriano,,SIC-ID-73F63D0C48A0,NULL,,SICUREZZA,0,PROMO_SETTEMBRE_VIP,ATTIVO
padusallestimenti@gmail.com,Null,Null,Padusallestimenti,,SIC-ID-0CE8FEDEAF34,NULL,,SICUREZZA,0,PROMO_SETTEMBRE_VIP,ATTIVO
paesa80@gmail.com,Null,Null,Paesa80 Rossi Mc,+3933513071710,SIC-ID-D325EB66474F,NULL,,SICUREZZA,0,PROMO_SETTEMBRE_VIP,ATTIVO
paga@icloud.com,Null,Null,Paga,,SIC-ID-8874442ABD1B,NULL,,SICUREZZA,0,PROMO_SETTEMBRE_VIP,ATTIVO
info@paganicoperture.it,Null,Null,Pagani Coperture - Civili E Industriali,+39035342282,SIC-ID-A76BE69239DC,NULL,,SICUREZZA,0,PROMO_SETTEMBRE_VIP,ATTIVO
contact@pagano.it,Null,Null,Pagano Costruzioni In Legno Srl,+390650652480,SIC-ID-013D0BBEB23A,NULL,,SICUREZZA,0,PROMO_SETTEMBRE_VIP,ATTIVO
paghe.sauro@studipozzato.it,Null,Null,Paghe Sauro,35158785210,SIC-ID-760562E07765,NULL,,SICUREZZA,0,PROMO_SETTEMBRE_VIP,ATTIVO
paki.zennaro@gmail.com,Null,Null,Paki Zennaro,,SIC-ID-44125AFBD842,NULL,,SICUREZZA,0,PROMO_SETTEMBRE_VIP,ATTIVO
pallose@hotmail.it,Null,Null,Pallose,+393492604244,SIC-ID-CF0F2CC0487A,NULL,,SICUREZZA,0,PROMO_SETTEMBRE_VIP,ATTIVO
palopoli1963@gmail.com,Null,Null,Palopoli1963,,SIC-ID-D8886C643369,NULL,,SICUREZZA,0,PROMO_SETTEMBRE_VIP,ATTIVO
info@palumbocostruzionisrl.com,Null,Null,Palumbo Costruzioni S.r.l.,+390583955030,SIC-ID-636C2322B49B,NULL,,SICUREZZA,0,PROMO_SETTEMBRE_VIP,ATTIVO
pam.trentin@live.it,Null,Null,Pam Trentin,,SIC-ID-92D3E90511C9,NULL,,SICUREZZA,0,PROMO_SETTEMBRE_VIP,ATTIVO
pampanafrancesco@tiscali.it,Null,Null,Pampanafrancesco,,SIC-ID-0A1E8DFD16F7,NULL,,SICUREZZA,0,PROMO_SETTEMBRE_VIP,ATTIVO
panemnostrum@virgilio.it,Null,Null,Panemnostrum,,SIC-ID-F257955AED9F,NULL,,SICUREZZA,0,PROMO_SETTEMBRE_VIP,ATTIVO
elenagirotti2014@libero.it,Null,Null,Panificio Girotti Di Girotti Stefania Ed Elena S.n.c.,+393714227283,SIC-ID-1BE85F82D2E4,NULL,,SICUREZZA,0,PROMO_SETTEMBRE_VIP,ATTIVO
giova.nello@libero.it,Null,Null,Panificio Piva,,SIC-ID-BADF698C8507,NULL,,SICUREZZA,0,PROMO_SETTEMBRE_VIP,ATTIVO
panificiofinotti@gmail.com,Null,Null,Panificiofinotti,,SIC-ID-AEAD05F0F6C9,NULL,,SICUREZZA,0,PROMO_SETTEMBRE_VIP,ATTIVO
paola.accordini72@gmail.com,Null,Null,Paola Accordini72,,SIC-ID-893A8A830A09,NULL,,SICUREZZA,0,PROMO_SETTEMBRE_VIP,ATTIVO
paola.amodiolog@gmail.com,Null,Null,Paola Amodiolog,+3934946920650,SIC-ID-FF1A4CF5232F,NULL,,SICUREZZA,0,PROMO_SETTEMBRE_VIP,ATTIVO
paola.camuffo@gmail.com,Null,Null,Paola Camuffo,+393499048722,SIC-ID-CAEC9A9CB32F,NULL,,SICUREZZA,0,PROMO_SETTEMBRE_VIP,ATTIVO
paola.caroti.54ot@alice.it,Null,Null,Paola Caroti 54ot,+3934838977020,SIC-ID-6389DF41C4CC,NULL,,SICUREZZA,0,PROMO_SETTEMBRE_VIP,ATTIVO
p.giachino@greenenergyitalia.it,Null,Null,Paola Giachino,+393476759859,SIC-ID-CA5A93D3CAE1,NULL,,SICUREZZA,0,PROMO_SETTEMBRE_VIP,ATTIVO
paola.m17@libero.it,Null,Null,Paola M17,,SIC-ID-D0670F6C9542,NULL,,SICUREZZA,0,PROMO_SETTEMBRE_VIP,ATTIVO
psaccoman@yahoo.it,Null,Null,Paola Saccoman,+393206703339,SIC-ID-C56987AD3B57,NULL,,SICUREZZA,0,PROMO_SETTEMBRE_VIP,ATTIVO
paola.zambello69@vodafone.it,Null,Null,Paola Zambello69,+393384327131,SIC-ID-7F4A846CDDCB,NULL,,SICUREZZA,0,PROMO_SETTEMBRE_VIP,ATTIVO
paola30.rossi@gmail.com,Null,Null,Paola30 Rossi,,SIC-ID-6B42D5C59208,NULL,,SICUREZZA,0,PROMO_SETTEMBRE_VIP,ATTIVO
paolabenvenuti70@gmail.com,Null,Null,Paolabenvenuti70,,SIC-ID-1812B23EC4DB,NULL,,SICUREZZA,0,PROMO_SETTEMBRE_VIP,ATTIVO
paolaeiredicuori@tiscali.it,Null,Null,Paolaeiredicuori,+393488996434,SIC-ID-EBC61F4A4095,NULL,,SICUREZZA,0,PROMO_SETTEMBRE_VIP,ATTIVO
paolafilomeno.ing@gmail.com,Null,Null,Paolafilomeno Ing,,SIC-ID-2B934B941175,NULL,,SICUREZZA,0,PROMO_SETTEMBRE_VIP,ATTIVO
paolagabe80@gmail.com,Null,Null,Paolagabe80,33876864700,SIC-ID-8F95EDB7CD1A,NULL,,SICUREZZA,0,PROMO_SETTEMBRE_VIP,ATTIVO
paolapaolelli@gmail.com,Null,Null,Paolapaolelli,,SIC-ID-26E8EAFD2F34,NULL,,SICUREZZA,0,PROMO_SETTEMBRE_VIP,ATTIVO
paola27perugini@libero.it,Null,Null,Paolaperugini,+393471382315,SIC-ID-520C09B6D05A,NULL,,SICUREZZA,0,PROMO_SETTEMBRE_VIP,ATTIVO
paolina471@gmail.com,Null,Null,Paolina471,,SIC-ID-DB80C1609965,NULL,,SICUREZZA,0,PROMO_SETTEMBRE_VIP,ATTIVO
conventopaolo@yahoo.it,Null,Null,Paolo,,SIC-ID-850E95F5AEA3,NULL,,SICUREZZA,0,PROMO_SETTEMBRE_VIP,ATTIVO
paolo@officine-parenti.it,Null,Null,Paolo,336549297,SIC-ID-6BA21BEB6C74,NULL,,SICUREZZA,0,PROMO_SETTEMBRE_VIP,ATTIVO
paolo.andry@gmail.com,Null,Null,Paolo Andry,+3933828476790,SIC-ID-53A9E92E6810,NULL,,SICUREZZA,0,PROMO_SETTEMBRE_VIP,ATTIVO
paolo_archballarin@hotmail.com,Null,Null,Paolo Arch Ballarin,+393356369211,SIC-ID-025222C4D473,NULL,,SICUREZZA,0,PROMO_SETTEMBRE_VIP,ATTIVO
tstony@tiscali.it,Null,Null,Paolo Bar Centrale Moro,+393385679212,SIC-ID-30285E6154D8,NULL,,SICUREZZA,0,PROMO_SETTEMBRE_VIP,ATTIVO
paolo.casarin@artigianatopadovano.it,Null,Null,Paolo Casarin,+3933136440440,SIC-ID-B36755D9EDF2,NULL,,SICUREZZA,0,PROMO_SETTEMBRE_VIP,ATTIVO
paolo.colombo@la7.it,Null,Null,Paolo Colombo,+393351231060,SIC-ID-1D48015DCE5E,NULL,,SICUREZZA,0,PROMO_SETTEMBRE_VIP,ATTIVO
paolo.dronigi@austria4you.com,Null,Null,Paolo Dronigi,+393488047482,SIC-ID-690F82087AA8,NULL,,SICUREZZA,0,PROMO_SETTEMBRE_VIP,ATTIVO
paolo.facco@cambiscena.it,Null,Null,Paolo Facco,+393482472219,SIC-ID-6218BAF291F0,NULL,,SICUREZZA,0,PROMO_SETTEMBRE_VIP,ATTIVO
paolo.franciosi@tin.it,Null,Null,Paolo Franciosi,+393929908273,SIC-ID-7D6AF0DC181D,NULL,,SICUREZZA,0,PROMO_SETTEMBRE_VIP,ATTIVO
paololapavimenti@alice.it,Null,Null,Paolo Pregnolato Pl Pose Servizi,+393481757800,SIC-ID-7712E236A76F,NULL,,SICUREZZA,0,PROMO_SETTEMBRE_VIP,ATTIVO
paolo.vianello@alice.it,Null,Null,Paolo Vianello,+3934872362640,SIC-ID-07FA16F635AE,NULL,,SICUREZZA,0,PROMO_SETTEMBRE_VIP,ATTIVO
paolo_lazzarin@libero.it,Null,Null,Paolo_lazzarin Falegname,+3934773216460,SIC-ID-A1A1C0D7D19E,NULL,,SICUREZZA,0,PROMO_SETTEMBRE_VIP,ATTIVO
paolodaw2013@gmail.com,Null,Null,Paolodaw2013,+393386476247,SIC-ID-723BADACDC98,NULL,,SICUREZZA,0,PROMO_SETTEMBRE_VIP,ATTIVO
paolofenza@katamail.com,Null,Null,Paolofenza,,SIC-ID-9FB4BE45ED21,NULL,,SICUREZZA,0,PROMO_SETTEMBRE_VIP,ATTIVO
paolomusic@alice.it,Null,Null,Paolomusic Bergamin Ftv,+393455825013,SIC-ID-CE18668240D9,NULL,,SICUREZZA,0,PROMO_SETTEMBRE_VIP,ATTIVO
paolopav.industriali@gmail.com,Null,Null,Paolopav Industriali,+393473535000,SIC-ID-6D35B030DA62,NULL,,SICUREZZA,0,PROMO_SETTEMBRE_VIP,ATTIVO
paparazzosalvatore@libero.it,Null,Null,Paparazzosalvatore Paparazzo,,SIC-ID-E1440D672519,NULL,,SICUREZZA,0,PROMO_SETTEMBRE_VIP,ATTIVO
paralovo.mattia@yahoo.it,Null,Null,Paralovo Mattia,+393498402960,SIC-ID-2C786AF6F96B,NULL,,SICUREZZA,0,PROMO_SETTEMBRE_VIP,ATTIVO
info@logicity.it,Null,Null,Pareti Manovrabili Roma - Logicity Srl,+393906485731,SIC-ID-46C576D915F3,NULL,,SICUREZZA,0,PROMO_SETTEMBRE_VIP,ATTIVO
paride.marcato@alice.it,Null,Null,Paride Marcato,,SIC-ID-611CA5CF8DC4,NULL,,SICUREZZA,0,PROMO_SETTEMBRE_VIP,ATTIVO
info@parilegno.it,Null,Null,Parilegno Di Mattoccia Dario,+390664400163,SIC-ID-244B21D55FDF,NULL,,SICUREZZA,0,PROMO_SETTEMBRE_VIP,ATTIVO
parmstef@libero.it,Null,Null,Parmstef,,SIC-ID-B59E08F1E61D,NULL,,SICUREZZA,0,PROMO_SETTEMBRE_VIP,ATTIVO
greenenergyitalia@gmail.com,Null,Null,Parpajola Gabriele,335498923,SIC-ID-CC4917E8421C,NULL,,SICUREZZA,0,PROMO_SETTEMBRE_VIP,ATTIVO
parrinello.g@alice.it,Null,Null,Parrinello G,+393334675162,SIC-ID-82194AE8597D,NULL,,SICUREZZA,0,PROMO_SETTEMBRE_VIP,ATTIVO
partner@eshirt.it,Null,Null,Partner Antonio 2,+393487361979,SIC-ID-9DFCD70EF394,NULL,,SICUREZZA,0,PROMO_SETTEMBRE_VIP,ATTIVO
pasini.annamaria63@gmail.com,Null,Null,Pasini Annamaria63,,SIC-ID-F7EE75820EB8,NULL,,SICUREZZA,0,PROMO_SETTEMBRE_VIP,ATTIVO
quattroeffestore@hotmail.it,Null,Null,Pasquale Lillo,+3934010723010,SIC-ID-0D504943EA3A,NULL,,SICUREZZA,0,PROMO_SETTEMBRE_VIP,ATTIVO
pasqualemocerino@yahoo.it,Null,Null,Pasqualemocerino,,SIC-ID-F2E933145DA2,NULL,,SICUREZZA,0,PROMO_SETTEMBRE_VIP,ATTIVO
info@pasqualinicostruzioni.it,Null,Null,Pasqualini Costruzioni,+390717819162,SIC-ID-DB360A2E9F7D,NULL,,SICUREZZA,0,PROMO_SETTEMBRE_VIP,ATTIVO
pasqualiniccolo@libero.it,Null,Null,Pasqualiniccolo,,SIC-ID-0035FB91346D,NULL,,SICUREZZA,0,PROMO_SETTEMBRE_VIP,ATTIVO
passarellasnc@alice.it,Null,Null,Passarellasnc,,SIC-ID-4585A279475C,NULL,,SICUREZZA,0,PROMO_SETTEMBRE_VIP,ATTIVO
passionegiardino@libero.it,Null,Null,Passionegiardino Luis,,SIC-ID-C131A9D75662,NULL,,SICUREZZA,0,PROMO_SETTEMBRE_VIP,ATTIVO
cristina.melato.89@gmail.com,Null,Null,Pasticceria Porto Viro,+393891797670,SIC-ID-79ADD5259F04,NULL,,SICUREZZA,0,PROMO_SETTEMBRE_VIP,ATTIVO
pasticceriailcantuccio@gmail.com,Null,Null,Pasticceriailcantuccio,,SIC-ID-17FD701449EC,NULL,,SICUREZZA,0,PROMO_SETTEMBRE_VIP,ATTIVO
pasticceriamilani@libero.it,Null,Null,Pasticceriamilani,,SIC-ID-D2366F6DCD57,NULL,,SICUREZZA,0,PROMO_SETTEMBRE_VIP,ATTIVO
info@pastrellocostruzioni.it,Null,Null,Pastrello Costruzioni Di Pastrello Michele & C. S.n.c.,+393294516796,SIC-ID-F6D695C79606,NULL,,SICUREZZA,0,PROMO_SETTEMBRE_VIP,ATTIVO
patbocc@icloud.com,Null,Null,Patbocc,,SIC-ID-67C721EC6EFF,NULL,,SICUREZZA,0,PROMO_SETTEMBRE_VIP,ATTIVO
patexal@libero.it,Null,Null,Patexal,34967810840,SIC-ID-871DC100C906,NULL,,SICUREZZA,0,PROMO_SETTEMBRE_VIP,ATTIVO
patrolwatch@yahoo.com,Null,Null,Patrolwatch,,SIC-ID-09CAED73E70A,NULL,,SICUREZZA,0,PROMO_SETTEMBRE_VIP,ATTIVO
patty.maestri63@gmail.com,Null,Null,Patty Maestri63,,SIC-ID-0C6644D630B4,NULL,,SICUREZZA,0,PROMO_SETTEMBRE_VIP,ATTIVO
patty72poggianella@yahoo.it,Null,Null,Pattypoggianella,,SIC-ID-C8F942A371D4,NULL,,SICUREZZA,0,PROMO_SETTEMBRE_VIP,ATTIVO
pavan.l@cnaro.it,Null,Null,Pavan Engine V1_2026-02-24_03-38 Estr,,SIC-ID-E69D2BFBF0A6,NULL,,SICUREZZA,0,PROMO_SETTEMBRE_VIP,ATTIVO
payment.shahin@gmail.com,Null,Null,Payment Shahin,,SIC-ID-9FD299EA2861,NULL,,SICUREZZA,0,PROMO_SETTEMBRE_VIP,ATTIVO
pedrin.adriano@gmail.com,Null,Null,Pedrin Adriano,+393357818190,SIC-ID-B9F613FCFB0D,NULL,,SICUREZZA,0,PROMO_SETTEMBRE_VIP,ATTIVO
pelizzo.valerio@gmail.com,Null,Null,Pelizzo Valerio,+393382543361,SIC-ID-B3D2B8C7B216,NULL,,SICUREZZA,0,PROMO_SETTEMBRE_VIP,ATTIVO
pellecchiaalfredo@gmail.com,Null,Null,Pellecchiaalfredo Milan,+3933869056630,SIC-ID-07FCD0229AE2,NULL,,SICUREZZA,0,PROMO_SETTEMBRE_VIP,ATTIVO
info@pellegrinocostruzioni.it,Null,Null,Pellegrino Giovanni Costruzioni,+393270078380,SIC-ID-18CF938D90A3,NULL,,SICUREZZA,0,PROMO_SETTEMBRE_VIP,ATTIVO
giovannibillo90@gmail.com,Null,Null,Pendy,+393491008038,SIC-ID-CEFB829BAE61,NULL,,SICUREZZA,0,PROMO_SETTEMBRE_VIP,ATTIVO
info@pennylift.it,Null,Null,Penny Lift Ascensori E Montascale,+39069103996,SIC-ID-557CD034B556,NULL,,SICUREZZA,0,PROMO_SETTEMBRE_VIP,ATTIVO
m.pepa@pepatrasporti.it,Null,Null,Pepa Trasporti,,SIC-ID-2E519FEB9FD1,NULL,,SICUREZZA,0,PROMO_SETTEMBRE_VIP,ATTIVO
edilizia@gruppoperale.it,Null,Null,Perale Edilizia Srl,+39041612494,SIC-ID-4A831FA619DB,NULL,,SICUREZZA,0,PROMO_SETTEMBRE_VIP,ATTIVO
perinponteggi@perinponteggi.it,Null,Null,Perin Impresa Edile,+393485417422,SIC-ID-ADEE9089D49C,NULL,,SICUREZZA,0,PROMO_SETTEMBRE_VIP,ATTIVO
perito.em@libero.it,Null,Null,Perito Em,,SIC-ID-FC2695B26687,NULL,,SICUREZZA,0,PROMO_SETTEMBRE_VIP,ATTIVO
peritoedilepenzo@hotmail.it,Null,Null,Peritoedilepenzo,,SIC-ID-A61093C71010,NULL,,SICUREZZA,0,PROMO_SETTEMBRE_VIP,ATTIVO
perlemurrine@hotmail.it,Null,Null,Perlemurrine,,SIC-ID-2BFD352409F6,NULL,,SICUREZZA,0,PROMO_SETTEMBRE_VIP,ATTIVO
perosanicola@gmail.com,Null,Null,Perosanicola,,SIC-ID-90D09ABE2BCA,NULL,,SICUREZZA,0,PROMO_SETTEMBRE_VIP,ATTIVO
peruchglobal@gmail.com,Null,Null,Peruchglobal,,SIC-ID-AF296F9DD3EF,NULL,,SICUREZZA,0,PROMO_SETTEMBRE_VIP,ATTIVO
info@pescecostruzioni.it,Null,Null,Pesce Costruzioni,+390415841026,SIC-ID-DAA83D4502D6,NULL,,SICUREZZA,0,PROMO_SETTEMBRE_VIP,ATTIVO
razumpetra@gmail.com,Null,Null,Petra Razum,+3933981828650,SIC-ID-B0F37472F652,NULL,,SICUREZZA,0,PROMO_SETTEMBRE_VIP,ATTIVO
pezzolatomatteo@gmail.com,Null,Null,Pezzolatomatteo,+3934873457450,SIC-ID-CEE7063CB75F,NULL,,SICUREZZA,0,PROMO_SETTEMBRE_VIP,ATTIVO
inferriate.milano@gmail.com,Null,Null,Pfa Srl,+3934828918140,SIC-ID-9F860DE2A71D,NULL,,SICUREZZA,0,PROMO_SETTEMBRE_VIP,ATTIVO
pfossato14@gmail.com,Null,Null,Pfossato14,,SIC-ID-EEDE46C10326,NULL,,SICUREZZA,0,PROMO_SETTEMBRE_VIP,ATTIVO
pgbeppi@libero.it,Null,Null,Pgbeppi,,SIC-ID-221E3C9402D5,NULL,,SICUREZZA,0,PROMO_SETTEMBRE_VIP,ATTIVO
piadaservice@gmail.com,Null,Null,Piadaservice,,SIC-ID-C1ED16977471,NULL,,SICUREZZA,0,PROMO_SETTEMBRE_VIP,ATTIVO
piano.club.21@gmail.com,Null,Null,Piano Club 21,,SIC-ID-1EABF7FB8173,NULL,,SICUREZZA,0,PROMO_SETTEMBRE_VIP,ATTIVO
pianob.club.21@gmail.com,Null,Null,Pianob Club 21,,SIC-ID-6635FC489902,NULL,,SICUREZZA,0,PROMO_SETTEMBRE_VIP,ATTIVO
piatello@alice.it,Null,Null,Piatello Beltramini Acv,+393486705641,SIC-ID-18E6B29478C7,NULL,,SICUREZZA,0,PROMO_SETTEMBRE_VIP,ATTIVO
piattaforma.sv@gmail.com,Null,Null,Piattaforma Sv,+393351295432,SIC-ID-91693BE8BEF5,NULL,,SICUREZZA,0,PROMO_SETTEMBRE_VIP,ATTIVO
pibartolini@libero.it,Null,Null,Pibartolini,,SIC-ID-9AF078A93530,NULL,,SICUREZZA,0,PROMO_SETTEMBRE_VIP,ATTIVO
piccoli.giacomo@hotmail.it,Null,Null,Piccoli Giacomo,,SIC-ID-D3066AB592E5,NULL,,SICUREZZA,0,PROMO_SETTEMBRE_VIP,ATTIVO
pidile@asl14chioggia.veneto.it,Null,Null,Pidile,,SIC-ID-F7AED061DEDF,NULL,,SICUREZZA,0,PROMO_SETTEMBRE_VIP,ATTIVO
piemmerestaurisnc@gmail.com,Null,Null,Piemmerestaurisnc,,SIC-ID-263E62A09A5A,NULL,,SICUREZZA,0,PROMO_SETTEMBRE_VIP,ATTIVO
pierbrunociocca@gmail.com,Null,Null,Pier Lyo,+393395288364,SIC-ID-1DAD9C6E7AE9,NULL,,SICUREZZA,0,PROMO_SETTEMBRE_VIP,ATTIVO
pierfedericorusso@gmail.com,Null,Null,Pier Russo,+3933557572790,SIC-ID-FBECC1F99E0E,NULL,,SICUREZZA,0,PROMO_SETTEMBRE_VIP,ATTIVO
pier.veron@gmail.com,Null,Null,Pier Veron,,SIC-ID-3C556BE33058,NULL,,SICUREZZA,0,PROMO_SETTEMBRE_VIP,ATTIVO
pierfrancescocaporali@gmail.com,Null,Null,Pierfrancescocaporali,,SIC-ID-BE145C8011C8,NULL,,SICUREZZA,0,PROMO_SETTEMBRE_VIP,ATTIVO
piero.chinello@gmail.com,Null,Null,Piero Chinello,+393494140193,SIC-ID-7F628642B067,NULL,,SICUREZZA,0,PROMO_SETTEMBRE_VIP,ATTIVO
pierogal@virgilio.it,Null,Null,Piero Gallimberti,,SIC-ID-4A06CA3EE472,NULL,,SICUREZZA,0,PROMO_SETTEMBRE_VIP,ATTIVO
pierogall@virgilio.it,Null,Null,Piero Gallimberti,+393480161460,SIC-ID-0D9CFA13127B,NULL,,SICUREZZA,0,PROMO_SETTEMBRE_VIP,ATTIVO
piero.giuriola@yahoo.it,Null,Null,Piero Giuriola,+3933987161010,SIC-ID-BD88E3FA97C3,NULL,,SICUREZZA,0,PROMO_SETTEMBRE_VIP,ATTIVO
info@edilmapuno.com,Null,Null,Piero Mapelli,,SIC-ID-AC1EFF603038,NULL,,SICUREZZA,0,PROMO_SETTEMBRE_VIP,ATTIVO
matteo@pieroni.it,Null,Null,Pieroni Srl,+390583838375,SIC-ID-5DF900CF9755,NULL,,SICUREZZA,0,PROMO_SETTEMBRE_VIP,ATTIVO
pietro.avanzi@gmail.com,Null,Null,Pietro Avanzi,+393493629708,SIC-ID-443680B6DCBA,NULL,,SICUREZZA,0,PROMO_SETTEMBRE_VIP,ATTIVO
pietro.ran@alice.it,Null,Null,Pietro Ran,+393355824202,SIC-ID-AFB5B7F4A0F5,NULL,,SICUREZZA,0,PROMO_SETTEMBRE_VIP,ATTIVO
info@schiavinagroup.com,Null,Null,Piga Costruzioni S.r.l.,+390532241613,SIC-ID-130D7C08FC77,NULL,,SICUREZZA,0,PROMO_SETTEMBRE_VIP,ATTIVO
pilar2001@hotmail.com,Null,Null,Pilar2001,,SIC-ID-904F25639409,NULL,,SICUREZZA,0,PROMO_SETTEMBRE_VIP,ATTIVO
pioppi797@gmail.com,Null,Null,Pioppi797,,SIC-ID-E6DFAA325A10,NULL,,SICUREZZA,0,PROMO_SETTEMBRE_VIP,ATTIVO
pirilma@libero.it,Null,Null,Pirilma,,SIC-ID-5BCED10B6A2D,NULL,,SICUREZZA,0,PROMO_SETTEMBRE_VIP,ATTIVO
pistaura@libero.it,Null,Null,Pistaura,,SIC-ID-58F42CE01CB8,NULL,,SICUREZZA,0,PROMO_SETTEMBRE_VIP,ATTIVO
pitfava@gmail.com,Null,Null,Pitfava,,SIC-ID-564C66CA9309,NULL,,SICUREZZA,0,PROMO_SETTEMBRE_VIP,ATTIVO
pizzaideabertoncello@alice.it,Null,Null,Pizzaideabertoncello,,SIC-ID-821DAD3DF590,NULL,,SICUREZZA,0,PROMO_SETTEMBRE_VIP,ATTIVO
g.pizzardi@alice.it,Null,Null,Pizzardi Costruzioni,+393384397514,SIC-ID-D54454D7C002,NULL,,SICUREZZA,0,PROMO_SETTEMBRE_VIP,ATTIVO
pizzeriakennedy@libero.it,Null,Null,Pizzeria Export Tdp,34769353430,SIC-ID-36B467BDB25A,NULL,,SICUREZZA,0,PROMO_SETTEMBRE_VIP,ATTIVO
pizzogerardo78@gmail.com,Null,Null,Pizzogerardo78,,SIC-ID-4F025697AE7A,NULL,,SICUREZZA,0,PROMO_SETTEMBRE_VIP,ATTIVO
planbdao@gmail.com,Null,Null,Planbdao,,SIC-ID-C3C3CDED05CE,NULL,,SICUREZZA,0,PROMO_SETTEMBRE_VIP,ATTIVO
pmf.srl@gmail.com,Null,Null,Pmf Srl,,SIC-ID-7EAD486AF20E,NULL,,SICUREZZA,0,PROMO_SETTEMBRE_VIP,ATTIVO
poggio-carlo@libero.it,Null,Null,Poggio-carlo Sartor,+393401448523,SIC-ID-81F754D3B48F,NULL,,SICUREZZA,0,PROMO_SETTEMBRE_VIP,ATTIVO
info@polesineacque.it,Null,Null,Polesine Acque,,SIC-ID-8C849EC223EA,NULL,,SICUREZZA,0,PROMO_SETTEMBRE_VIP,ATTIVO
silvia.p@luxia.it,Null,Null,Poli Silvia,+393356650323,SIC-ID-0ACA88066C03,NULL,,SICUREZZA,0,PROMO_SETTEMBRE_VIP,ATTIVO
poliambulatoriosangiovanni@gmail.com,Null,Null,Poliambulatoriosangiovanni Lanza,+393334432795,SIC-ID-7B0982937E6E,NULL,,SICUREZZA,0,PROMO_SETTEMBRE_VIP,ATTIVO
policarosrl@micso.net,Null,Null,Policaro Srl,+393929442440,SIC-ID-D21B1C888A5F,NULL,,SICUREZZA,0,PROMO_SETTEMBRE_VIP,ATTIVO
info@pomaferforniture.it,Null,Null,Pomafer Forniture-forniture Industriali,+393357210260,SIC-ID-AA07C56F473F,NULL,,SICUREZZA,0,PROMO_SETTEMBRE_VIP,ATTIVO
pongetti.a@tiscali.it,Null,Null,Pongetti A,,SIC-ID-58CE96353491,NULL,,SICUREZZA,0,PROMO_SETTEMBRE_VIP,ATTIVO
ponteggiveloci@gmail.com,Null,Null,Ponteggi Veloci | Noleggio-montaggio-smontaggio,+390572508520,SIC-ID-3B3BD548A189,NULL,,SICUREZZA,0,PROMO_SETTEMBRE_VIP,ATTIVO
portaleanalia@hotmail.com,Null,Null,Portaleanalia,,SIC-ID-F4E135D0ED86,NULL,,SICUREZZA,0,PROMO_SETTEMBRE_VIP,ATTIVO
portoviro@enaip.veneto.it,Null,Null,Portoviro,,SIC-ID-F16D886DB6AA,NULL,,SICUREZZA,0,PROMO_SETTEMBRE_VIP,ATTIVO
porzionatodiego@tiscali.it,Null,Null,Porzionato Diego,+393483641299,SIC-ID-73888EC273F2,NULL,,SICUREZZA,0,PROMO_SETTEMBRE_VIP,ATTIVO
posetilsrl@yahoo.it,Null,Null,Posetilsrl,,SIC-ID-4217CACA8AB7,NULL,,SICUREZZA,0,PROMO_SETTEMBRE_VIP,ATTIVO
postvenditavita@alleanza.it,Null,Null,Post Vita,33333505240,SIC-ID-AA2B0A2511AA,NULL,,SICUREZZA,0,PROMO_SETTEMBRE_VIP,ATTIVO
posta@fderosa.com,Null,Null,Posta,,SIC-ID-E7CB52AD8C23,NULL,,SICUREZZA,0,PROMO_SETTEMBRE_VIP,ATTIVO
powersystem.gm@gmail.com,Null,Null,Power System,+3934913524060,SIC-ID-88C0DFAC58CB,NULL,,SICUREZZA,0,PROMO_SETTEMBRE_VIP,ATTIVO
info@pozzaticostruzioni.it,Null,Null,Pozzati Costruzioni Srl,+390532863057,SIC-ID-CCD926F509C5,NULL,,SICUREZZA,0,PROMO_SETTEMBRE_VIP,ATTIVO
commerciale.pra@gmail.com,Null,Null,Pra Ristrutturazioni - Ditta Ristrutturazioni Roma,+390669283839,SIC-ID-7D4FC965198E,NULL,,SICUREZZA,0,PROMO_SETTEMBRE_VIP,ATTIVO
pregnolato.simonetta@virgilio.it,Null,Null,Pregnolato Simonetta,,SIC-ID-8182107203B6,NULL,,SICUREZZA,0,PROMO_SETTEMBRE_VIP,ATTIVO
pregnolato75@gmail.com,Null,Null,Pregnolato75,33568195640,SIC-ID-E4832469F65A,NULL,,SICUREZZA,0,PROMO_SETTEMBRE_VIP,ATTIVO
prenotazioni@traghettilines.it,Null,Null,Prenotazioni,34709962600,SIC-ID-6F52F5049505,NULL,,SICUREZZA,0,PROMO_SETTEMBRE_VIP,ATTIVO
presidente@artigianatopadovano.it,Null,Null,Presidente,,SIC-ID-57DDD3A7B4E5,NULL,,SICUREZZA,0,PROMO_SETTEMBRE_VIP,ATTIVO
presidenza@sorgentedeisogni.it,Null,Null,Presidenza,,SIC-ID-14C6AF9FBB9C,NULL,,SICUREZZA,0,PROMO_SETTEMBRE_VIP,ATTIVO
pressendo.sonia@gmail.com,Null,Null,Pressendo Sonia,+393490734270,SIC-ID-869B0C88E779,NULL,,SICUREZZA,0,PROMO_SETTEMBRE_VIP,ATTIVO
primacasa.fiesso@libero.it,Null,Null,Primacasa Fiesso,,SIC-ID-C76ACBA00A00,NULL,,SICUREZZA,0,PROMO_SETTEMBRE_VIP,ATTIVO
primaclassesnc@gmail.com,Null,Null,Primaclassesnc,,SIC-ID-086756B80DD4,NULL,,SICUREZZA,0,PROMO_SETTEMBRE_VIP,ATTIVO
professioni@studioporzionato.191.it,Null,Null,Professioni,,SIC-ID-E1F3434EE366,NULL,,SICUREZZA,0,PROMO_SETTEMBRE_VIP,ATTIVO
professoromec@gmail.com,Null,Null,Professoromec,+393383076901,SIC-ID-CEAC52315615,NULL,,SICUREZZA,0,PROMO_SETTEMBRE_VIP,ATTIVO
profildelta@libero.it,Null,Null,Profildelta Sas Di Sega Mariano & C.,,SIC-ID-1CF0449760D2,NULL,,SICUREZZA,0,PROMO_SETTEMBRE_VIP,ATTIVO
luminatenetworks@gmail.com,Null,Null,Profilgessi Trapani,+39092322669,SIC-ID-145C137312E1,NULL,,SICUREZZA,0,PROMO_SETTEMBRE_VIP,ATTIVO
info@progettocreativosrl.it,Null,Null,Progetto Creativo Srl,+390623482606,SIC-ID-1147F12F6960,NULL,,SICUREZZA,0,PROMO_SETTEMBRE_VIP,ATTIVO
protezione.bonus@genertel.it,Null,Null,Protezione Bonus,,SIC-ID-360CA670A8B1,NULL,,SICUREZZA,0,PROMO_SETTEMBRE_VIP,ATTIVO
info@pubblysystem.it,Null,Null,Pubbly System,,SIC-ID-24471B89E72F,NULL,,SICUREZZA,0,PROMO_SETTEMBRE_VIP,ATTIVO
pucci@pucciediliziaestrade.it,Null,Null,Pucci Edilizia E Strade Di Alessandro Pucci,+39335394609,SIC-ID-950F557D1FC8,NULL,,SICUREZZA,0,PROMO_SETTEMBRE_VIP,ATTIVO
pullara.filippo@libero.it,Null,Null,Pullara Filippo,+393475357617,SIC-ID-4103C36B1D27,NULL,,SICUREZZA,0,PROMO_SETTEMBRE_VIP,ATTIVO
puntoevirgolasnc@virgilio.it,Null,Null,Puntoevirgolasnc,,SIC-ID-3A90BEC35A59,NULL,,SICUREZZA,0,PROMO_SETTEMBRE_VIP,ATTIVO
puozzomassimo@libero.it,Null,Null,Puozzomassimo,+393294503146,SIC-ID-10485726FEBB,NULL,,SICUREZZA,0,PROMO_SETTEMBRE_VIP,ATTIVO
pvd@tiscali.it,Null,Null,Pvd,,SIC-ID-E451344C9274,NULL,,SICUREZZA,0,PROMO_SETTEMBRE_VIP,ATTIVO
responsabileprotezionedati@quadrilaterospa.it,Null,Null,Quadrilatero Marche-umbria S.p.a.,+393906845601,SIC-ID-751A87041AA5,NULL,,SICUREZZA,0,PROMO_SETTEMBRE_VIP,ATTIVO
r.angelelli@calcestruzzi.it,Null,Null,R Angelelli,,SIC-ID-B502EBCD341F,NULL,,SICUREZZA,0,PROMO_SETTEMBRE_VIP,ATTIVO
r.capricci@alice.it,Null,Null,R Capricci,,SIC-ID-EAF7A1F9939B,NULL,,SICUREZZA,0,PROMO_SETTEMBRE_VIP,ATTIVO
r.cesari@sepsrl.com,Null,Null,R Cesari,,SIC-ID-70F2301E826D,NULL,,SICUREZZA,0,PROMO_SETTEMBRE_VIP,ATTIVO
info@cooprcm.it,Null,Null,R.c.m. - Rinascita Cooperativa Musicale Soc. Coop. A R.l.,,SIC-ID-AAAE838E7334,NULL,,SICUREZZA,0,PROMO_SETTEMBRE_VIP,ATTIVO
rgsrl.info@gmail.com,Null,Null,R.g. Impresa Edile,+390544215658,SIC-ID-F58C44B1FACA,NULL,,SICUREZZA,0,PROMO_SETTEMBRE_VIP,ATTIVO
info@rmmarine.it,Null,Null,Rm Srl,+390187415066,SIC-ID-6C26C8CE780E,NULL,,SICUREZZA,0,PROMO_SETTEMBRE_VIP,ATTIVO
info@edilroma.com,Null,Null,Roma Edilizia,+39066385035,SIC-ID-E46865639AE9,NULL,,SICUREZZA,0,PROMO_SETTEMBRE_VIP,ATTIVO
info@rabbiese.it,Null,Null,Rabbiese P.s.c.a.r.l.,+390463985488,SIC-ID-2DA9A954655F,NULL,,SICUREZZA,0,PROMO_SETTEMBRE_VIP,ATTIVO
roccatello.mauro@libero.it,Null,Null,Raccatello Mauro,+393282286024,SIC-ID-8C9EA14ED45B,NULL,,SICUREZZA,0,PROMO_SETTEMBRE_VIP,ATTIVO
rachele@labadiaimmobiliare.it,Null,Null,Rachele,,SIC-ID-EA233DBF40B0,NULL,,SICUREZZA,0,PROMO_SETTEMBRE_VIP,ATTIVO
rachele.barletta19@libero.it,Null,Null,Rachele Barletta19,,SIC-ID-658E4A0EA940,NULL,,SICUREZZA,0,PROMO_SETTEMBRE_VIP,ATTIVO
radice.sonora@libero.it,Null,Null,Radice Sonora,,SIC-ID-70B4AC690F46,NULL,,SICUREZZA,0,PROMO_SETTEMBRE_VIP,ATTIVO
radiobruno.1@tin.it,Null,Null,Radiobruno 1,,SIC-ID-05B18446E5D4,NULL,,SICUREZZA,0,PROMO_SETTEMBRE_VIP,ATTIVO
raffaela.portieri@gmail.com,Null,Null,Raffaela Portieri,,SIC-ID-5FD649D06B0C,NULL,,SICUREZZA,0,PROMO_SETTEMBRE_VIP,ATTIVO
raffaele.barcheri@libero.it,Null,Null,Raffaele Barcheri Colour,+393288174112,SIC-ID-BF6231EAF586,NULL,,SICUREZZA,0,PROMO_SETTEMBRE_VIP,ATTIVO
raffaelepagan88@gmail.com,Null,Null,Raffaele Pagan,+393487637670,SIC-ID-F26B9289AE90,NULL,,SICUREZZA,0,PROMO_SETTEMBRE_VIP,ATTIVO
raffaelemarson@alice.it,Null,Null,Raffaelemarson,+393467269714,SIC-ID-F4B89AC4188B,NULL,,SICUREZZA,0,PROMO_SETTEMBRE_VIP,ATTIVO
raffaella@bulloalberto.191.it,Null,Null,Raffaella Azenaib,+393339625351,SIC-ID-FA760064BC38,NULL,,SICUREZZA,0,PROMO_SETTEMBRE_VIP,ATTIVO
raffa.unmondo@gmail.com,Null,Null,Raffaella Chioggiotta,+393387300818,SIC-ID-B57268287DE7,NULL,,SICUREZZA,0,PROMO_SETTEMBRE_VIP,ATTIVO
raffaella.marcato@virgilio.it,Null,Null,Raffaella Marcato,,SIC-ID-80752EA5CB92,NULL,,SICUREZZA,0,PROMO_SETTEMBRE_VIP,ATTIVO
raffaelladambra@live.it,Null,Null,Raffaelladambra D'ambra,+393387300818,SIC-ID-F3697D8B70C8,NULL,,SICUREZZA,0,PROMO_SETTEMBRE_VIP,ATTIVO
ragazzi.sabrina68@gmail.com,Null,Null,Ragazzi Sabrina68,,SIC-ID-CF6418E38641,NULL,,SICUREZZA,0,PROMO_SETTEMBRE_VIP,ATTIVO
raimpianti77@gmail.com,Null,Null,Raimpianti77,,SIC-ID-5A359B03D2C2,NULL,,SICUREZZA,0,PROMO_SETTEMBRE_VIP,ATTIVO
ralumini70@yahoo.it,Null,Null,Ralumini70 Rauta,,SIC-ID-055345775ED2,NULL,,SICUREZZA,0,PROMO_SETTEMBRE_VIP,ATTIVO
rambaldiclaudia@libero.it,Null,Null,Rambaldiclaudia,,SIC-ID-CFAF7981066B,NULL,,SICUREZZA,0,PROMO_SETTEMBRE_VIP,ATTIVO
ranzatoandrea1976@libero.it,Null,Null,Ranzato Andrea,+3932856221690,SIC-ID-38D39ED00F60,NULL,,SICUREZZA,0,PROMO_SETTEMBRE_VIP,ATTIVO
ranzatovariscoriccardo@gmail.com,Null,Null,Ranzatovariscoriccardo,+393336767446,SIC-ID-9182A9B097E5,NULL,,SICUREZZA,0,PROMO_SETTEMBRE_VIP,ATTIVO
massimiliano5764@tiscali.it,Null,Null,Rapid Work Di Iurescia Massimiliano Impresa Edile E Impianti Idraulici,+393714746831,SIC-ID-EAD5FDC911CF,NULL,,SICUREZZA,0,PROMO_SETTEMBRE_VIP,ATTIVO
rasgaz12@yahoo.fr,Null,Null,Rasgaz12,,SIC-ID-12254D622608,NULL,,SICUREZZA,0,PROMO_SETTEMBRE_VIP,ATTIVO
davidrastelli@libero.it,Null,Null,Rastelli Edilizia,+39067827545,SIC-ID-1B4128FE4F19,NULL,,SICUREZZA,0,PROMO_SETTEMBRE_VIP,ATTIVO
razum.petra@gmail.com,Null,Null,Razum Petra,,SIC-ID-C26F5A2C44CE,NULL,,SICUREZZA,0,PROMO_SETTEMBRE_VIP,ATTIVO
info@rcecostruzioni.com,Null,Null,Rce Costruzioni S.r.l. | Impresa Edile Per Nuove Costruzioni E Ristrutturazioni | Modena | Carpi,+390594725960,SIC-ID-814C23D6B4AF,NULL,,SICUREZZA,0,PROMO_SETTEMBRE_VIP,ATTIVO
re.bertaggia@gmail.com,Null,Null,Re Bertaggia,+393483641299,SIC-ID-B8DDEDB5E1BE,NULL,,SICUREZZA,0,PROMO_SETTEMBRE_VIP,ATTIVO
re_boia64@yahoo.it,Null,Null,Re_boia64,,SIC-ID-D99055AFCB70,NULL,,SICUREZZA,0,PROMO_SETTEMBRE_VIP,ATTIVO
info@centom.it,Null,Null,Ready Room Srl,,SIC-ID-95ADCBDBD296,NULL,,SICUREZZA,0,PROMO_SETTEMBRE_VIP,ATTIVO
realestate.it@housers.com,Null,Null,Realestate It,215526190,SIC-ID-3FA86510CE74,NULL,,SICUREZZA,0,PROMO_SETTEMBRE_VIP,ATTIVO
info@rebuildingancona.com,Null,Null,Rebuilding Ancona,+390712072021,SIC-ID-3D9F9212477B,NULL,,SICUREZZA,0,PROMO_SETTEMBRE_VIP,ATTIVO
reception@gardalandhotel.it,Null,Null,Reception,,SIC-ID-1E8EB24962DB,NULL,,SICUREZZA,0,PROMO_SETTEMBRE_VIP,ATTIVO
reclasnc@gmail.com,Null,Null,Reclasnc Cognome Email Telefono Id Cliente Backup_sicu,+393407231036,SIC-ID-FFF80980D4E7,NULL,,SICUREZZA,0,PROMO_SETTEMBRE_VIP,ATTIVO
recruiting@sosrelazioni.it,Null,Null,Recruiting,,SIC-ID-703358B0A15D,NULL,,SICUREZZA,0,PROMO_SETTEMBRE_VIP,ATTIVO
info@casagroupimmobiliare.it,Null,Null,Red Edil Costruzioni,+393382726955,SIC-ID-A9EAD662FBDF,NULL,,SICUREZZA,0,PROMO_SETTEMBRE_VIP,ATTIVO
redazione@4surf.it,Null,Null,Redazione,,SIC-ID-1EB244531084,NULL,,SICUREZZA,0,PROMO_SETTEMBRE_VIP,ATTIVO
redemption@studentcoin.org,Null,Null,Redemption Elttric,+3933583906350,SIC-ID-46F665E85B66,NULL,,SICUREZZA,0,PROMO_SETTEMBRE_VIP,ATTIVO
redil@redil.it,Null,Null,Redil Srl - Per L'edilizia,+390759291031,SIC-ID-B1D3C00D53AD,NULL,,SICUREZZA,0,PROMO_SETTEMBRE_VIP,ATTIVO
refundhypertoken@secretary.net,Null,Null,Refund Token,33919470810,SIC-ID-BE7E12D0DB6A,NULL,,SICUREZZA,0,PROMO_SETTEMBRE_VIP,ATTIVO
info@impresareghellin.it,Null,Null,Reghellin Claudio Impresa Edile,+393355628653,SIC-ID-BD4959BC4E13,NULL,,SICUREZZA,0,PROMO_SETTEMBRE_VIP,ATTIVO
remigio.ruzzante@libero.it,Null,Null,Remigio Ruzzante,,SIC-ID-5EF328F12BA2,NULL,,SICUREZZA,0,PROMO_SETTEMBRE_VIP,ATTIVO
renata.senatore@live.it,Null,Null,Renata Senatore,+393401623436,SIC-ID-1F598FAB68C8,NULL,,SICUREZZA,0,PROMO_SETTEMBRE_VIP,ATTIVO
renato@pescamar.it,Null,Null,Renato,+393384082881,SIC-ID-F256674A4215,NULL,,SICUREZZA,0,PROMO_SETTEMBRE_VIP,ATTIVO
renatopiccolo568@gmai.com,Null,Null,Renatopiccolo568,,SIC-ID-55F2DD1D83CB,NULL,,SICUREZZA,0,PROMO_SETTEMBRE_VIP,ATTIVO
impresarendasrl@gmail.com,Null,Null,Renda S.r.l.,+393664495193,SIC-ID-FB932A557B4D,NULL,,SICUREZZA,0,PROMO_SETTEMBRE_VIP,ATTIVO
ufficiosegreteria@renova.red,Null,Null,Renova Red S.p.a.,+390697848755,SIC-ID-3D0038BB97B1,NULL,,SICUREZZA,0,PROMO_SETTEMBRE_VIP,ATTIVO
renso67@gmail.com,Null,Null,Renso67 Cattlan,+3932836368670,SIC-ID-ABB7EBCD61CE,NULL,,SICUREZZA,0,PROMO_SETTEMBRE_VIP,ATTIVO
renzo.bellonzi@libero.it,Null,Null,Renzo Bellonzi,+393388694872,SIC-ID-2FEC85495B90,NULL,,SICUREZZA,0,PROMO_SETTEMBRE_VIP,ATTIVO
renzo.satti@gmail.com,Null,Null,Renzo Satti,+393358191030,SIC-ID-30E7076706AE,NULL,,SICUREZZA,0,PROMO_SETTEMBRE_VIP,ATTIVO
renzoflaviomoretto@gmail.com,Null,Null,Renzoflaviomoretto Engine V1_2026-02-24_03-38 Estr,32929106300,SIC-ID-970468E04506,NULL,,SICUREZZA,0,PROMO_SETTEMBRE_VIP,ATTIVO
repin@repin.it,Null,Null,Repin S.r.l.,+390957110000,SIC-ID-63790591BD87,NULL,,SICUREZZA,0,PROMO_SETTEMBRE_VIP,ATTIVO
rescueguardian2015@gmail.com,Null,Null,Rescueguardian2015,,SIC-ID-1F4B179C8843,NULL,,SICUREZZA,0,PROMO_SETTEMBRE_VIP,ATTIVO
info@residencebonetti.com,Null,Null,Residence Bonetti - Vacanze In Val Di Rabbi Trentino Alle Porte Del Parco Nazionale Dello Stelvio Cin It022150b4upch6cjg,+390463901526,SIC-ID-669CFA64965E,NULL,,SICUREZZA,0,PROMO_SETTEMBRE_VIP,ATTIVO
info@residencecapinera.com,Null,Null,Residence Capinera Scarpa,+393392038798,SIC-ID-0EBCE5D43621,NULL,,SICUREZZA,0,PROMO_SETTEMBRE_VIP,ATTIVO
restauracja@szara.pl,Null,Null,Restauracja Bramarai,+3934773853640,SIC-ID-8F4C80ED8FB6,NULL,,SICUREZZA,0,PROMO_SETTEMBRE_VIP,ATTIVO
restauroitalia@gmail.com,Null,Null,Restauroitalia,+393463766542,SIC-ID-662661AB2D78,NULL,,SICUREZZA,0,PROMO_SETTEMBRE_VIP,ATTIVO
re2014ve@gmail.com,Null,Null,Reve,,SIC-ID-E4A40DF374BA,NULL,,SICUREZZA,0,PROMO_SETTEMBRE_VIP,ATTIVO
reverie1967@gmail.com,Null,Null,Reverie1967,,SIC-ID-B32F2CE649EA,NULL,,SICUREZZA,0,PROMO_SETTEMBRE_VIP,ATTIVO
rfabbri75@yahoo.it,Null,Null,Rfabbri75,,SIC-ID-B9814650AB85,NULL,,SICUREZZA,0,PROMO_SETTEMBRE_VIP,ATTIVO
rgiyoev@bk.ru,Null,Null,Rgiyoev,,SIC-ID-D1EE58F037F5,NULL,,SICUREZZA,0,PROMO_SETTEMBRE_VIP,ATTIVO
ribeirofilomena61@gmail.com,Null,Null,Ribeirofilomena61,+393358375900,SIC-ID-EBB9CB6BFF27,NULL,,SICUREZZA,0,PROMO_SETTEMBRE_VIP,ATTIVO
riccardo@samboeassociati.it,Null,Null,Riccardo,,SIC-ID-9B262071DF81,NULL,,SICUREZZA,0,PROMO_SETTEMBRE_VIP,ATTIVO
riccardo.ferro@hotmail.it,Null,Null,Riccardo Ferro,+393408958564,SIC-ID-81DDB2CB9567,NULL,,SICUREZZA,0,PROMO_SETTEMBRE_VIP,ATTIVO
riccardofranchi2011@hotmail.com,Null,Null,Riccardo Franchi Shopping,+393420576590,SIC-ID-1CFDC07C2E87,NULL,,SICUREZZA,0,PROMO_SETTEMBRE_VIP,ATTIVO
rickyfriga@libero.it,Null,Null,Riccardo Frigato,+393482568584,SIC-ID-4367403D7634,NULL,,SICUREZZA,0,PROMO_SETTEMBRE_VIP,ATTIVO
riccardo.napolitano@tim.it,Null,Null,Riccardo Napolitano,+3933864176630,SIC-ID-22A3C4CB2625,NULL,,SICUREZZA,0,PROMO_SETTEMBRE_VIP,ATTIVO
riccardoferioli95@gmail.com,Null,Null,Riccardoferioli95 Ferioli,,SIC-ID-678A609824EF,NULL,,SICUREZZA,0,PROMO_SETTEMBRE_VIP,ATTIVO
info@riccobonocostruzioni.com,Null,Null,Riccobono Costruzioni,+393463978841,SIC-ID-2EEA7AD35059,NULL,,SICUREZZA,0,PROMO_SETTEMBRE_VIP,ATTIVO
ricerca@agentidoma.it,Null,Null,Ricerca,,SIC-ID-7F48399E92C8,NULL,,SICUREZZA,0,PROMO_SETTEMBRE_VIP,ATTIVO
richieste@acquevenete.it,Null,Null,Richieste,32864640570,SIC-ID-4C6C990984EB,NULL,,SICUREZZA,0,PROMO_SETTEMBRE_VIP,ATTIVO
richlawon@yahoo.com,Null,Null,Richlawon,,SIC-ID-FF23CCE05FF0,NULL,,SICUREZZA,0,PROMO_SETTEMBRE_VIP,ATTIVO
rickigilardoni@gmail.com,Null,Null,Rickigilardoni,,SIC-ID-CD15D234F4A9,NULL,,SICUREZZA,0,PROMO_SETTEMBRE_VIP,ATTIVO
ricky@radiofiera.it,Null,Null,Ricky,,SIC-ID-E3775EF1C7C4,NULL,,SICUREZZA,0,PROMO_SETTEMBRE_VIP,ATTIVO
rifugioilghebo@libero.it,Null,Null,Rifugio Ghebo,+393489157201,SIC-ID-FCA69EBBD93E,NULL,,SICUREZZA,0,PROMO_SETTEMBRE_VIP,ATTIVO
rikymarchetti@hotmail.it,Null,Null,Rikymarchetti,34984905230,SIC-ID-3CF27F14D044,NULL,,SICUREZZA,0,PROMO_SETTEMBRE_VIP,ATTIVO
rimbaglionita66@gmail.com,Null,Null,Rimbaglionita66,,SIC-ID-A94919EAE11A,NULL,,SICUREZZA,0,PROMO_SETTEMBRE_VIP,ATTIVO
info@piastrellerinaldi.it,Null,Null,Rinaldi,+39017375335,SIC-ID-12C16DF679DE,NULL,,SICUREZZA,0,PROMO_SETTEMBRE_VIP,ATTIVO
rinodj.vendemiati@gmail.com,Null,Null,Rinodj Vendemiati,,SIC-ID-1A44C463386F,NULL,,SICUREZZA,0,PROMO_SETTEMBRE_VIP,ATTIVO
ristoranteanticoguerriero@gmail.com,Null,Null,Ristoranteanticoguerriero,,SIC-ID-E163AC76DAE5,NULL,,SICUREZZA,0,PROMO_SETTEMBRE_VIP,ATTIVO
ristorantepeppino@gmail.com,Null,Null,Ristorantepeppino,,SIC-ID-F717E2835AA1,NULL,,SICUREZZA,0,PROMO_SETTEMBRE_VIP,ATTIVO
dittaposapiu@yahoo.it,Null,Null,Ristrutturazioni Bologna - Impresa Edile Bologna - Posapiù,+390514129239,SIC-ID-E1706FEA505C,NULL,,SICUREZZA,0,PROMO_SETTEMBRE_VIP,ATTIVO
info@buildingtechnologies.it,Null,Null,Ristrutturazioni Roma Nord - Building Technologies,+393279031101,SIC-ID-E76BEB0E6F32,NULL,,SICUREZZA,0,PROMO_SETTEMBRE_VIP,ATTIVO
rita.des57@gmail.com,Null,Null,Rita Des57,392880120,SIC-ID-B3250A65C46A,NULL,,SICUREZZA,0,PROMO_SETTEMBRE_VIP,ATTIVO
ritacalia1967@libero.it,Null,Null,Ritacalia1967,,SIC-ID-D007D9CA3E1F,NULL,,SICUREZZA,0,PROMO_SETTEMBRE_VIP,ATTIVO
ritadibella1968@gmail.com,Null,Null,Ritadibella1968,,SIC-ID-25737DA245BA,NULL,,SICUREZZA,0,PROMO_SETTEMBRE_VIP,ATTIVO
ritaloveno67@gmail.com,Null,Null,Ritaloveno67,,SIC-ID-34B757ED877B,NULL,,SICUREZZA,0,PROMO_SETTEMBRE_VIP,ATTIVO
ritaschiatti@gmail.com,Null,Null,Ritaschiatti,,SIC-ID-3573B7E66F76,NULL,,SICUREZZA,0,PROMO_SETTEMBRE_VIP,ATTIVO
rmpubblicita@live.it,Null,Null,Rmpubblicita,,SIC-ID-BBE1DA4E2AE4,NULL,,SICUREZZA,0,PROMO_SETTEMBRE_VIP,ATTIVO
roadon.soluzionistradali@gmail.com,Null,Null,Road On S.r.l.,+393923378207,SIC-ID-96606EEB9826,NULL,,SICUREZZA,0,PROMO_SETTEMBRE_VIP,ATTIVO
robboetto94@gmail.com,Null,Null,Robboetto94,,SIC-ID-0A49035EB81A,NULL,,SICUREZZA,0,PROMO_SETTEMBRE_VIP,ATTIVO
roberrodrago1983@gmail.com,Null,Null,Roberrodrago1983,,SIC-ID-4C62BD317275,NULL,,SICUREZZA,0,PROMO_SETTEMBRE_VIP,ATTIVO
robert@broofa.com,Null,Null,Robert,+3937095516150,SIC-ID-9DD77454E2BC,NULL,,SICUREZZA,0,PROMO_SETTEMBRE_VIP,ATTIVO
roberta.scagnolari@gmail.com,Null,Null,Roberta Scagnolari,,SIC-ID-3237E07C5DF1,NULL,,SICUREZZA,0,PROMO_SETTEMBRE_VIP,ATTIVO
robertaiacurso@gmail.com,Null,Null,Robertaiacurso,33369970950,SIC-ID-B18D6F1C3D35,NULL,,SICUREZZA,0,PROMO_SETTEMBRE_VIP,ATTIVO
robertapezzolato@live.it,Null,Null,Robertapezzolato,,SIC-ID-3D2777656C5C,NULL,,SICUREZZA,0,PROMO_SETTEMBRE_VIP,ATTIVO
fiorimantiroberto@gmail.com,Null,Null,Roberto,34070589340,SIC-ID-ACB5D457E52F,NULL,,SICUREZZA,0,PROMO_SETTEMBRE_VIP,ATTIVO
roberto@housers.com,Null,Null,Roberto,+393401256596,SIC-ID-71FCACE6B895,NULL,,SICUREZZA,0,PROMO_SETTEMBRE_VIP,ATTIVO
borsettoroberto@gmail.com,Null,Null,Roberto,+393400874124,SIC-ID-D723F787DB3B,NULL,,SICUREZZA,0,PROMO_SETTEMBRE_VIP,ATTIVO
robertocarlesso@hotmail.it,Null,Null,Roberto Carlesso,+393500116346,SIC-ID-5487983E453D,NULL,,SICUREZZA,0,PROMO_SETTEMBRE_VIP,ATTIVO
roberto.carturan@alice.it,Null,Null,Roberto Carturan,+3932967447960,SIC-ID-1E46FFAF845D,NULL,,SICUREZZA,0,PROMO_SETTEMBRE_VIP,ATTIVO
rfrosolone@yahoo.com,Null,Null,Roberto Frosolone,+393335747025,SIC-ID-A10A6E164E24,NULL,,SICUREZZA,0,PROMO_SETTEMBRE_VIP,ATTIVO
robecanci@gmail.com,Null,Null,Roberto Lyo,+393334881086,SIC-ID-E3E7B51586A6,NULL,,SICUREZZA,0,PROMO_SETTEMBRE_VIP,ATTIVO
roberto.paccagnella@antonveneta.it,Null,Null,Roberto Paccagnella,+3932847763300,SIC-ID-1A0D02771F15,NULL,,SICUREZZA,0,PROMO_SETTEMBRE_VIP,ATTIVO
roberto.pettenello@libero.it,Null,Null,Roberto Pettenello,+393483528346,SIC-ID-AADBED5F1564,NULL,,SICUREZZA,0,PROMO_SETTEMBRE_VIP,ATTIVO
roberto.porello@lyoness.it,Null,Null,Roberto Porello,+3934830225540,SIC-ID-BAD232F8160C,NULL,,SICUREZZA,0,PROMO_SETTEMBRE_VIP,ATTIVO
roberto@harley-davidson-mantova.it,Null,Null,Roberto Rossi,+393471503750,SIC-ID-95865831D7D2,NULL,,SICUREZZA,0,PROMO_SETTEMBRE_VIP,ATTIVO
mengozziroberto1972@gmail.com,Null,Null,Roberto Sicurezza Mengozzi,+393347377181,SIC-ID-B677C9DC8FA5,NULL,,SICUREZZA,0,PROMO_SETTEMBRE_VIP,ATTIVO
roberto.targa@alice.it,Null,Null,Roberto Targa,+393335747025,SIC-ID-7C3C91269843,NULL,,SICUREZZA,0,PROMO_SETTEMBRE_VIP,ATTIVO
tortello1tortelloroberto@gmail.com,Null,Null,Roberto Tortello,,SIC-ID-B36A8CF17415,NULL,,SICUREZZA,0,PROMO_SETTEMBRE_VIP,ATTIVO
roberto.zaccaro@gmail.com,Null,Null,Roberto Zaccaro,+393482227092,SIC-ID-F5BF0AC635CE,NULL,,SICUREZZA,0,PROMO_SETTEMBRE_VIP,ATTIVO
info@zucchettonoleggi.com,Null,Null,Roberto Zucchetto Polenta,+393357073553,SIC-ID-49190BCA82E5,NULL,,SICUREZZA,0,PROMO_SETTEMBRE_VIP,ATTIVO
roberto68533@gmail.com,Null,Null,Roberto68533,+393346170884,SIC-ID-D8466B208D22,NULL,,SICUREZZA,0,PROMO_SETTEMBRE_VIP,ATTIVO
robertodrago@mail.com,Null,Null,Robertodrago,,SIC-ID-325A0F366C0D,NULL,,SICUREZZA,0,PROMO_SETTEMBRE_VIP,ATTIVO
robertodrago1983@gmail.com,Null,Null,Robertodrago1983,,SIC-ID-5272508A5096,NULL,,SICUREZZA,0,PROMO_SETTEMBRE_VIP,ATTIVO
robertodrago1984@gmail.com,Null,Null,Robertodrago1984,,SIC-ID-71C5DBD78082,NULL,,SICUREZZA,0,PROMO_SETTEMBRE_VIP,ATTIVO
robertodrago198e@gmail.com,Null,Null,Robertodrago198e,,SIC-ID-0E076C176023,NULL,,SICUREZZA,0,PROMO_SETTEMBRE_VIP,ATTIVO
robertodrago1993@gmail.com,Null,Null,Robertodrago1993,,SIC-ID-425243EF32FB,NULL,,SICUREZZA,0,PROMO_SETTEMBRE_VIP,ATTIVO
robertogatto@blsd.info,Null,Null,Robertogatto,,SIC-ID-C6DEC756E7F8,NULL,,SICUREZZA,0,PROMO_SETTEMBRE_VIP,ATTIVO
robertograssi3@alice.it,Null,Null,Robertograssi3,,SIC-ID-0981637CBD2E,NULL,,SICUREZZA,0,PROMO_SETTEMBRE_VIP,ATTIVO
robertolongu@gmail.com,Null,Null,Robertolongu,,SIC-ID-92C7B76E0E21,NULL,,SICUREZZA,0,PROMO_SETTEMBRE_VIP,ATTIVO
robertoravagnan@hotmail.it,Null,Null,Robertoravag,+393202584607,SIC-ID-5E0F0DDC2EB4,NULL,,SICUREZZA,0,PROMO_SETTEMBRE_VIP,ATTIVO
robipoltro57@gmail.com,Null,Null,Robipoltro57 Videoclub,+3938910601660,SIC-ID-1C6F00C05C97,NULL,,SICUREZZA,0,PROMO_SETTEMBRE_VIP,ATTIVO
robrtodrago1983@gmail.com,Null,Null,Robrtodrago1983,,SIC-ID-0780F806F16C,NULL,,SICUREZZA,0,PROMO_SETTEMBRE_VIP,ATTIVO
robylegnaro@libero.it,Null,Null,Robylegnaro,,SIC-ID-5BCA9590C6C8,NULL,,SICUREZZA,0,PROMO_SETTEMBRE_VIP,ATTIVO
roccato.elisa@email.it,Null,Null,Roccato Elisa,,SIC-ID-F1B0C59466E3,NULL,,SICUREZZA,0,PROMO_SETTEMBRE_VIP,ATTIVO
rocchipregnolatosnc@virgilio.it,Null,Null,Rocchipregnolatosnc,,SIC-ID-5DAF3430EADC,NULL,,SICUREZZA,0,PROMO_SETTEMBRE_VIP,ATTIVO
rocco@lodise.net,Null,Null,Rocco Cita,+393403618607,SIC-ID-95A7C43952A8,NULL,,SICUREZZA,0,PROMO_SETTEMBRE_VIP,ATTIVO
roccoannalisa16@gmail.com,Null,Null,Roccoannalisa16,,SIC-ID-AD353ECA505F,NULL,,SICUREZZA,0,PROMO_SETTEMBRE_VIP,ATTIVO
roccoparrucchieri@gmail.com,Null,Null,Roccoparrucchieri Grondaie,+393478585394,SIC-ID-2D0FC0AA282C,NULL,,SICUREZZA,0,PROMO_SETTEMBRE_VIP,ATTIVO
rodeghergraphic@tiscali.it,Null,Null,Rodeghergraphic,,SIC-ID-BDC738E257E4,NULL,,SICUREZZA,0,PROMO_SETTEMBRE_VIP,ATTIVO
inforomaedilizia@gmail.com,Null,Null,Roma Edilizia - Ristrutturazioni Roma,+390693379894,SIC-ID-0D411E82FA26,NULL,,SICUREZZA,0,PROMO_SETTEMBRE_VIP,ATTIVO
romaandrea@libero.it,Null,Null,Romaandrea,+393386417663,SIC-ID-3B4F0A4EB4D9,NULL,,SICUREZZA,0,PROMO_SETTEMBRE_VIP,ATTIVO
studio@romaniremo.it,Null,Null,Romani Remo,+39071200696,SIC-ID-DB328944D2B7,NULL,,SICUREZZA,0,PROMO_SETTEMBRE_VIP,ATTIVO
romapatrickx27@gmail.com,Null,Null,Romapatrickx27,+393394700867,SIC-ID-F2FD77D64915,NULL,,SICUREZZA,0,PROMO_SETTEMBRE_VIP,ATTIVO
info@romeasfalti.it,Null,Null,Romea Asfalti Srl,+39041698366,SIC-ID-036CD507EF61,NULL,,SICUREZZA,0,PROMO_SETTEMBRE_VIP,ATTIVO
rominaruzzetti@yahoo.it,Null,Null,Rominaruzzetti,,SIC-ID-3F4205DD13D1,NULL,,SICUREZZA,0,PROMO_SETTEMBRE_VIP,ATTIVO
ronertodrago1983@gmail.com,Null,Null,Ronertodrago1983,,SIC-ID-A92E85062ECB,NULL,,SICUREZZA,0,PROMO_SETTEMBRE_VIP,ATTIVO
roobnigro@hotmail.com,Null,Null,Roobnigro,+393488095507,SIC-ID-5DFE9F7140A4,NULL,,SICUREZZA,0,PROMO_SETTEMBRE_VIP,ATTIVO
ropier61@gmail.com,Null,Null,Ropier61,+393488147893,SIC-ID-EDF68A8E09F6,NULL,,SICUREZZA,0,PROMO_SETTEMBRE_VIP,ATTIVO
rosacolagiacomo@libero.it,Null,Null,Rosacolagiacomo,,SIC-ID-68C1132FF225,NULL,,SICUREZZA,0,PROMO_SETTEMBRE_VIP,ATTIVO
rosanna.buono61@gmail.com,Null,Null,Rosanna Buono61,,SIC-ID-86B49F8F306C,NULL,,SICUREZZA,0,PROMO_SETTEMBRE_VIP,ATTIVO
rosariapanzuti@gmail.com,Null,Null,Rosariapanzuti,,SIC-ID-6D17299E30D7,NULL,,SICUREZZA,0,PROMO_SETTEMBRE_VIP,ATTIVO
rosario186@hotmail.it,Null,Null,Rosario186,,SIC-ID-71C0B8980CBF,NULL,,SICUREZZA,0,PROMO_SETTEMBRE_VIP,ATTIVO
rosatistefania4@gmail.com,Null,Null,Rosatistefania4,+393476427107,SIC-ID-25CE5BE92071,NULL,,SICUREZZA,0,PROMO_SETTEMBRE_VIP,ATTIVO
rosazulema@hotmail.it,Null,Null,Rosazulema,,SIC-ID-77530309AA25,NULL,,SICUREZZA,0,PROMO_SETTEMBRE_VIP,ATTIVO
roscip80@gmail.com,Null,Null,Roscip80,,SIC-ID-0CF0923F4E0F,NULL,,SICUREZZA,0,PROMO_SETTEMBRE_VIP,ATTIVO
rospo1971@libero.it,Null,Null,Rospo1971,,SIC-ID-3812E80AD34E,NULL,,SICUREZZA,0,PROMO_SETTEMBRE_VIP,ATTIVO
rosscar@libero.it,Null,Null,Rosscar,,SIC-ID-FC1592FC1B03,NULL,,SICUREZZA,0,PROMO_SETTEMBRE_VIP,ATTIVO
77rossella.c@gmail.com,Null,Null,Rossella C,+393387322286,SIC-ID-DB5F742EC994,NULL,,SICUREZZA,0,PROMO_SETTEMBRE_VIP,ATTIVO
rossi.alessandra@live.it,Null,Null,Rossi Alessandra,,SIC-ID-D95E5EBDC1F8,NULL,,SICUREZZA,0,PROMO_SETTEMBRE_VIP,ATTIVO
rossigraziano1974@gmail.com,Null,Null,Rossigraziano1974 Rossi,+393393779441,SIC-ID-C99B051FF45F,NULL,,SICUREZZA,0,PROMO_SETTEMBRE_VIP,ATTIVO
rossini_rondina@alice.it,Null,Null,Rossini_rondina,,SIC-ID-D9A8A8D62398,NULL,,SICUREZZA,0,PROMO_SETTEMBRE_VIP,ATTIVO
rouge.diamond@tiscali.it,Null,Null,Rouge Diamond,,SIC-ID-8FD33CB14AE7,NULL,,SICUREZZA,0,PROMO_SETTEMBRE_VIP,ATTIVO
jessicaferro85@gmail.com,Null,Null,Route 443 Di Ferro Gessica,,SIC-ID-C9367C2B29DF,NULL,,SICUREZZA,0,PROMO_SETTEMBRE_VIP,ATTIVO
rovai.lucia@gmail.com,Null,Null,Rovai Lucia,,SIC-ID-3F5EE50CB1F0,NULL,,SICUREZZA,0,PROMO_SETTEMBRE_VIP,ATTIVO
rovigo@uisp.it,Null,Null,Rovigo Uisp,,SIC-ID-A5B942A1FDCF,NULL,,SICUREZZA,0,PROMO_SETTEMBRE_VIP,ATTIVO
rovigoallestimenti@libero.it,Null,Null,Rovigoallestimenti,,SIC-ID-1DC39A203F5A,NULL,,SICUREZZA,0,PROMO_SETTEMBRE_VIP,ATTIVO
roxana.dias@hotmail.it,Null,Null,Roxana Dias,,SIC-ID-D66FDC02DA48,NULL,,SICUREZZA,0,PROMO_SETTEMBRE_VIP,ATTIVO
roxdemar@gmail.com,Null,Null,Roxdemar,,SIC-ID-7577886453B3,NULL,,SICUREZZA,0,PROMO_SETTEMBRE_VIP,ATTIVO
rperazzolo@asl14chioggia.veneto.it,Null,Null,Rperazzolo,,SIC-ID-1AD76BA32EC0,NULL,,SICUREZZA,0,PROMO_SETTEMBRE_VIP,ATTIVO
rsantangelo@asl.at.it,Null,Null,Rsantangelo,,SIC-ID-92FE0EC935C4,NULL,,SICUREZZA,0,PROMO_SETTEMBRE_VIP,ATTIVO
info@ruattilegnami.it,Null,Null,Ruatti Legnami S.r.l.,+390463901270,SIC-ID-089B216E6562,NULL,,SICUREZZA,0,PROMO_SETTEMBRE_VIP,ATTIVO
ruben_1983@libero.it,Null,Null,Ruben_1983,,SIC-ID-70C5B23C8B8B,NULL,,SICUREZZA,0,PROMO_SETTEMBRE_VIP,ATTIVO
ruffo_angela@libero.it,Null,Null,Ruffo_angela Ruffo,,SIC-ID-2D6E1FC92997,NULL,,SICUREZZA,0,PROMO_SETTEMBRE_VIP,ATTIVO
russoleoluca@gmail.com,Null,Null,Russoleoluca,,SIC-ID-06BA61AFBB54,NULL,,SICUREZZA,0,PROMO_SETTEMBRE_VIP,ATTIVO
s_battan@hotmail.it,Null,Null,S,,SIC-ID-A3F099B0AF75,NULL,,SICUREZZA,0,L1_FREDDI_RIPERMISSIONING,ATTIVO
s.fontanelli68@gmail.com,Null,Null,S Fontanelli68,+393452329228,SIC-ID-9461B9F03ABE,NULL,,SICUREZZA,0,PROMO_SETTEMBRE_VIP,ATTIVO
s.marotta@marottahse.it,Null,Null,S Marotta,,SIC-ID-59D852CB3CF6,NULL,,SICUREZZA,0,PROMO_SETTEMBRE_VIP,ATTIVO
s.presti76@gmail.com,Null,Null,S Presti76,+393386440072,SIC-ID-37680D2863C7,NULL,,SICUREZZA,0,PROMO_SETTEMBRE_VIP,ATTIVO
s.simone81@gmail.com,Null,Null,S Simone81,+393923769296,SIC-ID-E19B28506704,NULL,,SICUREZZA,0,PROMO_SETTEMBRE_VIP,ATTIVO
info@solitec.eu,Null,Null,S. I. P. I. Nord Srl,+390636381299,SIC-ID-D99B5EF2510C,NULL,,SICUREZZA,0,PROMO_SETTEMBRE_VIP,ATTIVO
info@scscostruzioniedilisrl.com,Null,Null,S.c.s. Costruzioni Edili S.r.l. Societa Unipersonale,,SIC-ID-3BAC3399D820,NULL,,SICUREZZA,0,PROMO_SETTEMBRE_VIP,ATTIVO
sicesgroupsrl@libero.it,Null,Null,S.i.c.e.s. Group S.r.l.,+393451193377,SIC-ID-1D6E4D98D29D,NULL,,SICUREZZA,0,PROMO_SETTEMBRE_VIP,ATTIVO
simemarsala@gmail.com,Null,Null,S.i.m.e. S.r.l.,+390923969492,SIC-ID-6FC179AD379A,NULL,,SICUREZZA,0,PROMO_SETTEMBRE_VIP,ATTIVO
info@sljco.it,Null,Null,"S.lj.co. Srl | Impresa Edile Di Costruzione, Restauro E Ristrutturazione | Bologna",+39051474040,SIC-ID-77608F1F3935,NULL,,SICUREZZA,0,PROMO_SETTEMBRE_VIP,ATTIVO
spcostruzioni84@gmail.com,Null,Null,S.p. Costruzioni,+393895215720,SIC-ID-A26CCC9C3ED3,NULL,,SICUREZZA,0,PROMO_SETTEMBRE_VIP,ATTIVO
info@irce.it,Null,Null,S.p.s. Impresa Edile,+390542670621,SIC-ID-A80554C0FCE7,NULL,,SICUREZZA,0,PROMO_SETTEMBRE_VIP,ATTIVO
svscostruzionisrl@virgilio.it,Null,Null,S.v.s. Costruzioni S.r.l.,+390923553848,SIC-ID-5AA315FBA8FF,NULL,,SICUREZZA,0,PROMO_SETTEMBRE_VIP,ATTIVO
odv@sacspa.it,Null,Null,Sac • Società Appalti Costruzioni S.p.a.,+39068084741,SIC-ID-0657EC3F1AD7,NULL,,SICUREZZA,0,PROMO_SETTEMBRE_VIP,ATTIVO
info@sardahousesrl.com,Null,Null,Sarda House S.r.l.,+393281295128,SIC-ID-74A5849D405D,NULL,,SICUREZZA,0,PROMO_SETTEMBRE_VIP,ATTIVO
sg.sciacchitano@calcestruzzi.it,Null,Null,Sciacchitano Savio Giuseppe,33420857560,SIC-ID-01527BEEF980,NULL,,SICUREZZA,0,PROMO_SETTEMBRE_VIP,ATTIVO
seimpresaedile@gmail.com,Null,Null,Se Impresa Edile,+393358485231,SIC-ID-C1CAAEAA9EC1,NULL,,SICUREZZA,0,PROMO_SETTEMBRE_VIP,ATTIVO
info@albarestauri.it,Null,Null,Serramenti Albarestauri,+393922186855,SIC-ID-5BD423A445E3,NULL,,SICUREZZA,0,PROMO_SETTEMBRE_VIP,ATTIVO
sm-costruzioni@outlook.com,Null,Null,Sm Costruzioni Di Mura Srl,+393285615358,SIC-ID-F20A8D06BE92,NULL,,SICUREZZA,0,PROMO_SETTEMBRE_VIP,ATTIVO
smn-design@outlook.com,Null,Null,"Smn Design | Interior Design & Brand Identity | Progettazione Boutique, Ristoranti, Bar, Hotel & Uffici",,SIC-ID-1AD9306F5A95,NULL,,SICUREZZA,0,PROMO_SETTEMBRE_VIP,ATTIVO
info@svrristrutturazioni.it,Null,Null,Svr Ristrutturazioni Roma,+393394972833,SIC-ID-53483F15ED14,NULL,,SICUREZZA,0,PROMO_SETTEMBRE_VIP,ATTIVO
sabina@studioborgato.it,Null,Null,Sabina,,SIC-ID-810B2DD39906,NULL,,SICUREZZA,0,PROMO_SETTEMBRE_VIP,ATTIVO
sabrina@cssanna.com,Null,Null,Sabrina,,SIC-ID-103FC331DD58,NULL,,SICUREZZA,0,PROMO_SETTEMBRE_VIP,ATTIVO
sabrina.dalmaso@gmail.com,Null,Null,Sabrina Dalmaso,+39335276769,SIC-ID-5264F82A4C04,NULL,,SICUREZZA,0,PROMO_SETTEMBRE_VIP,ATTIVO
sabrina.dore@alice.it,Null,Null,Sabrina Dore,,SIC-ID-09C4EBC55C61,NULL,,SICUREZZA,0,PROMO_SETTEMBRE_VIP,ATTIVO
sabrina.laterra@libero.it,Null,Null,Sabrina Laterra,+393483544599,SIC-ID-D2C40E05E47F,NULL,,SICUREZZA,0,PROMO_SETTEMBRE_VIP,ATTIVO
sabrinaka80@gmail.com,Null,Null,Sabrinaka80,,SIC-ID-9E5A193BA07E,NULL,,SICUREZZA,0,PROMO_SETTEMBRE_VIP,ATTIVO
sabrinap3691@gmail.com,Null,Null,Sabrinap3691,,SIC-ID-E85600E1C1B4,NULL,,SICUREZZA,0,PROMO_SETTEMBRE_VIP,ATTIVO
saccoman.enrico@libero.it,Null,Null,Saccoman Enrico,+393407984884,SIC-ID-F97C95731210,NULL,,SICUREZZA,0,PROMO_SETTEMBRE_VIP,ATTIVO
saed.ro@virgilio.it,Null,Null,Saed Ro,,SIC-ID-6B13D2B1CADA,NULL,,SICUREZZA,0,PROMO_SETTEMBRE_VIP,ATTIVO
info@saferlugo.it,Null,Null,Safer - Impresa Edile - Ristrutturazioni - Manutenzioni - Recupero Edifici,+39054530493,SIC-ID-F0794E7817F0,NULL,,SICUREZZA,0,PROMO_SETTEMBRE_VIP,ATTIVO
amministrazione@salgaim.it,Null,Null,Salgaim Ecologic Spa,,SIC-ID-7D23D53551F3,NULL,,SICUREZZA,0,PROMO_SETTEMBRE_VIP,ATTIVO
saln@libero.it,Null,Null,Saln Salnitri Lyo,+393489022121,SIC-ID-062338D0B3BC,NULL,,SICUREZZA,0,PROMO_SETTEMBRE_VIP,ATTIVO
salone.bolleblu@virgilio.it,Null,Null,Salone Bolle Blu,+393357576234,SIC-ID-44F04DD790F4,NULL,,SICUREZZA,0,PROMO_SETTEMBRE_VIP,ATTIVO
lessenzadibellessere@gmail.com,Null,Null,Salute & Movimento A.s.d.,,SIC-ID-F25967E792C9,NULL,,SICUREZZA,0,PROMO_SETTEMBRE_VIP,ATTIVO
info@salvamentoacademy.com,Null,Null,Salvamento Informazioni,,SIC-ID-E2B7BEA61EDF,NULL,,SICUREZZA,0,PROMO_SETTEMBRE_VIP,ATTIVO
salvatore.masia1966@gmail.com,Null,Null,Salvatore Masia1966,,SIC-ID-03413E52146A,NULL,,SICUREZZA,0,PROMO_SETTEMBRE_VIP,ATTIVO
zngcostruzioni@virgilio.it,Null,Null,Salvatore Zingaro Impresa Edile,+390516841388,SIC-ID-4F7C8CA8962B,NULL,,SICUREZZA,0,PROMO_SETTEMBRE_VIP,ATTIVO
salvatoresprio.arch@gmail.com,Null,Null,Salvatoresprio Arch,,SIC-ID-41849B2C7D62,NULL,,SICUREZZA,0,PROMO_SETTEMBRE_VIP,ATTIVO
salvo.belllo@hotmail.it,Null,Null,Salvo Belllo,,SIC-ID-9B889FAB72EC,NULL,,SICUREZZA,0,PROMO_SETTEMBRE_VIP,ATTIVO
salvofu40@gmail.com,Null,Null,Salvofu40,,SIC-ID-273FBEEDCD8B,NULL,,SICUREZZA,0,PROMO_SETTEMBRE_VIP,ATTIVO
samantamicheletti@gmail.com,Null,Null,Samantamicheletti,34752893250,SIC-ID-95D18647100A,NULL,,SICUREZZA,0,PROMO_SETTEMBRE_VIP,ATTIVO
samantha@autocarrozzerianico.it,Null,Null,Samantha,,SIC-ID-CFD608326728,NULL,,SICUREZZA,0,PROMO_SETTEMBRE_VIP,ATTIVO
samantha.to@alice.it,Null,Null,Samantha To,,SIC-ID-27F747A62109,NULL,,SICUREZZA,0,PROMO_SETTEMBRE_VIP,ATTIVO
samehkhlefa30@gmail.com,Null,Null,Samehkhlefa30,,SIC-ID-F0A32543AA01,NULL,,SICUREZZA,0,PROMO_SETTEMBRE_VIP,ATTIVO
sampeibettin@libero.it,Null,Null,Sampeibettin,,SIC-ID-FFF7525F02CE,NULL,,SICUREZZA,0,PROMO_SETTEMBRE_VIP,ATTIVO
samuele.barbato@bmautomazioni.com,Null,Null,Samuele Barbato,+3934713823150,SIC-ID-348342489C95,NULL,,SICUREZZA,0,PROMO_SETTEMBRE_VIP,ATTIVO
sanchez.gemmac@gmail.com,Null,Null,Sanchez Gemmac,,SIC-ID-5866A75DF28F,NULL,,SICUREZZA,0,PROMO_SETTEMBRE_VIP,ATTIVO
sandra.boscolo@studiorosteghin.it,Null,Null,Sandra Boscolo,,SIC-ID-B96662938B4E,NULL,,SICUREZZA,0,PROMO_SETTEMBRE_VIP,ATTIVO
sandra_8@hotmail.it,Null,Null,Sandra_8,+393357356146,SIC-ID-F0DB40EF02AC,NULL,,SICUREZZA,0,PROMO_SETTEMBRE_VIP,ATTIVO
sandraferri81@gmail.com,Null,Null,Sandraferri81,+393357604637,SIC-ID-4A0EEFCB8254,NULL,,SICUREZZA,0,PROMO_SETTEMBRE_VIP,ATTIVO
sandro.bevilacqua@confcom.it,Null,Null,Sandro Bevilacqua,+3932846609840,SIC-ID-D81E5CA0F62E,NULL,,SICUREZZA,0,PROMO_SETTEMBRE_VIP,ATTIVO
sandrotortello@gmail.com,Null,Null,Sandro Tortello,+393284829318,SIC-ID-0AC717704159,NULL,,SICUREZZA,0,PROMO_SETTEMBRE_VIP,ATTIVO
sandromagnani@tiscali.it,Null,Null,Sandromagi Dona,+393487347694,SIC-ID-6E2B19AC4800,NULL,,SICUREZZA,0,PROMO_SETTEMBRE_VIP,ATTIVO
sangiusto.oratorio@gmail.com,Null,Null,Sangiusto Oratorio,,SIC-ID-A8310AF850A3,NULL,,SICUREZZA,0,PROMO_SETTEMBRE_VIP,ATTIVO
sanounoubaba@gmail.com,Null,Null,Sanounoubaba,,SIC-ID-CC025A6AC708,NULL,,SICUREZZA,0,PROMO_SETTEMBRE_VIP,ATTIVO
sante.casini@marcegaglia.com,Null,Null,Sante Casini,,SIC-ID-40433ACE5D2D,NULL,,SICUREZZA,0,PROMO_SETTEMBRE_VIP,ATTIVO
santoriello.mara@gmail.com,Null,Null,Santoriello Mara,,SIC-ID-CA0BC43C05CD,NULL,,SICUREZZA,0,PROMO_SETTEMBRE_VIP,ATTIVO
sarabellan81@gmail.com,Null,Null,Sara Bellan,+393408520549,SIC-ID-FF855ACC3071,NULL,,SICUREZZA,0,PROMO_SETTEMBRE_VIP,ATTIVO
aziendasarasrl@libero.it,Null,Null,Sara Costruzioni E Servizi S.r.l,+393332489210,SIC-ID-A876FBE93FED,NULL,,SICUREZZA,0,PROMO_SETTEMBRE_VIP,ATTIVO
sara.duchi@alice.it,Null,Null,Sara Duchi,+393348156764,SIC-ID-BC7B75434F1A,NULL,,SICUREZZA,0,PROMO_SETTEMBRE_VIP,ATTIVO
sara.renosto@heslab.it,Null,Null,Sara Renosto,+393206053662,SIC-ID-02F2087D6F5F,NULL,,SICUREZZA,0,PROMO_SETTEMBRE_VIP,ATTIVO
sara.tiozzo@attivamenteonlus.it,Null,Null,Sara Tiozzo,+393519646302,SIC-ID-E5BC8763D6BB,NULL,,SICUREZZA,0,PROMO_SETTEMBRE_VIP,ATTIVO
sarabordina87@tiscali.it,Null,Null,Sarabordina87,,SIC-ID-46D6C78BE1E7,NULL,,SICUREZZA,0,PROMO_SETTEMBRE_VIP,ATTIVO
sardastrade@gmail.com,Null,Null,Sarda Strade Srl,+39070243372,SIC-ID-6706A99F7605,NULL,,SICUREZZA,0,PROMO_SETTEMBRE_VIP,ATTIVO
info@saritalia.eu,Null,Null,Saritalia Srl,+390664651252,SIC-ID-BB5ABEA8170A,NULL,,SICUREZZA,0,PROMO_SETTEMBRE_VIP,ATTIVO
info@sarmucicostruzioni.it,Null,Null,Sarmuci Costruzioni Srl Di Nino Stellino,+393899218415,SIC-ID-C31B0CC97649,NULL,,SICUREZZA,0,PROMO_SETTEMBRE_VIP,ATTIVO
info@sarotto.it,Null,Null,Sarotto Group,,SIC-ID-4889CA01F3A9,NULL,,SICUREZZA,0,PROMO_SETTEMBRE_VIP,ATTIVO
sarri@ebret.it,Null,Null,Sarri,,SIC-ID-06C792C3DDE9,NULL,,SICUREZZA,0,PROMO_SETTEMBRE_VIP,ATTIVO
sarta.carolina@gmail.com,Null,Null,Sarta Carolina,,SIC-ID-253CB07FEF2D,NULL,,SICUREZZA,0,PROMO_SETTEMBRE_VIP,ATTIVO
sartoriamontagnana@gmail.com,Null,Null,Sartoriamontaga,,SIC-ID-404874775A40,NULL,,SICUREZZA,0,PROMO_SETTEMBRE_VIP,ATTIVO
sauro.vivian@gmail.com,Null,Null,Sauro Vivian,,SIC-ID-A6EE5E2492D5,NULL,,SICUREZZA,0,PROMO_SETTEMBRE_VIP,ATTIVO
sauroviviani@gmail.com,Null,Null,Sauroviviani,,SIC-ID-3616076E4552,NULL,,SICUREZZA,0,PROMO_SETTEMBRE_VIP,ATTIVO
sayadtoor8@gmail.com,Null,Null,Sayadtoor8,,SIC-ID-F518ECC28B34,NULL,,SICUREZZA,0,PROMO_SETTEMBRE_VIP,ATTIVO
sbappa69@gmail.com,Null,Null,Sbappa69,,SIC-ID-75BF20B32C89,NULL,,SICUREZZA,0,PROMO_SETTEMBRE_VIP,ATTIVO
sbposta@outlook.com,Null,Null,Sbposta,,SIC-ID-4E1E113625B8,NULL,,SICUREZZA,0,PROMO_SETTEMBRE_VIP,ATTIVO
sbs.professionisti@gmail.com,Null,Null,Sbs Professionisti,,SIC-ID-A9B9D35AF33A,NULL,,SICUREZZA,0,PROMO_SETTEMBRE_VIP,ATTIVO
scampeotto@libero.it,Null,Null,Scampeotto Campeotto,+3934779100170,SIC-ID-A99B2C87713F,NULL,,SICUREZZA,0,PROMO_SETTEMBRE_VIP,ATTIVO
g.parisi@scavitelsrl.it,Null,Null,Scavitel S.r.l.,+393929396607,SIC-ID-032A49B97C72,NULL,,SICUREZZA,0,PROMO_SETTEMBRE_VIP,ATTIVO
info@diemmeinfissi.com,Null,Null,Scegliere Infissi Lucca - Diemme Infissi,+390583990244,SIC-ID-5F4E91C8D67B,NULL,,SICUREZZA,0,PROMO_SETTEMBRE_VIP,ATTIVO
schibapaolo@alice.it,Null,Null,Schibapaolo,+393483968101,SIC-ID-768A22A8CAF2,NULL,,SICUREZZA,0,PROMO_SETTEMBRE_VIP,ATTIVO
info@ceramichesciacca.it,Null,Null,Sciacca Francesco & Figli S.a.s,+390923990603,SIC-ID-6A7ACDFB4977,NULL,,SICUREZZA,0,PROMO_SETTEMBRE_VIP,ATTIVO
scorze@cattolica.it,Null,Null,Scorze,,SIC-ID-D1CE2FD293F2,NULL,,SICUREZZA,0,PROMO_SETTEMBRE_VIP,ATTIVO
screamin_eagle@hotmail.it,Null,Null,Screamin,,SIC-ID-24EBD4BA30D6,NULL,,SICUREZZA,0,PROMO_SETTEMBRE_VIP,ATTIVO
scuttari.luciano@libero.it,Null,Null,Scuttari Luciano,+393482712724,SIC-ID-B7053ACBC8B7,NULL,,SICUREZZA,0,PROMO_SETTEMBRE_VIP,ATTIVO
scuttariservice@gmail.com,Null,Null,Scuttariservice,,SIC-ID-489724D50D60,NULL,,SICUREZZA,0,PROMO_SETTEMBRE_VIP,ATTIVO
sds.ferro@libero.it,Null,Null,Sds Ferro,,SIC-ID-75C505CF197A,NULL,,SICUREZZA,0,PROMO_SETTEMBRE_VIP,ATTIVO
info@se-car.it,Null,Null,Se. Car. Srl,+390415631181,SIC-ID-FC1365C2F859,NULL,,SICUREZZA,0,PROMO_SETTEMBRE_VIP,ATTIVO
info@secsrl.it,Null,Null,Sec S.r.l.,+390456301979,SIC-ID-40231C57224B,NULL,,SICUREZZA,0,PROMO_SETTEMBRE_VIP,ATTIVO
info@sedefa.it,Null,Null,Sedefa,+39068804425,SIC-ID-0BE75C06DE5D,NULL,,SICUREZZA,0,PROMO_SETTEMBRE_VIP,ATTIVO
segalaenrica@alice.it,Null,Null,Segalaenrica,,SIC-ID-3DE2E32C8DBF,NULL,,SICUREZZA,0,PROMO_SETTEMBRE_VIP,ATTIVO
segreteria@ebav.it,Null,Null,Segreteria,,SIC-ID-25B9B95E05F1,NULL,,SICUREZZA,0,PROMO_SETTEMBRE_VIP,ATTIVO
consorzio.cics@gmail.com,Null,Null,Segreteria Cics - Studio Pozzato,,SIC-ID-D20E7C476139,NULL,,SICUREZZA,0,PROMO_SETTEMBRE_VIP,ATTIVO
segreteria@outsphera.it,Null,Null,Segreteria Srl,,SIC-ID-B0FCE3E897DA,NULL,,SICUREZZA,0,PROMO_SETTEMBRE_VIP,ATTIVO
segreteriaconsulenze@gmail.com,Null,Null,Segreteriaconsulenze,,SIC-ID-D7E831A35506,NULL,,SICUREZZA,0,PROMO_SETTEMBRE_VIP,ATTIVO
segreterianazionale@anfos.it,Null,Null,Segreterianazionale,,SIC-ID-58BAB908797A,NULL,,SICUREZZA,0,PROMO_SETTEMBRE_VIP,ATTIVO
senrico@lattebusche.it,Null,Null,Senrico,,SIC-ID-38AFF2492927,NULL,,SICUREZZA,0,PROMO_SETTEMBRE_VIP,ATTIVO
bucciserena72@gmail.com,Null,Null,Serena,,SIC-ID-937B2B301E4D,NULL,,SICUREZZA,0,PROMO_SETTEMBRE_VIP,ATTIVO
serena.coiffure@gmail.com,Null,Null,Serena Coiffure,+393494236175,SIC-ID-C0AD8BCFD690,NULL,,SICUREZZA,0,PROMO_SETTEMBRE_VIP,ATTIVO
serena-boin@alice.it,Null,Null,Serena-boin,,SIC-ID-0A82B19BB7BB,NULL,,SICUREZZA,0,PROMO_SETTEMBRE_VIP,ATTIVO
sergio.pizzo.1992@gmail.com,Null,Null,Sergio Pizzo 1992,,SIC-ID-D1A3ECE0129D,NULL,,SICUREZZA,0,PROMO_SETTEMBRE_VIP,ATTIVO
sergio.silecchia@gmail.com,Null,Null,Sergio Silecchia,+393404839027,SIC-ID-B956F953714E,NULL,,SICUREZZA,0,PROMO_SETTEMBRE_VIP,ATTIVO
sergioricci.cabaret@alice.it,Null,Null,Sergioricci Cabaret,,SIC-ID-E46686484DC8,NULL,,SICUREZZA,0,PROMO_SETTEMBRE_VIP,ATTIVO
service@hyperbc.com,Null,Null,Service,,SIC-ID-76F8E3F06DE4,NULL,,SICUREZZA,0,PROMO_SETTEMBRE_VIP,ATTIVO
service.at@organic.plus,Null,Null,Service At,,SIC-ID-3811B6C37847,NULL,,SICUREZZA,0,PROMO_SETTEMBRE_VIP,ATTIVO
service.it@organic.plus,Null,Null,Service It,+393336184461,SIC-ID-FD0AB8510C39,NULL,,SICUREZZA,0,PROMO_SETTEMBRE_VIP,ATTIVO
service.it@cashbackworld.com,Null,Null,Service It,+393881809475,SIC-ID-B8B751B2571C,NULL,,SICUREZZA,0,PROMO_SETTEMBRE_VIP,ATTIVO
service.it@cashback-solutions.com,Null,Null,Service It,+393386896289,SIC-ID-3953D8BCE502,NULL,,SICUREZZA,0,PROMO_SETTEMBRE_VIP,ATTIVO
serviceplants@yahoo.it,Null,Null,Service Plants,299001500,SIC-ID-742799C5103C,NULL,,SICUREZZA,0,PROMO_SETTEMBRE_VIP,ATTIVO
rec_srl@virgilio.it,Null,Null,Servizi Edili R.c.,+393389347865,SIC-ID-7EBF43C57842,NULL,,SICUREZZA,0,PROMO_SETTEMBRE_VIP,ATTIVO
servizi.online@agsm.it,Null,Null,Servizi Online,,SIC-ID-A431DB2F922B,NULL,,SICUREZZA,0,PROMO_SETTEMBRE_VIP,ATTIVO
servizicontabilidozzi@yahoo.it,Null,Null,Servizicontabilidozzi,,SIC-ID-3B7DF2689F65,NULL,,SICUREZZA,0,PROMO_SETTEMBRE_VIP,ATTIVO
serviziimmobiliari.rovigo@gmail.com,Null,Null,Serviziimmobiliari Rovigo,,SIC-ID-4FC513AB0894,NULL,,SICUREZZA,0,PROMO_SETTEMBRE_VIP,ATTIVO
servizio_clienti@genertel.it,Null,Null,Servizio,,SIC-ID-2DC7C5A7F624,NULL,,SICUREZZA,0,PROMO_SETTEMBRE_VIP,ATTIVO
vaccinazioniadria@aulss5.veneto.it,Null,Null,Servizio Adria,,SIC-ID-DE2D2FAB12E8,NULL,,SICUREZZA,0,PROMO_SETTEMBRE_VIP,ATTIVO
servizio.clienti@ascotrade.it,Null,Null,Servizio Ascotrade,,SIC-ID-DC07F3271FFB,NULL,,SICUREZZA,0,PROMO_SETTEMBRE_VIP,ATTIVO
servizioclienti@hiperformance.it,Null,Null,Servizio Performance,,SIC-ID-5C0846E3D165,NULL,,SICUREZZA,0,PROMO_SETTEMBRE_VIP,ATTIVO
servizioalcliente@sinfon.it,Null,Null,Servizioalcliente,,SIC-ID-377B2EFC56D1,NULL,,SICUREZZA,0,PROMO_SETTEMBRE_VIP,ATTIVO
servizioclienti@housers.com,Null,Null,Servizioclienti,,SIC-ID-4BDBE44386AD,NULL,,SICUREZZA,0,PROMO_SETTEMBRE_VIP,ATTIVO
servizisalvatempo@gmail.com,Null,Null,Servizisalvatempo,,SIC-ID-D7C535C1EE56,NULL,,SICUREZZA,0,PROMO_SETTEMBRE_VIP,ATTIVO
sesillo@alice.it,Null,Null,Sesillo,,SIC-ID-974D9D168F00,NULL,,SICUREZZA,0,PROMO_SETTEMBRE_VIP,ATTIVO
seunogunruku@gmail.com,Null,Null,Seunogunruku,,SIC-ID-48125F051A1E,NULL,,SICUREZZA,0,PROMO_SETTEMBRE_VIP,ATTIVO
sfsuperesse124@gmail.com,Null,Null,Sfsuperesse124,394990130,SIC-ID-24E5EE21B3A1,NULL,,SICUREZZA,0,PROMO_SETTEMBRE_VIP,ATTIVO
sgiovanelli@daneurope.org,Null,Null,Sgiovanelli,,SIC-ID-B4FC74AA12A6,NULL,,SICUREZZA,0,PROMO_SETTEMBRE_VIP,ATTIVO
sgsprogetti.tv@gmail.com,Null,Null,Sgsprogetti Tv,+393332873270,SIC-ID-E258E696E03D,NULL,,SICUREZZA,0,PROMO_SETTEMBRE_VIP,ATTIVO
sgsquarcina@virgilio.it,Null,Null,Sgsquarcina,,SIC-ID-ABF2C8D8AE57,NULL,,SICUREZZA,0,PROMO_SETTEMBRE_VIP,ATTIVO
shopwki@wki.it,Null,Null,Shopwki Fontana,+393477033437,SIC-ID-314606C69D77,NULL,,SICUREZZA,0,PROMO_SETTEMBRE_VIP,ATTIVO
info@edilfuni.it,Null,Null,Sicil Funi Sicilia Impresa Edile,+393505322461,SIC-ID-24D3331E93AD,NULL,,SICUREZZA,0,PROMO_SETTEMBRE_VIP,ATTIVO
siciliaponteggisrls2020@gmail.com,Null,Null,Sicilia Ponteggi Srls,+393275359957,SIC-ID-52542DC24F7F,NULL,,SICUREZZA,0,PROMO_SETTEMBRE_VIP,ATTIVO
sicilscavi@live.it,Null,Null,Sicilscavi Di Spampinato Salvatore,+393515320364,SIC-ID-284A011A043F,NULL,,SICUREZZA,0,PROMO_SETTEMBRE_VIP,ATTIVO
sicurezza@karrell.it,Null,Null,Sicurezza,,SIC-ID-DA2658D4592F,NULL,,SICUREZZA,0,PROMO_SETTEMBRE_VIP,ATTIVO
sicurezza@simmerle-ecodrive.it,Null,Null,Sicurezza,32908998160,SIC-ID-4429F42AAA32,NULL,,SICUREZZA,0,PROMO_SETTEMBRE_VIP,ATTIVO
info@sicurezza.pro,Null,Null,Sicurezza. Della Sicurezza,,SIC-ID-1B283FB7D8AB,NULL,,SICUREZZA,0,PROMO_SETTEMBRE_VIP,ATTIVO
sicurissimo.online@gmail.com,Null,Null,Sicurissimo Online,,SIC-ID-3B4057D4B936,NULL,,SICUREZZA,0,PROMO_SETTEMBRE_VIP,ATTIVO
infosicurissimo@gmail.com,Null,Null,Sicurissimo Pregnolato Privato,+393388771737,SIC-ID-E01FF8C271ED,NULL,,SICUREZZA,0,PROMO_SETTEMBRE_VIP,ATTIVO
sicuteria@libero.it,Null,Null,Sicuteria,,SIC-ID-930CAD70F6B9,NULL,,SICUREZZA,0,PROMO_SETTEMBRE_VIP,ATTIVO
giorgio@sidermori.it,Null,Null,Sidermori Srl,+390464918631,SIC-ID-58687ECC7B42,NULL,,SICUREZZA,0,PROMO_SETTEMBRE_VIP,ATTIVO
sigimar@sigimar.it,Null,Null,Sigimar,,SIC-ID-9C5A820F0B81,NULL,,SICUREZZA,0,PROMO_SETTEMBRE_VIP,ATTIVO
signormatita@gmail.com,Null,Null,Signormatita,,SIC-ID-D4B1A69CA021,NULL,,SICUREZZA,0,PROMO_SETTEMBRE_VIP,ATTIVO
silvano67s@gmail.com,Null,Null,Silvanos,+393357693125,SIC-ID-E363F097D2FD,NULL,,SICUREZZA,0,PROMO_SETTEMBRE_VIP,ATTIVO
silvia.beltrame@itstecnologie.it,Null,Null,Silvia Beltrame,+393357818190,SIC-ID-112722C74687,NULL,,SICUREZZA,0,PROMO_SETTEMBRE_VIP,ATTIVO
silvia@elettrocostruzioni.com,Null,Null,Silvia Busson Com,+393479474716,SIC-ID-447A4C737BC7,NULL,,SICUREZZA,0,PROMO_SETTEMBRE_VIP,ATTIVO
silvia.casson@attivamenteonlus.it,Null,Null,Silvia Casson,+393356353336,SIC-ID-F3FD9DFDCA38,NULL,,SICUREZZA,0,PROMO_SETTEMBRE_VIP,ATTIVO
silvia@centrodicalcolo.it,Null,Null,Silvia Crepaldi,+393207872234,SIC-ID-D82779BCC196,NULL,,SICUREZZA,0,PROMO_SETTEMBRE_VIP,ATTIVO
marzettisilvia@gmail.com,Null,Null,Silvia Marzetti,,SIC-ID-40D482B3DF81,NULL,,SICUREZZA,0,PROMO_SETTEMBRE_VIP,ATTIVO
silvia.passarella@allenza.it,Null,Null,Silvia Passarella,,SIC-ID-3CDFDD9294A0,NULL,,SICUREZZA,0,PROMO_SETTEMBRE_VIP,ATTIVO
silvia.passarella@alleanza.it,Null,Null,Silvia Passarella,+393400713397,SIC-ID-6E161C927875,NULL,,SICUREZZA,0,PROMO_SETTEMBRE_VIP,ATTIVO
silvia.zanellato87@gmail.com,Null,Null,Silvia Zanellato87,,SIC-ID-B92A202A19EA,NULL,,SICUREZZA,0,PROMO_SETTEMBRE_VIP,ATTIVO
silvia_pozzati@yahoo.it,Null,Null,Silvia_pozzati,+3934755253480,SIC-ID-4C5F0E88E15B,NULL,,SICUREZZA,0,PROMO_SETTEMBRE_VIP,ATTIVO
silviabonifazi9@gmail.com,Null,Null,Silviabonifazi9 Bonifazi,,SIC-ID-F775271713DC,NULL,,SICUREZZA,0,PROMO_SETTEMBRE_VIP,ATTIVO
silviamarzola@libero.it,Null,Null,Silviamarzola Del Gusto Di Marzola Silvia,,SIC-ID-D93019B69FC4,NULL,,SICUREZZA,0,PROMO_SETTEMBRE_VIP,ATTIVO
silviarondina86@gmail.com,Null,Null,Silviarondina86 Di Rondina Silvia,,SIC-ID-C77905B3E048,NULL,,SICUREZZA,0,PROMO_SETTEMBRE_VIP,ATTIVO
silviavanin@live.it,Null,Null,Silviavanin,+393497139156,SIC-ID-5080372DC556,NULL,,SICUREZZA,0,PROMO_SETTEMBRE_VIP,ATTIVO
silvybruno17@gmail.com,Null,Null,Silvybruno17,,SIC-ID-C9A447781B73,NULL,,SICUREZZA,0,PROMO_SETTEMBRE_VIP,ATTIVO
simo.iesir@gmail.com,Null,Null,Simo Iesir,,SIC-ID-46249842A8A4,NULL,,SICUREZZA,0,PROMO_SETTEMBRE_VIP,ATTIVO
simo.pesci@virgilio.it,Null,Null,Simo Pesci,,SIC-ID-DCE3DF22D8C9,NULL,,SICUREZZA,0,PROMO_SETTEMBRE_VIP,ATTIVO
simober@libero.it,Null,Null,Simober,,SIC-ID-58F5F65FFAC3,NULL,,SICUREZZA,0,PROMO_SETTEMBRE_VIP,ATTIVO
simoci24@hotmail.it,Null,Null,Simoci24,,SIC-ID-CC2E243D8B90,NULL,,SICUREZZA,0,PROMO_SETTEMBRE_VIP,ATTIVO
simona@evolutionforum.sm,Null,Null,Simona Massimo,+393287257621,SIC-ID-37F1216239A8,NULL,,SICUREZZA,0,PROMO_SETTEMBRE_VIP,ATTIVO
simona.mazza@hotmail.it,Null,Null,Simona Mazza,+393283295611,SIC-ID-9814371E5B70,NULL,,SICUREZZA,0,PROMO_SETTEMBRE_VIP,ATTIVO
simonacassioli@gmail.com,Null,Null,Simonacassioli Pregnolato Surf,+393494520924,SIC-ID-E609850A620A,NULL,,SICUREZZA,0,PROMO_SETTEMBRE_VIP,ATTIVO
simonadalmasso17@gmail.com,Null,Null,Simonadalmasso17,,SIC-ID-14181C3E1205,NULL,,SICUREZZA,0,PROMO_SETTEMBRE_VIP,ATTIVO
simonagozzi1@gmail.com,Null,Null,Simonagozzi1,,SIC-ID-1771C8965782,NULL,,SICUREZZA,0,PROMO_SETTEMBRE_VIP,ATTIVO
simonavendemiati@gmail.com,Null,Null,Simonavendemiati,,SIC-ID-6D3A02BB4AC5,NULL,,SICUREZZA,0,PROMO_SETTEMBRE_VIP,ATTIVO
simoncello.c@alice.it,Null,Null,Simoncello C,+393472313864,SIC-ID-8BF48CDB23AF,NULL,,SICUREZZA,0,PROMO_SETTEMBRE_VIP,ATTIVO
simone@studioatessarin.it,Null,Null,Simone,255465360,SIC-ID-0FF826A7DFE5,NULL,,SICUREZZA,0,PROMO_SETTEMBRE_VIP,ATTIVO
boscolo.simone@gmail.com,Null,Null,Simone Avv. Boscolo,,SIC-ID-F17DB1CFD1F6,NULL,,SICUREZZA,0,PROMO_SETTEMBRE_VIP,ATTIVO
simone.boscolo@gmail.com,Null,Null,Simone Boscolo,,SIC-ID-B0FB847962EE,NULL,,SICUREZZA,0,PROMO_SETTEMBRE_VIP,ATTIVO
simone.cestaro@ingetek.it,Null,Null,Simone Cestaro,+393203257596,SIC-ID-B32DE09A33D7,NULL,,SICUREZZA,0,PROMO_SETTEMBRE_VIP,ATTIVO
simone.cestaro@ondatek.it,Null,Null,Simone Cestaro,+393346147157,SIC-ID-5BBFF4DA22A7,NULL,,SICUREZZA,0,PROMO_SETTEMBRE_VIP,ATTIVO
gigosimone@gmail.com,Null,Null,Simone Cognome Email Telefono Id Cliente Backup_sicu,+3933883893430,SIC-ID-BDABCA2FBD52,NULL,,SICUREZZA,0,PROMO_SETTEMBRE_VIP,ATTIVO
simone.eynard@gmail.com,Null,Null,Simone Eynard,+393515784810,SIC-ID-87360386CC9D,NULL,,SICUREZZA,0,PROMO_SETTEMBRE_VIP,ATTIVO
simone.finardi@gmail.com,Null,Null,Simone Finardi Italy,+393428027700,SIC-ID-614BF0C7F013,NULL,,SICUREZZA,0,PROMO_SETTEMBRE_VIP,ATTIVO
simone.cason@koine.ve.it,Null,Null,Simone Lyo,+393356824460,SIC-ID-BD8C779DB25C,NULL,,SICUREZZA,0,PROMO_SETTEMBRE_VIP,ATTIVO
simone.zanella@libero.it,Null,Null,Simone Zanella,+393402327568,SIC-ID-A6162F71DD7D,NULL,,SICUREZZA,0,PROMO_SETTEMBRE_VIP,ATTIVO
simone_rondina@yahoo.it,Null,Null,Simone_rondina Scarsella,+393484190127,SIC-ID-DA42BAE7957A,NULL,,SICUREZZA,0,PROMO_SETTEMBRE_VIP,ATTIVO
simonebenetazzo@proevosrl.it,Null,Null,Simonebenetazzo,,SIC-ID-B746522EF81B,NULL,,SICUREZZA,0,PROMO_SETTEMBRE_VIP,ATTIVO
simonedelo@gmail.com,Null,Null,Simonedelo Onean,+393495044256,SIC-ID-A261F072D019,NULL,,SICUREZZA,0,PROMO_SETTEMBRE_VIP,ATTIVO
simonemoro.sm@gmail.com,Null,Null,Simonemoro Sm,+393496362330,SIC-ID-3B878F9E30F0,NULL,,SICUREZZA,0,PROMO_SETTEMBRE_VIP,ATTIVO
simonepanfilio@libero.it,Null,Null,Simonepanfilio,+393428027700,SIC-ID-0A89FC98A24E,NULL,,SICUREZZA,0,PROMO_SETTEMBRE_VIP,ATTIVO
simonettagurrisi@gmail.com,Null,Null,Simonettagurrisi,,SIC-ID-C6C47F745C7D,NULL,,SICUREZZA,0,PROMO_SETTEMBRE_VIP,ATTIVO
simonezanellati@gmail.com,Null,Null,Simonezanellati,+393402327568,SIC-ID-AC1677D3EA0B,NULL,,SICUREZZA,0,PROMO_SETTEMBRE_VIP,ATTIVO
simonmike84@gmail.com,Null,Null,Simonmike84,,SIC-ID-790C504BC73E,NULL,,SICUREZZA,0,PROMO_SETTEMBRE_VIP,ATTIVO
sinistri@linear.it,Null,Null,Sinistri,,SIC-ID-33AE429F681E,NULL,,SICUREZZA,0,PROMO_SETTEMBRE_VIP,ATTIVO
sinistri@genertel.it,Null,Null,Sinistri Genertel,32847119780,SIC-ID-5E9F469A44A4,NULL,,SICUREZZA,0,PROMO_SETTEMBRE_VIP,ATTIVO
info@sipimpresaedile.it,Null,Null,Sip Srl - Impresa Edile,+393759080960,SIC-ID-0D44031F6213,NULL,,SICUREZZA,0,PROMO_SETTEMBRE_VIP,ATTIVO
tecnico@sircosrl.it,Null,Null,Sirco S.r.l.,+390518659436,SIC-ID-CB22D229D34B,NULL,,SICUREZZA,0,PROMO_SETTEMBRE_VIP,ATTIVO
slvtrevisan@yahoo.it,Null,Null,Slvtrevisan,,SIC-ID-5ECD376BBB68,NULL,,SICUREZZA,0,PROMO_SETTEMBRE_VIP,ATTIVO
sme-service@lyoness.it,Null,Null,Sme-service Teknotherm,+393402306961,SIC-ID-FBBEA4068D88,NULL,,SICUREZZA,0,PROMO_SETTEMBRE_VIP,ATTIVO
paolo.vaccai@sogeseitalia.it,Null,Null,So.ge.se. Srl,+390516650647,SIC-ID-AC7DF141B28A,NULL,,SICUREZZA,0,PROMO_SETTEMBRE_VIP,ATTIVO
metanodonada@gmail.com,Null,Null,Societa' Metano Donada Di Sante Panetto & C Snc,,SIC-ID-42380B64BE31,NULL,,SICUREZZA,0,PROMO_SETTEMBRE_VIP,ATTIVO
societaelimarsrl@gmail.com,Null,Null,Societaelimarsrl,,SIC-ID-30D082AD224B,NULL,,SICUREZZA,0,PROMO_SETTEMBRE_VIP,ATTIVO
info@solidaedilizia.it,Null,Null,Solida - Impresa Edile,+393891535786,SIC-ID-ED825624C271,NULL,,SICUREZZA,0,PROMO_SETTEMBRE_VIP,ATTIVO
info@solidacostruzioni.com,Null,Null,Solida Costruzioni Srl,+393473639171,SIC-ID-18294BA13DAB,NULL,,SICUREZZA,0,PROMO_SETTEMBRE_VIP,ATTIVO
info@soluzioni-edili.it,Null,Null,Soluzioni Edili Bergamo,+39035247176,SIC-ID-8426F0BCD152,NULL,,SICUREZZA,0,PROMO_SETTEMBRE_VIP,ATTIVO
info@soluzioniecostruzioni.it,Null,Null,Soluzioni E Costruzioni Soc. Coop.,+393490548584,SIC-ID-549863644849,NULL,,SICUREZZA,0,PROMO_SETTEMBRE_VIP,ATTIVO
puntoceramika@gmail.com,Null,Null,Soncin Mattia Ceramika,+3932835649590,SIC-ID-54ACAED9B96B,NULL,,SICUREZZA,0,PROMO_SETTEMBRE_VIP,ATTIVO
marco.fresco@sonepar.it,Null,Null,Sonepar - Napoli - Distributore Di Materiale Elettrico,+390815503111,SIC-ID-30078C20E0A0,NULL,,SICUREZZA,0,PROMO_SETTEMBRE_VIP,ATTIVO
sonia.artusi@alice.it,Null,Null,Sonia Artusi,+393498112131,SIC-ID-12ACB01A0659,NULL,,SICUREZZA,0,PROMO_SETTEMBRE_VIP,ATTIVO
sonia.bergantin@gmail.com,Null,Null,Sonia Bergantin,+393933675436,SIC-ID-B77A9D7E3389,NULL,,SICUREZZA,0,PROMO_SETTEMBRE_VIP,ATTIVO
sonia.minorini@alice.it,Null,Null,Sonia Minorini,+393402860300,SIC-ID-BA2B21B0D97C,NULL,,SICUREZZA,0,PROMO_SETTEMBRE_VIP,ATTIVO
sonia.palmisano@tiscali.it,Null,Null,Sonia Palmisano,+393351002415,SIC-ID-3EDF940EF45F,NULL,,SICUREZZA,0,PROMO_SETTEMBRE_VIP,ATTIVO
sonia_bea@hotmail.it,Null,Null,Sonia_bea,,SIC-ID-578B7E503988,NULL,,SICUREZZA,0,PROMO_SETTEMBRE_VIP,ATTIVO
sonny88@tin.it,Null,Null,Sonny88,,SIC-ID-94E4D6758863,NULL,,SICUREZZA,0,PROMO_SETTEMBRE_VIP,ATTIVO
sophia.63@libero.it,Null,Null,Sophia 63,,SIC-ID-DF54DD68B653,NULL,,SICUREZZA,0,PROMO_SETTEMBRE_VIP,ATTIVO
soragni@giroldisoragni.it,Null,Null,Soragni,,SIC-ID-0828E032AA9A,NULL,,SICUREZZA,0,PROMO_SETTEMBRE_VIP,ATTIVO
info@soriniedilizia.it,Null,Null,Sorini,+390572635033,SIC-ID-405D0C7863E5,NULL,,SICUREZZA,0,PROMO_SETTEMBRE_VIP,ATTIVO
info@spadarouncini.it,Null,Null,Spadaro Uncini Materiali E Soluzioni Per L'edilizia,+39071908800,SIC-ID-208A61D88B7A,NULL,,SICUREZZA,0,PROMO_SETTEMBRE_VIP,ATTIVO
spagnoli@waveelectric.it,Null,Null,Spagnoli Spagnoli,+393408624986,SIC-ID-29E7C9293560,NULL,,SICUREZZA,0,PROMO_SETTEMBRE_VIP,ATTIVO
spazioliberonews@gmail.com,Null,Null,Spazioliberonews Libero News,,SIC-ID-DEA96107ADD9,NULL,,SICUREZZA,0,PROMO_SETTEMBRE_VIP,ATTIVO
spetras@tiscali.it,Null,Null,Spetras,,SIC-ID-55FFB4F86F8A,NULL,,SICUREZZA,0,PROMO_SETTEMBRE_VIP,ATTIVO
spice@supereva.it,Null,Null,Spice,,SIC-ID-A1FF4D1D16DC,NULL,,SICUREZZA,0,PROMO_SETTEMBRE_VIP,ATTIVO
katia.spigolon.1987@gmail.com,Null,Null,Spigolon Katia & Scarpa Billy,,SIC-ID-87EAFEE18697,NULL,,SICUREZZA,0,PROMO_SETTEMBRE_VIP,ATTIVO
alimentari.spinello@libero.it,Null,Null,Spinello Natalino,+390426660269,SIC-ID-2322E487CB1F,NULL,,SICUREZZA,0,PROMO_SETTEMBRE_VIP,ATTIVO
srl.logik@gmail.com,Null,Null,Srl Logik,,SIC-ID-8A362E149084,NULL,,SICUREZZA,0,PROMO_SETTEMBRE_VIP,ATTIVO
ssl.gdea@gmail.com,Null,Null,Ssl Gdea,,SIC-ID-30E8933A199A,NULL,,SICUREZZA,0,PROMO_SETTEMBRE_VIP,ATTIVO
stabe66@libero.it,Null,Null,Stabe66,,SIC-ID-83CF9F1358A2,NULL,,SICUREZZA,0,PROMO_SETTEMBRE_VIP,ATTIVO
info.staffid@gmail.com,Null,Null,Staffid,,SIC-ID-3909430B0C9B,NULL,,SICUREZZA,0,PROMO_SETTEMBRE_VIP,ATTIVO
info@villaggiobiancocalce.it,Null,Null,Stafftre S.r.l.,+393357020546,SIC-ID-1A0D132E0DAF,NULL,,SICUREZZA,0,PROMO_SETTEMBRE_VIP,ATTIVO
stbirbes@gmail.com,Null,Null,Stbirbes,,SIC-ID-17057545B0A6,NULL,,SICUREZZA,0,PROMO_SETTEMBRE_VIP,ATTIVO
stcristiano@gmail.com,Null,Null,Stcristiano,,SIC-ID-A4FC77FF235D,NULL,,SICUREZZA,0,PROMO_SETTEMBRE_VIP,ATTIVO
trionfale@stefanedil.com,Null,Null,Stefanedil - Il Mondo Dell'edilizia,+390661283731,SIC-ID-96DCB19B2C2C,NULL,,SICUREZZA,0,PROMO_SETTEMBRE_VIP,ATTIVO
stefyerdmann@gmail.com,Null,Null,Stefania Erdmann,+393454696690,SIC-ID-9D9839AC5A43,NULL,,SICUREZZA,0,PROMO_SETTEMBRE_VIP,ATTIVO
stefania.mele75@gmail.com,Null,Null,Stefania Mele75,,SIC-ID-6606EF2FA410,NULL,,SICUREZZA,0,PROMO_SETTEMBRE_VIP,ATTIVO
stefania.padoan@attivamenteonlus.it,Null,Null,Stefania Padoan,+393488435472,SIC-ID-4E7E2689F5EB,NULL,,SICUREZZA,0,PROMO_SETTEMBRE_VIP,ATTIVO
stefania.pastore@attivamenteonlus.it,Null,Null,Stefania Pastore,+393485204990,SIC-ID-1CF04B24E868,NULL,,SICUREZZA,0,PROMO_SETTEMBRE_VIP,ATTIVO
stefania.roncon@crveneto.it,Null,Null,Stefania Roncon,+393488517708,SIC-ID-0395274667C2,NULL,,SICUREZZA,0,PROMO_SETTEMBRE_VIP,ATTIVO
stefania_br@libero.it,Null,Null,Stefania_br,+393464923828,SIC-ID-EC9AF59BDFB4,NULL,,SICUREZZA,0,PROMO_SETTEMBRE_VIP,ATTIVO
stefaniabalestrino@hotmail.it,Null,Null,Stefaniabalestrino,+393460279454,SIC-ID-23D1DBCA22CC,NULL,,SICUREZZA,0,PROMO_SETTEMBRE_VIP,ATTIVO
stefaniabarca@yahoo.it,Null,Null,Stefaniabarca,,SIC-ID-1C61D24668CD,NULL,,SICUREZZA,0,PROMO_SETTEMBRE_VIP,ATTIVO
stefaniazeta72@hotmail.com,Null,Null,Stefaniazeta72 Perin,+393279754151,SIC-ID-33451791A110,NULL,,SICUREZZA,0,PROMO_SETTEMBRE_VIP,ATTIVO
stefano.antico@vigilfuoco.it,Null,Null,Stefano Antico,+393491717851,SIC-ID-FCB966FEDA1A,NULL,,SICUREZZA,0,PROMO_SETTEMBRE_VIP,ATTIVO
stefanoboccato96@gmail.com,Null,Null,Stefano Boccato,+393455895400,SIC-ID-638DA09F1439,NULL,,SICUREZZA,0,PROMO_SETTEMBRE_VIP,ATTIVO
stefano.caproni@libero.it,Null,Null,Stefano Caproni,,SIC-ID-A64755447281,NULL,,SICUREZZA,0,PROMO_SETTEMBRE_VIP,ATTIVO
stefano.crescenzo@gmail.com,Null,Null,Stefano Crescenzo,+393471735085,SIC-ID-EAE6C4385F5A,NULL,,SICUREZZA,0,PROMO_SETTEMBRE_VIP,ATTIVO
stefano.dallanora@riwega.com,Null,Null,Stefano Dallanora,+393339344994,SIC-ID-09275597D226,NULL,,SICUREZZA,0,PROMO_SETTEMBRE_VIP,ATTIVO
info@fedelambiente.it,Null,Null,Stefano Decina,,SIC-ID-2417A4279A19,NULL,,SICUREZZA,0,PROMO_SETTEMBRE_VIP,ATTIVO
stefano.di.lisi@gmail.com,Null,Null,Stefano Di Lisi,+393281214929,SIC-ID-DC1D77EB02AC,NULL,,SICUREZZA,0,PROMO_SETTEMBRE_VIP,ATTIVO
stefano.faita@sicurcond.it,Null,Null,Stefano Faita,+393381686286,SIC-ID-D3988E50EBE8,NULL,,SICUREZZA,0,PROMO_SETTEMBRE_VIP,ATTIVO
stefano.ferrarese@alice.it,Null,Null,Stefano Ferrarese,+393482560580,SIC-ID-EE5F90D8CE5F,NULL,,SICUREZZA,0,PROMO_SETTEMBRE_VIP,ATTIVO
stefano@pivatostefano.com,Null,Null,Stefano Malibu',+393939701780,SIC-ID-0096D581F3C8,NULL,,SICUREZZA,0,PROMO_SETTEMBRE_VIP,ATTIVO
stefano.pozzuolo@hotmail.it,Null,Null,Stefano Pozzuolo,+393357176835,SIC-ID-7E26B75ECEE3,NULL,,SICUREZZA,0,PROMO_SETTEMBRE_VIP,ATTIVO
stefano.smeraldi@venetoformazione.it,Null,Null,Stefano Smeratdi,+393396407783,SIC-ID-9A54564EE553,NULL,,SICUREZZA,0,PROMO_SETTEMBRE_VIP,ATTIVO
stefano@essetiservice.com,Null,Null,Stefano Video Club Ok,+393474219379,SIC-ID-912193F25FAA,NULL,,SICUREZZA,0,PROMO_SETTEMBRE_VIP,ATTIVO
stefanobaldo@hotmail.it,Null,Null,Stefanobaldo,+393474100541,SIC-ID-E31603434C9F,NULL,,SICUREZZA,0,PROMO_SETTEMBRE_VIP,ATTIVO
stefanopiano70@gmail.com,Null,Null,Stefanopiano70,,SIC-ID-5340B7B05E6C,NULL,,SICUREZZA,0,PROMO_SETTEMBRE_VIP,ATTIVO
stefanoturella73@libero.it,Null,Null,Stefanoturella73,,SIC-ID-72DC9E575884,NULL,,SICUREZZA,0,PROMO_SETTEMBRE_VIP,ATTIVO
stefy.lazza@hotmail.com,Null,Null,Stefy Lazza,,SIC-ID-B0C262D28FE6,NULL,,SICUREZZA,0,PROMO_SETTEMBRE_VIP,ATTIVO
stefy.ponti@libero.it,Null,Null,Stefy Ponti,,SIC-ID-3BC413914FA5,NULL,,SICUREZZA,0,PROMO_SETTEMBRE_VIP,ATTIVO
stegarescu79@yahoo.com,Null,Null,Stegarescu79,,SIC-ID-7F8FD934F98B,NULL,,SICUREZZA,0,PROMO_SETTEMBRE_VIP,ATTIVO
riva@steldo.it,Null,Null,Steldo Srl,+390464594300,SIC-ID-55BCB387B8EE,NULL,,SICUREZZA,0,PROMO_SETTEMBRE_VIP,ATTIVO
stenaglia@remax.it,Null,Null,Stenaglia Tenaglia,+393358156468,SIC-ID-9C8713A54ECB,NULL,,SICUREZZA,0,PROMO_SETTEMBRE_VIP,ATTIVO
info@stilcasacostruzioni.it,Null,Null,Stil Casa Costruzioni,+393470052496,SIC-ID-21C876811B85,NULL,,SICUREZZA,0,PROMO_SETTEMBRE_VIP,ATTIVO
vendite@stilespa.it,Null,Null,Stile Costruzioni Edili Di Rebecchini Ing.luigi & C. Spa,+39066791500,SIC-ID-4F209151DB6D,NULL,,SICUREZZA,0,PROMO_SETTEMBRE_VIP,ATTIVO
stipo72@gmail.com,Null,Null,Stipo72,+393475075526,SIC-ID-058B4E0DAFC4,NULL,,SICUREZZA,0,PROMO_SETTEMBRE_VIP,ATTIVO
zocchi@storodiesel.it,Null,Null,Storo Diesel S.r.l.,+390465686411,SIC-ID-99DE32268E27,NULL,,SICUREZZA,0,PROMO_SETTEMBRE_VIP,ATTIVO
strozzifiorella@tiscali.it,Null,Null,Strozzifiorella,,SIC-ID-1820028AB9D6,NULL,,SICUREZZA,0,PROMO_SETTEMBRE_VIP,ATTIVO
stsrltrasporti@gmail.com,Null,Null,Stsrltrasporti,,SIC-ID-2E2FB3D519F4,NULL,,SICUREZZA,0,PROMO_SETTEMBRE_VIP,ATTIVO
studio@gamoservizi.it,Null,Null,Studio,,SIC-ID-4515450AFEB4,NULL,,SICUREZZA,0,PROMO_SETTEMBRE_VIP,ATTIVO
studio.albiero@tiscali.it,Null,Null,Studio Albiero,,SIC-ID-77E2684BD4A5,NULL,,SICUREZZA,0,PROMO_SETTEMBRE_VIP,ATTIVO
bucatari@studiobucatari.it,Null,Null,Studio Bucatari,34822084000,SIC-ID-C795E834A932,NULL,,SICUREZZA,0,PROMO_SETTEMBRE_VIP,ATTIVO
contabilita@studiobucatari.it,Null,Null,Studio Bucatari - D. Ssa Destro,+3904251573034,SIC-ID-AD847AF5A0EC,NULL,,SICUREZZA,0,PROMO_SETTEMBRE_VIP,ATTIVO
studio@cuppoletti.it,Null,Null,Studio Cuppoletti,,SIC-ID-02EF97855AB5,NULL,,SICUREZZA,0,PROMO_SETTEMBRE_VIP,ATTIVO
portoviro@studiodona.net,Null,Null,Studio Donà | Viro,34786939510,SIC-ID-8614F1AEA2C2,NULL,,SICUREZZA,0,PROMO_SETTEMBRE_VIP,ATTIVO
studio.fenzi@gmail.com,Null,Null,Studio Fenzi,,SIC-ID-149EBA71A0E5,NULL,,SICUREZZA,0,PROMO_SETTEMBRE_VIP,ATTIVO
inuripoctinaccpt0qbf-smtpreply@mg.msgsndr.us,Null,Null,Studio Leone-fell & C.,,SIC-ID-5B9B985EC046,NULL,,SICUREZZA,0,PROMO_SETTEMBRE_VIP,ATTIVO
studio.lim.ch@gmail.com,Null,Null,Studio Lim Ch,,SIC-ID-5A5FCD3F0E2C,NULL,,SICUREZZA,0,PROMO_SETTEMBRE_VIP,ATTIVO
maila.contabilita@chioggia.it,Null,Null,Studio Maila,301372630,SIC-ID-BD8935BC79BA,NULL,,SICUREZZA,0,PROMO_SETTEMBRE_VIP,ATTIVO
debora@micheletticrepaldi.it,Null,Null,Studio Micheletti E Crepaldi,+393331571836,SIC-ID-0CDE2B0F5311,NULL,,SICUREZZA,0,PROMO_SETTEMBRE_VIP,ATTIVO
info@biscaropoggio.it,Null,Null,Studio Poggio,,SIC-ID-48C7C23345CF,NULL,,SICUREZZA,0,PROMO_SETTEMBRE_VIP,ATTIVO
studio.renzotiozzo@libero.it,Null,Null,Studio Renzotiozzo,,SIC-ID-1C14EA16117B,NULL,,SICUREZZA,0,PROMO_SETTEMBRE_VIP,ATTIVO
info@studio-rossi.net,Null,Null,Studio Rossi,,SIC-ID-0CA6986090F5,NULL,,SICUREZZA,0,PROMO_SETTEMBRE_VIP,ATTIVO
studio.sixte@gmail.com,Null,Null,Studio Sixte,,SIC-ID-C46F653CC417,NULL,,SICUREZZA,0,PROMO_SETTEMBRE_VIP,ATTIVO
info@tecnoedi.com,Null,Null,Studio Tecnico Ed Impresa Edile,+393299886408,SIC-ID-AA6B69F7288D,NULL,,SICUREZZA,0,PROMO_SETTEMBRE_VIP,ATTIVO
studio@vdv.it,Null,Null,Studio Vdv,,SIC-ID-47F5D24BF2EA,NULL,,SICUREZZA,0,PROMO_SETTEMBRE_VIP,ATTIVO
info@studiobastianoni.com,Null,Null,Studio Design Bastianoni,+390716609726,SIC-ID-7DD92CB47E2D,NULL,,SICUREZZA,0,PROMO_SETTEMBRE_VIP,ATTIVO
info@studiocallari.it,Null,Null,Studio Tecnico Ing. Callari,+390712805068,SIC-ID-B5222304C5DE,NULL,,SICUREZZA,0,PROMO_SETTEMBRE_VIP,ATTIVO
info@studiofagiani.eu,Null,Null,Studio Tecnico Ing. Luigi Fagiani,+390717931046,SIC-ID-6341F5F8FC0C,NULL,,SICUREZZA,0,PROMO_SETTEMBRE_VIP,ATTIVO
info.studiozoppi@gmail.com,Null,Null,Studio Zoppi Ingegneria E Associati,+390712076581,SIC-ID-499A09B2AF68,NULL,,SICUREZZA,0,PROMO_SETTEMBRE_VIP,ATTIVO
studioboschelli@gmail.com,Null,Null,Studioboschelli,,SIC-ID-EE07265F0B1C,NULL,,SICUREZZA,0,PROMO_SETTEMBRE_VIP,ATTIVO
studiocentonza@libero.it,Null,Null,Studiocentonza,+393482739540,SIC-ID-199466226636,NULL,,SICUREZZA,0,PROMO_SETTEMBRE_VIP,ATTIVO
studiochiappini@chimici.it,Null,Null,Studiochiappini Dr. Pietro,,SIC-ID-E10B8F6B407F,NULL,,SICUREZZA,0,PROMO_SETTEMBRE_VIP,ATTIVO
studiocolaiacomo@tiscali.it,Null,Null,Studiocolaiacomo,,SIC-ID-514197D76D10,NULL,,SICUREZZA,0,PROMO_SETTEMBRE_VIP,ATTIVO
studiod.progetto@hotmail.it,Null,Null,Studiod Progetto,+393407885810,SIC-ID-D612E379E065,NULL,,SICUREZZA,0,PROMO_SETTEMBRE_VIP,ATTIVO
studiodesolei@interfree.it,Null,Null,Studiodesolei,,SIC-ID-BB1885C4C249,NULL,,SICUREZZA,0,PROMO_SETTEMBRE_VIP,ATTIVO
studioedilb@libero.it,Null,Null,Studioedilb,,SIC-ID-C00AF6ED5B77,NULL,,SICUREZZA,0,PROMO_SETTEMBRE_VIP,ATTIVO
studiogaliotto@galiotto.it,Null,Null,Studiogaliotto,,SIC-ID-3D1E43AC0859,NULL,,SICUREZZA,0,PROMO_SETTEMBRE_VIP,ATTIVO
studiogiacon@libero.it,Null,Null,Studiogiacon,+393400004537,SIC-ID-55BD8AB69263,NULL,,SICUREZZA,0,PROMO_SETTEMBRE_VIP,ATTIVO
studioignaziog.romano@gmail.com,Null,Null,Studioignaziog Romano,,SIC-ID-F555763DFEB4,NULL,,SICUREZZA,0,PROMO_SETTEMBRE_VIP,ATTIVO
studioioleterrentin@libero.it,Null,Null,Studioioleterrentin,32924095690,SIC-ID-C52E9F91F297,NULL,,SICUREZZA,0,PROMO_SETTEMBRE_VIP,ATTIVO
studiolanza@yahoo.it,Null,Null,Studiolanza Lanza,,SIC-ID-ABE988625779,NULL,,SICUREZZA,0,PROMO_SETTEMBRE_VIP,ATTIVO
studiomoscariellodevivo@gmail.com,Null,Null,Studiomoscariellodevivo,,SIC-ID-34790472F2D3,NULL,,SICUREZZA,0,PROMO_SETTEMBRE_VIP,ATTIVO
studiopezzato@virgilio.it,Null,Null,Studiopezzato,,SIC-ID-33E15CB6B352,NULL,,SICUREZZA,0,PROMO_SETTEMBRE_VIP,ATTIVO
studioravagnan@gmail.com,Null,Null,Studioravag,,SIC-ID-821D92412689,NULL,,SICUREZZA,0,PROMO_SETTEMBRE_VIP,ATTIVO
studiorondinelli@yahoo.it,Null,Null,Studiorondinelli,,SIC-ID-1624CC612D40,NULL,,SICUREZZA,0,PROMO_SETTEMBRE_VIP,ATTIVO
studiosicurezzapadalino@gmail.com,Null,Null,Studiosicurezzapadalino F150,+3934658403610,SIC-ID-BE70577D2C3A,NULL,,SICUREZZA,0,PROMO_SETTEMBRE_VIP,ATTIVO
studiotecnicoaprea@virgilio.it,Null,Null,Studiotecnicoaprea,,SIC-ID-7DBF201347F9,NULL,,SICUREZZA,0,PROMO_SETTEMBRE_VIP,ATTIVO
studiotecnicocrivellari@gmail.com,Null,Null,Studiotecnicocrivellari,,SIC-ID-B730B6B618CB,NULL,,SICUREZZA,0,PROMO_SETTEMBRE_VIP,ATTIVO
studiothiene@gmail.com,Null,Null,Studiothiene,,SIC-ID-B0929B965A1D,NULL,,SICUREZZA,0,PROMO_SETTEMBRE_VIP,ATTIVO
info@stylemaison.com,Null,Null,Style Maison Parquet Roma,+390684241534,SIC-ID-FEB9BBA137CC,NULL,,SICUREZZA,0,PROMO_SETTEMBRE_VIP,ATTIVO
sudhirkumarsingh80449@gmail.com,Null,Null,Sudhirkumarsingh80449,,SIC-ID-2188206FB6A8,NULL,,SICUREZZA,0,PROMO_SETTEMBRE_VIP,ATTIVO
sugo.dario@libero.it,Null,Null,Sugo Dario,+393939198786,SIC-ID-04A34FC77B60,NULL,,SICUREZZA,0,PROMO_SETTEMBRE_VIP,ATTIVO
sukhwinderpalmadho123@gmail.com,Null,Null,Sukhwinderpalmadho123,,SIC-ID-C8CCC78029CB,NULL,,SICUREZZA,0,PROMO_SETTEMBRE_VIP,ATTIVO
supersinger7@hotmail.com,Null,Null,Supersinger7,,SIC-ID-9D3CC13EE73F,NULL,,SICUREZZA,0,PROMO_SETTEMBRE_VIP,ATTIVO
support@mwrlife.com,Null,Null,Support,,SIC-ID-985693962372,NULL,,SICUREZZA,0,PROMO_SETTEMBRE_VIP,ATTIVO
support+id34967@hyperpayhelp.zendesk.com,Null,Null,Support+id Engine V1_2026-02-24_03-38 Estr,32939436670,SIC-ID-D7A2FEA97A10,NULL,,SICUREZZA,0,PROMO_SETTEMBRE_VIP,ATTIVO
support+id45403@hyperpayhelp.zendesk.com,Null,Null,Support+id Engine V1_2026-02-24_03-38 Estr,33843336430,SIC-ID-CEE9B22B6C5D,NULL,,SICUREZZA,0,PROMO_SETTEMBRE_VIP,ATTIVO
support+id52004@hyperpayhelp.zendesk.com,Null,Null,Support+id Engine V1_2026-02-24_03-38 Estr,34673279650,SIC-ID-F57E91D1B2FF,NULL,,SICUREZZA,0,PROMO_SETTEMBRE_VIP,ATTIVO
support+id19613@hyperpayhelp.zendesk.com,Null,Null,Support+id19613,,SIC-ID-D53513F1CABF,NULL,,SICUREZZA,0,PROMO_SETTEMBRE_VIP,ATTIVO
support+id671@daoversal.zendesk.com,Null,Null,Support+id671,,SIC-ID-4465BF81611B,NULL,,SICUREZZA,0,PROMO_SETTEMBRE_VIP,ATTIVO
support2@blackcatcard.com,Null,Null,Support2,,SIC-ID-8CAE4727869D,NULL,,SICUREZZA,0,PROMO_SETTEMBRE_VIP,ATTIVO
supremerulez@hotmail.it,Null,Null,Supremerulez,,SIC-ID-54C424C1B147,NULL,,SICUREZZA,0,PROMO_SETTEMBRE_VIP,ATTIVO
surfcamp@marineddabay.com,Null,Null,Surfcamp,,SIC-ID-B51A609CD0B4,NULL,,SICUREZZA,0,PROMO_SETTEMBRE_VIP,ATTIVO
susanna.cavallarin@attivamenteonlus.it,Null,Null,Susanna Cavallarin,+393494214877,SIC-ID-A8D36815A38E,NULL,,SICUREZZA,0,PROMO_SETTEMBRE_VIP,ATTIVO
support@systeme.io,Null,Null,Systeme. Support,,SIC-ID-97CC35708EFF,NULL,,SICUREZZA,0,PROMO_SETTEMBRE_VIP,ATTIVO
tcostruzionicontact@gmail.com,Null,Null,T Costruzioni Srls,+393384952551,SIC-ID-F55B8FC5E23A,NULL,,SICUREZZA,0,PROMO_SETTEMBRE_VIP,ATTIVO
info@tecnoassistenzatrentina.it,Null,Null,T.a.t. Tecno Assistenza Trentina,+390461822278,SIC-ID-22C2F480AC1B,NULL,,SICUREZZA,0,PROMO_SETTEMBRE_VIP,ATTIVO
lily_tudos@icloud.com,Null,Null,T.l. Arte Del Pulito Srl - Impresa Di Pulizie Mira,+393278712813,SIC-ID-42D5D996D0F5,NULL,,SICUREZZA,0,PROMO_SETTEMBRE_VIP,ATTIVO
tcasrl@cisanaelio.it,Null,Null,T.c.a. Srl,+390290394254,SIC-ID-ECB23F0BB57F,NULL,,SICUREZZA,0,PROMO_SETTEMBRE_VIP,ATTIVO
tecnoedil@tecnologieedili.it,Null,Null,Tecnoedil Sas Di Toffali M.w. E C. | Rappresentanze Edili,+393488567724,SIC-ID-8D0F7FD838C6,NULL,,SICUREZZA,0,PROMO_SETTEMBRE_VIP,ATTIVO
tabaccheria.roma88@gmail.com,Null,Null,Tabaccheria Roma88,,SIC-ID-F0ABB863B447,NULL,,SICUREZZA,0,PROMO_SETTEMBRE_VIP,ATTIVO
chieri.detommasi@bigmat.it,Null,Null,Tabusso Carlo Building Materials,+3901721801162,SIC-ID-49E038F43A61,NULL,,SICUREZZA,0,PROMO_SETTEMBRE_VIP,ATTIVO
taccolahome@gmail.com,Null,Null,Taccolahome,,SIC-ID-CECA77C472D7,NULL,,SICUREZZA,0,PROMO_SETTEMBRE_VIP,ATTIVO
tacu_v_nicoleta@libero.it,Null,Null,Tacu_v_nicoleta Veronica,,SIC-ID-4410B0DE89B9,NULL,,SICUREZZA,0,PROMO_SETTEMBRE_VIP,ATTIVO
taglieriadiva@libero.it,Null,Null,Taglieriadiva Diva,,SIC-ID-AA37F0259C48,NULL,,SICUREZZA,0,PROMO_SETTEMBRE_VIP,ATTIVO
info@tecnoedilizia.com,Null,Null,Taglio Cemento Armato Bergamo - Tecno Edilizia Srl,+39035720934,SIC-ID-2F2EF7476641,NULL,,SICUREZZA,0,PROMO_SETTEMBRE_VIP,ATTIVO
taisozaji@libero.it,Null,Null,Taisozaji Albrigoni,,SIC-ID-977024D8AE2F,NULL,,SICUREZZA,0,PROMO_SETTEMBRE_VIP,ATTIVO
info@talaricosrl.com,Null,Null,Talarico S.r.l. - Materiali Per L' Edilizia - Marmi - Arredobagno - Idraulica - Rivestimenti,+390961961155,SIC-ID-1574C06EEA02,NULL,,SICUREZZA,0,PROMO_SETTEMBRE_VIP,ATTIVO
talibehballa@gmail.com,Null,Null,Talibehballa,,SIC-ID-15FF7596483C,NULL,,SICUREZZA,0,PROMO_SETTEMBRE_VIP,ATTIVO
tamaracioin@gmail.com,Null,Null,Tamaracioin,,SIC-ID-CAF2BC0F7156,NULL,,SICUREZZA,0,PROMO_SETTEMBRE_VIP,ATTIVO
taniabertaggia@libero.it,Null,Null,Taniabertaggia,,SIC-ID-E2DCFA9DA7DF,NULL,,SICUREZZA,0,PROMO_SETTEMBRE_VIP,ATTIVO
targa.roberto@alice.it,Null,Null,Targa Roberto,+393923850238,SIC-ID-B67722006127,NULL,,SICUREZZA,0,PROMO_SETTEMBRE_VIP,ATTIVO
tavella_federico@libero.it,Null,Null,Tavella Federico,+393408782809,SIC-ID-1CCD3AA8AE6F,NULL,,SICUREZZA,0,PROMO_SETTEMBRE_VIP,ATTIVO
tavolamaterialiedili@gmail.com,Null,Null,Tavola Materiali Edili,+390395310122,SIC-ID-473110E49B24,NULL,,SICUREZZA,0,PROMO_SETTEMBRE_VIP,ATTIVO
te.grilli@gmail.com,Null,Null,Te Grilli,,SIC-ID-580339FFB0EF,NULL,,SICUREZZA,0,PROMO_SETTEMBRE_VIP,ATTIVO
bigiariniema@gmail.com,Null,Null,Team Edil Green,+390510014712,SIC-ID-FA88D0E0345D,NULL,,SICUREZZA,0,PROMO_SETTEMBRE_VIP,ATTIVO
team@meetlima.com,Null,Null,Team Edilcoperture,+393470736019,SIC-ID-6CF182EB5D77,NULL,,SICUREZZA,0,PROMO_SETTEMBRE_VIP,ATTIVO
info@teatrodellevoci.com,Null,Null,Teatro Studios,,SIC-ID-DBC4815EE664,NULL,,SICUREZZA,0,PROMO_SETTEMBRE_VIP,ATTIVO
tecaflo@gmail.com,Null,Null,Tecaflo,,SIC-ID-AF7E5A976B0F,NULL,,SICUREZZA,0,PROMO_SETTEMBRE_VIP,ATTIVO
tecknosound@hotmail.com,Null,Null,Tecknosound,,SIC-ID-A157BE9C6A51,NULL,,SICUREZZA,0,PROMO_SETTEMBRE_VIP,ATTIVO
tecnicaediliziasrl@tiscali.it,Null,Null,Tecnica Edilizia Srl,+390862453012,SIC-ID-2106B11E867D,NULL,,SICUREZZA,0,PROMO_SETTEMBRE_VIP,ATTIVO
tecnico@3technology.it,Null,Null,Tecnico,,SIC-ID-03DA28BD61B6,NULL,,SICUREZZA,0,PROMO_SETTEMBRE_VIP,ATTIVO
tecnoappaltiroma@gmail.com,Null,Null,Tecno Appalti,+390685856031,SIC-ID-B2D9F4E30A8E,NULL,,SICUREZZA,0,PROMO_SETTEMBRE_VIP,ATTIVO
info@tecnoimpianticaruso.it,Null,Null,Tecno Impianti Caruso,+393209708260,SIC-ID-318A5C0EF212,NULL,,SICUREZZA,0,PROMO_SETTEMBRE_VIP,ATTIVO
tecnogesso@libero.it,Null,Null,Tecnogesso Lavorazione Cartongesso Mira,+393282705918,SIC-ID-02F964A6B9AB,NULL,,SICUREZZA,0,PROMO_SETTEMBRE_VIP,ATTIVO
tecnomat@tecnomat.it,Null,Null,Tecnomat,+390283905463,SIC-ID-09A12B612049,NULL,,SICUREZZA,0,PROMO_SETTEMBRE_VIP,ATTIVO
teconf@tiscali.it,Null,Null,Teconf,,SIC-ID-3B4EEEC97571,NULL,,SICUREZZA,0,PROMO_SETTEMBRE_VIP,ATTIVO
telasystem@libero.it,Null,Null,Telasystem,,SIC-ID-715EBB7B4FAC,NULL,,SICUREZZA,0,PROMO_SETTEMBRE_VIP,ATTIVO
tempiodelsole2@email.it,Null,Null,Tempiodelsole2,,SIC-ID-937F975EBDB5,NULL,,SICUREZZA,0,PROMO_SETTEMBRE_VIP,ATTIVO
cin.ele66@yahoo.it,Null,Null,Teo Pizza Crocco,+390414950018,SIC-ID-246CFCA83492,NULL,,SICUREZZA,0,PROMO_SETTEMBRE_VIP,ATTIVO
tequilasas@yahoo.it,Null,Null,Tequilasas Sas,,SIC-ID-F7F4ABCC37D7,NULL,,SICUREZZA,0,PROMO_SETTEMBRE_VIP,ATTIVO
info@termedirabbi.it,Null,Null,Terme Di Rabbi,+390463983000,SIC-ID-E96C40A6993D,NULL,,SICUREZZA,0,PROMO_SETTEMBRE_VIP,ATTIVO
info@termoidraulicacoico.com,Null,Null,Termoidraulica Coico,+390633253387,SIC-ID-543A5160DB0C,NULL,,SICUREZZA,0,PROMO_SETTEMBRE_VIP,ATTIVO
termoidraulicamei@gmail.com,Null,Null,Termoidraulica Mei Srl,+39065810310,SIC-ID-5A6EB312AE11,NULL,,SICUREZZA,0,PROMO_SETTEMBRE_VIP,ATTIVO
termoidraulicamc@tiscali.it,Null,Null,Termoidraulicamc Mc,,SIC-ID-947B7084EF5C,NULL,,SICUREZZA,0,PROMO_SETTEMBRE_VIP,ATTIVO
distrettopesca@gmail.com,Null,Null,Terranova Costruzioni Srl,+390923947763,SIC-ID-DC7A464CEAB1,NULL,,SICUREZZA,0,PROMO_SETTEMBRE_VIP,ATTIVO
raggi@terretruria.it,Null,Null,Terre Dell'etruria - Casino Di Terra,+39058836043,SIC-ID-95A524433D73,NULL,,SICUREZZA,0,PROMO_SETTEMBRE_VIP,ATTIVO
commerciale@terreverdicoop.it,Null,Null,Terreverdi Soc. Coop. Per Azioni,+390717958719,SIC-ID-EC46F11A0D46,NULL,,SICUREZZA,0,PROMO_SETTEMBRE_VIP,ATTIVO
tesonefra@libero.it,Null,Null,Tesonefra Hyper Capital,+393938533284,SIC-ID-0060167B4847,NULL,,SICUREZZA,0,PROMO_SETTEMBRE_VIP,ATTIVO
info@teving.it,Null,Null,Teving S.r.l.,+390923551238,SIC-ID-BB20D64434EC,NULL,,SICUREZZA,0,PROMO_SETTEMBRE_VIP,ATTIVO
g.mancini1478@gmail.com,Null,Null,The Trailed Roma Srl,+39066530640,SIC-ID-48E722AA80E0,NULL,,SICUREZZA,0,PROMO_SETTEMBRE_VIP,ATTIVO
info@tiemmecostruzioni.it,Null,Null,Tiemme Costruzioni Edili Spa,+390495792022,SIC-ID-04A52490835A,NULL,,SICUREZZA,0,PROMO_SETTEMBRE_VIP,ATTIVO
tigriferraro@gmail.com,Null,Null,Tigriferraro,,SIC-ID-094906AF9A92,NULL,,SICUREZZA,0,PROMO_SETTEMBRE_VIP,ATTIVO
info@tinkristrutturazioni.it,Null,Null,Tink Ristrutturazioni,+393758720028,SIC-ID-A3479BF2E4BB,NULL,,SICUREZZA,0,PROMO_SETTEMBRE_VIP,ATTIVO
tito.pavan@gmail.com,Null,Null,Tito Pavan,,SIC-ID-6D222B252B39,NULL,,SICUREZZA,0,PROMO_SETTEMBRE_VIP,ATTIVO
tizi.raso@gmail.com,Null,Null,Tizi Raso,,SIC-ID-6229C2F899EB,NULL,,SICUREZZA,0,PROMO_SETTEMBRE_VIP,ATTIVO
fantasylandiachioggia@gmail.com,Null,Null,Tiziana Boscolo,,SIC-ID-E567A87972E6,NULL,,SICUREZZA,0,PROMO_SETTEMBRE_VIP,ATTIVO
tizianalio@libero.it,Null,Null,Tizianalio Cognome Email Telefono Id Cliente Backup_sicu,+393284660984,SIC-ID-F4FC1029297F,NULL,,SICUREZZA,0,PROMO_SETTEMBRE_VIP,ATTIVO
tiziano.cetarini@gmail.com,Null,Null,Tiziano Cetarini,+393487944934,SIC-ID-6FA088F97E34,NULL,,SICUREZZA,0,PROMO_SETTEMBRE_VIP,ATTIVO
tommcarburanti@virgilio.it,Null,Null,Tiziano Guidarini Distributori,+393358375900,SIC-ID-3FC3696510B7,NULL,,SICUREZZA,0,PROMO_SETTEMBRE_VIP,ATTIVO
tizianobissacco@gmail.com,Null,Null,Tizianobissacco,,SIC-ID-4958D2797788,NULL,,SICUREZZA,0,PROMO_SETTEMBRE_VIP,ATTIVO
tizianohair@hotmail.it,Null,Null,Tizianohair,,SIC-ID-2DAC50EF8843,NULL,,SICUREZZA,0,PROMO_SETTEMBRE_VIP,ATTIVO
toad1@live.it,Null,Null,Toad1 Ottobon,,SIC-ID-C2F3CFAB164E,NULL,,SICUREZZA,0,PROMO_SETTEMBRE_VIP,ATTIVO
today@thebalance.com,Null,Null,Today,33825136200,SIC-ID-729C5842E180,NULL,,SICUREZZA,0,PROMO_SETTEMBRE_VIP,ATTIVO
tolomei.al@gmail.com,Null,Null,Tolomei Al,,SIC-ID-4539329DB800,NULL,,SICUREZZA,0,PROMO_SETTEMBRE_VIP,ATTIVO
tolveguido@yahoo.it,Null,Null,Tolveguido,,SIC-ID-746D2F47FFC5,NULL,,SICUREZZA,0,PROMO_SETTEMBRE_VIP,ATTIVO
tomaificiotarga@alice.it,Null,Null,Tomaificiotarga,,SIC-ID-B9F4E0E105B5,NULL,,SICUREZZA,0,PROMO_SETTEMBRE_VIP,ATTIVO
tommaso@tuscanypeople.com,Null,Null,Tommaso,,SIC-ID-68E5C3D50B65,NULL,,SICUREZZA,0,PROMO_SETTEMBRE_VIP,ATTIVO
tommy.73stocco@gmail.com,Null,Null,Tommy,,SIC-ID-30183A5FE21B,NULL,,SICUREZZA,0,PROMO_SETTEMBRE_VIP,ATTIVO
tomtmawolo@gmail.com,Null,Null,Tomtmawolo,,SIC-ID-A249BAB5CEB9,NULL,,SICUREZZA,0,PROMO_SETTEMBRE_VIP,ATTIVO
tonia.79@libero.it,Null,Null,Tonia 79,,SIC-ID-6AE53B41F0CA,NULL,,SICUREZZA,0,PROMO_SETTEMBRE_VIP,ATTIVO
tonicastiello@gmail.com,Null,Null,Tonicastiello,,SIC-ID-8B67F557EC82,NULL,,SICUREZZA,0,PROMO_SETTEMBRE_VIP,ATTIVO
tonyhubbard4th@gmail.com,Null,Null,Tonyhubbardth,,SIC-ID-BF3C3F72A9D0,NULL,,SICUREZZA,0,PROMO_SETTEMBRE_VIP,ATTIVO
oriago@topcolorsrl.it,Null,Null,Top Color Srl - Forniture Professionali,+390415630302,SIC-ID-BF0069BE2A64,NULL,,SICUREZZA,0,PROMO_SETTEMBRE_VIP,ATTIVO
topolina-69@hotmail.it,Null,Null,Topolina-69,,SIC-ID-64BA0AA851AA,NULL,,SICUREZZA,0,PROMO_SETTEMBRE_VIP,ATTIVO
torresingiuliano@libero.it,Null,Null,Torresingiuliano,,SIC-ID-72BEBBF09327,NULL,,SICUREZZA,0,PROMO_SETTEMBRE_VIP,ATTIVO
torresinmatteo1998@gmail.com,Null,Null,Torresinmatteo1998,,SIC-ID-A727603A439A,NULL,,SICUREZZA,0,PROMO_SETTEMBRE_VIP,ATTIVO
tortorafortuna74@gmail.com,Null,Null,Tortorafortuna74,,SIC-ID-3BBCF37B29E1,NULL,,SICUREZZA,0,PROMO_SETTEMBRE_VIP,ATTIVO
info@toschicostruzioni.it,Null,Null,Toschi Costruzioni - Impresa Edile,+393385859398,SIC-ID-B44ECBDC7A3E,NULL,,SICUREZZA,0,PROMO_SETTEMBRE_VIP,ATTIVO
tosinimaria.a@libero.it,Null,Null,Tosinimaria A,,SIC-ID-6E3AF3856130,NULL,,SICUREZZA,0,PROMO_SETTEMBRE_VIP,ATTIVO
tosoj@libero.it,Null,Null,Tosoj,+393408457028,SIC-ID-887D0120DEF3,NULL,,SICUREZZA,0,PROMO_SETTEMBRE_VIP,ATTIVO
services@touchwindow.it,Null,Null,Touchwindows Touchwindows,,SIC-ID-C5C2CEFF1EDD,NULL,,SICUREZZA,0,PROMO_SETTEMBRE_VIP,ATTIVO
towerhotelbologna.bo@bestwestern.it,Null,Null,Towerhotelbologna Bo,37700012430,SIC-ID-141AC5B85376,NULL,,SICUREZZA,0,PROMO_SETTEMBRE_VIP,ATTIVO
transdeltasrl@alice.it,Null,Null,Transdeltasrl S.r.l.,,SIC-ID-DCA1D6183DB5,NULL,,SICUREZZA,0,PROMO_SETTEMBRE_VIP,ATTIVO
trattoriavenerinodasara@gmail.com,Null,Null,Trattoria Sara,+390426990035,SIC-ID-E1592B9D974A,NULL,,SICUREZZA,0,PROMO_SETTEMBRE_VIP,ATTIVO
travaglia_impianti@libero.it,Null,Null,Travaglia_impianti,,SIC-ID-31DC6C1A9EFF,NULL,,SICUREZZA,0,PROMO_SETTEMBRE_VIP,ATTIVO
impresaediletrec@libero.it,Null,Null,Tre C,+393485267581,SIC-ID-95459A2DF9F2,NULL,,SICUREZZA,0,PROMO_SETTEMBRE_VIP,ATTIVO
trediemmerestauri@mclink.it,Null,Null,Trediemme Restauri | Restauro Opere Architettoniche,+39065755983,SIC-ID-50B3FD736993,NULL,,SICUREZZA,0,PROMO_SETTEMBRE_VIP,ATTIVO
mirtis@trentinabeton.com,Null,Null,Trentinabeton Srl,+390461757329,SIC-ID-167FA5EC15D9,NULL,,SICUREZZA,0,PROMO_SETTEMBRE_VIP,ATTIVO
tronconeg4vincenzo3@gmail.com,Null,Null,Tronconegvincenzo,,SIC-ID-ED5FD37366AD,NULL,,SICUREZZA,0,PROMO_SETTEMBRE_VIP,ATTIVO
tronelli@gmail.com,Null,Null,Tronelli,34949813350,SIC-ID-B7A4D9084EC1,NULL,,SICUREZZA,0,PROMO_SETTEMBRE_VIP,ATTIVO
tstoni@tiscali.it,Null,Null,Tstoni,,SIC-ID-3C8E0363EF65,NULL,,SICUREZZA,0,PROMO_SETTEMBRE_VIP,ATTIVO
tsvetanka.gerova@yahoo.com,Null,Null,Tsvetanka Gerova,,SIC-ID-5942BDCEA62B,NULL,,SICUREZZA,0,PROMO_SETTEMBRE_VIP,ATTIVO
tuan.nguyen@chipcore.eu,Null,Null,Tuan Nguyen,+393396913435,SIC-ID-BE7C1C836AB2,NULL,,SICUREZZA,0,PROMO_SETTEMBRE_VIP,ATTIVO
tuber.sabinum@gmail.com,Null,Null,Tuber Sabinum,,SIC-ID-33798FBC8CE5,NULL,,SICUREZZA,0,PROMO_SETTEMBRE_VIP,ATTIVO
tucciaronepasquale@gmail.com,Null,Null,Tucciaronepasquale Cariparo,+393346935515,SIC-ID-350DFC86347E,NULL,,SICUREZZA,0,PROMO_SETTEMBRE_VIP,ATTIVO
info@tuttedile.it,Null,Null,Tuttedile Di Genna Leonarda & Francesco S.n.c.,+390332470238,SIC-ID-14983B9AD46E,NULL,,SICUREZZA,0,PROMO_SETTEMBRE_VIP,ATTIVO
info@materialiperledilizia.com,Null,Null,Tutto Per L'edilizia,+393291815548,SIC-ID-A1B74D860C46,NULL,,SICUREZZA,0,PROMO_SETTEMBRE_VIP,ATTIVO
lillocurseri@hotmail.it,Null,Null,Tutto Per L'edilizia Di Lillo Curseri,+393401260443,SIC-ID-D066ABACE6F2,NULL,,SICUREZZA,0,PROMO_SETTEMBRE_VIP,ATTIVO
info@ufficioservice.com,Null,Null,Ufficio Snc,,SIC-ID-5D57F0F7FCFE,NULL,,SICUREZZA,0,PROMO_SETTEMBRE_VIP,ATTIVO
press@ulmaconstruction.es,Null,Null,Ulma Construction Casseforme E Ponteggi,+390457237900,SIC-ID-D421F078E994,NULL,,SICUREZZA,0,PROMO_SETTEMBRE_VIP,ATTIVO
frassinellecalcio@gmail.com,Null,Null,Usd Calcio,+393687538359,SIC-ID-95D8E97091B9,NULL,,SICUREZZA,0,PROMO_SETTEMBRE_VIP,ATTIVO
ufficio.amministrativo@tecnolimap.com,Null,Null,Ufficio Amministrativo,,SIC-ID-10B66228AE11,NULL,,SICUREZZA,0,PROMO_SETTEMBRE_VIP,ATTIVO
ufficiotecnico@lclavoriincorso.it,Null,Null,Ufficiotecnico,,SIC-ID-23077D07A3F6,NULL,,SICUREZZA,0,PROMO_SETTEMBRE_VIP,ATTIVO
ufficiotecnicogare@pistorello.it,Null,Null,Ufficiotecnicogare,,SIC-ID-A06E445ED7D5,NULL,,SICUREZZA,0,PROMO_SETTEMBRE_VIP,ATTIVO
ulded61@gmail.com,Null,Null,Ulded61,+393487347694,SIC-ID-BA9553EC2A96,NULL,,SICUREZZA,0,PROMO_SETTEMBRE_VIP,ATTIVO
ulissecroda@gmail.com,Null,Null,Ulissecroda,,SIC-ID-EC6EADCC81AC,NULL,,SICUREZZA,0,PROMO_SETTEMBRE_VIP,ATTIVO
umberto.asquini@live.it,Null,Null,Umberto Asquini,,SIC-ID-AA4D08CD0E23,NULL,,SICUREZZA,0,PROMO_SETTEMBRE_VIP,ATTIVO
223upde72ucce@hpeprint.com,Null,Null,Updeucce,,SIC-ID-6B8D5D6E206A,NULL,,SICUREZZA,0,PROMO_SETTEMBRE_VIP,ATTIVO
gennaro.urbano@gmail.com,Null,Null,Urbano Costruzioni Di Urbano Gennaro - Impresa Edile,+393394218408,SIC-ID-C769A6467ABE,NULL,,SICUREZZA,0,PROMO_SETTEMBRE_VIP,ATTIVO
marco.f@ufptrade.it,Null,Null,Utensilferramenta Pistoiese Spa,+393905739386,SIC-ID-546986A55AB4,NULL,,SICUREZZA,0,PROMO_SETTEMBRE_VIP,ATTIVO
cs2@thehyperfund.com,Null,Null,Utente,,SIC-ID-D6923319C826,NULL,,SICUREZZA,0,PROMO_SETTEMBRE_VIP,ATTIVO
uve4019scci@posteitaliane.it,Null,Null,Uvescci,,SIC-ID-2029D5BF71CE,NULL,,SICUREZZA,0,PROMO_SETTEMBRE_VIP,ATTIVO
v.lamagna@libero.it,Null,Null,V,,SIC-ID-BA7036C21E87,NULL,,SICUREZZA,0,L1_FREDDI_RIPERMISSIONING,ATTIVO
vaccaricostruzioni@gmail.com,Null,Null,Vaccari Srl,+39053266225,SIC-ID-956F8769DA17,NULL,,SICUREZZA,0,PROMO_SETTEMBRE_VIP,ATTIVO
climagroupnewsrl@gmail.com,Null,Null,Vaillant Assistenza Roma,+393331980947,SIC-ID-0941B0F26AE4,NULL,,SICUREZZA,0,PROMO_SETTEMBRE_VIP,ATTIVO
vale.falconi@libero.it,Null,Null,Vale Falconi,+393200605914,SIC-ID-37CACE4F7FA4,NULL,,SICUREZZA,0,PROMO_SETTEMBRE_VIP,ATTIVO
valentina.sasso@biscaropoggio.it,Null,Null,Valentina,,SIC-ID-0DF2C9F4D262,NULL,,SICUREZZA,0,PROMO_SETTEMBRE_VIP,ATTIVO
valentina.dussin@gmail.com,Null,Null,Valentina,+393402156963,SIC-ID-4E6FA6883EE5,NULL,,SICUREZZA,0,PROMO_SETTEMBRE_VIP,ATTIVO
valentinarabitti@gmail.com,Null,Null,Valentinarabitti,+393939583753,SIC-ID-692F53D95BB5,NULL,,SICUREZZA,0,PROMO_SETTEMBRE_VIP,ATTIVO
valentinaze@gmail.com,Null,Null,Valentinaze,,SIC-ID-B749BE2BD512,NULL,,SICUREZZA,0,PROMO_SETTEMBRE_VIP,ATTIVO
valentino.sieve16@gmail.com,Null,Null,Valentino,,SIC-ID-F60AEACB8C03,NULL,,SICUREZZA,0,PROMO_SETTEMBRE_VIP,ATTIVO
valentinosieve@libero.it,Null,Null,Valentinosieve,,SIC-ID-F2504FC1E8B0,NULL,,SICUREZZA,0,PROMO_SETTEMBRE_VIP,ATTIVO
valeria@marefq.it,Null,Null,Valeria,32054512550,SIC-ID-69F5EDDB7486,NULL,,SICUREZZA,0,PROMO_SETTEMBRE_VIP,ATTIVO
valeria@banzatoarredamenti.it,Null,Null,Valeria,,SIC-ID-1059776E010D,NULL,,SICUREZZA,0,PROMO_SETTEMBRE_VIP,ATTIVO
valeria@zambonin.it,Null,Null,Valeria Mb Coperture,+3934712178980,SIC-ID-848786CAB524,NULL,,SICUREZZA,0,PROMO_SETTEMBRE_VIP,ATTIVO
valeria.spoladori@studioagm.eu,Null,Null,Valeria Spoladori,,SIC-ID-5321723A0A10,NULL,,SICUREZZA,0,PROMO_SETTEMBRE_VIP,ATTIVO
valeria.tiozzo@sambin.com,Null,Null,Valeria Srl,+3934784361210,SIC-ID-2F2D82AB8E7A,NULL,,SICUREZZA,0,PROMO_SETTEMBRE_VIP,ATTIVO
valeriafra@virgilio.it,Null,Null,Valeriafra,+393489246207,SIC-ID-B93049BE2E2F,NULL,,SICUREZZA,0,PROMO_SETTEMBRE_VIP,ATTIVO
valerio.marzolla@k-adriatica.it,Null,Null,Valerio Marzolla,,SIC-ID-CFC671C6C04E,NULL,,SICUREZZA,0,PROMO_SETTEMBRE_VIP,ATTIVO
valeriovolpini5@gmail.com,Null,Null,Valeriovolpini5 Volpini,+393459804152,SIC-ID-9539526E530C,NULL,,SICUREZZA,0,PROMO_SETTEMBRE_VIP,ATTIVO
validazioni@anfos.it,Null,Null,Validazioni Pellegrin,+393389591205,SIC-ID-7150AB9E5783,NULL,,SICUREZZA,0,PROMO_SETTEMBRE_VIP,ATTIVO
vallyeffe@gmail.com,Null,Null,Vallyeffe,,SIC-ID-253D313FF35A,NULL,,SICUREZZA,0,PROMO_SETTEMBRE_VIP,ATTIVO
info@valmedil.it,Null,Null,Valm Edil Srl,+390342558555,SIC-ID-D915782C0A48,NULL,,SICUREZZA,0,PROMO_SETTEMBRE_VIP,ATTIVO
info@valteosrl.it,Null,Null,Valteo Costruzioni,+393488610925,SIC-ID-262AA3F18B1F,NULL,,SICUREZZA,0,PROMO_SETTEMBRE_VIP,ATTIVO
vzino@orogel.it,Null,Null,Valter Orogel,+393395781720,SIC-ID-DD696F136B5D,NULL,,SICUREZZA,0,PROMO_SETTEMBRE_VIP,ATTIVO
vania.fabris@libero.it,Null,Null,Vania Fabris,,SIC-ID-9AB8410C5151,NULL,,SICUREZZA,0,PROMO_SETTEMBRE_VIP,ATTIVO
info@vanin.net,Null,Null,Vanin Impianti Srl,+39041429754,SIC-ID-4668C9B35C5B,NULL,,SICUREZZA,0,PROMO_SETTEMBRE_VIP,ATTIVO
vanita06@libero.it,Null,Null,Vanita06,,SIC-ID-73DB01F33801,NULL,,SICUREZZA,0,PROMO_SETTEMBRE_VIP,ATTIVO
vanna.napolitano@libero.it,Null,Null,Vanna Napolitano,,SIC-ID-31FD76F0B274,NULL,,SICUREZZA,0,PROMO_SETTEMBRE_VIP,ATTIVO
varagnolosara94.sv@gmail.com,Null,Null,Varagnolosara94 Sv,+393395350744,SIC-ID-1635B58B1407,NULL,,SICUREZZA,0,PROMO_SETTEMBRE_VIP,ATTIVO
varesecostruzioni@gmail.com,Null,Null,Varese Costruzioni Srl,+390332821327,SIC-ID-72EC4DA3542D,NULL,,SICUREZZA,0,PROMO_SETTEMBRE_VIP,ATTIVO
vargiucleliasrl@tiscali.it,Null,Null,Vargiu Clelia Srl Di Murgia,+39070740675,SIC-ID-2A28AD048021,NULL,,SICUREZZA,0,PROMO_SETTEMBRE_VIP,ATTIVO
info@variacostruzioni.it,Null,Null,Varia Costruzioni,+390583511888,SIC-ID-2516284EC553,NULL,,SICUREZZA,0,PROMO_SETTEMBRE_VIP,ATTIVO
varimarbox4a@gmail.com,Null,Null,Varimarboxa,,SIC-ID-94285BA869C5,NULL,,SICUREZZA,0,PROMO_SETTEMBRE_VIP,ATTIVO
info@vavassoriedilizia.it,Null,Null,Vavassori,+39035661042,SIC-ID-5978830A107B,NULL,,SICUREZZA,0,PROMO_SETTEMBRE_VIP,ATTIVO
ve.rossidiana@enel.com,Null,Null,Ve Rossidiana,,SIC-ID-4712D32DD9D5,NULL,,SICUREZZA,0,PROMO_SETTEMBRE_VIP,ATTIVO
info@venetarulli.it,Null,Null,Veneta Rulli,,SIC-ID-39A2E06E2D57,NULL,,SICUREZZA,0,PROMO_SETTEMBRE_VIP,ATTIVO
venetoponteggi@gmail.com,Null,Null,Venetoponteggi,+393407919593,SIC-ID-227229C00B5C,NULL,,SICUREZZA,0,PROMO_SETTEMBRE_VIP,ATTIVO
venturewhale2021@yahoo.com,Null,Null,Venturewhale2021,,SIC-ID-7BCCF4889B07,NULL,,SICUREZZA,0,PROMO_SETTEMBRE_VIP,ATTIVO
vercolorsrl@gmail.com,Null,Null,Ver. Color Parati,+39067810150,SIC-ID-7B50F57ACD4E,NULL,,SICUREZZA,0,PROMO_SETTEMBRE_VIP,ATTIVO
lucapisanello@inwind.it,Null,Null,Verdetec Giardiniere Roma Nord,+393381093906,SIC-ID-E1AFF9FC3283,NULL,,SICUREZZA,0,PROMO_SETTEMBRE_VIP,ATTIVO
info@fabriziobevilacqua.it,Null,Null,Verifiche Impianti Di Terra Di Bevilacqua Fabrizio,+393899968494,SIC-ID-6FBFB4E39FB1,NULL,,SICUREZZA,0,PROMO_SETTEMBRE_VIP,ATTIVO
vernafiorella@live.it,Null,Null,Vernafiorella,,SIC-ID-56A146E7706C,NULL,,SICUREZZA,0,PROMO_SETTEMBRE_VIP,ATTIVO
info@verniciaturabrina.it,Null,Null,Verniciatura Fratelli Brina Di Cristiano E Davide Brina S.n.c.,,SIC-ID-3923965C350D,NULL,,SICUREZZA,0,PROMO_SETTEMBRE_VIP,ATTIVO
info@veronarestauri.it,Null,Null,Verona Restauri,+393470154425,SIC-ID-EE764F2B8445,NULL,,SICUREZZA,0,PROMO_SETTEMBRE_VIP,ATTIVO
veronese.raffaele@tiscali.it,Null,Null,Veronese Raffaele,+393281263830,SIC-ID-93F0C8C71DB1,NULL,,SICUREZZA,0,PROMO_SETTEMBRE_VIP,ATTIVO
veronicaguiarssi@gmail.com,Null,Null,Veronicaguiarssi,+393408744824,SIC-ID-75DD87B01E2A,NULL,,SICUREZZA,0,PROMO_SETTEMBRE_VIP,ATTIVO
vetroservicesrl@gmail.com,Null,Null,Vetro Gmail,33899302130,SIC-ID-6CD24DD0EA27,NULL,,SICUREZZA,0,PROMO_SETTEMBRE_VIP,ATTIVO
vfrancese@gmail.com,Null,Null,Vfrancese,,SIC-ID-16325A600F32,NULL,,SICUREZZA,0,PROMO_SETTEMBRE_VIP,ATTIVO
vfrau85@yahoo.it,Null,Null,Vfrau85,+393346132534,SIC-ID-8764D64402D2,NULL,,SICUREZZA,0,PROMO_SETTEMBRE_VIP,ATTIVO
vicentinigeomluca@gmail.com,Null,Null,Vicentinigeomluca,,SIC-ID-2B9C87446DF5,NULL,,SICUREZZA,0,PROMO_SETTEMBRE_VIP,ATTIVO
vicepresidente@artigianatopadovano.it,Null,Null,Vicepresidente,,SIC-ID-C28E46DF2C8A,NULL,,SICUREZZA,0,PROMO_SETTEMBRE_VIP,ATTIVO
viennalucas@protonmail.com,Null,Null,Viennalucas,,SIC-ID-E2079A11A6EE,NULL,,SICUREZZA,0,PROMO_SETTEMBRE_VIP,ATTIVO
villaggiodelcuore@gmail.com,Null,Null,Villaggiodelcuore,,SIC-ID-8812EB143585,NULL,,SICUREZZA,0,PROMO_SETTEMBRE_VIP,ATTIVO
vincenzamonti73@gmail.com,Null,Null,Vincenzamonti73,,SIC-ID-AC4C51238CF4,NULL,,SICUREZZA,0,PROMO_SETTEMBRE_VIP,ATTIVO
vincenzo.valenza@hotmail.it,Null,Null,Vincenzo Valenza,,SIC-ID-7D0FBED256D2,NULL,,SICUREZZA,0,PROMO_SETTEMBRE_VIP,ATTIVO
info@virginwater.it,Null,Null,Virgin Water Srl,+393513582668,SIC-ID-EEBCF6BEC119,NULL,,SICUREZZA,0,PROMO_SETTEMBRE_VIP,ATTIVO
virginiaapostoli@gmail.com,Null,Null,Virginiaapostoli,,SIC-ID-2FC1991840D0,NULL,,SICUREZZA,0,PROMO_SETTEMBRE_VIP,ATTIVO
virginiacipolla@tiscali.it,Null,Null,Virginiacipolla,,SIC-ID-BFEA6AAEDB16,NULL,,SICUREZZA,0,PROMO_SETTEMBRE_VIP,ATTIVO
vitalegiuseppe76@gmail.com,Null,Null,Vitalegiuseppe76,+393292239781,SIC-ID-7C3DBC75751F,NULL,,SICUREZZA,0,PROMO_SETTEMBRE_VIP,ATTIVO
vitaliano13@gmail.com,Null,Null,Vitaliano13 Gennari,+393457037638,SIC-ID-8715A95BBD89,NULL,,SICUREZZA,0,PROMO_SETTEMBRE_VIP,ATTIVO
vittoria.currao@abacospa.it,Null,Null,Vittoria,,SIC-ID-7A78F80CF896,NULL,,SICUREZZA,0,PROMO_SETTEMBRE_VIP,ATTIVO
vittorio.londoni@londonigroup.com,Null,Null,Vittorio Londoni,,SIC-ID-BE0E86A9194A,NULL,,SICUREZZA,0,PROMO_SETTEMBRE_VIP,ATTIVO
v.mariarosa@alice.it,Null,Null,Viviani Rosa,+393381211909,SIC-ID-2053617FE4B7,NULL,,SICUREZZA,0,PROMO_SETTEMBRE_VIP,ATTIVO
info@volcer.com,Null,Null,Volpato Costruzioni Srl,+390415138237,SIC-ID-34AE4846AF58,NULL,,SICUREZZA,0,PROMO_SETTEMBRE_VIP,ATTIVO
info@volpicostruzioni.it,Null,Null,Volpi Costruzioni - Impresa Edile Costruzioni E Ristrutturazioni A Parma,+393356342478,SIC-ID-AD39A13D030B,NULL,,SICUREZZA,0,PROMO_SETTEMBRE_VIP,ATTIVO
vrn_grl@yahoo.it,Null,Null,Vrn_grl,,SIC-ID-05D7880A08DE,NULL,,SICUREZZA,0,PROMO_SETTEMBRE_VIP,ATTIVO
vsaccucci@libero.it,Null,Null,Vsaccucci,,SIC-ID-0388A97362D3,NULL,,SICUREZZA,0,PROMO_SETTEMBRE_VIP,ATTIVO
info@vultaggioevario.it,Null,Null,"Vultaggio G., Vario V. & C. S.n.c.",+39092421094,SIC-ID-0C71E0903C84,NULL,,SICUREZZA,0,PROMO_SETTEMBRE_VIP,ATTIVO
info@vultaggio.it,Null,Null,Vultaggio Srl,+390923833499,SIC-ID-B14B6992A107,NULL,,SICUREZZA,0,PROMO_SETTEMBRE_VIP,ATTIVO
wainer.bruni@alice.it,Null,Null,Wainer Bruni,,SIC-ID-75F5DEA49760,NULL,,SICUREZZA,0,PROMO_SETTEMBRE_VIP,ATTIVO
wallet@rendimentoetico.it,Null,Null,Wallet Blumatica,+393289134522,SIC-ID-7076660A4A98,NULL,,SICUREZZA,0,PROMO_SETTEMBRE_VIP,ATTIVO
wassimmeftah700@gmail.com,Null,Null,Wassim Geometri.,,SIC-ID-6F0118C943EC,NULL,,SICUREZZA,0,PROMO_SETTEMBRE_VIP,ATTIVO
waterlandstudio@gmail.com,Null,Null,Waterlandstudio,,SIC-ID-68E64425134F,NULL,,SICUREZZA,0,PROMO_SETTEMBRE_VIP,ATTIVO
way.2.usd4@gmail.com,Null,Null,Way 2 Usd4,,SIC-ID-C946BE79B7C3,NULL,,SICUREZZA,0,PROMO_SETTEMBRE_VIP,ATTIVO
lauren.ae.bowers@gmail.com,Null,Null,Weber G E D Ingrosso Materiali Edili,+39095338014,SIC-ID-C02736A9FDF1,NULL,,SICUREZZA,0,PROMO_SETTEMBRE_VIP,ATTIVO
webinar@aifesformazione.it,Null,Null,Webinar,34006500420,SIC-ID-EB7921447C6D,NULL,,SICUREZZA,0,PROMO_SETTEMBRE_VIP,ATTIVO
webinar@scalpingwithbull.com,Null,Null,Webinar Nicolas,+393471501914,SIC-ID-7AD7D984A82B,NULL,,SICUREZZA,0,PROMO_SETTEMBRE_VIP,ATTIVO
white-c@libero.it,Null,Null,White-c,,SIC-ID-9D355A7C28EB,NULL,,SICUREZZA,0,PROMO_SETTEMBRE_VIP,ATTIVO
work@kervinchery.com,Null,Null,Work Di Gioia,+3934728224240,SIC-ID-2E0EFDA8491C,NULL,,SICUREZZA,0,PROMO_SETTEMBRE_VIP,ATTIVO
workedilsrl2017@gmail.com,Null,Null,Work Edil,+390815402578,SIC-ID-EA569898FC9A,NULL,,SICUREZZA,0,PROMO_SETTEMBRE_VIP,ATTIVO
www.capeto2008@libero.it,Null,Null,Www Capeto2008,,SIC-ID-1A1F132DC1B0,NULL,,SICUREZZA,0,PROMO_SETTEMBRE_VIP,ATTIVO
www.webposte@pcert.it,Null,Null,Www Webposte,,SIC-ID-397768228E32,NULL,,SICUREZZA,0,PROMO_SETTEMBRE_VIP,ATTIVO
xaver8@libero.it,Null,Null,Xaver8,,SIC-ID-6D5B1C346DEC,NULL,,SICUREZZA,0,PROMO_SETTEMBRE_VIP,ATTIVO
xblumi@hotmail.it,Null,Null,Xblumi,,SIC-ID-86E56A623160,NULL,,SICUREZZA,0,PROMO_SETTEMBRE_VIP,ATTIVO
y.rossi@fornovogas.it,Null,Null,Y Rossi,,SIC-ID-A5E5821705BD,NULL,,SICUREZZA,0,PROMO_SETTEMBRE_VIP,ATTIVO
yahyamnasri8@gmail.com,Null,Null,Yahyamnasri8 Mnasri,,SIC-ID-7D5952B111DF,NULL,,SICUREZZA,0,PROMO_SETTEMBRE_VIP,ATTIVO
yascira.lucy@gmail.com,Null,Null,Yascira Lucy,,SIC-ID-A625AB6DBA1C,NULL,,SICUREZZA,0,PROMO_SETTEMBRE_VIP,ATTIVO
yselvaggio84@gmail.com,Null,Null,Yselvaggio84,,SIC-ID-6DF6C94BCD06,NULL,,SICUREZZA,0,PROMO_SETTEMBRE_VIP,ATTIVO
yuslenia.barban@libero.it,Null,Null,Yuslenia Barban,,SIC-ID-1436C36C6E61,NULL,,SICUREZZA,0,PROMO_SETTEMBRE_VIP,ATTIVO
yvonne.70sejas.ysa61@gmail.com,Null,Null,Yvonne 70sejas Ysa61,,SIC-ID-55DE5817015B,NULL,,SICUREZZA,0,PROMO_SETTEMBRE_VIP,ATTIVO
info@zdlcostruzioni.com,Null,Null,Z.d.l. Costruzioni Srl,+393469554367,SIC-ID-20CD739503F9,NULL,,SICUREZZA,0,PROMO_SETTEMBRE_VIP,ATTIVO
email@mail.com,Null,Null,Z2g Costruzioni,+393339174067,SIC-ID-DDDD0F2356D4,NULL,,SICUREZZA,0,PROMO_SETTEMBRE_VIP,ATTIVO
zmtermoidro@gmail.com,Null,Null,Zm Termoidraulica,+390421242563,SIC-ID-08B16C28EC73,NULL,,SICUREZZA,0,PROMO_SETTEMBRE_VIP,ATTIVO
za.comzaiaemanuele@libero.it,Null,Null,Za,,SIC-ID-B0E8910A22A0,NULL,,SICUREZZA,0,L1_FREDDI_RIPERMISSIONING,ATTIVO
zagostafforg@libero.it,Null,Null,Zagostafforg,,SIC-ID-501F4EA5DA33,NULL,,SICUREZZA,0,PROMO_SETTEMBRE_VIP,ATTIVO
info@zaiaimpianti.it,Null,Null,Zaia Impianti,,SIC-ID-A5CBCEEC927D,NULL,,SICUREZZA,0,PROMO_SETTEMBRE_VIP,ATTIVO
zaiaemanuele@libero.it,Null,Null,Zaiaemanuele,,SIC-ID-7DADB9CAF131,NULL,,SICUREZZA,0,PROMO_SETTEMBRE_VIP,ATTIVO
archeo1@live.it,Null,Null,Zambon Riccardo,+393354243430,SIC-ID-B511827256D8,NULL,,SICUREZZA,0,PROMO_SETTEMBRE_VIP,ATTIVO
zamboni.c78@gmail.com,Null,Null,Zamboni C78,,SIC-ID-EFC542C2F1B0,NULL,,SICUREZZA,0,PROMO_SETTEMBRE_VIP,ATTIVO
zamperlin.lendinara@libero.it,Null,Null,Zamperlin Lendinara,,SIC-ID-12B8269135BB,NULL,,SICUREZZA,0,PROMO_SETTEMBRE_VIP,ATTIVO
zampino.alberto@gmail.com,Null,Null,Zampino Alberto,,SIC-ID-12C42A7DECB9,NULL,,SICUREZZA,0,PROMO_SETTEMBRE_VIP,ATTIVO
matteo@zanchiedil.it,Null,Null,Zanchi & C. S.n.c.,+39034591619,SIC-ID-C8261A85247D,NULL,,SICUREZZA,0,PROMO_SETTEMBRE_VIP,ATTIVO
zanella76@gmail.com,Null,Null,Zanella76,,SIC-ID-6CAEAAA71F24,NULL,,SICUREZZA,0,PROMO_SETTEMBRE_VIP,ATTIVO
zanellato.cristian@alice.it,Null,Null,Zanellato Cristian,+393409714078,SIC-ID-094FD28255B3,NULL,,SICUREZZA,0,PROMO_SETTEMBRE_VIP,ATTIVO
zaniboni.valeria@gmail.com,Null,Null,Zaniboni Valeria,,SIC-ID-A3251DA71672,NULL,,SICUREZZA,0,PROMO_SETTEMBRE_VIP,ATTIVO
zaninelloantonio@gmail.com,Null,Null,Zaninelloantonio,+393291992963,SIC-ID-C5A3C75F739A,NULL,,SICUREZZA,0,PROMO_SETTEMBRE_VIP,ATTIVO
zanzi.ivana@gmail.com,Null,Null,Zanzi Ivana,+393484850361,SIC-ID-DEA8013BDE72,NULL,,SICUREZZA,0,PROMO_SETTEMBRE_VIP,ATTIVO
silvia.trombin@virgilio.it,Null,Null,Zanzibar & Slot Srl,,SIC-ID-922D076360EE,NULL,,SICUREZZA,0,PROMO_SETTEMBRE_VIP,ATTIVO
info@zaptech.it,Null,Null,Zaptech,+393338444145,SIC-ID-16BCD10030CF,NULL,,SICUREZZA,0,PROMO_SETTEMBRE_VIP,ATTIVO
zavalele@gmail.com,Null,Null,Zavalele Zavattiero,+393477906223,SIC-ID-44DEFB465337,NULL,,SICUREZZA,0,PROMO_SETTEMBRE_VIP,ATTIVO
info@zavanforniture.it,Null,Null,Zavan Supplies Srl,+39041429377,SIC-ID-DB8DDE7263A2,NULL,,SICUREZZA,0,PROMO_SETTEMBRE_VIP,ATTIVO
zendesk-box@sendinblue.com,Null,Null,Zendesk-box,,SIC-ID-1A4DF55B6BDF,NULL,,SICUREZZA,0,PROMO_SETTEMBRE_VIP,ATTIVO
beatricemazzon06@gmail.com,Null,Null,Zennaro Antonio Mazzon,+393400921799,SIC-ID-DFE829A50E90,NULL,,SICUREZZA,0,PROMO_SETTEMBRE_VIP,ATTIVO
info@zennarocostruzioni.it,Null,Null,Zennaro Costruzioni Srl,+390415630190,SIC-ID-B593018A7420,NULL,,SICUREZZA,0,PROMO_SETTEMBRE_VIP,ATTIVO
leonardo.zerbini@adigeuganeo.it,Null,Null,Zerbini Cons Adige Euganeo,+393482888272,SIC-ID-4012058BCBC6,NULL,,SICUREZZA,0,PROMO_SETTEMBRE_VIP,ATTIVO
info@zeta2000.it,Null,Null,Zeta 2000,,SIC-ID-8ED94DA078F0,NULL,,SICUREZZA,0,PROMO_SETTEMBRE_VIP,ATTIVO
info@zetadue.com,Null,Null,Zeta Due - Impresa Edile Zeta Due Srl,+390422757736,SIC-ID-60DEEBC31140,NULL,,SICUREZZA,0,PROMO_SETTEMBRE_VIP,ATTIVO
info@zetacostruzioniancona.it,Null,Null,Zeta Costruzioni Srl,+390719735603,SIC-ID-71FD0E1114FB,NULL,,SICUREZZA,0,PROMO_SETTEMBRE_VIP,ATTIVO
zhanetalacaj@gmail.com,Null,Null,Zhanetalacaj,,SIC-ID-D84F9F705E37,NULL,,SICUREZZA,0,PROMO_SETTEMBRE_VIP,ATTIVO
zhenweizhu@yahoo.it,Null,Null,Zhenweizhu,,SIC-ID-6627B0D3DF11,NULL,,SICUREZZA,0,PROMO_SETTEMBRE_VIP,ATTIVO
zieromauro@hotmail.it,Null,Null,Zieromauro,+393488594447,SIC-ID-AC951CA0DC00,NULL,,SICUREZZA,0,PROMO_SETTEMBRE_VIP,ATTIVO
zimmaro.luca@gmail.com,Null,Null,Zimmaro Luca,,SIC-ID-84F94460577E,NULL,,SICUREZZA,0,PROMO_SETTEMBRE_VIP,ATTIVO
info@zingafer.it,Null,Null,Zingafer,+390957513375,SIC-ID-DB0202D5372E,NULL,,SICUREZZA,0,PROMO_SETTEMBRE_VIP,ATTIVO
zorzan.elena@libero.it,Null,Null,Zorzan Elena,,SIC-ID-F28F73217136,NULL,,SICUREZZA,0,PROMO_SETTEMBRE_VIP,ATTIVO
impresa@zuliani.re.it,Null,Null,Zuliani Impresa Edile Albinea,+390522347159,SIC-ID-48AD932320C9,NULL,,SICUREZZA,0,PROMO_SETTEMBRE_VIP,ATTIVO
zumella@libero.it,Null,Null,Zumella,,SIC-ID-D11C7DF75A51,NULL,,SICUREZZA,0,PROMO_SETTEMBRE_VIP,ATTIVO
yu.aihua@zust.it,Null,Null,Zust Ambrosetti,390252541,SIC-ID-4311019F9D75,NULL,,SICUREZZA,0,PROMO_SETTEMBRE_VIP,ATTIVO
zuzolo.roberto71@gmail.com,Null,Null,Zuzolo Roberto71,+393891797670,SIC-ID-BF74244B46B8,NULL,,SICUREZZA,0,PROMO_SETTEMBRE_VIP,ATTIVO
zvi@wholebraintrading.com,Null,Null,Zvi Benyamini,,SIC-ID-369FCA1CF6C0,NULL,,SICUREZZA,0,PROMO_SETTEMBRE_VIP,ATTIVO
info@bauexpert.it,Null,Null,Bauexpert Ag | Spa - Mattarello,+390461923050,SIC-ID-FAAC35834CD8,NULL,,SICUREZZA,0,PROMO_SETTEMBRE_VIP,ATTIVO
usinfo@etonghouses.com,Null,Null,Capsule Houses,,SIC-ID-02371DA76FAC,NULL,,SICUREZZA,0,PROMO_SETTEMBRE_VIP,ATTIVO
clapatri.v@gmail.com,Null,Null,Claudia Acevedo,+393295484710,SIC-ID-DD69B8DFC44D,NULL,,SICUREZZA,0,PROMO_SETTEMBRE_VIP,ATTIVO
cristian.barbieri73@gmail.com,Null,Null,Cristian Barbieri,+393471009888,SIC-ID-1B88A6D13044,NULL,,SICUREZZA,0,PROMO_SETTEMBRE_VIP,ATTIVO
luca@edilsnc.it,Null,Null,Edil Sas Di Mascanzoni Luca & C.,+390458345524,SIC-ID-5412626924C6,NULL,,SICUREZZA,0,PROMO_SETTEMBRE_VIP,ATTIVO
farosalotti.valentina@gmail.com,Null,Null,Faro Valentina,+393295981059,SIC-ID-95B6562C0E00,NULL,,SICUREZZA,0,PROMO_SETTEMBRE_VIP,ATTIVO
geostefano.za@gmail.com,Null,Null,Geo Stefano Arch. Tamburin,,SIC-ID-CD8EE3AF149A,NULL,,SICUREZZA,0,PROMO_SETTEMBRE_VIP,ATTIVO
padova@corsigeometri.it,Null,Null,Geom. Capuzzo,,SIC-ID-BC826E47F01A,NULL,,SICUREZZA,0,PROMO_SETTEMBRE_VIP,ATTIVO
grossatoivaldo@libero.it,Null,Null,Grossatoivaldo@libero It,33384914370,SIC-ID-560558FACB56,NULL,,SICUREZZA,0,PROMO_SETTEMBRE_VIP,ATTIVO
intext@tiscali.it,Null,Null,Int&ext Ristrutturazioni Costruzioni Restyling,+39800587969,SIC-ID-8AD4CAC1450C,NULL,,SICUREZZA,0,PROMO_SETTEMBRE_VIP,ATTIVO
cocchieri@assistedil.it,Null,Null,Michele Assistedil,+393401804545,SIC-ID-03F91DD50255,NULL,,SICUREZZA,0,PROMO_SETTEMBRE_VIP,ATTIVO
pamela.folini@fdrentservice.com,Null,Null,Pamela. Folini Rent,+393501542152,SIC-ID-7DCC6C7BD0CD,NULL,,SICUREZZA,0,PROMO_SETTEMBRE_VIP,ATTIVO
info.tecnica@pixartprinting.com,Null,Null,Pixart Printing,,SIC-ID-3563F250C352,NULL,,SICUREZZA,0,PROMO_SETTEMBRE_VIP,ATTIVO
info@publiarte.it,Null,Null,Publiarte Brusaferro,,SIC-ID-AD14D5B93D88,NULL,,SICUREZZA,0,PROMO_SETTEMBRE_VIP,ATTIVO
info@sta3g.it,Null,Null,Studio 3g,,SIC-ID-3AD50CEC6D05,NULL,,SICUREZZA,0,PROMO_SETTEMBRE_VIP,ATTIVO
r.casconi@awn.it,Null,Null,Studiorocas Architects,+390692918231,SIC-ID-E7887DAD2856,NULL,,SICUREZZA,0,PROMO_SETTEMBRE_VIP,ATTIVO
susydalgesso@gmail.com,Null,Null,Susy Gesso,+393363673620,SIC-ID-C9D6DF4E23FA,NULL,,SICUREZZA,0,PROMO_SETTEMBRE_VIP,ATTIVO
tiberiobacci@libero.it,Null,Null,Tiberio Bacci,+393498680142,SIC-ID-73E3CA257B12,NULL,,SICUREZZA,0,PROMO_SETTEMBRE_VIP,ATTIVO
valeria.pluti@gmail.com,Null,Null,Valeria Pluti,+393287037116,SIC-ID-42E25698F52E,NULL,,SICUREZZA,0,PROMO_SETTEMBRE_VIP,ATTIVO
info@voltastreet.it,Null,Null,Volta Street,+390239669373,SIC-ID-16D08B979C61,NULL,,SICUREZZA,0,PROMO_SETTEMBRE_VIP,ATTIVO
info@ottavonanobrescia.it,Null,Null,Pizzeria L'ottavo Nano,+390305241457,SIC-ID-61192631D978,NULL,,SICUREZZA,0,PROMO_SETTEMBRE_VIP,ATTIVO
info@anticoristoratorio.it,Null,Null,Antico Ristoratorio,+390331953526,SIC-ID-AA4D82BDD34C,NULL,,SICUREZZA,0,PROMO_SETTEMBRE_VIP,ATTIVO
info@daberti.it,Null,Null,Da Berti,+39026694627,SIC-ID-0D2C05FB5B46,NULL,,SICUREZZA,0,PROMO_SETTEMBRE_VIP,ATTIVO
info@osteriadelriccio.it,Null,Null,Osteria Del Riccio,+390226220328,SIC-ID-F00FBFC5CE33,NULL,,SICUREZZA,0,PROMO_SETTEMBRE_VIP,ATTIVO
info@ristoranteariccione.com,Null,Null,A Riccione,+3902683807,SIC-ID-68D7D77D56B3,NULL,,SICUREZZA,0,PROMO_SETTEMBRE_VIP,ATTIVO
info@ristoranteallancora.com,Null,Null,Ristorante All'ancora,+390376693170,SIC-ID-B2142EC64D2A,NULL,,SICUREZZA,0,PROMO_SETTEMBRE_VIP,ATTIVO
info@officina12.it,Null,Null,Officina 12,+390289422261,SIC-ID-34D764E13B4A,NULL,,SICUREZZA,0,PROMO_SETTEMBRE_VIP,ATTIVO
info@ristorantebacco.com,Null,Null,Albergo Ristorante Bacco,+390331931319,SIC-ID-E888B66E0557,NULL,,SICUREZZA,0,PROMO_SETTEMBRE_VIP,ATTIVO
itregradini@gmail.com,Null,Null,I Tre Gradini,+39026196242,SIC-ID-B781F9C90497,NULL,,SICUREZZA,0,PROMO_SETTEMBRE_VIP,ATTIVO
pizzeria@anacapri.mi.it,Null,Null,Pizzeria Anacapri,+39026194650,SIC-ID-2E0D3AD8540E,NULL,,SICUREZZA,0,PROMO_SETTEMBRE_VIP,ATTIVO
milano.lafoppa@assaje.it,Null,Null,Assaje,+390258129363,SIC-ID-C2A3CFE20EEA,NULL,,SICUREZZA,0,PROMO_SETTEMBRE_VIP,ATTIVO
info@pensioneparadiso.it,Null,Null,Albergo Paradiso,+390332560128,SIC-ID-1A1BFD693B07,NULL,,SICUREZZA,0,PROMO_SETTEMBRE_VIP,ATTIVO
trattoriadellezucche@libero.it,Null,Null,Trattoria Delle Zucche,+390331953569,SIC-ID-3050EDDFAAA2,NULL,,SICUREZZA,0,PROMO_SETTEMBRE_VIP,ATTIVO
tuttanatastoria.pizzeria@gmail.com,Null,Null,Tutta 'nata Storia,+39028464137,SIC-ID-CD6C59455E28,NULL,,SICUREZZA,0,PROMO_SETTEMBRE_VIP,ATTIVO
info@agriturismo-josie.it,Null,Null,L'agriturismo Di Josie,,SIC-ID-BE1FCE244B08,NULL,,SICUREZZA,0,PROMO_SETTEMBRE_VIP,ATTIVO
dogana@hoteldogana.it,Null,Null,Dogana,+39030919026,SIC-ID-7E1EA86F3DD7,NULL,,SICUREZZA,0,PROMO_SETTEMBRE_VIP,ATTIVO
info@ristorantelarosadeiventi.it,Null,Null,La Rosa Dei Venti,+3902347338,SIC-ID-628AD60283C0,NULL,,SICUREZZA,0,PROMO_SETTEMBRE_VIP,ATTIVO
milanosempione@frescotrattoria.it,Null,Null,Fresco,+39023311888,SIC-ID-1E2835172B80,NULL,,SICUREZZA,0,PROMO_SETTEMBRE_VIP,ATTIVO
info@ristoranteaquarius.com,Null,Null,Aquarius,+39023315093,SIC-ID-B2A8C993D042,NULL,,SICUREZZA,0,PROMO_SETTEMBRE_VIP,ATTIVO
info@cucinainmilano.it,Null,Null,Cucina In,+390236745728,SIC-ID-305CC214BAAF,NULL,,SICUREZZA,0,PROMO_SETTEMBRE_VIP,ATTIVO
info@laforra.com,Null,Null,La Forra,+390365918166,SIC-ID-6577F5FB10E1,NULL,,SICUREZZA,0,PROMO_SETTEMBRE_VIP,ATTIVO
info@cortelombarda.it,Null,Null,Corte Lombarda,+390331535604,SIC-ID-C12BA5C630E5,NULL,,SICUREZZA,0,PROMO_SETTEMBRE_VIP,ATTIVO
delfinoblu1981@libero.it,Null,Null,Delfino Blu,+390331976682,SIC-ID-5081B441A266,NULL,,SICUREZZA,0,PROMO_SETTEMBRE_VIP,ATTIVO
info@llevataps.it,Null,Null,Lleva Taps,+390258101105,SIC-ID-AD5B6077E737,NULL,,SICUREZZA,0,PROMO_SETTEMBRE_VIP,ATTIVO
osteriacotoeletta@gmail.com,Null,Null,Coto E Letta,,SIC-ID-8FE38B84254B,NULL,,SICUREZZA,0,PROMO_SETTEMBRE_VIP,ATTIVO
milano@dalbolognese.it,Null,Null,Dal Bolognese,+390262694845,SIC-ID-19AB6B588A50,NULL,,SICUREZZA,0,PROMO_SETTEMBRE_VIP,ATTIVO
ristorante@easyvillage.eu,Null,Null,Easy Village Restaurant,+390296732548,SIC-ID-20F90E5B9824,NULL,,SICUREZZA,0,PROMO_SETTEMBRE_VIP,ATTIVO
info@locandasole.it,Null,Null,Locanda Sole,+39030918111,SIC-ID-DCF2249E7D8B,NULL,,SICUREZZA,0,PROMO_SETTEMBRE_VIP,ATTIVO
info@belvederevillahotel.it,Null,Null,Hotel Villa Trattoria Belvedere,+390365641210,SIC-ID-BB1C1B219DA2,NULL,,SICUREZZA,0,PROMO_SETTEMBRE_VIP,ATTIVO
info@golfbogliaco.com,Null,Null,Bogliaco Golf Resort Srl,+390365540548,SIC-ID-E392BD1EC9A4,NULL,,SICUREZZA,0,PROMO_SETTEMBRE_VIP,ATTIVO
info@ladamadellago.com,Null,Null,Ristorante La Dama Del Lago,+3903651838393,SIC-ID-37CA8131F48C,NULL,,SICUREZZA,0,PROMO_SETTEMBRE_VIP,ATTIVO
info@hotelbogliaco.it,Null,Null,Hotel Bogliaco,+39036571404,SIC-ID-C2E832C4E5F7,NULL,,SICUREZZA,0,PROMO_SETTEMBRE_VIP,ATTIVO
info@almiralago.it,Null,Null,Ristorante Al Miralago,+39036571209,SIC-ID-E8AC384788CA,NULL,,SICUREZZA,0,PROMO_SETTEMBRE_VIP,ATTIVO
info@friccicohostariaromana.it,Null,Null,Friccico Hostaria Romana,+390392306795,SIC-ID-D8AB579210A9,NULL,,SICUREZZA,0,PROMO_SETTEMBRE_VIP,ATTIVO
mareblu24@hotmail.it,Null,Null,Ristorante Pizzeria Mareblu,+390331546286,SIC-ID-B620B19CC15C,NULL,,SICUREZZA,0,PROMO_SETTEMBRE_VIP,ATTIVO
info@altorchiotignal.it,Null,Null,Ristorante & Pizzeria Al Torchio,+390365760295,SIC-ID-967AA1A145AB,NULL,,SICUREZZA,0,PROMO_SETTEMBRE_VIP,ATTIVO
lavignetta@lavignetta.it,Null,Null,"Trattoria Albergo ""la Vignetta""",,SIC-ID-2A5931E44B2D,NULL,,SICUREZZA,0,PROMO_SETTEMBRE_VIP,ATTIVO
info@albergocastello.it,Null,Null,Albergo Castello,+39036573041,SIC-ID-2AD359F9E80D,NULL,,SICUREZZA,0,PROMO_SETTEMBRE_VIP,ATTIVO
info@ristorantefornico.it,Null,Null,Trattoria Fornico,+39036571058,SIC-ID-A75984405EF4,NULL,,SICUREZZA,0,PROMO_SETTEMBRE_VIP,ATTIVO
picchiorosso88@gmail.com,Null,Null,Il Picchio Rosso,+390363337215,SIC-ID-0CF01CF16EC5,NULL,,SICUREZZA,0,PROMO_SETTEMBRE_VIP,ATTIVO
info@gtstignale.it,Null,Null,Apollo Xi,+3903651980422,SIC-ID-6B239A3853CD,NULL,,SICUREZZA,0,PROMO_SETTEMBRE_VIP,ATTIVO
alpitentino@hotmail.it,Null,Null,Al Pitentino,+39035237750,SIC-ID-0E20FF00FF72,NULL,,SICUREZZA,0,PROMO_SETTEMBRE_VIP,ATTIVO
info@amicidellaratta.it,Null,Null,Agriturismo Amici Della Ratta,,SIC-ID-0FA101DDFD04,NULL,,SICUREZZA,0,PROMO_SETTEMBRE_VIP,ATTIVO
info@le-rondini.net,Null,Null,Le Rondini,+390114338743,SIC-ID-5189D412DF9D,NULL,,SICUREZZA,0,PROMO_SETTEMBRE_VIP,ATTIVO
info@trattoria-ala.it,Null,Null,Trattoria Toscana Ala,+390118174778,SIC-ID-6A3046B8E18A,NULL,,SICUREZZA,0,PROMO_SETTEMBRE_VIP,ATTIVO
info@ilmonarca.it,Null,Null,Il Monarca,+390173748137,SIC-ID-88183BA45C47,NULL,,SICUREZZA,0,PROMO_SETTEMBRE_VIP,ATTIVO
info@lascurcio.it,Null,Null,"Osteria Della Gardetta ""da Rolando""",+39017199017,SIC-ID-D144E563EBBC,NULL,,SICUREZZA,0,PROMO_SETTEMBRE_VIP,ATTIVO
ristorante@ilmaneggio.com,Null,Null,Il Maneggio,+390171929579,SIC-ID-A8BCCD4DAE9A,NULL,,SICUREZZA,0,PROMO_SETTEMBRE_VIP,ATTIVO
locandabocchettosessera@gmail.com,Null,Null,Locanda Bocchetto Sessera,+39015744115,SIC-ID-3993637A0140,NULL,,SICUREZZA,0,PROMO_SETTEMBRE_VIP,ATTIVO
laschiavenza@bybagnod.it,Null,Null,Agriturismo La Schiavenza,,SIC-ID-C709ABF38D7D,NULL,,SICUREZZA,0,PROMO_SETTEMBRE_VIP,ATTIVO
info@miralagoristorante.it,Null,Null,Miralago,+39032359888,SIC-ID-5D68D18D0B61,NULL,,SICUREZZA,0,PROMO_SETTEMBRE_VIP,ATTIVO
info@quellidellarossa.it,Null,Null,Agriturismo La Rossa,,SIC-ID-E4467C67C6FB,NULL,,SICUREZZA,0,PROMO_SETTEMBRE_VIP,ATTIVO
info.trattorialarocca@gmail.com,Null,Null,Trattoria Roma,+393311523787,SIC-ID-CDD7CCE1B84E,NULL,,SICUREZZA,0,PROMO_SETTEMBRE_VIP,ATTIVO
cigattino@libero.it,Null,Null,Trattoria Del Parco Della Burcina,+393289552619,SIC-ID-769C25D36596,NULL,,SICUREZZA,0,PROMO_SETTEMBRE_VIP,ATTIVO
gunterk@tin.it,Null,Null,Guenther Stube,+390321431034,SIC-ID-1C5852D6F02B,NULL,,SICUREZZA,0,PROMO_SETTEMBRE_VIP,ATTIVO
info@grappolodoro.net,Null,Null,Grappolo D'oro,+39017378293,SIC-ID-97317B05D724,NULL,,SICUREZZA,0,PROMO_SETTEMBRE_VIP,ATTIVO
losteriadelteatro@libero.it,Null,Null,L'osteria Del Teatro,+39017334231,SIC-ID-17D10E690EB2,NULL,,SICUREZZA,0,PROMO_SETTEMBRE_VIP,ATTIVO
osteriacantinella@tin.it,Null,Null,Osteria La Cantinella,+39017356267,SIC-ID-910B0D63CA57,NULL,,SICUREZZA,0,PROMO_SETTEMBRE_VIP,ATTIVO
info@osteriadelvignaiolo.it,Null,Null,L'osteria Del Vignaiolo,+39017350335,SIC-ID-BD8A2DDB9021,NULL,,SICUREZZA,0,PROMO_SETTEMBRE_VIP,ATTIVO
bottegamiatorino@gmail.com,Null,Null,Bottega Mia,,SIC-ID-8050E5276807,NULL,,SICUREZZA,0,PROMO_SETTEMBRE_VIP,ATTIVO
locandarossignoli1913@gmail.com,Null,Null,Locanda Rossignoli 1913,+390142455253,SIC-ID-49FF232B68DD,NULL,,SICUREZZA,0,PROMO_SETTEMBRE_VIP,ATTIVO
angelapantagruel@gmail.com,Null,Null,Pantagruel,,SIC-ID-86AE72E6E33B,NULL,,SICUREZZA,0,PROMO_SETTEMBRE_VIP,ATTIVO
info@agriturismoiride.com,Null,Null,Agriturismo Iride,,SIC-ID-225560AB5CFC,NULL,,SICUREZZA,0,PROMO_SETTEMBRE_VIP,ATTIVO
info@cascinamarcellina.it,Null,Null,Cascina Marcellina,+390124699879,SIC-ID-F3C567DE1166,NULL,,SICUREZZA,0,PROMO_SETTEMBRE_VIP,ATTIVO
mirotorino@libero.it,Null,Null,Ristorante Pizzeria Mirò,+390112731033,SIC-ID-601DA4C6BAE7,NULL,,SICUREZZA,0,PROMO_SETTEMBRE_VIP,ATTIVO
tassobarbasso@vodafone.it,Null,Null,Tassobarbasso,+390112731933,SIC-ID-972F094E971D,NULL,,SICUREZZA,0,PROMO_SETTEMBRE_VIP,ATTIVO
info@marrossotorino.com,Null,Null,Mar Rosso,+393471439202,SIC-ID-DE94C365BBF6,NULL,,SICUREZZA,0,PROMO_SETTEMBRE_VIP,ATTIVO
info@europa-ristorante.com,Null,Null,Europa,+390323788292,SIC-ID-E9CBACC6B278,NULL,,SICUREZZA,0,PROMO_SETTEMBRE_VIP,ATTIVO
info@hotelcannero.com,Null,Null,Cannero,+390323788046,SIC-ID-B591C2DC06ED,NULL,,SICUREZZA,0,PROMO_SETTEMBRE_VIP,ATTIVO
locandadellamandria@gmail.com,Null,Null,La Locanda Della Mandria,+390114993324,SIC-ID-4423CFD32BD0,NULL,,SICUREZZA,0,PROMO_SETTEMBRE_VIP,ATTIVO
info@ducacentodue.net,Null,Null,Duca Centodue,+390115817273,SIC-ID-6F0EF9A0B291,NULL,,SICUREZZA,0,PROMO_SETTEMBRE_VIP,ATTIVO
peynett@gmail.com,Null,Null,Peynett,+390125579079,SIC-ID-A86490FB204A,NULL,,SICUREZZA,0,PROMO_SETTEMBRE_VIP,ATTIVO
info@ristorantecatullo.com,Null,Null,Catullo - Ristorante Pizzeria,+390116618336,SIC-ID-4A7E393F98C7,NULL,,SICUREZZA,0,PROMO_SETTEMBRE_VIP,ATTIVO
info@ristorantelastella.com,Null,Null,Ristorante La Stella,+390324248470,SIC-ID-23E0BFE6A079,NULL,,SICUREZZA,0,PROMO_SETTEMBRE_VIP,ATTIVO
sdm_prascorsano@yahoo.it,Null,Null,Ristorante Società Prascorsano,+390124698135,SIC-ID-B6C6EFF96B3B,NULL,,SICUREZZA,0,PROMO_SETTEMBRE_VIP,ATTIVO
contatti@alberonipizzeria.it,Null,Null,Ristorante Pizzeria Alberoni,+390116615433,SIC-ID-362526ECFA9E,NULL,,SICUREZZA,0,PROMO_SETTEMBRE_VIP,ATTIVO
sansarop@libero.it,Null,Null,Ristorantino Del Cin Cin,+390161252474,SIC-ID-BEFE9AA2249E,NULL,,SICUREZZA,0,PROMO_SETTEMBRE_VIP,ATTIVO
lagrange@eataly.it,Null,Null,Eataly Lagrange,+390110373221,SIC-ID-A2F2DCA54D13,NULL,,SICUREZZA,0,PROMO_SETTEMBRE_VIP,ATTIVO
agriturismo@cascina-gorgia.it,Null,Null,Cascina Gorgia,,SIC-ID-D8F21D72DBB9,NULL,,SICUREZZA,0,PROMO_SETTEMBRE_VIP,ATTIVO
info@fungoreale.it,Null,Null,Locanda Fungo Reale,+390171717010,SIC-ID-41A44D2C3AD7,NULL,,SICUREZZA,0,PROMO_SETTEMBRE_VIP,ATTIVO
info@lidopaina.it,Null,Null,Ristorante Lido Paina,+390457400587,SIC-ID-0F18F2C82D52,NULL,,SICUREZZA,0,PROMO_SETTEMBRE_VIP,ATTIVO
grupporistomare@gmail.com,Null,Null,Osteria Del Porto,+393792709954,SIC-ID-00F2C676BCFE,NULL,,SICUREZZA,0,PROMO_SETTEMBRE_VIP,ATTIVO
info@ristoranteaicasoni.it,Null,Null,Ai Casoni,+390431438556,SIC-ID-F99E32496B7F,NULL,,SICUREZZA,0,PROMO_SETTEMBRE_VIP,ATTIVO
info@nerodiseppiapadova.it,Null,Null,Nerodiseppia Ristorante,+390498364049,SIC-ID-5E7A984CBB9B,NULL,,SICUREZZA,0,PROMO_SETTEMBRE_VIP,ATTIVO
info@volpara.com,Null,Null,Volpara Malga Verde,+390424577019,SIC-ID-1129F8B372E7,NULL,,SICUREZZA,0,PROMO_SETTEMBRE_VIP,ATTIVO
info@dallamena.it,Null,Null,Dalla Mena,+39042436481,SIC-ID-30548B2481AF,NULL,,SICUREZZA,0,PROMO_SETTEMBRE_VIP,ATTIVO
info@pizzeriadoremi.it,Null,Null,Ristorante Pizzeria Doremi,+390445641830,SIC-ID-2A8F224C2097,NULL,,SICUREZZA,0,PROMO_SETTEMBRE_VIP,ATTIVO
info@osteriaallarosa.it,Null,Null,Osteria Alla Rosa,,SIC-ID-50EE1F4EEF9B,NULL,,SICUREZZA,0,PROMO_SETTEMBRE_VIP,ATTIVO
ristorretta@gmail.com,Null,Null,La Torretta,+390457550108,SIC-ID-4B939408EC85,NULL,,SICUREZZA,0,PROMO_SETTEMBRE_VIP,ATTIVO
info@speckstube.com,Null,Null,Speck Stube Malcesine,+390457401177,SIC-ID-207E8457D804,NULL,,SICUREZZA,0,PROMO_SETTEMBRE_VIP,ATTIVO
albergo@albergoallecastrette.it,Null,Null,Trattoria Alle Castrette,+390422919439,SIC-ID-6FACBD8EFD27,NULL,,SICUREZZA,0,PROMO_SETTEMBRE_VIP,ATTIVO
ristalteatro@gmail.com,Null,Null,Ristorante Al Teatro,,SIC-ID-CEE55861B7AA,NULL,,SICUREZZA,0,PROMO_SETTEMBRE_VIP,ATTIVO
masorubel@gmail.com,Null,Null,Maso Rübel,+393883438395,SIC-ID-0C3287F3DBFA,NULL,,SICUREZZA,0,PROMO_SETTEMBRE_VIP,ATTIVO
gwuraru871@gmail.com,Null,Null,Trattoria Al Tempio,,SIC-ID-E7C5C46ACC28,NULL,,SICUREZZA,0,PROMO_SETTEMBRE_VIP,ATTIVO
info@hotelmontebaldina.it,Null,Null,Ristorante & Bar Montebaldina,+390457285176,SIC-ID-240A476A7A11,NULL,,SICUREZZA,0,PROMO_SETTEMBRE_VIP,ATTIVO
hotelpizzeriagigino@alice.it,Null,Null,Da Gigino,+390437852128,SIC-ID-7CD97FD59C20,NULL,,SICUREZZA,0,PROMO_SETTEMBRE_VIP,ATTIVO
modenaluca@libero.it,Null,Null,Da Umberto,+390457430388,SIC-ID-5605EB34503C,NULL,,SICUREZZA,0,PROMO_SETTEMBRE_VIP,ATTIVO
info@panevin.it,Null,Null,Pan E Vin,+390445891012,SIC-ID-0660CB6EC56E,NULL,,SICUREZZA,0,PROMO_SETTEMBRE_VIP,ATTIVO
osterialanfora@gmail.com,Null,Null,Osteria L'anfora,+39049656629,SIC-ID-0305F9FE0821,NULL,,SICUREZZA,0,PROMO_SETTEMBRE_VIP,ATTIVO
albergo.leondoro@virgilio.it,Null,Null,Albergo Ristorante Leon D'oro,+3904292955+390429602949,SIC-ID-6C5EB3F848C5,NULL,,SICUREZZA,0,PROMO_SETTEMBRE_VIP,ATTIVO
info@albigolaro.it,Null,Null,Trattoria Al Bigolaro,+390499131464,SIC-ID-E75E573A4F3E,NULL,,SICUREZZA,0,PROMO_SETTEMBRE_VIP,ATTIVO
labarca.albarella@gmail.com,Null,Null,La Barca,+390426330178,SIC-ID-85B86968D30F,NULL,,SICUREZZA,0,PROMO_SETTEMBRE_VIP,ATTIVO
info@vecchiamalcesine.com,Null,Null,Vecchia Malcesine,+393356377699,SIC-ID-F6AE72B11ACD,NULL,,SICUREZZA,0,PROMO_SETTEMBRE_VIP,ATTIVO
info@latrattoriaitaliana.com,Null,Null,Paella Valenciana Style,+393294234141,SIC-ID-AC3673F5673A,NULL,,SICUREZZA,0,PROMO_SETTEMBRE_VIP,ATTIVO
bocabona.cittadella@gmail.com,Null,Null,Ristorante Pizzeria Birreria Boca Bona,+390499445819,SIC-ID-A7392F5E9B8D,NULL,,SICUREZZA,0,PROMO_SETTEMBRE_VIP,ATTIVO
info@cuordipizza.it,Null,Null,La Pizza Del Cuore,+390444585869,SIC-ID-3745B1A7B5F2,NULL,,SICUREZZA,0,PROMO_SETTEMBRE_VIP,ATTIVO
info@strapizzami.com,Null,Null,Terzo Tempo,+39042955894,SIC-ID-605AD794B759,NULL,,SICUREZZA,0,PROMO_SETTEMBRE_VIP,ATTIVO
pierfrancescomunari@yahoo.it,Null,Null,Studio Legale,,SIC-ID-50EC82AE761F,NULL,,SICUREZZA,0,PROMO_SETTEMBRE_VIP,ATTIVO
studio@antonellabasso.it,Null,Null,Studio Legale Antonella Basso,+390495970020,SIC-ID-BE11612BD5EA,NULL,,SICUREZZA,0,PROMO_SETTEMBRE_VIP,ATTIVO
info@wise.pro,Null,Null,Wise Avvocati & Commercialisti,+39049777000,SIC-ID-2CAE9DE8656A,NULL,,SICUREZZA,0,PROMO_SETTEMBRE_VIP,ATTIVO
info@studiolegalegarziera.it,Null,Null,Studio Legale Garziera,+390444659275,SIC-ID-FF5C0D38A0C4,NULL,,SICUREZZA,0,PROMO_SETTEMBRE_VIP,ATTIVO
collalto1@gmail.com,Null,Null,Studio Legale Avv. Luca Roberto,,SIC-ID-0404B1264A63,NULL,,SICUREZZA,0,PROMO_SETTEMBRE_VIP,ATTIVO
info@venturilegal.it,Null,Null,Venturi & Partners Studio Legale D'impresa,+390456104842,SIC-ID-9C15C71CB83D,NULL,,SICUREZZA,0,PROMO_SETTEMBRE_VIP,ATTIVO
avv.montagner@gmail.com,Null,Null,Avv. Andrea Montagner,,SIC-ID-0D6804541055,NULL,,SICUREZZA,0,PROMO_SETTEMBRE_VIP,ATTIVO
info@slaw.it,Null,Null,Studio Legale Schiavo,+390444511611,SIC-ID-03E89794C792,NULL,,SICUREZZA,0,PROMO_SETTEMBRE_VIP,ATTIVO
info@studiolegalecilia.it,Null,Null,Studio Legale Cilia,+390439840135,SIC-ID-AB89736C5C2F,NULL,,SICUREZZA,0,PROMO_SETTEMBRE_VIP,ATTIVO
studiolegale@avvocatodanielebonomi.it,Null,Null,Studio Legale Daniele Bonomi,,SIC-ID-0CD774CABCE3,NULL,,SICUREZZA,0,PROMO_SETTEMBRE_VIP,ATTIVO
studiolegalegarosi@tiscali.it,Null,Null,Studio Legale Avv. Nicola Garosi,,SIC-ID-887E7A43E3D5,NULL,,SICUREZZA,0,PROMO_SETTEMBRE_VIP,ATTIVO
infoslconselve@gmail.com,Null,Null,Studio Legale,+390499560139,SIC-ID-2D2CE7D7AC68,NULL,,SICUREZZA,0,PROMO_SETTEMBRE_VIP,ATTIVO
info@studiolegalesimonetti.eu,Null,Null,Studio Legale Simonetti,+39041980500,SIC-ID-49987D1182F5,NULL,,SICUREZZA,0,PROMO_SETTEMBRE_VIP,ATTIVO
info@bardellorso.it,Null,Null,Bar Dell'orso,+390577305074,SIC-ID-81A39F10D383,NULL,,SICUREZZA,0,PROMO_SETTEMBRE_VIP,ATTIVO
info@lavelatirrenia.it,Null,Null,La Vela,+3905032728,SIC-ID-3F19AC28D6DF,NULL,,SICUREZZA,0,PROMO_SETTEMBRE_VIP,ATTIVO
badia.moscheta@gmail.com,Null,Null,Agriturismo Badia Di Moscheta,,SIC-ID-7AAEB46C85BA,NULL,,SICUREZZA,0,PROMO_SETTEMBRE_VIP,ATTIVO
info@pizzeriailmontino.com,Null,Null,Pizzeria Il Montino,+39050598695,SIC-ID-1E808BE4E04E,NULL,,SICUREZZA,0,PROMO_SETTEMBRE_VIP,ATTIVO
pescille@casanovadipescille.com,Null,Null,Agriturismo Casanova Di Pescille,,SIC-ID-D1C29E86244D,NULL,,SICUREZZA,0,PROMO_SETTEMBRE_VIP,ATTIVO
info@trattorialabaracchina.it,Null,Null,Trattoria La Baracchina,,SIC-ID-F2407DC68065,NULL,,SICUREZZA,0,PROMO_SETTEMBRE_VIP,ATTIVO
osterialamescita1902@gmail.com,Null,Null,La Mescita,+39050957019,SIC-ID-1D1E109D6A1E,NULL,,SICUREZZA,0,PROMO_SETTEMBRE_VIP,ATTIVO
info@santallago.com,Null,Null,Ristorante Santallago,+39058348422,SIC-ID-A7C55CEB78E0,NULL,,SICUREZZA,0,PROMO_SETTEMBRE_VIP,ATTIVO
ristoranteilfaro@gmail.com,Null,Null,Il Faro,+390565961249,SIC-ID-2A96772A65C8,NULL,,SICUREZZA,0,PROMO_SETTEMBRE_VIP,ATTIVO
ilcastagnacciaio@libero.it,Null,Null,Il Castagnacciaio,+390565915845,SIC-ID-3A29434A2D64,NULL,,SICUREZZA,0,PROMO_SETTEMBRE_VIP,ATTIVO
info@nuovoranch.it,Null,Null,Nuovo Ranch,,SIC-ID-AEAB151B28AF,NULL,,SICUREZZA,0,PROMO_SETTEMBRE_VIP,ATTIVO
info@ilsaraceno.com,Null,Null,Trattoria Il Saraceno,+39057527644,SIC-ID-4199F1664705,NULL,,SICUREZZA,0,PROMO_SETTEMBRE_VIP,ATTIVO
info@vivacesiena.com,Null,Null,Ristorante Vivace,+39057746436,SIC-ID-47589D7662C1,NULL,,SICUREZZA,0,PROMO_SETTEMBRE_VIP,ATTIVO
al.peposo@libero.it,Null,Null,Osteria Al Peposo,+390555000633,SIC-ID-F9F0B98DB089,NULL,,SICUREZZA,0,PROMO_SETTEMBRE_VIP,ATTIVO
info@labottegaia.it,Null,Null,La Bottegaia,+390573365602,SIC-ID-91532F75314D,NULL,,SICUREZZA,0,PROMO_SETTEMBRE_VIP,ATTIVO
info@vabbeallorapizza.it,Null,Null,Vabbè Allora Pizza,+393333255646,SIC-ID-AAB0CE85339B,NULL,,SICUREZZA,0,PROMO_SETTEMBRE_VIP,ATTIVO
lamarinadibrizzi_b@libero.it,Null,Null,La Marina Di Brizzi,+390564804023,SIC-ID-0ACD2E743AAC,NULL,,SICUREZZA,0,PROMO_SETTEMBRE_VIP,ATTIVO
info@tavernadelcapitano.com,Null,Null,Taverna Del Capitano,+390818081028,SIC-ID-3E561FD69E4B,NULL,,SICUREZZA,0,PROMO_SETTEMBRE_VIP,ATTIVO
info@abraxasosteria.it,Null,Null,Abraxas,+390818549347,SIC-ID-59048ACB55BC,NULL,,SICUREZZA,0,PROMO_SETTEMBRE_VIP,ATTIVO
info@sanpietroristorante.it,Null,Null,San Pietro,+39089261091,SIC-ID-C9221CDF3272,NULL,,SICUREZZA,0,PROMO_SETTEMBRE_VIP,ATTIVO
info@osterialamedioevale.it,Null,Null,Osteria La Medioevale,+390823371410,SIC-ID-F08BAC261522,NULL,,SICUREZZA,0,PROMO_SETTEMBRE_VIP,ATTIVO
ali40@libero.it,Null,Null,Osteria La Piazzetta,+390974942008,SIC-ID-1F87EF751C51,NULL,,SICUREZZA,0,PROMO_SETTEMBRE_VIP,ATTIVO
info@ristoranteanticamarina.com,Null,Null,Antica Marina,+390974939286,SIC-ID-60A58EBF0FAD,NULL,,SICUREZZA,0,PROMO_SETTEMBRE_VIP,ATTIVO
info@locandadelcurato.it,Null,Null,Locanda Del Curato,+390974936263+393496477589,SIC-ID-6545CC955254,NULL,,SICUREZZA,0,PROMO_SETTEMBRE_VIP,ATTIVO
saposadasnc@gmail.com,Null,Null,Sa Posada,+39067002923,SIC-ID-59762E98AA22,56,,SICUREZZA,0,PROMO_SETTEMBRE_VIP,ATTIVO
info@dafrancesco.it,Null,Null,Da Francesco,+39066864009,SIC-ID-D4560E9C99AA,56,,SICUREZZA,0,PROMO_SETTEMBRE_VIP,ATTIVO
mail@mokcoffeebar.com,Null,Null,Mok,+390684241134,SIC-ID-1ECEA66E2D15,56,,SICUREZZA,0,PROMO_SETTEMBRE_VIP,ATTIVO
info@casaclaudia.it,Null,Null,Quieto,+390686898839,SIC-ID-9C963A77967E,56,,SICUREZZA,0,PROMO_SETTEMBRE_VIP,ATTIVO
info@mangianapoli.it,Null,Null,Mangianapoli,+390676966136,SIC-ID-4E23DA7A0A4B,56,,SICUREZZA,0,PROMO_SETTEMBRE_VIP,ATTIVO
vecchioforno2015@gmail.com,Null,Null,Il Vecchio Forno,+393402953045,SIC-ID-F67F31FB2946,56,,SICUREZZA,0,PROMO_SETTEMBRE_VIP,ATTIVO
info@lalocandadelborgo.com,Null,Null,La Locanda Del Borgo,+390641400352,SIC-ID-0C36781C392C,56,,SICUREZZA,0,PROMO_SETTEMBRE_VIP,ATTIVO
info@ristoranteilfungo.it,Null,Null,Quattordicesimo Piano - Il Fungo,+39065921980,SIC-ID-FC412F57883A,56,,SICUREZZA,0,PROMO_SETTEMBRE_VIP,ATTIVO
fraschettadelmare@gmail.com,Null,Null,Fraschetta Del Mare,+39069846240,SIC-ID-66FF06FEABB2,56,,SICUREZZA,0,PROMO_SETTEMBRE_VIP,ATTIVO
info@trattoriatritone.com,Null,Null,Antica Trattoria Tritone,+39066798181,SIC-ID-6DBD4520B99F,56,,SICUREZZA,0,PROMO_SETTEMBRE_VIP,ATTIVO
info@mblo.it,Null,Null,Vicolo Di Mblò,+390771502385,SIC-ID-520158827193,56,,SICUREZZA,0,PROMO_SETTEMBRE_VIP,ATTIVO
ostia@oldwildwest.it,Null,Null,Old Wild West,+390656305113,SIC-ID-C5F06B8296C8,56,,SICUREZZA,0,PROMO_SETTEMBRE_VIP,ATTIVO
info@ristorantelasorgente.com,Null,Null,La Sorgente,,SIC-ID-FA10955245BA,56,,SICUREZZA,0,PROMO_SETTEMBRE_VIP,ATTIVO
hparpinci@gmail.com,Null,Null,Kabab,+390630310231,SIC-ID-4DF3EF4C7EA1,56,,SICUREZZA,0,PROMO_SETTEMBRE_VIP,ATTIVO
info@ristoranteilcapriccio.it,Null,Null,Il Capriccio,+390763612737,SIC-ID-B56B9F95825B,56,,SICUREZZA,0,PROMO_SETTEMBRE_VIP,ATTIVO
info@ilmargutta.bio,Null,Null,Il Margutta Veggy Food & Art,+390632650577,SIC-ID-92742E535056,56,,SICUREZZA,0,PROMO_SETTEMBRE_VIP,ATTIVO
maurizio.leone@alice.it,Null,Null,La Canadese,+390771501884,SIC-ID-03402B8022AE,56,,SICUREZZA,0,PROMO_SETTEMBRE_VIP,ATTIVO
puccerialatina@gmail.com,Null,Null,La Pucceria,+390773661669,SIC-ID-C445C6165BF4,56,,SICUREZZA,0,PROMO_SETTEMBRE_VIP,ATTIVO
info@ristorantestrega.it,Null,Null,Strega,+3906485670,SIC-ID-E8F6230E83C9,56,,SICUREZZA,0,PROMO_SETTEMBRE_VIP,ATTIVO
info@osteriaallalberone.it,Null,Null,Osteria All'alberone,+390678348586+393387658750,SIC-ID-D338060080AA,56,,SICUREZZA,0,PROMO_SETTEMBRE_VIP,ATTIVO
filodilatte@gmail.com,Null,Null,Filodilatte,,SIC-ID-583F0F02D5CD,56,,SICUREZZA,0,PROMO_SETTEMBRE_VIP,ATTIVO
info@checcoscapicollo.com,Null,Null,Checco Dello Scapicollo,+39065010251,SIC-ID-DE4678DDAC59,56,,SICUREZZA,0,PROMO_SETTEMBRE_VIP,ATTIVO
ristoranteilfaggio@yahoo.it,Null,Null,Il Faggio,+39069717060,SIC-ID-48974739BE13,56,,SICUREZZA,0,PROMO_SETTEMBRE_VIP,ATTIVO
info.angelino36@gmail.com,Null,Null,Antica Trattoria Angelino,+390669920637+390623488059,SIC-ID-698714803FCA,56,,SICUREZZA,0,PROMO_SETTEMBRE_VIP,ATTIVO
info@idroscalobracciano.com,Null,Null,Idroscalo,+393895696133,SIC-ID-77AE9C9E1AAE,56,,SICUREZZA,0,PROMO_SETTEMBRE_VIP,ATTIVO
mada.fishrestaurant@gmail.com,Null,Null,Mada Fish,+390689530844,SIC-ID-E45FC8FA00D3,56,,SICUREZZA,0,PROMO_SETTEMBRE_VIP,ATTIVO
info@dabucatino.it,Null,Null,Da Bucatino,+39065746886,SIC-ID-6A7120708D69,56,,SICUREZZA,0,PROMO_SETTEMBRE_VIP,ATTIVO
info@centroitticoterracina.it,Null,Null,Centro Ittico Dei Pescatori,+390773723043,SIC-ID-8DB94D9EE12F,56,,SICUREZZA,0,PROMO_SETTEMBRE_VIP,ATTIVO
bioosteria@casalepodererosa.org,Null,Null,Bioosteria,+39068271545,SIC-ID-E13B9C44AECF,56,,SICUREZZA,0,PROMO_SETTEMBRE_VIP,ATTIVO
info@studiotudini.it,Null,Null,Studio Tudini E Tudini Associazione Professionale,+390639735923,SIC-ID-B298AACF038A,69,,SICUREZZA,0,PROMO_SETTEMBRE_VIP,ATTIVO
gandrea@fastwebnet.it,Null,Null,Studio Turnaturi,,SIC-ID-BD3E1EF234E4,69,,SICUREZZA,0,PROMO_SETTEMBRE_VIP,ATTIVO
info@studiomasella.it,Null,Null,Studio Masella,+39069596606,SIC-ID-4C92BE3A3AA7,69,,SICUREZZA,0,PROMO_SETTEMBRE_VIP,ATTIVO
info@studiomelchiorri.it,Null,Null,Melchiorri S.r.l,,SIC-ID-EE2EF48B1A16,69,,SICUREZZA,0,PROMO_SETTEMBRE_VIP,ATTIVO
ufficio@studiotaglione.it,Null,Null,Studio Taglione Dott. Giorgio,+393318279361,SIC-ID-409DC92FD5AE,69,,SICUREZZA,0,PROMO_SETTEMBRE_VIP,ATTIVO
palermo.sanfrancesco@afsf.it,Null,Null,Antica Focacceria San Francesco,+39091320264,SIC-ID-E6BB8F698494,56,,SICUREZZA,0,PROMO_SETTEMBRE_VIP,ATTIVO
info@ristoranteduomo.it,Null,Null,Duomo,+390932651265,SIC-ID-807833B01E9F,56,,SICUREZZA,0,PROMO_SETTEMBRE_VIP,ATTIVO
info@angelino.it,Null,Null,Ristorantino Angelino,+39092326922,SIC-ID-7D4FAFFDF063,56,,SICUREZZA,0,PROMO_SETTEMBRE_VIP,ATTIVO
lacisternadelmoro@gmail.com,Null,Null,La Cisterna Del Moro,+39094223001,SIC-ID-4674FFECE029,56,,SICUREZZA,0,PROMO_SETTEMBRE_VIP,ATTIVO
alpiratalipari@gmail.com,Null,Null,Al Pirata,+390909811796,SIC-ID-D34B14D988E7,56,,SICUREZZA,0,PROMO_SETTEMBRE_VIP,ATTIVO
ristorantelabettola@hotmail.it,Null,Null,La Bettola,+390923946422,SIC-ID-BA8E9861228B,56,,SICUREZZA,0,PROMO_SETTEMBRE_VIP,ATTIVO
info@toccodoro.com,Null,Null,Tocco D'oro,+390932968211,SIC-ID-B58FBDB3ED26,56,,SICUREZZA,0,PROMO_SETTEMBRE_VIP,ATTIVO
fucinadivulcano@email.it,Null,Null,La Fucina Di Vulcano,+39095693730,SIC-ID-D396087422D8,56,,SICUREZZA,0,PROMO_SETTEMBRE_VIP,ATTIVO
fadorosrl@gmail.com,Null,Null,Enoteca Tuttibrilli,+39091344317,SIC-ID-918A48CE4984,56,,SICUREZZA,0,PROMO_SETTEMBRE_VIP,ATTIVO
info@villarica.it,Null,Null,Villa Rica,+390941240877,SIC-ID-141F77C0F6CD,56,,SICUREZZA,0,PROMO_SETTEMBRE_VIP,ATTIVO
meditsegesta@virgilio.it,Null,Null,Mediterraneo Segesta - Ex Stazione Rfi Di Segesta,+390924951355,SIC-ID-3B035D7D03D2,56,,SICUREZZA,0,PROMO_SETTEMBRE_VIP,ATTIVO
lamedusakamel@alice.it,Null,Null,La Medusa,+39093161403,SIC-ID-A026152EA810,56,,SICUREZZA,0,PROMO_SETTEMBRE_VIP,ATTIVO
info@ristoranteairone.info,Null,Null,Airone,+3909311818169,SIC-ID-68202BDB468D,56,,SICUREZZA,0,PROMO_SETTEMBRE_VIP,ATTIVO
piero@alfredoincucina.com,Null,Null,Alfredo In Cucina,+390909843307,SIC-ID-C04CF5A38AC7,56,,SICUREZZA,0,PROMO_SETTEMBRE_VIP,ATTIVO
info@gamberosalina.it,Null,Null,Il Gambero,+390909843049,SIC-ID-9DBF981139D9,56,,SICUREZZA,0,PROMO_SETTEMBRE_VIP,ATTIVO
sangiorgioeildrago@hotmail.com,Null,Null,San Giorgio E Il Drago,+39095923972,SIC-ID-E5CCFA044F0A,56,,SICUREZZA,0,PROMO_SETTEMBRE_VIP,ATTIVO
egmc4@tiscali.it,Null,Null,Playtime,+390933938937,SIC-ID-24A5EDE4B864,56,,SICUREZZA,0,PROMO_SETTEMBRE_VIP,ATTIVO
posta@lozingaro.it,Null,Null,Lo Zingaro,+390933917950,SIC-ID-40666DAB8DC2,56,,SICUREZZA,0,PROMO_SETTEMBRE_VIP,ATTIVO
info@laconchiglia-ristorante.it,Null,Null,La Conchiglia,+390957641575,SIC-ID-33074BDD586F,56,,SICUREZZA,0,PROMO_SETTEMBRE_VIP,ATTIVO
ibraviristopizza@yahoo.it,Null,Null,I Bravi,+390957899399,SIC-ID-043CCA07677D,56,,SICUREZZA,0,PROMO_SETTEMBRE_VIP,ATTIVO
miky@ristaurantemiky.it,Null,Null,Micky,+390187817608,SIC-ID-6A4A564EA875,56,,SICUREZZA,0,PROMO_SETTEMBRE_VIP,ATTIVO
osteriadivicopalla@gmail.com,Null,Null,Osteria Di Vico Palla,+390102466575,SIC-ID-592BD76CE967,56,,SICUREZZA,0,PROMO_SETTEMBRE_VIP,ATTIVO
info@erbagatta.it,Null,Null,L'erba Gatta,+39018494392,SIC-ID-53653F8EAA8A,56,,SICUREZZA,0,PROMO_SETTEMBRE_VIP,ATTIVO
lauraf.eusebio@gmail.com,Null,Null,Antico Borgo,+390103760737,SIC-ID-8B71EC74C055,56,,SICUREZZA,0,PROMO_SETTEMBRE_VIP,ATTIVO
info@lacollettaristorante.com,Null,Null,Ristorante Pizzeria La Colletta,+390109881350,SIC-ID-DE66062655A3,56,,SICUREZZA,0,PROMO_SETTEMBRE_VIP,ATTIVO
info@colledeltelegrafo.it,Null,Null,Colle Del Telegrafo,+390187760561,SIC-ID-CC69D4826EB5,56,,SICUREZZA,0,PROMO_SETTEMBRE_VIP,ATTIVO
info@patanegragenova.it,Null,Null,Patanegra,+390104550500,SIC-ID-5C5B0CB6EDEF,56,,SICUREZZA,0,PROMO_SETTEMBRE_VIP,ATTIVO
info@trattoriarosmarino.it,Null,Null,Trattoria Rosmarino,+390102510475,SIC-ID-3B94B3926E6B,56,,SICUREZZA,0,PROMO_SETTEMBRE_VIP,ATTIVO
osteriatopia@hotmail.com,Null,Null,Ä Töpia,+39019616905,SIC-ID-62BB01C0760C,56,,SICUREZZA,0,PROMO_SETTEMBRE_VIP,ATTIVO
tratt.amici@libero.it,Null,Null,Trattoria Degli Amici,+390185285915,SIC-ID-7DF5EB383B24,56,,SICUREZZA,0,PROMO_SETTEMBRE_VIP,ATTIVO
da.mama.toirano@gmail.com,Null,Null,"Bar Pizzeria ""da Mamà""",,SIC-ID-C073AC943327,56,,SICUREZZA,0,PROMO_SETTEMBRE_VIP,ATTIVO
saporedimarerapallo@hotmail.com,Null,Null,Ristorante Bar Pizzeria Sapore Di Mare,+39018552603,SIC-ID-0757F7D7D36D,56,,SICUREZZA,0,PROMO_SETTEMBRE_VIP,ATTIVO
info@hotelthermitage.info,Null,Null,Hermitage,+390182582976,SIC-ID-3908F91EE676,56,,SICUREZZA,0,PROMO_SETTEMBRE_VIP,ATTIVO
info@eliteristorante.it,Null,Null,Elite,+39018550551,SIC-ID-89768269B775,56,,SICUREZZA,0,PROMO_SETTEMBRE_VIP,ATTIVO
ristorantegaia1996@gmail.com,Null,Null,Ristorante Gaia,+390102461629,SIC-ID-9CF29E5FC0B5,56,,SICUREZZA,0,PROMO_SETTEMBRE_VIP,ATTIVO
info@ristorantemontallegro.it,Null,Null,Ristorante Montallegro,+390102721545,SIC-ID-32EE27BDA9E1,56,,SICUREZZA,0,PROMO_SETTEMBRE_VIP,ATTIVO
osteria7pance@gmail.com,Null,Null,Osteria Delle 7 Pance,+390185777961,SIC-ID-315961F03EB9,56,,SICUREZZA,0,PROMO_SETTEMBRE_VIP,ATTIVO
trattorialuigin@hotmail.it,Null,Null,Trattoria Luigin,+390185700958,SIC-ID-6FB5FB50BAA2,56,,SICUREZZA,0,PROMO_SETTEMBRE_VIP,ATTIVO
buonavitacipressa@gmail.com,Null,Null,Buona Vita,+39018398000,SIC-ID-6A079E0DC7E1,56,,SICUREZZA,0,PROMO_SETTEMBRE_VIP,ATTIVO
info@tuibistrot.it,Null,Null,Tui Bistrot,+393396234806,SIC-ID-DA0CFC34D64A,56,,SICUREZZA,0,PROMO_SETTEMBRE_VIP,ATTIVO
info@lacantinadibacco.it,Null,Null,La Cantina Di Bacco,+390731981167,SIC-ID-B1D7EEFB0395,56,,SICUREZZA,0,PROMO_SETTEMBRE_VIP,ATTIVO
info@vintora.it,Null,Null,Vintora,+390731267473,SIC-ID-FBEBB4D1EC78,56,,SICUREZZA,0,PROMO_SETTEMBRE_VIP,ATTIVO
info@ristorantemontecucco.it,Null,Null,Ristorante Montecucco,+390721970150,SIC-ID-C6D5ADF6A421,56,,SICUREZZA,0,PROMO_SETTEMBRE_VIP,ATTIVO
info@palazzinasabatelli.it,Null,Null,Palazzina Sabatelli,+390721749185,SIC-ID-5EFB9199AFD8,56,,SICUREZZA,0,PROMO_SETTEMBRE_VIP,ATTIVO
agriturismo@valdicastro.it,Null,Null,Agriturismo Abbazia Di San Salvatore In Valdicastro,,SIC-ID-504AF5BDACA3,56,,SICUREZZA,0,PROMO_SETTEMBRE_VIP,ATTIVO
osteria.lungoilfiume@alice.it,Null,Null,Osteria Lungo Il Fiume,+390733288222,SIC-ID-CBC349B29B56,56,,SICUREZZA,0,PROMO_SETTEMBRE_VIP,ATTIVO
info@ilpoggioristorante.com,Null,Null,Il Poggio,+390736403884,SIC-ID-11972DFAA848,56,,SICUREZZA,0,PROMO_SETTEMBRE_VIP,ATTIVO
francavilla.andrea@libero.it,Null,Null,Osteria - Pizzeria La Fermanella,+390734217061,SIC-ID-05E3278BA01B,56,,SICUREZZA,0,PROMO_SETTEMBRE_VIP,ATTIVO
info@pizzeriabellanapoliascoli.it,Null,Null,Pizzeria Bella Napoli,+390736257030,SIC-ID-BB867ED6FD02,56,,SICUREZZA,0,PROMO_SETTEMBRE_VIP,ATTIVO
hotel.gino@tiscalinet.it,Null,Null,Ristorante Gino,+3907142179,SIC-ID-BF15F5A7744D,56,,SICUREZZA,0,PROMO_SETTEMBRE_VIP,ATTIVO
info@enotecakursaal.it,Null,Null,Enoteca Ristorante Kursaal,+390736253140,SIC-ID-55DBE8D17854,56,,SICUREZZA,0,PROMO_SETTEMBRE_VIP,ATTIVO
info@ristorantelascensore.it,Null,Null,L'ascensore,+390717135969,SIC-ID-74CD806EEF74,56,,SICUREZZA,0,PROMO_SETTEMBRE_VIP,ATTIVO
tenuta@moroder.wine,Null,Null,Agriturismo Aiòn Di Moroder,,SIC-ID-0871322C4989,56,,SICUREZZA,0,PROMO_SETTEMBRE_VIP,ATTIVO
info@chiccoteca.it,Null,Null,Chiccoteca,+39072134324,SIC-ID-B57B98480D2B,56,,SICUREZZA,0,PROMO_SETTEMBRE_VIP,ATTIVO
info@agriturismolesorgenti.org,Null,Null,Agriturismo Le Sorgenti,,SIC-ID-A5A810B321D6,56,,SICUREZZA,0,PROMO_SETTEMBRE_VIP,ATTIVO
mail@ceraunavolta-ps.com,Null,Null,C'era Una Volta,+39072130911,SIC-ID-6DF25871B04A,56,,SICUREZZA,0,PROMO_SETTEMBRE_VIP,ATTIVO
info@trattoriaconerello.com,Null,Null,Trattoria Conerello,+390719330736,SIC-ID-EC4581C8A922,56,,SICUREZZA,0,PROMO_SETTEMBRE_VIP,ATTIVO
lamoli@oasisanbenedetto.it,Null,Null,Oasi San Benedetto,+39072280133,SIC-ID-FB3857C31831,56,,SICUREZZA,0,PROMO_SETTEMBRE_VIP,ATTIVO
info@ristoranteilritrovo.net,Null,Null,Il Ritrovo,+390733203750+39333399759,SIC-ID-A36C4731F625,56,,SICUREZZA,0,PROMO_SETTEMBRE_VIP,ATTIVO
info@ristorantepecoranera.eu,Null,Null,Osteria Pecora Nera,,SIC-ID-125FB38006AD,56,,SICUREZZA,0,PROMO_SETTEMBRE_VIP,ATTIVO
ristorante@locandadelmedioevo.it,Null,Null,Locanda Del Medioevo,+390736250695+3933541758,SIC-ID-EC925F4E7106,56,,SICUREZZA,0,PROMO_SETTEMBRE_VIP,ATTIVO
info@trattorialacantineta.it,Null,Null,La Cantineta,+39071201107,SIC-ID-CC9FB8338AFD,56,,SICUREZZA,0,PROMO_SETTEMBRE_VIP,ATTIVO
trattoriamoretta@email.it,Null,Null,Trattoria La Moretta,+39071202317,SIC-ID-B6B5BB838265,56,,SICUREZZA,0,PROMO_SETTEMBRE_VIP,ATTIVO
info@sessanta126.it,Null,Null,Sessanta126,+390717450307,SIC-ID-BFD598C0DE95,56,,SICUREZZA,0,PROMO_SETTEMBRE_VIP,ATTIVO
ladegosteria@gmail.com,Null,Null,La Degosteria,+39071203031,SIC-ID-5AACB0D84B74,56,,SICUREZZA,0,PROMO_SETTEMBRE_VIP,ATTIVO
ristorante@marenostrum.cloud,Null,Null,Mare Nostrum,,SIC-ID-6D0719078035,56,,SICUREZZA,0,PROMO_SETTEMBRE_VIP,ATTIVO
info@lacelletta.it,Null,Null,Agriturismo La Celletta,,SIC-ID-DDFE51F9A658,56,,SICUREZZA,0,PROMO_SETTEMBRE_VIP,ATTIVO
info@osteriadeipigliapochi.it,Null,Null,Osteria Dei Pigliapochi,+390733264393+3933845723,SIC-ID-C7E9AF387C4D,56,,SICUREZZA,0,PROMO_SETTEMBRE_VIP,ATTIVO
torregianialex86@msn.com,Null,Null,Osteria Del Moro,+390733671407,SIC-ID-98C75CA4C87F,56,,SICUREZZA,0,PROMO_SETTEMBRE_VIP,ATTIVO
info@ristorantegiardinoancona.it,Null,Null,Ristorante Giardino,+390712074660+3907120845,SIC-ID-F18F0B643530,56,,SICUREZZA,0,PROMO_SETTEMBRE_VIP,ATTIVO
ancona@oldwildwest.it,Null,Null,Old Wild West,+390712868853,SIC-ID-14587EAF654B,56,,SICUREZZA,0,PROMO_SETTEMBRE_VIP,ATTIVO
giustiannetta@virgilio.it,Null,Null,Pizzeria La Vigna,+390722594038,SIC-ID-4F29612A7F02,56,,SICUREZZA,0,PROMO_SETTEMBRE_VIP,ATTIVO
info@laroccadeimalatesta.com,Null,Null,Rocca Dei Malatesta,+39072271102,SIC-ID-AED1986DFCE7,56,,SICUREZZA,0,PROMO_SETTEMBRE_VIP,ATTIVO
magnagrecia.rist@libero.it,Null,Null,Magna Grecia,+390722350497,SIC-ID-5742E7FC5AD3,56,,SICUREZZA,0,PROMO_SETTEMBRE_VIP,ATTIVO
info@agriturlagrotta.it,Null,Null,La Grotta,,SIC-ID-4E92A90FAF96,56,,SICUREZZA,0,PROMO_SETTEMBRE_VIP,ATTIVO
info@locandarocco.it,Null,Null,Locanda Rocco,+390719330558,SIC-ID-4CC0F3C19DE4,56,,SICUREZZA,0,PROMO_SETTEMBRE_VIP,ATTIVO
info@ilportico-fano.it,Null,Null,Il Portico,+390721884016,SIC-ID-654DBA8696EB,56,,SICUREZZA,0,PROMO_SETTEMBRE_VIP,ATTIVO
xiru@live.it,Null,Null,Ristorante Hachikó,+3907211710505,SIC-ID-91CE145FA0BF,56,,SICUREZZA,0,PROMO_SETTEMBRE_VIP,ATTIVO
info@villagruccione.it,Null,Null,Villa Gruccione,+393488095216,SIC-ID-C773C340BBA5,56,,SICUREZZA,0,PROMO_SETTEMBRE_VIP,ATTIVO
info@alguasco.it,Null,Null,Gallorosso Al Guasco,+39071206773,SIC-ID-60DE9858EE98,56,,SICUREZZA,0,PROMO_SETTEMBRE_VIP,ATTIVO
info@laluma.it,Null,Null,Ristorante Enoteca La Luma,+390733229701+39073322227,SIC-ID-A0319D76960F,56,,SICUREZZA,0,PROMO_SETTEMBRE_VIP,ATTIVO
lorepia@tiscali.it,Null,Null,I Beati Paoli,+390733433235+3932026656,SIC-ID-ABA7EC873303,56,,SICUREZZA,0,PROMO_SETTEMBRE_VIP,ATTIVO
elettrapieragostinim@gmail.com,Null,Null,Dany Pizza,+390734658366,SIC-ID-B4560DCEA37F,56,,SICUREZZA,0,PROMO_SETTEMBRE_VIP,ATTIVO
silvanoscalzini@libero.it,Null,Null,Picciolo Di Rame,+393483316588,SIC-ID-386B908C7C7C,56,,SICUREZZA,0,PROMO_SETTEMBRE_VIP,ATTIVO
info@playamaraviglia.it,Null,Null,Mar'aviglia,+393467206381,SIC-ID-8E87BB83044E,56,,SICUREZZA,0,PROMO_SETTEMBRE_VIP,ATTIVO
info@hotelnazzare.com,Null,Null,Albergo Ristorante Nazzarè,+39071959667,SIC-ID-032C355026B1,56,,SICUREZZA,0,PROMO_SETTEMBRE_VIP,ATTIVO
info@ristoranteburroealici.it,Null,Null,Burro & Alici,+390721961200,SIC-ID-3B4DF300FC2F,56,,SICUREZZA,0,PROMO_SETTEMBRE_VIP,ATTIVO
osteria.agnese@gmail.com,Null,Null,Osteriagnese,+390733239898,SIC-ID-68F185B413AF,56,,SICUREZZA,0,PROMO_SETTEMBRE_VIP,ATTIVO
almangiarbene@gmail.com,Null,Null,Al Mangiar Bene,+390755731047,SIC-ID-C97C1F84FA04,56,,SICUREZZA,0,PROMO_SETTEMBRE_VIP,ATTIVO
info@ristorantemedioevoassisi.it,Null,Null,Ristorante Medioevo,+39075813068,SIC-ID-F5BAC370066D,56,,SICUREZZA,0,PROMO_SETTEMBRE_VIP,ATTIVO
info@stellaperugia.it,Null,Null,Stella,+390756920002,SIC-ID-D030CBAA4A4A,56,,SICUREZZA,0,PROMO_SETTEMBRE_VIP,ATTIVO
pozzoromano@hotmail.com,Null,Null,Il Pozzo Romano,+39075813057,SIC-ID-36F5BB20E028,56,,SICUREZZA,0,PROMO_SETTEMBRE_VIP,ATTIVO
graziemilletti@gmail.com,Null,Null,Le Orme Cicchetteria,+3907546405,SIC-ID-72DB20CEF6CB,56,,SICUREZZA,0,PROMO_SETTEMBRE_VIP,ATTIVO
nostrano2@gmail.com,Null,Null,Nostrano Ristopizzopub,+390755996337,SIC-ID-C7C506534CC8,56,,SICUREZZA,0,PROMO_SETTEMBRE_VIP,ATTIVO
ilbalestruccio@libero.it,Null,Null,Il Balestruccio,+390755058019,SIC-ID-6215C9FD1552,56,,SICUREZZA,0,PROMO_SETTEMBRE_VIP,ATTIVO
info@fontemaggio.it,Null,Null,"Fontemaggio - Ristorante ""la Stalla""",+39075812317+39075813636,SIC-ID-47AAEC95BD3F,56,,SICUREZZA,0,PROMO_SETTEMBRE_VIP,ATTIVO
info@metemagno.it,Null,Null,Ristorante Me Te Magno,+390742620452,SIC-ID-6B44E23EF264,56,,SICUREZZA,0,PROMO_SETTEMBRE_VIP,ATTIVO
ristorante.convento@libero.it,Null,Null,Il Convento,+390756978946,SIC-ID-06B66FD6C15C,56,,SICUREZZA,0,PROMO_SETTEMBRE_VIP,ATTIVO
adele.sollevanti@virgilio.it,Null,Null,Ristorante Taverna Del Gobbo,+393665940225,SIC-ID-69EC58B00D8F,56,,SICUREZZA,0,PROMO_SETTEMBRE_VIP,ATTIVO
info@hazienda.it,Null,Null,Hazienda,+390742730031,SIC-ID-8F51FA07AE8D,56,,SICUREZZA,0,PROMO_SETTEMBRE_VIP,ATTIVO
federicolupattelli@hotmail.com,Null,Null,Ristorante Pizzeria La Rocchetta,+39074467661,SIC-ID-0F831403BE09,56,,SICUREZZA,0,PROMO_SETTEMBRE_VIP,ATTIVO
info@anticopontedeltoro.it,Null,Null,Antico Ponte Del Toro,+39074467636+393495544393,SIC-ID-4A74671512FA,56,,SICUREZZA,0,PROMO_SETTEMBRE_VIP,ATTIVO
info@rossihotelristorante.it,Null,Null,Ristorante Rossi,+390744388372+39074438839,SIC-ID-36782471DD36,56,,SICUREZZA,0,PROMO_SETTEMBRE_VIP,ATTIVO
feudorist@gmail.com,Null,Null,Il Feudo Ristorante Pizzeria,+390744735168,SIC-ID-8020BB4F980F,56,,SICUREZZA,0,PROMO_SETTEMBRE_VIP,ATTIVO
soccioluigitesta@libero.it,Null,Null,Osteria Lu Soccio,+390743821193,SIC-ID-6C604E693DC0,56,,SICUREZZA,0,PROMO_SETTEMBRE_VIP,ATTIVO
cavour.gardeniablu@hotmail.it,Null,Null,Pizzeria Cavour,+390758943730,SIC-ID-AE1DA8E31AE3,56,,SICUREZZA,0,PROMO_SETTEMBRE_VIP,ATTIVO
info@ristoranteferrari.com,Null,Null,Ferrari,+390755722966,SIC-ID-B6C679C43FF9,56,,SICUREZZA,0,PROMO_SETTEMBRE_VIP,ATTIVO
info@porcellitavern.it,Null,Null,Porcelli Tavern,+390744983639,SIC-ID-A2064668BC5C,56,,SICUREZZA,0,PROMO_SETTEMBRE_VIP,ATTIVO
info@cateringhotelanita.com,Null,Null,Ristorante Anita,+390744087368,SIC-ID-698A3DA21D7A,56,,SICUREZZA,0,PROMO_SETTEMBRE_VIP,ATTIVO
info@scogliodellaquilone.it,Null,Null,Ristorante Scoglio Dell'aquilone,+390744982445,SIC-ID-7C540E27193D,56,,SICUREZZA,0,PROMO_SETTEMBRE_VIP,ATTIVO
focolare@beactive.it,Null,Null,"Ristorante ""il Focolare""",+390763832820,SIC-ID-FA35157517DF,56,,SICUREZZA,0,PROMO_SETTEMBRE_VIP,ATTIVO
info@labettoladelbuttero.com,Null,Null,"Ristorante ""la Bettola Del Buttero""",+390763832446,SIC-ID-237590765C4B,56,,SICUREZZA,0,PROMO_SETTEMBRE_VIP,ATTIVO
ristoranteilcavaliere.foligno@gmail.com,Null,Null,Il Cavaliere,+390742350608,SIC-ID-6D949AC3E0E3,56,,SICUREZZA,0,PROMO_SETTEMBRE_VIP,ATTIVO
info@ristorantesemiramide.it,Null,Null,Ristorante Semiramide,+390744951008,SIC-ID-D342C3A5C600,56,,SICUREZZA,0,PROMO_SETTEMBRE_VIP,ATTIVO
hotel@hotel-prestige.it,Null,Null,Hotel Prestige,+390854492630,SIC-ID-B38E4B7FFDD3,56,,SICUREZZA,0,PROMO_SETTEMBRE_VIP,ATTIVO
info@villachiara.net,Null,Null,Ristorante Villa Chiara,,SIC-ID-81A479358DE3,56,,SICUREZZA,0,PROMO_SETTEMBRE_VIP,ATTIVO
cafeart@alice.it,Null,Null,Caffetteria Fenaroli,+390872712072,SIC-ID-7C693CD1F23A,56,,SICUREZZA,0,PROMO_SETTEMBRE_VIP,ATTIVO
info@clubesse.com,Null,Null,Club Esse Mediterraneo,+390645439344,SIC-ID-BFA2935C45CF,56,,SICUREZZA,0,PROMO_SETTEMBRE_VIP,ATTIVO
info@hotelcityabruzzo.com,Null,Null,City,+390854452468,SIC-ID-681E1D0385DE,56,,SICUREZZA,0,PROMO_SETTEMBRE_VIP,ATTIVO
ristoranteautogrill@libero.it,Null,Null,Ristorante Autogrill,+390852191351,SIC-ID-87FA00F40E26,56,,SICUREZZA,0,PROMO_SETTEMBRE_VIP,ATTIVO
info@quebrachoristorante.com,Null,Null,Quebracho,+390852934896,SIC-ID-8CC541DE8154,56,,SICUREZZA,0,PROMO_SETTEMBRE_VIP,ATTIVO
info@ristoranteleckyhorn.it,Null,Null,Lecky Horn,+390854682078,SIC-ID-8C6F6C224A65,56,,SICUREZZA,0,PROMO_SETTEMBRE_VIP,ATTIVO
youxuelu29@gmail.com,Null,Null,Nuova Pechino,+390859432526,SIC-ID-EEA3B931CC23,56,,SICUREZZA,0,PROMO_SETTEMBRE_VIP,ATTIVO
rosita.13@hotmail.it,Null,Null,Osteria Del Pepe Nero,+3908528929,SIC-ID-5F7808B403C1,56,,SICUREZZA,0,PROMO_SETTEMBRE_VIP,ATTIVO
info@pizzeriacalifornia2006.it,Null,Null,Pizzeria California (bracerria),+390854213756,SIC-ID-A136829B1FC3,56,,SICUREZZA,0,PROMO_SETTEMBRE_VIP,ATTIVO
info@hotelbellariva.it,Null,Null,Bellariva,+390854712641,SIC-ID-2FF9EE4E62DC,56,,SICUREZZA,0,PROMO_SETTEMBRE_VIP,ATTIVO
info@shotel.it,Null,Null,Shotel,+390857998182,SIC-ID-CAEA1C332E5E,56,,SICUREZZA,0,PROMO_SETTEMBRE_VIP,ATTIVO
andreadelu86@hotmail.it,Null,Null,Pizzeria Maruzzella,+390854429337,SIC-ID-A568C60EC444,56,,SICUREZZA,0,PROMO_SETTEMBRE_VIP,ATTIVO
info@ristorantemargazzill.it,Null,Null,Margazzill Idee Dal Mare,,SIC-ID-B1923200A5FE,56,,SICUREZZA,0,PROMO_SETTEMBRE_VIP,ATTIVO
nuvolarossacafeebistrot@gmail.com,Null,Null,Nuvola Rossa,,SIC-ID-0C923ACDD631,56,,SICUREZZA,0,PROMO_SETTEMBRE_VIP,ATTIVO
dalisiaspada@yahoo.it,Null,Null,Blue Rose,+390871397053,SIC-ID-FCA38D4C1965,56,,SICUREZZA,0,PROMO_SETTEMBRE_VIP,ATTIVO
info@ristorantelamugnaia.it,Null,Null,La Mugnaia,+390859690371+390859690,SIC-ID-18B3E71D25BB,56,,SICUREZZA,0,PROMO_SETTEMBRE_VIP,ATTIVO
lacivitellapizzeriabraceria@gmail.com,Null,Null,La Civitella,+393896910406,SIC-ID-524251C3ADD2,56,,SICUREZZA,0,PROMO_SETTEMBRE_VIP,ATTIVO
info@ristofficina.com,Null,Null,Ristofficina,+390858125568,SIC-ID-FF2F9610DFA5,56,,SICUREZZA,0,PROMO_SETTEMBRE_VIP,ATTIVO
parcopaglia.ch@bestwestern.it,Null,Null,Best Western Parco Paglia,+390871574300,SIC-ID-AC321154F019,56,,SICUREZZA,0,PROMO_SETTEMBRE_VIP,ATTIVO
info@allamoricettedalmare.it,Null,Null,All'amo,,SIC-ID-12F7EDF0B9DB,56,,SICUREZZA,0,PROMO_SETTEMBRE_VIP,ATTIVO
info@hotelgiampy.it,Null,Null,Hotel Giampy,+390862606225,SIC-ID-BD9FCC0FD0C1,56,,SICUREZZA,0,PROMO_SETTEMBRE_VIP,ATTIVO
info@hotellatartaruga.it,Null,Null,La Tartaruga,+390858996166,SIC-ID-1365C1C5828D,56,,SICUREZZA,0,PROMO_SETTEMBRE_VIP,ATTIVO
consiglireclami@sarniristorazione.it,Null,Null,Sarni Terrabianca,,SIC-ID-DB4ADE4E4737,56,,SICUREZZA,0,PROMO_SETTEMBRE_VIP,ATTIVO
info.it@areas.com,Null,Null,Mychef,+390871951304,SIC-ID-ACB8D15F261B,56,,SICUREZZA,0,PROMO_SETTEMBRE_VIP,ATTIVO
info@malgaverde.com,Null,Null,Malga Verde,+390424700332,SIC-ID-0C66445D5369,01,,SICUREZZA,0,PROMO_SETTEMBRE_VIP,ATTIVO
info@grattanuvole.com,Null,Null,Grattanuvole,+393491430091,SIC-ID-D8AA25B7ADEE,01,,SICUREZZA,0,PROMO_SETTEMBRE_VIP,ATTIVO
az.sguazzardo@yahoo.it,Null,Null,Azienda Agricola Sguazzardo Alessandro,,SIC-ID-D00D59184328,01,,SICUREZZA,0,PROMO_SETTEMBRE_VIP,ATTIVO
info@caseificioturatosilvano.com,Null,Null,Azienda Agricola Turato Silvano,,SIC-ID-90E7257165E9,01,,SICUREZZA,0,PROMO_SETTEMBRE_VIP,ATTIVO
info@lemoiacche.it,Null,Null,Le Moiacche - Azienda Agricola Ortofrutta,,SIC-ID-CC20AC64B4FD,01,,SICUREZZA,0,PROMO_SETTEMBRE_VIP,ATTIVO
info@rosanatale.it,Null,Null,Società Agricola Rosanatale,,SIC-ID-C8AABC941E02,01,,SICUREZZA,0,PROMO_SETTEMBRE_VIP,ATTIVO
info@caseificiotraverso.it,Null,Null,Caseificio Traverso,+393351488507,SIC-ID-207469AE8C05,01,,SICUREZZA,0,PROMO_SETTEMBRE_VIP,ATTIVO
fabrizia.scantamburlo@donorionechirignago.it,Null,Null,Azienda Agricola Don Orione,,SIC-ID-DFBB6AEB5ED2,01,,SICUREZZA,0,PROMO_SETTEMBRE_VIP,ATTIVO
isolasnc@email.it,Null,Null,L'isola Di Busato Simone,+390415243846+393939552682,SIC-ID-746EC4E31095,01,,SICUREZZA,0,PROMO_SETTEMBRE_VIP,ATTIVO
coislhabio@coislha.net,Null,Null,Coislha Bio,+393405963349,SIC-ID-6B20A01E04EB,01,,SICUREZZA,0,PROMO_SETTEMBRE_VIP,ATTIVO
andrealafontana@libero.it,Null,Null,Società Agricola La Fontana,,SIC-ID-00280F4274AF,01,,SICUREZZA,0,PROMO_SETTEMBRE_VIP,ATTIVO
sofia.michieli@icloud.com,Null,Null,Le Fragole Di Sofia,+393496435660,SIC-ID-ED09F86D82A0,01,,SICUREZZA,0,PROMO_SETTEMBRE_VIP,ATTIVO
info@grisottoegolo.it,Null,Null,Grisotto E Golo Società Agricola,,SIC-ID-A4BD44A64703,01,,SICUREZZA,0,PROMO_SETTEMBRE_VIP,ATTIVO
info@alconfin.it,Null,Null,Azienda Agricola Al Confin Di Marostegan Dott. Paolo,,SIC-ID-ABFCD08C4746,01,,SICUREZZA,0,PROMO_SETTEMBRE_VIP,ATTIVO
luigimalavasi1978@gmail.com,Null,Null,Casolin Da Gigi,+393408901932,SIC-ID-8F6D978C849B,01,,SICUREZZA,0,PROMO_SETTEMBRE_VIP,ATTIVO
malgaserita@libero.it,Null,Null,Agriturismo Malga Serita,,SIC-ID-E0441CDBD152,01,,SICUREZZA,0,PROMO_SETTEMBRE_VIP,ATTIVO
info@agribisele.it,Null,Null,Bio Fattoria Bisele,,SIC-ID-E00619D294A9,01,,SICUREZZA,0,PROMO_SETTEMBRE_VIP,ATTIVO
mmagnasame@gmail.com,Null,Null,Azienda Agricola Magnsame,,SIC-ID-1E0BA8F1039B,01,,SICUREZZA,0,PROMO_SETTEMBRE_VIP,ATTIVO
info@fattoriaalleorigini.it,Null,Null,Fattoria Alle Origini,+390495383921,SIC-ID-51030B63A37A,01,,SICUREZZA,0,PROMO_SETTEMBRE_VIP,ATTIVO
shop@tatankafarm.it,Null,Null,Tatanka - Società Agricola,,SIC-ID-72ECD37AD89B,01,,SICUREZZA,0,PROMO_SETTEMBRE_VIP,ATTIVO
relariccardo@tin.it,Null,Null,Waister,+390424450101,SIC-ID-2C32F325CBE6,01,,SICUREZZA,0,PROMO_SETTEMBRE_VIP,ATTIVO
danielegent@libero.it,Null,Null,Azienda Agrituristica Gentilin,,SIC-ID-191A352AB0CA,01,,SICUREZZA,0,PROMO_SETTEMBRE_VIP,ATTIVO
info@laterradeirari.it,Null,Null,La Terra Dei Rari,+393924391052,SIC-ID-9A7A24699EA7,01,,SICUREZZA,0,PROMO_SETTEMBRE_VIP,ATTIVO
info@campingmose.com,Null,Null,Agricampeggio Mose,,SIC-ID-F4AC9C1A57E6,01,,SICUREZZA,0,PROMO_SETTEMBRE_VIP,ATTIVO
info@agriturismobarcomenti.it,Null,Null,Agritursimo Barco Menti,,SIC-ID-249B39695280,01,,SICUREZZA,0,PROMO_SETTEMBRE_VIP,ATTIVO
aziendavemi@virgilio.it,Null,Null,Agriturismo Vemi,,SIC-ID-3574255738AA,56,,SICUREZZA,0,PROMO_SETTEMBRE_VIP,ATTIVO
torrefazionemanuli@live.it,Null,Null,Caffetteria Cioccolateria Manule,+390966615068,SIC-ID-69298777C329,56,,SICUREZZA,0,PROMO_SETTEMBRE_VIP,ATTIVO
info@hotelbiafora.it,Null,Null,Hotel Biafora,+390984970078,SIC-ID-D5D23E73A4FF,56,,SICUREZZA,0,PROMO_SETTEMBRE_VIP,ATTIVO
hotel@mercuriosulmare.it,Null,Null,"Ristorante Hotel ""mercurio Sul Mare""",+390963883317,SIC-ID-D913A91365C7,56,,SICUREZZA,0,PROMO_SETTEMBRE_VIP,ATTIVO
info@hotelcavourolbia.it,Null,Null,Hotel Cavour,+390789204033,SIC-ID-AE497C34C908,56,,SICUREZZA,0,PROMO_SETTEMBRE_VIP,ATTIVO
ristobar17@gmail.com,Null,Null,Il Maestrale,+390789705033+39379124369,SIC-ID-C9CE1053BE44,56,,SICUREZZA,0,PROMO_SETTEMBRE_VIP,ATTIVO
info@agriturismoiloghe.com,Null,Null,Agriturismo Iloghe,,SIC-ID-637DE8BA04A3,56,,SICUREZZA,0,PROMO_SETTEMBRE_VIP,ATTIVO
info@agriturismosamurta.it,Null,Null,Agriturismo Sa Murta,,SIC-ID-E514B07B620C,56,,SICUREZZA,0,PROMO_SETTEMBRE_VIP,ATTIVO
info@villabarbarina.com,Null,Null,Villa Barbarina,+390799999026,SIC-ID-40D1ADCBA877,56,,SICUREZZA,0,PROMO_SETTEMBRE_VIP,ATTIVO
samuredda@tiscali.it,Null,Null,B&b Sa Muredda,+390709331142,SIC-ID-A65F28ABD67B,56,,SICUREZZA,0,PROMO_SETTEMBRE_VIP,ATTIVO
info@hotelorri.it,Null,Null,Hotel Orri,+390782620085,SIC-ID-6678B165C7CF,56,,SICUREZZA,0,PROMO_SETTEMBRE_VIP,ATTIVO
hotel@sacontonera.it,Null,Null,Sa Contonera,+390782665011+39078266502,SIC-ID-199EB055F439,56,,SICUREZZA,0,PROMO_SETTEMBRE_VIP,ATTIVO
roccesarde@roccesarde.com,Null,Null,Rocce Sarde,+39078965265,SIC-ID-81DBA9A635FA,56,,SICUREZZA,0,PROMO_SETTEMBRE_VIP,ATTIVO
info@hotelportoconte.it,Null,Null,Hotel Porto Conte,+39079942035,SIC-ID-A805ABD06994,56,,SICUREZZA,0,PROMO_SETTEMBRE_VIP,ATTIVO
info@hotelgorropu.com,Null,Null,Hotel Gorropu,+393293376026,SIC-ID-2673AECF53DA,56,,SICUREZZA,0,PROMO_SETTEMBRE_VIP,ATTIVO
info@hotelbellavistasarchittu.it,Null,Null,Hotel Bellavista,+39078538221,SIC-ID-63BF70C708F9,56,,SICUREZZA,0,PROMO_SETTEMBRE_VIP,ATTIVO
info@ivicolettibeach.it,Null,Null,Mare Lughente,+39078538060,SIC-ID-427C20044704,56,,SICUREZZA,0,PROMO_SETTEMBRE_VIP,ATTIVO
info@pessighette.it,Null,Null,Bed And Breakfast Pessighette,+390785375229+393478727,SIC-ID-CD2408308AD7,56,,SICUREZZA,0,PROMO_SETTEMBRE_VIP,ATTIVO
info@hotellabaja.it,Null,Null,Hotel La Baia,+390785389149,SIC-ID-2BB1108DD30C,56,,SICUREZZA,0,PROMO_SETTEMBRE_VIP,ATTIVO
info@bnbandreaevalentina.com,Null,Null,Guest House Andrea E Valentina,+393498239483+39333704315,SIC-ID-26A7F15C0A60,56,,SICUREZZA,0,PROMO_SETTEMBRE_VIP,ATTIVO
info@caponieddu.it,Null,Null,Resort Capo Nieddu,+390785850493+393482935,SIC-ID-3F50F2339B96,56,,SICUREZZA,0,PROMO_SETTEMBRE_VIP,ATTIVO
info@hoteldacesare.com,Null,Null,Hotel Da Cesare,+39078352095,SIC-ID-E7FE45F070AE,56,,SICUREZZA,0,PROMO_SETTEMBRE_VIP,ATTIVO
hotel@costadeifiori.it,Null,Null,Costa Dei Fiori,,SIC-ID-FA02543806E6,56,,SICUREZZA,0,PROMO_SETTEMBRE_VIP,ATTIVO
info@casamanna.it,Null,Null,Casa Manna,+393406668080+39345267428,SIC-ID-0BB6322C5DB0,56,,SICUREZZA,0,PROMO_SETTEMBRE_VIP,ATTIVO
delrio.gianluca@tiscali.it,Null,Null,La Rosa Dei Venti,+390783090008+393490683,SIC-ID-3561E5B1511A,56,,SICUREZZA,0,PROMO_SETTEMBRE_VIP,ATTIVO
giovannicadoni@gmail.com,Null,Null,Trattoria Mamma Mia,+390784819134,SIC-ID-7EE3DEA6E248,56,,SICUREZZA,0,PROMO_SETTEMBRE_VIP,ATTIVO
info@meloniefresu.com,Null,Null,Meloni & Fresu,+393494996188,SIC-ID-72C8E673EE02,56,,SICUREZZA,0,PROMO_SETTEMBRE_VIP,ATTIVO
karamare2020@gmail.com,Null,Null,Karamare,+390784819103,SIC-ID-E1A836B5722D,56,,SICUREZZA,0,PROMO_SETTEMBRE_VIP,ATTIVO
chiarabb@tiscali.it,Null,Null,B&b Chiara,+39078925008,SIC-ID-72C6FAB35871,56,,SICUREZZA,0,PROMO_SETTEMBRE_VIP,ATTIVO
pizzeria@copacabana.it,Null,Null,Pizzeria Copacabana,+39040370084,SIC-ID-27F063A5AC4B,56,,SICUREZZA,0,PROMO_SETTEMBRE_VIP,ATTIVO
forst.trieste@libero.it,Null,Null,Birreria Forst,+39040662670,SIC-ID-8EA41B5B4D1B,56,,SICUREZZA,0,PROMO_SETTEMBRE_VIP,ATTIVO
info@goriziapalace.com,Null,Null,Best Western Gorizia Palace,+39048182166,SIC-ID-89E84B58A2B0,56,,SICUREZZA,0,PROMO_SETTEMBRE_VIP,ATTIVO
msasrlsempl@gmail.com,Null,Null,La Darsena,+390431876257,SIC-ID-E8C06CECA04B,56,,SICUREZZA,0,PROMO_SETTEMBRE_VIP,ATTIVO
anticatrattoria@suban.it,Null,Null,Suban,+3904054368,SIC-ID-064DA7490D88,56,,SICUREZZA,0,PROMO_SETTEMBRE_VIP,ATTIVO
info@aifiori.com,Null,Null,Trattoria Ai Fiori,+39040300633,SIC-ID-616F9300E731,56,,SICUREZZA,0,PROMO_SETTEMBRE_VIP,ATTIVO
trieste@pokescuse.com,Null,Null,Pokescuse,+393384234747,SIC-ID-49B3DE98D117,56,,SICUREZZA,0,PROMO_SETTEMBRE_VIP,ATTIVO
rivegrande@gmail.com,Null,Null,Osteria Rive Grande,+390432972851,SIC-ID-F92FD37E874B,56,,SICUREZZA,0,PROMO_SETTEMBRE_VIP,ATTIVO
trattoriafurlan@libero.it,Null,Null,Trattoria Al Furlan,+3904321730398,SIC-ID-7EDB13CBF534,56,,SICUREZZA,0,PROMO_SETTEMBRE_VIP,ATTIVO
info@prolocovalledisoffumbergo.it,Null,Null,Pro Loco Valle Di Soffumbergo,+390432711000,SIC-ID-BBA7EEE494B2,56,,SICUREZZA,0,PROMO_SETTEMBRE_VIP,ATTIVO
info@agripition.it,Null,Null,Cjasal Di Pition,,SIC-ID-A60E39EB3AE0,56,,SICUREZZA,0,PROMO_SETTEMBRE_VIP,ATTIVO
info@hotelalabarda.it,Null,Null,Hotel Alabarda,+39040630269,SIC-ID-40A26A805537,56,,SICUREZZA,0,PROMO_SETTEMBRE_VIP,ATTIVO
bibc@libero.it,Null,Null,Agriturismo / Agriturizem Bibc,,SIC-ID-95C0582BBB07,56,,SICUREZZA,0,PROMO_SETTEMBRE_VIP,ATTIVO
info@locanda101.it,Null,Null,Ristorante Locanda 101,+390481525003+39048152111,SIC-ID-8C4D5AA9E894,56,,SICUREZZA,0,PROMO_SETTEMBRE_VIP,ATTIVO
info@fratellimartin.it,Null,Null,Prosciutteria Fratelli Martin,+39043420520,SIC-ID-5A7A380FAB9C,56,,SICUREZZA,0,PROMO_SETTEMBRE_VIP,ATTIVO
knulp@knulp.it,Null,Null,Knulp,+3904030002,SIC-ID-0DCD43771269,56,,SICUREZZA,0,PROMO_SETTEMBRE_VIP,ATTIVO
info@rosenbar.it,Null,Null,Ristorante Rosenbar,+390481522700,SIC-ID-8A7F69EC508C,56,,SICUREZZA,0,PROMO_SETTEMBRE_VIP,ATTIVO
infoottantaventi@gmail.com,Null,Null,L'80/20,+390432674252,SIC-ID-1E7E84231041,56,,SICUREZZA,0,PROMO_SETTEMBRE_VIP,ATTIVO
chefdario9@gmail.com,Null,Null,Trattoria Al Faro,+39040410092,SIC-ID-8F23FC62245E,56,,SICUREZZA,0,PROMO_SETTEMBRE_VIP,ATTIVO
casa@luccioleperlanterne.com,Null,Null,B&b Lucciole Per Lanterne,+390481390682,SIC-ID-7CB99AD774C6,56,,SICUREZZA,0,PROMO_SETTEMBRE_VIP,ATTIVO
info@birreriabunker.it,Null,Null,Birreria Bunker,+39040200228,SIC-ID-C55E903D7982,56,,SICUREZZA,0,PROMO_SETTEMBRE_VIP,ATTIVO
hotelsettenani@hotmail.com,Null,Null,Hotel Ai Sette Nani,+39040299170,SIC-ID-2D002FD4769B,56,,SICUREZZA,0,PROMO_SETTEMBRE_VIP,ATTIVO
info@alsabotino.it,Null,Null,Osteria Al Sabotino,+390481538111,SIC-ID-EB5EA1902D91,56,,SICUREZZA,0,PROMO_SETTEMBRE_VIP,ATTIVO
info@hotelromapalmanova.eu,Null,Null,Hotel Roma,+390432418740,SIC-ID-00962D1E3212,56,,SICUREZZA,0,PROMO_SETTEMBRE_VIP,ATTIVO
info@ai-due-leoni.it,Null,Null,Ai Due Leoni,+390431917423,SIC-ID-8C683A6508E2,56,,SICUREZZA,0,PROMO_SETTEMBRE_VIP,ATTIVO
hotelfrick@rolmail.net,Null,Null,Frickhof,+390473656119,SIC-ID-F9F7ACA6C8A2,56,,SICUREZZA,0,PROMO_SETTEMBRE_VIP,ATTIVO
info@allepalme.it,Null,Null,Ristorante Pizzeria Alle Palme,+390464411201,SIC-ID-07235393890D,56,,SICUREZZA,0,PROMO_SETTEMBRE_VIP,ATTIVO
barpasi.tn@gmail.com,Null,Null,Bar Pasi,+390461982301,SIC-ID-17107412F16A,56,,SICUREZZA,0,PROMO_SETTEMBRE_VIP,ATTIVO
info@3portoni.it,Null,Null,Borgo Nuovo Trento,+390461261375,SIC-ID-AB283FB34A71,56,,SICUREZZA,0,PROMO_SETTEMBRE_VIP,ATTIVO
uvaementa@yahoo.it,Null,Null,Uva & Menta Café,+390461231801,SIC-ID-71ABFAA5279C,56,,SICUREZZA,0,PROMO_SETTEMBRE_VIP,ATTIVO
info@birreriapedavena.com,Null,Null,Birreria Pizzeria Pedavena,+390461986255,SIC-ID-39AD49E92E1B,56,,SICUREZZA,0,PROMO_SETTEMBRE_VIP,ATTIVO
trattoria_al_volt@yahoo.it,Null,Null,Trattoria Al Volt,+390461983776,SIC-ID-C46A390A9BC9,56,,SICUREZZA,0,PROMO_SETTEMBRE_VIP,ATTIVO
info@tanoetscherhof.com,Null,Null,Tanötscherhof,+393357055080,SIC-ID-C8FE8822CAC6,56,,SICUREZZA,0,PROMO_SETTEMBRE_VIP,ATTIVO
giovanni.leita@virgilio.it,Null,Null,Agritur Leita,,SIC-ID-759FCBA5607F,56,,SICUREZZA,0,PROMO_SETTEMBRE_VIP,ATTIVO
michi.lorenzi@gmail.com,Null,Null,Lorenzi Hütte,+390474592100,SIC-ID-D29A97E261AB,56,,SICUREZZA,0,PROMO_SETTEMBRE_VIP,ATTIVO
info@hotel-kronplatz.com,Null,Null,Hotel Kronplatz,+390474496173,SIC-ID-B86464574516,56,,SICUREZZA,0,PROMO_SETTEMBRE_VIP,ATTIVO
info@hotelchristoph.it,Null,Null,Christof Hotel,+390474592026,SIC-ID-4525DD960DE8,56,,SICUREZZA,0,PROMO_SETTEMBRE_VIP,ATTIVO
gastro@kronplatz.org,Null,Null,Treff Kronplatz,+390474548414,SIC-ID-C3EDCBB851A7,56,,SICUREZZA,0,PROMO_SETTEMBRE_VIP,ATTIVO
info@sandheim.it,Null,Null,Sandheim,+390473616166,SIC-ID-2C9B2689C2D0,56,,SICUREZZA,0,PROMO_SETTEMBRE_VIP,ATTIVO
info@kirchenwirt.it,Null,Null,Kirchenwirt,+390474972195,SIC-ID-7B5EA4980D4D,56,,SICUREZZA,0,PROMO_SETTEMBRE_VIP,ATTIVO
info@baerenhotel.com,Null,Null,Bärenhotel,+393883288888,SIC-ID-DF11118D8D4B,56,,SICUREZZA,0,PROMO_SETTEMBRE_VIP,ATTIVO
info@trenker.it,Null,Null,Hotel Trenker,+390474748629,SIC-ID-B136EF0AD7FA,56,,SICUREZZA,0,PROMO_SETTEMBRE_VIP,ATTIVO
info@pragserhof.com,Null,Null,Hotel Pragserhof,+390474748624,SIC-ID-874945070542,56,,SICUREZZA,0,PROMO_SETTEMBRE_VIP,ATTIVO
info@orostube.it,Null,Null,Pizzeria Orostube,+390461816073,SIC-ID-1B51E258E2F9,56,,SICUREZZA,0,PROMO_SETTEMBRE_VIP,ATTIVO
info@pizzario.it,Null,Null,Pizza Rio,0461811555,SIC-ID-F523A0BB464E,56,,SICUREZZA,0,PROMO_SETTEMBRE_VIP,ATTIVO
info@hotel-peter.it,Null,Null,Hotel Peter,+390471615143,SIC-ID-BA4B57E8A412,56,,SICUREZZA,0,PROMO_SETTEMBRE_VIP,ATTIVO
info@pirchhof.it,Null,Null,Pirchhof,+390473667812,SIC-ID-7E0209BFADC1,56,,SICUREZZA,0,PROMO_SETTEMBRE_VIP,ATTIVO
info@pfeldererhof.it,Null,Null,Hotel Pfeldererhof,+390473646706,SIC-ID-F13603311F74,56,,SICUREZZA,0,PROMO_SETTEMBRE_VIP,ATTIVO
hotelmonclassicodimaro@gmail.com,Null,Null,Hotel Monclassico,+390463970290,SIC-ID-7642994ED644,56,,SICUREZZA,0,PROMO_SETTEMBRE_VIP,ATTIVO
aicanopi@yahoo.it,Null,Null,Ristorante Ai Canopi,+390461823663,SIC-ID-E1A698C6C054,56,,SICUREZZA,0,PROMO_SETTEMBRE_VIP,ATTIVO
telservanadis70@gmail.com,Null,Null,Matscher Alm - Malga Die Mazia,+393496885545,SIC-ID-45B665EC0331,56,,SICUREZZA,0,PROMO_SETTEMBRE_VIP,ATTIVO
info@hotelrosengarten.it,Null,Null,Rosengarten,+390471613262,SIC-ID-105D7488F2F9,56,,SICUREZZA,0,PROMO_SETTEMBRE_VIP,ATTIVO
info@hotelberger.it,Null,Null,Berger,+390474672507,SIC-ID-12F6C56670CD,56,,SICUREZZA,0,PROMO_SETTEMBRE_VIP,ATTIVO
albergobrenta@hotmail.it,Null,Null,Albergo Brenta,+393474449965,SIC-ID-ECAD883C9D8A,56,,SICUREZZA,0,PROMO_SETTEMBRE_VIP,ATTIVO
info@restaurant-waldschenke.com,Null,Null,Waldschenke,+393203137332+39333498487,SIC-ID-A167AB32F811,56,,SICUREZZA,0,PROMO_SETTEMBRE_VIP,ATTIVO
info@activehotelrosat.it,Null,Null,Active Hotel Rosat,+390462501239,SIC-ID-D63F3ADB5ADF,56,,SICUREZZA,0,PROMO_SETTEMBRE_VIP,ATTIVO
info@hoteldolasilla.com,Null,Null,Hotel Dolasilla,+390462764159,SIC-ID-306DCD6BFE7B,56,,SICUREZZA,0,PROMO_SETTEMBRE_VIP,ATTIVO
info@garnienrosadira.it,Null,Null,Hotel Garni Enrosadira,+390462764602,SIC-ID-C9FDEA34DD21,56,,SICUREZZA,0,PROMO_SETTEMBRE_VIP,ATTIVO
info@hotellatemar.com,Null,Null,Hotel Latemar Spitze,+390462764162,SIC-ID-B73EA256E97B,56,,SICUREZZA,0,PROMO_SETTEMBRE_VIP,ATTIVO
info@hotel-sonne-sole.it,Null,Null,Hotel Sole,+390462764042,SIC-ID-66F631F623AE,56,,SICUREZZA,0,PROMO_SETTEMBRE_VIP,ATTIVO
info@hotelrosa.biz,Null,Null,Hotel Rosa,+390462764486,SIC-ID-39A7E0060AA8,56,,SICUREZZA,0,PROMO_SETTEMBRE_VIP,ATTIVO
info@ausergrubhof.it,Null,Null,Ausergrubhof,,SIC-ID-0B386B9AEB7A,56,,SICUREZZA,0,PROMO_SETTEMBRE_VIP,ATTIVO
gampl@familyparadies.com,Null,Null,Familyalm Gampl - Albergo Gampl,+390473562014,SIC-ID-29F4464EB806,56,,SICUREZZA,0,PROMO_SETTEMBRE_VIP,ATTIVO
info@greitwies.it,Null,Null,Jausenstation Greitwies,+390473563376,SIC-ID-18FEB7A00526,56,,SICUREZZA,0,PROMO_SETTEMBRE_VIP,ATTIVO
info@k-1.bz,Null,Null,K1,+390474549101,SIC-ID-D92F591FB9A1,56,,SICUREZZA,0,L1_FREDDI_RIPERMISSIONING,ATTIVO
1400@th-resorts.com,Null,Null,Th 1400,+390463796544,SIC-ID-002E803709BA,56,,SICUREZZA,0,PROMO_SETTEMBRE_VIP,ATTIVO
info@dimarohotel.it,Null,Null,Albergo Dimaro,+390463974375,SIC-ID-D6AE0A246975,56,,SICUREZZA,0,PROMO_SETTEMBRE_VIP,ATTIVO
info@nassreidhof.it,Null,Null,Nassreidhof,+390473679233,SIC-ID-E3018B2AED14,56,,SICUREZZA,0,PROMO_SETTEMBRE_VIP,ATTIVO
info@nepomuk.it,Null,Null,Nepomuk,+393339292103,SIC-ID-A38C0737E1D3,56,,SICUREZZA,0,PROMO_SETTEMBRE_VIP,ATTIVO
info@hotelamerica.it,Null,Null,Hotel America,+390461983010,SIC-ID-63565F476D2C,56,,SICUREZZA,0,PROMO_SETTEMBRE_VIP,ATTIVO
info@berghotel-zirm.com,Null,Null,Berghotel Zirm,+390474592054,SIC-ID-DE467A30C1E7,56,,SICUREZZA,0,PROMO_SETTEMBRE_VIP,ATTIVO
info@agriturcalvola.it,Null,Null,Agritur Calvola,,SIC-ID-F79C99BB1B9D,56,,SICUREZZA,0,PROMO_SETTEMBRE_VIP,ATTIVO
info@gasthofsalurn.it,Null,Null,Gasthof Salurn,+393391070921,SIC-ID-24D201D7F389,56,,SICUREZZA,0,PROMO_SETTEMBRE_VIP,ATTIVO
info@skihaus-schoeneben.it,Null,Null,Skihaus Schöneben,+393402655124,SIC-ID-EC4B44A10A0A,56,,SICUREZZA,0,PROMO_SETTEMBRE_VIP,ATTIVO
info@gasthofalpenrose.com,Null,Null,Alpenrose,+390473278060,SIC-ID-75A2F58BDC25,56,,SICUREZZA,0,PROMO_SETTEMBRE_VIP,ATTIVO
info@ungerichthof.it,Null,Null,Gasthof Ungericht,+390473241112,SIC-ID-DD6ACC47DB36,56,,SICUREZZA,0,PROMO_SETTEMBRE_VIP,ATTIVO
hotel@stroblhof.it,Null,Null,Stroblhof,+390471662250,SIC-ID-A278B580FA34,56,,SICUREZZA,0,PROMO_SETTEMBRE_VIP,ATTIVO
info@chaletgenziana.it,Null,Null,Hotel Chalet Genziana,+390463746050,SIC-ID-707B24252C9D,56,,SICUREZZA,0,PROMO_SETTEMBRE_VIP,ATTIVO
info@hotelcevedale.it,Null,Null,Hotel Cevedale,+390463754067,SIC-ID-580A84534651,56,,SICUREZZA,0,PROMO_SETTEMBRE_VIP,ATTIVO
info@hotelortles.it,Null,Null,Hotel Ortles,+390463754073,SIC-ID-528B91BD7D95,56,,SICUREZZA,0,PROMO_SETTEMBRE_VIP,ATTIVO
info@hotelgranzebru.com,Null,Null,Hotel Gran Zebrù,+390463754433,SIC-ID-3DED5A8574D9,56,,SICUREZZA,0,PROMO_SETTEMBRE_VIP,ATTIVO
info@hotelkristiania.it,Null,Null,Kristiania Leading Nature & Wellness Resort,,SIC-ID-0378D22B226D,56,,SICUREZZA,0,PROMO_SETTEMBRE_VIP,ATTIVO
info@serena-hotel.com,Null,Null,Albergo Serena,+390463974974,SIC-ID-7FED68173E1D,56,,SICUREZZA,0,PROMO_SETTEMBRE_VIP,ATTIVO
burgschaenke.schluderns@gmail.com,Null,Null,Burgschänke Schluderns,+393711312882,SIC-ID-F182D6CB51EB,56,,SICUREZZA,0,PROMO_SETTEMBRE_VIP,ATTIVO
info@weisselilie.it,Null,Null,Weisse Lilie - Giglio Bianco,+390472849740,SIC-ID-25182E0CF14F,56,,SICUREZZA,0,PROMO_SETTEMBRE_VIP,ATTIVO
koestenthaler@rolmail.net,Null,Null,Köstenthaler-hof,+390473945831,SIC-ID-B222464D71EA,56,,SICUREZZA,0,PROMO_SETTEMBRE_VIP,ATTIVO
info@badbergfall.com,Null,Null,Hotel Bad Bergfall,+390474592084,SIC-ID-02F958868A21,56,,SICUREZZA,0,PROMO_SETTEMBRE_VIP,ATTIVO
info@christl.bz,Null,Null,Christl,+390474498212,SIC-ID-A8ACC8C1EDD5,56,,SICUREZZA,0,PROMO_SETTEMBRE_VIP,ATTIVO
heidihofer81@gmail.com,Null,Null,Schneidalm,,SIC-ID-45FD8B25B216,56,,SICUREZZA,0,PROMO_SETTEMBRE_VIP,ATTIVO
manuelasjausenstation@gmail.com,Null,Null,Mittelgrünwald,+390471352784,SIC-ID-9382E1BB13D5,56,,SICUREZZA,0,PROMO_SETTEMBRE_VIP,ATTIVO
info@gasthof-seppi.it,Null,Null,Gasthof Seppi,+390472849701,SIC-ID-FC25532810D8,56,,SICUREZZA,0,PROMO_SETTEMBRE_VIP,ATTIVO
hotel.krone@dnet.it,Null,Null,Krone,+390474411108,SIC-ID-220AD4807ECC,56,,SICUREZZA,0,PROMO_SETTEMBRE_VIP,ATTIVO
info@belvedereonline.com,Null,Null,Belvedere,+390461586933,SIC-ID-19A10EA9E866,56,,SICUREZZA,0,PROMO_SETTEMBRE_VIP,ATTIVO
info@olympiamolveno.it,Null,Null,Olympia,+390461586961,SIC-ID-645BABFA55ED,56,,SICUREZZA,0,PROMO_SETTEMBRE_VIP,ATTIVO
hotel@europamolveno.it,Null,Null,Europa,+390461586937,SIC-ID-FB5275F8E82C,56,,SICUREZZA,0,PROMO_SETTEMBRE_VIP,ATTIVO
info@hotel-lido.it,Null,Null,Lido,+390461586932,SIC-ID-76D451A4574E,56,,SICUREZZA,0,PROMO_SETTEMBRE_VIP,ATTIVO
info@nikys.it,Null,Null,Niky's,+390461390828,SIC-ID-CE69EB8E2383,56,,SICUREZZA,0,PROMO_SETTEMBRE_VIP,ATTIVO
caffeexcelsior@gmail.com,Null,Null,Caffè Excelsior,+390461261304,SIC-ID-79C91BE053AD,56,,SICUREZZA,0,PROMO_SETTEMBRE_VIP,ATTIVO
sapori.mediterranei@hotmail.it,Null,Null,Sapori Mediterranei,+390461984360,SIC-ID-6D80F046771B,56,,SICUREZZA,0,PROMO_SETTEMBRE_VIP,ATTIVO
info@albertpizza.it,Null,Null,Pizzeria Da Albert,+390461231712,SIC-ID-38FAD49CEDF1,56,,SICUREZZA,0,PROMO_SETTEMBRE_VIP,ATTIVO
info@tetleyspub.it,Null,Null,Pizzeria Tetley's,+390461233477,SIC-ID-A71124FC9379,56,,SICUREZZA,0,PROMO_SETTEMBRE_VIP,ATTIVO
info@orsogrigiotrento.com,Null,Null,Orso Grigio,+390461984400,SIC-ID-23C9E6C0A4F0,56,,SICUREZZA,0,PROMO_SETTEMBRE_VIP,ATTIVO
info@doctrento.it,Null,Null,Ristorante Pizzeria Doc,+390461262022,SIC-ID-DC2736E6ED29,56,,SICUREZZA,0,PROMO_SETTEMBRE_VIP,ATTIVO
info@plosehuette.com,Null,Null,Plosehütte - Rifugio Plose,+390472521333,SIC-ID-74364FDC0D6A,56,,SICUREZZA,0,PROMO_SETTEMBRE_VIP,ATTIVO
trento@assaje.it,Null,Null,Assaje,,SIC-ID-DA8C74329C05,56,,SICUREZZA,0,PROMO_SETTEMBRE_VIP,ATTIVO
info@happy-ranch.it,Null,Null,Happy Ranch,+390461683518,SIC-ID-78C95D4BB136,56,,SICUREZZA,0,PROMO_SETTEMBRE_VIP,ATTIVO
atelierdellabellezza@libero.it,Null,Null,Atelier Della Bellezza Di Floriana Sindoni,+393939037296,SIC-ID-D32AFD51E754,96,,SICUREZZA,0,PROMO_SETTEMBRE_VIP,ATTIVO
rubertelli.a@libero.it,Null,Null,Rubertelli,+3902468845,SIC-ID-A35CD43FAED8,96,,SICUREZZA,0,PROMO_SETTEMBRE_VIP,ATTIVO
renato.gianello@gmail.com,Null,Null,Parrucchiere Gianello Renato,+393384229763,SIC-ID-10AF6BDE97F3,96,,SICUREZZA,0,PROMO_SETTEMBRE_VIP,ATTIVO
rycky.r@libero.it,Null,Null,Riccardo,+390399200215,SIC-ID-D6E9F74BB660,96,,SICUREZZA,0,PROMO_SETTEMBRE_VIP,ATTIVO
info@salonegiada.it,Null,Null,Giada Beauty Center,+390392300431,SIC-ID-0668E4C46AB6,96,,SICUREZZA,0,PROMO_SETTEMBRE_VIP,ATTIVO
info@gori-benassi.it,Null,Null,Gori E Benassi,+39039322978,SIC-ID-D8F8EF5E68F4,96,,SICUREZZA,0,PROMO_SETTEMBRE_VIP,ATTIVO
ideadonna@hotmail.com,Null,Null,Idea Donna,+390331254113,SIC-ID-8DAA1BFD4945,96,,SICUREZZA,0,PROMO_SETTEMBRE_VIP,ATTIVO
raulstaff.monza@gmail.com,Null,Null,Raulstaff,+39039323110,SIC-ID-0F771A97514C,96,,SICUREZZA,0,PROMO_SETTEMBRE_VIP,ATTIVO
piyawan.anna2510@gmail.com,Null,Null,Dara Thai,+393349940883,SIC-ID-AB6466217BD8,96,,SICUREZZA,0,PROMO_SETTEMBRE_VIP,ATTIVO
info@francamonza.it,Null,Null,Franca,+39039380222,SIC-ID-A50E35E66BD7,96,,SICUREZZA,0,PROMO_SETTEMBRE_VIP,ATTIVO
electricred.tattoo@gmail.com,Null,Null,Electric Red,+390392622954,SIC-ID-01BDF01D215B,96,,SICUREZZA,0,PROMO_SETTEMBRE_VIP,ATTIVO
naturalcareparrucchieri@gmail.com,Null,Null,Natural Care Parrucchieri,,SIC-ID-8EC6E441531F,96,,SICUREZZA,0,PROMO_SETTEMBRE_VIP,ATTIVO
novara1@nomasvello.it,Null,Null,No+vello,+390321466874,SIC-ID-ED77A4604D99,96,,SICUREZZA,0,PROMO_SETTEMBRE_VIP,ATTIVO
donatellabaudino@libero.it,Null,Null,Evos Parrucchieri,+390124450729,SIC-ID-A3CDFF189D02,96,,SICUREZZA,0,PROMO_SETTEMBRE_VIP,ATTIVO
simonetta.manfredi65@gmail.com,Null,Null,Speed Queen,,SIC-ID-3DDC171EB119,96,,SICUREZZA,0,PROMO_SETTEMBRE_VIP,ATTIVO
info@circustattoo.it,Null,Null,Circus Tattoo,+393925141860,SIC-ID-247FE6AD49A6,96,,SICUREZZA,0,PROMO_SETTEMBRE_VIP,ATTIVO
annalisa.zavattaro@gmail.com,Null,Null,Idee In Testa,+390171690867,SIC-ID-0DA1F9D89FF6,96,,SICUREZZA,0,PROMO_SETTEMBRE_VIP,ATTIVO
info@megnamarmi.it,Null,Null,Megna Marmi,+390966949696,SIC-ID-E0C6F094A95B,43,,SICUREZZA,0,PROMO_SETTEMBRE_VIP,ATTIVO
info.bellomo@libero.it,Null,Null,Bellomo,+390421274639,SIC-ID-221FF95B1B04,96,,SICUREZZA,0,PROMO_SETTEMBRE_VIP,ATTIVO
silvanavalente@alice.it,Null,Null,Silvana Valente - Centro Massaggi,+39044552887,SIC-ID-5EECC40CB539,96,,SICUREZZA,0,PROMO_SETTEMBRE_VIP,ATTIVO
info@soins.it,Null,Null,Soins Parrucchiere,+390445672691,SIC-ID-CBE46D5EEC23,96,,SICUREZZA,0,PROMO_SETTEMBRE_VIP,ATTIVO
florianaparrucchieri@gmail.com,Null,Null,Floriana Parrucchieri,,SIC-ID-1E768CF06B2D,96,,SICUREZZA,0,PROMO_SETTEMBRE_VIP,ATTIVO
info@supero.it,Null,Null,Superò,+390815573869,SIC-ID-EE1D99F6CC6D,45,,SICUREZZA,0,PROMO_SETTEMBRE_VIP,ATTIVO
info@superautopagani.it,Null,Null,Super Auto,+39081915533,SIC-ID-A67BFF424BF9,45,,SICUREZZA,0,PROMO_SETTEMBRE_VIP,ATTIVO
clienti.giugliano@leroymerlin.it,Null,Null,Leroy Merlin,+390818198700+390811933,SIC-ID-122BB2125257,45,,SICUREZZA,0,PROMO_SETTEMBRE_VIP,ATTIVO
fois.cristian69@gmail.com,Null,Null,Christian & Rita Parrucchieri Per Signora,+390564833870,SIC-ID-72957B884D8D,96,,SICUREZZA,0,PROMO_SETTEMBRE_VIP,ATTIVO
info@studioadrenaline.com,Null,Null,Studio Adrenaline,+39056648165,SIC-ID-ECFE7A2A834E,96,,SICUREZZA,0,PROMO_SETTEMBRE_VIP,ATTIVO
bellaclub43@gmail.com,Null,Null,Bella Club,+390586864920,SIC-ID-4A83434600DA,96,,SICUREZZA,0,PROMO_SETTEMBRE_VIP,ATTIVO
lucapapa0879@gmail.com,Null,Null,Luca È,+393927791777,SIC-ID-893B1F583DBA,96,,SICUREZZA,0,PROMO_SETTEMBRE_VIP,ATTIVO
thaitherapy@outlook.it,Null,Null,Thai Therapy Pozzuoli,+390815266843,SIC-ID-93FEDA39F6B5,96,,SICUREZZA,0,PROMO_SETTEMBRE_VIP,ATTIVO
info@esteticacazzato.it,Null,Null,Estetica Cazzato,+390833543880,SIC-ID-E6CB62AEB5C4,96,,SICUREZZA,0,PROMO_SETTEMBRE_VIP,ATTIVO
maurom.emanuela@gmail.com,Null,Null,Coiffeuse Emanuela,+390833531805,SIC-ID-AB4F30C12FA0,96,,SICUREZZA,0,PROMO_SETTEMBRE_VIP,ATTIVO
nailsloversitaliasrl@gmail.com,Null,Null,Nails Lovers,,SIC-ID-A5981F45635B,96,,SICUREZZA,0,PROMO_SETTEMBRE_VIP,ATTIVO
contatti@esteticadonnain.it,Null,Null,Estetica Donna In,+390833692391,SIC-ID-A45D553BB442,96,,SICUREZZA,0,PROMO_SETTEMBRE_VIP,ATTIVO
info@lafrench.it,Null,Null,La French Beauty Salon,+390809641033,SIC-ID-33EDB643E693,96,,SICUREZZA,0,PROMO_SETTEMBRE_VIP,ATTIVO
wildcattattoofactory@gmail.com,Null,Null,Wild Cat Tatoo,+390806987576,SIC-ID-A42D667E97EB,96,,SICUREZZA,0,PROMO_SETTEMBRE_VIP,ATTIVO
casciaro.antonella@gmail.com,Null,Null,Fell Parrucchieri,+390833771802,SIC-ID-5E4C4F91AF1D,96,,SICUREZZA,0,PROMO_SETTEMBRE_VIP,ATTIVO
moniapetruzzo@hotmail.it,Null,Null,Lavanderia Self Service Monia,,SIC-ID-02AA862FCF57,96,,SICUREZZA,0,PROMO_SETTEMBRE_VIP,ATTIVO
barber95@libero.it,Null,Null,L'arte Del Rasoio,+393273780653,SIC-ID-F2673558943F,96,,SICUREZZA,0,PROMO_SETTEMBRE_VIP,ATTIVO
torturetattoostudio@gmail.com,Null,Null,Torture,+393471875277,SIC-ID-FC5F8916CF1C,96,,SICUREZZA,0,PROMO_SETTEMBRE_VIP,ATTIVO
loscardelledonne@yahoo.it,Null,Null,L'oscar Parrucchiere,+393935094945,SIC-ID-0DD276676C9B,96,,SICUREZZA,0,PROMO_SETTEMBRE_VIP,ATTIVO
fktsas@tiscali.it,Null,Null,Fkt Fisioterapia,+390909284774,SIC-ID-B7EC5721EDB4,96,,SICUREZZA,0,PROMO_SETTEMBRE_VIP,ATTIVO
giupytattoostudio@hotmail.it,Null,Null,Giupy Tattoo,+390916177064,SIC-ID-7EBD73E9605F,96,,SICUREZZA,0,PROMO_SETTEMBRE_VIP,ATTIVO
info@kineticcenter.it,Null,Null,Kinetic Center,+390909222487,SIC-ID-E2D9075D8345,96,,SICUREZZA,0,PROMO_SETTEMBRE_VIP,ATTIVO
sat.69@hotmail.it,Null,Null,Ninòs Homme,+393286644038,SIC-ID-D100EF20B0B1,96,,SICUREZZA,0,PROMO_SETTEMBRE_VIP,ATTIVO
fisiotekmilazzo@gmail.com,Null,Null,Fisiotek,+393403355039,SIC-ID-911E4374E44B,96,,SICUREZZA,0,PROMO_SETTEMBRE_VIP,ATTIVO
info@liliumbenessere.com,Null,Null,Lilium Benessere,+390933824389,SIC-ID-607C61DBA9B1,96,,SICUREZZA,0,PROMO_SETTEMBRE_VIP,ATTIVO
info@hubhair.it,Null,Null,Hub Hair Salon,,SIC-ID-544E939652EC,96,,SICUREZZA,0,PROMO_SETTEMBRE_VIP,ATTIVO
heliobrittohairf@gmail.com,Null,Null,Hélio Britto Hair Fusion,+390108623345,SIC-ID-D5B1912705CB,96,,SICUREZZA,0,PROMO_SETTEMBRE_VIP,ATTIVO
animebarbershop@gmail.com,Null,Null,Anime Barber Shop,+390199448521,SIC-ID-E3224691DD58,96,,SICUREZZA,0,PROMO_SETTEMBRE_VIP,ATTIVO
info@silviocoiffeur.it,Null,Null,Silvio Coiffeur,+390712073242,SIC-ID-486021ED1D4D,96,,SICUREZZA,0,PROMO_SETTEMBRE_VIP,ATTIVO
queensbeautycenter@gmail.com,Null,Null,Queen's Beauty Center,+393476622033,SIC-ID-6764EBAFD59F,96,,SICUREZZA,0,PROMO_SETTEMBRE_VIP,ATTIVO
socapmarche@gmail.com,Null,Null,So.cap. Marche,+390733813923,SIC-ID-988E49EC24A8,96,,SICUREZZA,0,PROMO_SETTEMBRE_VIP,ATTIVO
il.profilo@libero.it,Null,Null,Il Profilo,+390733260240,SIC-ID-A3822B3C9AB2,96,,SICUREZZA,0,PROMO_SETTEMBRE_VIP,ATTIVO
fano@setabeauty.com,Null,Null,Seta Beauty,+393388830898,SIC-ID-C6D59EEB9B2F,96,,SICUREZZA,0,PROMO_SETTEMBRE_VIP,ATTIVO
marco@linea-uomo.it,Null,Null,Linea Uomo,+390719158255,SIC-ID-BBA9FEB6C3D1,96,,SICUREZZA,0,PROMO_SETTEMBRE_VIP,ATTIVO
info@solelunaestetica.com,Null,Null,Sole E Luna,+390743539125,SIC-ID-8A06E7996688,96,,SICUREZZA,0,PROMO_SETTEMBRE_VIP,ATTIVO
avanti2018@libero.it,Null,Null,Fabio Stylist,+393388192515,SIC-ID-2C12CCA379C0,96,,SICUREZZA,0,PROMO_SETTEMBRE_VIP,ATTIVO
savsara90@yahoo.com,Null,Null,La Bella E La Bestia Tattoo,,SIC-ID-18F9496CD436,96,,SICUREZZA,0,PROMO_SETTEMBRE_VIP,ATTIVO
info@oscarbonetti.it,Null,Null,Vaillant Caldaie,+390342210140,SIC-ID-E3DEA9DD2DC7,43,,SICUREZZA,0,PROMO_SETTEMBRE_VIP,ATTIVO
mvm.marrazzo@tin.it,Null,Null,Mvm,+39039830707,SIC-ID-447D6A05D956,43,,SICUREZZA,0,PROMO_SETTEMBRE_VIP,ATTIVO
cremangelo@gmail.com,Null,Null,Cremaschi Falegnameria,+390373274331,SIC-ID-A9B80ECF8518,43,,SICUREZZA,0,PROMO_SETTEMBRE_VIP,ATTIVO
info@mgimpiantielettricisrl.it,Null,Null,M.g. Impianti Elettrici Srl,+39034651330,SIC-ID-BE4B6AA6AD30,43,,SICUREZZA,0,PROMO_SETTEMBRE_VIP,ATTIVO
info@centrolombardopompe.it,Null,Null,Centro Lombardo Pompe C.l.p.,+39031200309,SIC-ID-BF3610DC9381,43,,SICUREZZA,0,PROMO_SETTEMBRE_VIP,ATTIVO
info@termoidraulicacolombo.com,Null,Null,Termoidraulica Colombo,+39036275180,SIC-ID-47310407BA23,43,,SICUREZZA,0,PROMO_SETTEMBRE_VIP,ATTIVO
info@termoidraulicaforcolin.it,Null,Null,Termoidraulica Forcolin,,SIC-ID-C19EC34D41C4,43,,SICUREZZA,0,PROMO_SETTEMBRE_VIP,ATTIVO
domosistem@gmail.com,Null,Null,Domo Sistem,+39036274786,SIC-ID-E9CAE3CAA18B,43,,SICUREZZA,0,PROMO_SETTEMBRE_VIP,ATTIVO
manuela.grossi.yf35@alice.it,Null,Null,Falegnameria Grossi Renzo,+390382586028,SIC-ID-6D1B8E390168,43,,SICUREZZA,0,PROMO_SETTEMBRE_VIP,ATTIVO
info@adimpianti.it,Null,Null,Ad Impianti Di Airaghi Dario,+39029300245,SIC-ID-ADC8E899FCE0,43,,SICUREZZA,0,PROMO_SETTEMBRE_VIP,ATTIVO
info@carpenteria-corradi.it,Null,Null,Carpenteria Corradi,+390374373475,SIC-ID-E6D750842B50,43,,SICUREZZA,0,PROMO_SETTEMBRE_VIP,ATTIVO
gmigobbini@gmail.com,Null,Null,G. M. Impianti Di Gobbini Mirko,+393929640465,SIC-ID-2B6AA592A4C1,43,,SICUREZZA,0,PROMO_SETTEMBRE_VIP,ATTIVO
info@raggiottoimpianti.it,Null,Null,Raggiotto Impianti,+39036275192,SIC-ID-811A21E9AEA9,43,,SICUREZZA,0,PROMO_SETTEMBRE_VIP,ATTIVO
info@oribonetti.it,Null,Null,Ori Bonetti S.r.l.,+390372835034,SIC-ID-A1AB9ECA260A,43,,SICUREZZA,0,PROMO_SETTEMBRE_VIP,ATTIVO
info@siebrescia.it,Null,Null,Sie Brescia S.r.l.,+39030302219,SIC-ID-2FD83573693B,43,,SICUREZZA,0,PROMO_SETTEMBRE_VIP,ATTIVO
info@duegiimpianti.it,Null,Null,Duegi Impianti,+390362554097,SIC-ID-A574DD874BD0,43,,SICUREZZA,0,PROMO_SETTEMBRE_VIP,ATTIVO
i.t.multiservicessrl@gmail.com,Null,Null,I.t. Multiservices,+393703342836+3933483,SIC-ID-1D870392FDA5,43,,SICUREZZA,0,PROMO_SETTEMBRE_VIP,ATTIVO
marmilagori@virgilio.it,Null,Null,Marmi Lagori,+39031832030,SIC-ID-FD38E4DBBC51,43,,SICUREZZA,0,PROMO_SETTEMBRE_VIP,ATTIVO
impresariccardi@virgilio.it,Null,Null,Impresa Riccardi,+39038579012,SIC-ID-E9BDCE861016,43,,SICUREZZA,0,PROMO_SETTEMBRE_VIP,ATTIVO
climatica@assistenzaclimatica.com,Null,Null,Climatica,+390362351023,SIC-ID-3DD36063E158,43,,SICUREZZA,0,PROMO_SETTEMBRE_VIP,ATTIVO
info@rc-refrigerazione.it,Null,Null,Rc Refigeratori E Condizionatori,+390331775941,SIC-ID-B2BE993D302F,43,,SICUREZZA,0,PROMO_SETTEMBRE_VIP,ATTIVO
assistenza@ratticlima.it,Null,Null,Ratti Clima Snc,+39038383411,SIC-ID-CFD2E6F2EFD4,43,,SICUREZZA,0,PROMO_SETTEMBRE_VIP,ATTIVO
caseigerola@comoliferrari.it,Null,Null,Comoli Ferrari - Forniture Elettriche,+390383381100,SIC-ID-919F71F8E3EE,43,,SICUREZZA,0,PROMO_SETTEMBRE_VIP,ATTIVO
elettricamente.mg@gmail.com,Null,Null,Elettricamente,,SIC-ID-40F86B7E8B33,43,,SICUREZZA,0,PROMO_SETTEMBRE_VIP,ATTIVO
pietraollare@libero.it,Null,Null,Laboratorio Di Pietra Ollare Di Roberto Lucchinetti,+39034335905,SIC-ID-0D7EED6DC543,43,,SICUREZZA,0,PROMO_SETTEMBRE_VIP,ATTIVO
carpenteriafossano@carpenteriafossano.it,Null,Null,Carpenteria Fossano,+39031734049,SIC-ID-663E0CEE9ED0,43,,SICUREZZA,0,PROMO_SETTEMBRE_VIP,ATTIVO
csclimasrl@gmail.com,Null,Null,Cs Clima,+390289152582,SIC-ID-BBC3E299B68A,43,,SICUREZZA,0,PROMO_SETTEMBRE_VIP,ATTIVO
calorsystem@calorsystem.com,Null,Null,Vaillant Service - Calor System,+39031643831,SIC-ID-6EDEB33331CF,43,,SICUREZZA,0,PROMO_SETTEMBRE_VIP,ATTIVO
ams.assistenza@gmail.com,Null,Null,Ams Di Marco Lizzi,+39029981174,SIC-ID-E2289B89D3A9,43,,SICUREZZA,0,PROMO_SETTEMBRE_VIP,ATTIVO
dallaliberaclima@gmail.com,Null,Null,Dalla Libera Clima,+390299682994,SIC-ID-D68C100C9390,43,,SICUREZZA,0,PROMO_SETTEMBRE_VIP,ATTIVO
info@elettrisystem.com,Null,Null,Elettrisystem,+390314123495,SIC-ID-0CCB3451DF26,43,,SICUREZZA,0,PROMO_SETTEMBRE_VIP,ATTIVO
info@fratellibarni.it,Null,Null,Fratelli Barni,+39029691517,SIC-ID-9DCF8D8B0766,43,,SICUREZZA,0,PROMO_SETTEMBRE_VIP,ATTIVO
info@termoidraulicaflorian.it,Null,Null,Florian Gianluigi,+390362553039,SIC-ID-219C05F6FB33,43,,SICUREZZA,0,PROMO_SETTEMBRE_VIP,ATTIVO
assistenza@gatiimpianti.com,Null,Null,Ga.ti. Impianti,+39031732321,SIC-ID-A3736BC724AA,43,,SICUREZZA,0,PROMO_SETTEMBRE_VIP,ATTIVO
tecnoterm@tecnotermweb.com,Null,Null,Tecnoterm,+39031711348,SIC-ID-DE76FE021652,43,,SICUREZZA,0,PROMO_SETTEMBRE_VIP,ATTIVO
info@terraneoimpiantielettrici.it,Null,Null,Terraneo Impianti Elettrici,+39031762999,SIC-ID-C372FF6F44BB,43,,SICUREZZA,0,PROMO_SETTEMBRE_VIP,ATTIVO
info@termoidraulicabottaro.com,Null,Null,Termoidraulica Di Bottaro Wladymiro,+390362958421,SIC-ID-6617645DF7B7,43,,SICUREZZA,0,PROMO_SETTEMBRE_VIP,ATTIVO
info@cbeimpianti.it,Null,Null,C.b.e.,+39031650568,SIC-ID-46D75B00D11A,43,,SICUREZZA,0,PROMO_SETTEMBRE_VIP,ATTIVO
info@dteimpianti.it,Null,Null,Dte Impianti Tecnologici,+390313338200,SIC-ID-ED4DD2E3BC09,43,,SICUREZZA,0,PROMO_SETTEMBRE_VIP,ATTIVO
idrotec.snc@tiscali.it,Null,Null,Idrotec,+390299057990,SIC-ID-09D48C06BF4A,43,,SICUREZZA,0,PROMO_SETTEMBRE_VIP,ATTIVO
info@stiglianograniti.com,Null,Null,Stigliano,+390362560534,SIC-ID-09666EB5079C,43,,SICUREZZA,0,PROMO_SETTEMBRE_VIP,ATTIVO
info@ferrari-impianti.com,Null,Null,Ferrari Impianti Srl,+390314451519,SIC-ID-25C26B5F0C9F,43,,SICUREZZA,0,PROMO_SETTEMBRE_VIP,ATTIVO
szclimatis@gmail.com,Null,Null,S & Z Climatis,+390308080978,SIC-ID-FF26768B703B,43,,SICUREZZA,0,PROMO_SETTEMBRE_VIP,ATTIVO
info@isolcolor.net,Null,Null,Tinteggiature Isolcolor,+39030657589,SIC-ID-E1CFBDD27E09,43,,SICUREZZA,0,PROMO_SETTEMBRE_VIP,ATTIVO
info@fllimartini.com,Null,Null,F.lli Martini,+390332329339,SIC-ID-1750628F2258,43,,SICUREZZA,0,PROMO_SETTEMBRE_VIP,ATTIVO
info@marzialemassimoservices.com,Null,Null,Marziale Massimo Services (idraulica - Elettrica - Edile),+393337046728,SIC-ID-B77FCD1BD11A,43,,SICUREZZA,0,PROMO_SETTEMBRE_VIP,ATTIVO
sironimarmi@libero.it,Null,Null,Sironi Marmi,+390392022050,SIC-ID-63DEE9984A1C,43,,SICUREZZA,0,PROMO_SETTEMBRE_VIP,ATTIVO
info@securpiai.it,Null,Null,Securpiai,+390341930360,SIC-ID-5FD0BACD3641,43,,SICUREZZA,0,PROMO_SETTEMBRE_VIP,ATTIVO
info@carpenteriavignati.it,Null,Null,Carpenteria Vignati Aldo,+390331565190,SIC-ID-17722FF8B44E,43,,SICUREZZA,0,PROMO_SETTEMBRE_VIP,ATTIVO
info@podavini.it,Null,Null,Podavini Giuseppe Legnami,+390303583999,SIC-ID-4BC3A14037DE,43,,SICUREZZA,0,PROMO_SETTEMBRE_VIP,ATTIVO
gaservizisrl@yahoo.com,Null,Null,G.a. Servizi,+39027001319,SIC-ID-0370CA87A0B6,43,,SICUREZZA,0,PROMO_SETTEMBRE_VIP,ATTIVO
info@merlimarmi.com,Null,Null,Merli Marmi,+390383212435,SIC-ID-6C32BB815187,43,,SICUREZZA,0,PROMO_SETTEMBRE_VIP,ATTIVO
info@carpenteriagiudici.it,Null,Null,Giudici Carpenteria,+390362910031,SIC-ID-BABCC212ABBC,43,,SICUREZZA,0,PROMO_SETTEMBRE_VIP,ATTIVO
info@gmimpianti.info,Null,Null,Gm Impianti,+393411881709,SIC-ID-D9287618B265,43,,SICUREZZA,0,PROMO_SETTEMBRE_VIP,ATTIVO
compagnia@cietsrl.it,Null,Null,Compagnia Impianti Eletrotecnici,+390295546126,SIC-ID-99A43C8B7EEB,43,,SICUREZZA,0,PROMO_SETTEMBRE_VIP,ATTIVO
info@rivettisrl.com,Null,Null,Rivetti Elettroimpianti,,SIC-ID-88B3D31DC4F1,43,,SICUREZZA,0,PROMO_SETTEMBRE_VIP,ATTIVO
info@ceramichegaruti.com,Null,Null,Ceramiche Garuti,+390293901719,SIC-ID-BC8FE5A00915,43,,SICUREZZA,0,PROMO_SETTEMBRE_VIP,ATTIVO
locati.lorenzo@libero.it,Null,Null,Falegnameria Locati,+39023566240,SIC-ID-6E313D4EF452,43,,SICUREZZA,0,PROMO_SETTEMBRE_VIP,ATTIVO
info@errenne.it,Null,Null,Errenne S.n.c.,+39023561554,SIC-ID-22768FE200EA,43,,SICUREZZA,0,PROMO_SETTEMBRE_VIP,ATTIVO
info@lizzi.com,Null,Null,Lizzi,+39029982871,SIC-ID-767A19A8B38C,43,,SICUREZZA,0,PROMO_SETTEMBRE_VIP,ATTIVO
info@rmasrl.com,Null,Null,Rma,+39029363128,SIC-ID-B9B2CA6637C7,43,,SICUREZZA,0,PROMO_SETTEMBRE_VIP,ATTIVO
marmor.bareggio@gmail.com,Null,Null,Marmor,,SIC-ID-D6E30BC83225,43,,SICUREZZA,0,PROMO_SETTEMBRE_VIP,ATTIVO
info@isaclima.it,Null,Null,Isa Clima,+393450588424,SIC-ID-C25C258F99C0,43,,SICUREZZA,0,PROMO_SETTEMBRE_VIP,ATTIVO
info@galliimpianti.it,Null,Null,Galli Impianti,+393453393012,SIC-ID-CA07E497A6E4,43,,SICUREZZA,0,PROMO_SETTEMBRE_VIP,ATTIVO
info@rbimpianti.com,Null,Null,Rampoldi Benvenuto Impianti Elettrici,,SIC-ID-C065E02A8BDD,43,,SICUREZZA,0,PROMO_SETTEMBRE_VIP,ATTIVO
info@francinelli.it,Null,Null,Francinelli Pierantonio,+390302301341,SIC-ID-75845EA9857D,25,,SICUREZZA,0,PROMO_SETTEMBRE_VIP,ATTIVO
info@giuliostoppani.com,Null,Null,Giulio Stoppani,+390309971478,SIC-ID-05FABBA8ED65,25,,SICUREZZA,0,PROMO_SETTEMBRE_VIP,ATTIVO
info@brixiafireworks.it,Null,Null,Brixia Fireworks,,SIC-ID-096BD8AF8348,25,,SICUREZZA,0,PROMO_SETTEMBRE_VIP,ATTIVO
jollylegart@tiscalinet.it,Null,Null,Jollylegart,,SIC-ID-C2D4D96BDFE1,25,,SICUREZZA,0,PROMO_SETTEMBRE_VIP,ATTIVO
sesto@bmfotofilms.it,Null,Null,Bm Fotofilms,+390226223819,SIC-ID-2EF451D480C6,25,,SICUREZZA,0,PROMO_SETTEMBRE_VIP,ATTIVO
info@monikapic.com,Null,Null,Studio Monikapic,+390399146628,SIC-ID-7BE6424ABE64,25,,SICUREZZA,0,PROMO_SETTEMBRE_VIP,ATTIVO
info@frimarserramenti.it,Null,Null,Frimar Serramenti,+393356532153,SIC-ID-FA560FEF57A5,25,,SICUREZZA,0,PROMO_SETTEMBRE_VIP,ATTIVO
ilbombaio@gmail.com,Null,Null,Il Bombaio,,SIC-ID-AE5708596241,25,,SICUREZZA,0,PROMO_SETTEMBRE_VIP,ATTIVO
info@martinelli-pav.it,Null,Null,Martinelli,+390331255119,SIC-ID-9345DEEF76EE,25,,SICUREZZA,0,PROMO_SETTEMBRE_VIP,ATTIVO
info@bottelliguitars.com,Null,Null,Enrico Bottelli - Liutaio,+393498735377,SIC-ID-6D5F3D2364B2,25,,SICUREZZA,0,PROMO_SETTEMBRE_VIP,ATTIVO
monza@tramezzino.it,Null,Null,Tramezzino.it,+393895623951,SIC-ID-BF854BE87A88,25,,SICUREZZA,0,PROMO_SETTEMBRE_VIP,ATTIVO
info@villagioielli.it,Null,Null,Gioielli Villa,+390296370556,SIC-ID-DF9F16054BD1,25,,SICUREZZA,0,PROMO_SETTEMBRE_VIP,ATTIVO
info@timeaction.it,Null,Null,Time Action,+390272000950,SIC-ID-0DC7F1D11F74,25,,SICUREZZA,0,PROMO_SETTEMBRE_VIP,ATTIVO
arzigogolo-mi@email.it,Null,Null,Arzigogolo,+393474355301,SIC-ID-0EE71FA09ABD,25,,SICUREZZA,0,PROMO_SETTEMBRE_VIP,ATTIVO
info@fabbrodigiglio.it,Null,Null,Fabbro Di Giglio,+393356849520,SIC-ID-8ED09EBC8031,25,,SICUREZZA,0,PROMO_SETTEMBRE_VIP,ATTIVO
info@takaakisano.com,Null,Null,Takaaki Sano,+393338936990,SIC-ID-0E6F03851BA9,25,,SICUREZZA,0,PROMO_SETTEMBRE_VIP,ATTIVO
annarealizza@gmail.com,Null,Null,Anna Realizza,+393420604260,SIC-ID-E47A4969931C,25,,SICUREZZA,0,PROMO_SETTEMBRE_VIP,ATTIVO
milano@alfonsomuzzi.it,Null,Null,Alfonso Muzzi,+390284146964,SIC-ID-0F036F8FAE1B,25,,SICUREZZA,0,PROMO_SETTEMBRE_VIP,ATTIVO
info@amricami.com,Null,Null,A. M.,+39036272003,SIC-ID-697401E93B13,25,,SICUREZZA,0,PROMO_SETTEMBRE_VIP,ATTIVO
sartoriafrancesca@live.it,Null,Null,Sartoria Francesca,+393398108491,SIC-ID-A03721260E67,25,,SICUREZZA,0,PROMO_SETTEMBRE_VIP,ATTIVO
info@debsrl.it,Null,Null,D&b S.r.l.,+3903411885688,SIC-ID-9A6062126F9C,25,,SICUREZZA,0,PROMO_SETTEMBRE_VIP,ATTIVO
bbhsnc@gmail.com,Null,Null,B.b.h.,+390303770222,SIC-ID-F00245AD1832,25,,SICUREZZA,0,PROMO_SETTEMBRE_VIP,ATTIVO
info@barzaghini.com,Null,Null,Barzaghini Pavimenti,+390331924508,SIC-ID-564532CD118D,25,,SICUREZZA,0,PROMO_SETTEMBRE_VIP,ATTIVO
info@objetdecori.it,Null,Null,Objet,+39039388355,SIC-ID-84550EE6E771,25,,SICUREZZA,0,PROMO_SETTEMBRE_VIP,ATTIVO
angolodellaserratura@hotmail.it,Null,Null,L'angolo Della Serratura,+39030312692,SIC-ID-19750F3BE6C0,25,,SICUREZZA,0,PROMO_SETTEMBRE_VIP,ATTIVO
fotogiovara@tin.it,Null,Null,Giovara,+390331793663,SIC-ID-7C4692AE0AF3,25,,SICUREZZA,0,PROMO_SETTEMBRE_VIP,ATTIVO
info@raffymoda.com,Null,Null,Raffy Moda,+393393877447,SIC-ID-2A9578B30B00,25,,SICUREZZA,0,PROMO_SETTEMBRE_VIP,ATTIVO
info@airgel.it,Null,Null,Air.gel,+390392025460,SIC-ID-D1C54C66507B,25,,SICUREZZA,0,PROMO_SETTEMBRE_VIP,ATTIVO
panadavalter@yahoo.it,Null,Null,Panada Valter,+390302302424,SIC-ID-24D63CF5C2AB,25,,SICUREZZA,0,PROMO_SETTEMBRE_VIP,ATTIVO
info@labottegadellasarta.it,Null,Null,La Bottega Della Sarta,+390331769774+39333973780,SIC-ID-1CE638C97ADB,25,,SICUREZZA,0,PROMO_SETTEMBRE_VIP,ATTIVO
globalmediaservice.mi@globalmediaservice.it,Null,Null,Global Media Service,+390236637340,SIC-ID-AF25DCA019CB,25,,SICUREZZA,0,PROMO_SETTEMBRE_VIP,ATTIVO
info@berlucchi.it,Null,Null,Guido Berlucchi & C. S.p.a.,+39030984381,SIC-ID-B8604E3183B0,25,,SICUREZZA,0,PROMO_SETTEMBRE_VIP,ATTIVO
cantineisola@gmail.com,Null,Null,Cantine Isola,+39023315249,SIC-ID-C48F85D220AD,25,,SICUREZZA,0,PROMO_SETTEMBRE_VIP,ATTIVO
giovanni@aurescreazioni.it,Null,Null,Aures,+390392052167,SIC-ID-B038518C1854,25,,SICUREZZA,0,PROMO_SETTEMBRE_VIP,ATTIVO
info@alderbeer.com,Null,Null,Alder Beer Co.,,SIC-ID-1DB3483CF601,25,,SICUREZZA,0,PROMO_SETTEMBRE_VIP,ATTIVO
valentinadinocco82@libero.it,Null,Null,Venus,+390854454883+393398125,SIC-ID-54933E640BB2,96,,SICUREZZA,0,PROMO_SETTEMBRE_VIP,ATTIVO
carlacentroestetico@libero.it,Null,Null,Carla Centro Estetico,,SIC-ID-A8AA257E69C0,96,,SICUREZZA,0,PROMO_SETTEMBRE_VIP,ATTIVO
info@toomuchair.com,Null,Null,Too Much Hair,+393273344836,SIC-ID-9ADDDB6E177C,96,,SICUREZZA,0,PROMO_SETTEMBRE_VIP,ATTIVO
info@360gradibenessere.it,Null,Null,360º Benessere,+390862581179,SIC-ID-002F461902DC,96,,SICUREZZA,0,PROMO_SETTEMBRE_VIP,ATTIVO
infoparrucchieri2.0@gmail.com,Null,Null,Parrucchieri 2.0,+393515988789,SIC-ID-6DA3165288FD,96,,SICUREZZA,0,PROMO_SETTEMBRE_VIP,ATTIVO
fudo_tattoo@hotmail.it,Null,Null,Fudo Tattoo Art,+390854216460,SIC-ID-C70157B425EF,96,,SICUREZZA,0,PROMO_SETTEMBRE_VIP,ATTIVO
elite.beautyclubpescara@gmail.com,Null,Null,Elite Beauty Club,+390854714021,SIC-ID-B1F9E770915C,96,,SICUREZZA,0,PROMO_SETTEMBRE_VIP,ATTIVO
salvatorecasella@live.it,Null,Null,Parrucchiere Salvatore,,SIC-ID-CF2E7BE6988C,96,,SICUREZZA,0,PROMO_SETTEMBRE_VIP,ATTIVO
velvet.pescara@gmail.com,Null,Null,Velvet Beauty Lounge,,SIC-ID-5299FC33C174,96,,SICUREZZA,0,PROMO_SETTEMBRE_VIP,ATTIVO
hair.revolution@virgilio.it,Null,Null,Hair Revolution,+390862319161,SIC-ID-5B990D50B72A,96,,SICUREZZA,0,PROMO_SETTEMBRE_VIP,ATTIVO
pescara@byebyepelos.it,Null,Null,Bye Bye Pelos,+390852121152,SIC-ID-2A92CA343CCC,96,,SICUREZZA,0,PROMO_SETTEMBRE_VIP,ATTIVO
a.trabucco65@tiscali.it,Null,Null,Centro Estetico Bellebasta,,SIC-ID-4C6A71F3F004,96,,SICUREZZA,0,PROMO_SETTEMBRE_VIP,ATTIVO
esteticaebenessereg@libero.it,Null,Null,Estetica & Benessere,+390854213974,SIC-ID-E09718442F92,96,,SICUREZZA,0,PROMO_SETTEMBRE_VIP,ATTIVO
parrucchieriofficial@gmail.com,Null,Null,Parrucchieri Official,,SIC-ID-A3E5E5B0B693,96,,SICUREZZA,0,PROMO_SETTEMBRE_VIP,ATTIVO
fontemaggi.m@virgilio.it,Null,Null,Eni,+39031746000,SIC-ID-88A020E7FC71,49,,SICUREZZA,0,PROMO_SETTEMBRE_VIP,ATTIVO
scarfone.cosimo@libero.it,Null,Null,Eni,,SIC-ID-5B0AB5F4F3FC,49,,SICUREZZA,0,PROMO_SETTEMBRE_VIP,ATTIVO
donald.conte@tin.it,Null,Null,Nuvola,,SIC-ID-14445618F5E2,96,,SICUREZZA,0,PROMO_SETTEMBRE_VIP,ATTIVO
pioesposito97@gmail.com,Null,Null,Different Barber,+393425408895,SIC-ID-89FB944BA2AC,96,,SICUREZZA,0,PROMO_SETTEMBRE_VIP,ATTIVO
midhairsalon@gmail.com,Null,Null,Mid Hair Salon,+393247957581,SIC-ID-3B50FE64A31F,96,,SICUREZZA,0,PROMO_SETTEMBRE_VIP,ATTIVO
marasco.agostino86@gmail.com,Null,Null,Agostino Marasco,+393291612863,SIC-ID-67B853FDF0EA,96,,SICUREZZA,0,PROMO_SETTEMBRE_VIP,ATTIVO
sigmabuffoli@gmail.com,Null,Null,Sigma,+39026193627,SIC-ID-F51A00D6C549,45,,SICUREZZA,0,PROMO_SETTEMBRE_VIP,ATTIVO
sigmacervino@gmail.com,Null,Null,Sigma,+39026134764,SIC-ID-A430903512A2,45,,SICUREZZA,0,PROMO_SETTEMBRE_VIP,ATTIVO
conad.roncadelle@conadcentronord.it,Null,Null,Spazio Conad,+3903027891,SIC-ID-A7177E2A2BB5,45,,SICUREZZA,0,PROMO_SETTEMBRE_VIP,ATTIVO
panificiocazzaniga@libero.it,Null,Null,Panificio Cazzaniga,+390399241252,SIC-ID-A7D3ACF71BD8,45,,SICUREZZA,0,PROMO_SETTEMBRE_VIP,ATTIVO
speedmotors.snc@libero.it,Null,Null,Speed Motors,+390296702974,SIC-ID-B0627870C04A,45,,SICUREZZA,0,PROMO_SETTEMBRE_VIP,ATTIVO
carrozzeriabroggi@yahoo.it,Null,Null,Carrozzeria Broggi,+390332744248,SIC-ID-0D3FB691F3D8,45,,SICUREZZA,0,PROMO_SETTEMBRE_VIP,ATTIVO
miti.zoccheddu@tiscali.it,Null,Null,Demetria Zoccheddu,+39078354682,SIC-ID-362BBEE28442,96,,SICUREZZA,0,PROMO_SETTEMBRE_VIP,ATTIVO
sergio.cubadda@tiscali.it,Null,Null,Sergio Acconciature,+393474839018,SIC-ID-D8ABB9C1F31C,96,,SICUREZZA,0,PROMO_SETTEMBRE_VIP,ATTIVO
info@farmaciacenisio.it,Null,Null,Farmacia Cenisio Srl,+39023311859,SIC-ID-07753E391D65,86,,SICUREZZA,0,PROMO_SETTEMBRE_VIP,ATTIVO
info@farmaciaroma.org,Null,Null,Roma Snc,+390259900565,SIC-ID-2F4886BF565E,86,,SICUREZZA,0,PROMO_SETTEMBRE_VIP,ATTIVO
info@farmacialegnani.com,Null,Null,Farmacia Legnani,+390248013888,SIC-ID-F574E6520449,86,,SICUREZZA,0,PROMO_SETTEMBRE_VIP,ATTIVO
amministrazione.wagner@gmail.com,Null,Null,Lafarmacia.,+390248006037,SIC-ID-CF577A8FC174,86,,SICUREZZA,0,PROMO_SETTEMBRE_VIP,ATTIVO
farmacia.degiuli@farmail.it,Null,Null,Farmacia De Giuli,+39036562035,SIC-ID-1190EF2FDBE5,86,,SICUREZZA,0,PROMO_SETTEMBRE_VIP,ATTIVO
conizugna@lafarmacia.it,Null,Null,Lafarmacia.,+390258101273,SIC-ID-B6E9487AA3CD,86,,SICUREZZA,0,PROMO_SETTEMBRE_VIP,ATTIVO
rottegliasilvia@gmail.com,Null,Null,Castelmorrone,+3902733094,SIC-ID-F8D312C2B876,86,,SICUREZZA,0,PROMO_SETTEMBRE_VIP,ATTIVO
portagenova@lafarmacia.it,Null,Null,Lafarmacia.,+390258101634,SIC-ID-731226C24BD1,86,,SICUREZZA,0,PROMO_SETTEMBRE_VIP,ATTIVO
farmaciaisoladelbosco@asfcsesto.it,Null,Null,Farmacia Comunale Isola Del Bosco,,SIC-ID-765BC1908652,86,,SICUREZZA,0,PROMO_SETTEMBRE_VIP,ATTIVO
info@farmaciabossiemily.it,Null,Null,Farmacia Bossi,+390331295073,SIC-ID-1200D4AC349D,86,,SICUREZZA,0,PROMO_SETTEMBRE_VIP,ATTIVO
farmacia.vaghi@yahoo.it,Null,Null,Farmacia Vaghi,+39035313533,SIC-ID-ED2C6C573EAA,86,,SICUREZZA,0,PROMO_SETTEMBRE_VIP,ATTIVO
giammassimo.giampaolo@crs.lombardia.it,Null,Null,Farmacia Fiduciaria Milano 1907 S.r.l.,+39026690493,SIC-ID-94DF9A71A561,86,,SICUREZZA,0,PROMO_SETTEMBRE_VIP,ATTIVO
info@farmaciaraimondi.com,Null,Null,Farmacia Raimondi,+39026554454,SIC-ID-DA7C21CEAF90,86,,SICUREZZA,0,PROMO_SETTEMBRE_VIP,ATTIVO
farmaciapatrinisas@gmail.com,Null,Null,Farmacia Patrini,+39031791419,SIC-ID-E08CF762D066,86,,SICUREZZA,0,PROMO_SETTEMBRE_VIP,ATTIVO
farm.castelvetro@tin.it,Null,Null,Castelvetro Snc,+3902342409,SIC-ID-759C01BEFD43,86,,SICUREZZA,0,PROMO_SETTEMBRE_VIP,ATTIVO
farmaciabasaglia@hotmail.com,Null,Null,Farmacia Basaglia,+39039836639,SIC-ID-8941477E3A9F,86,,SICUREZZA,0,PROMO_SETTEMBRE_VIP,ATTIVO
info@farmaciaamericana.it,Null,Null,Farmacia Americana,+39039835282,SIC-ID-FCAFD9C56A42,86,,SICUREZZA,0,PROMO_SETTEMBRE_VIP,ATTIVO
faliberta@aziendaserviziterritoriali.com,Null,Null,Farmacia Comunale Piazza Libertà,+39030660118,SIC-ID-7A89200A460D,86,,SICUREZZA,0,PROMO_SETTEMBRE_VIP,ATTIVO
mauragiovine@tiscali.it,Null,Null,Ambulatorio Veterinario Dott.ssa Maura Giovine,+393382412397,SIC-ID-A19D93F28F7D,86,,SICUREZZA,0,PROMO_SETTEMBRE_VIP,ATTIVO
farmacia.sassi@pfmail.it,Null,Null,Farmacia Sassi,+39030224618,SIC-ID-D5FD535A401C,86,,SICUREZZA,0,PROMO_SETTEMBRE_VIP,ATTIVO
farm.giovanninetti@tiscali.it,Null,Null,Farmacia Giovanninetti,+390331880158,SIC-ID-7D6A1FB4849F,86,,SICUREZZA,0,PROMO_SETTEMBRE_VIP,ATTIVO
f05violino@farcombrescia.it,Null,Null,Farmacia Comunale 05 Violino,+39030313424,SIC-ID-5FF55F798196,86,,SICUREZZA,0,PROMO_SETTEMBRE_VIP,ATTIVO
f06badia@farcombrescia.it,Null,Null,Farmacia Comunale 06 Badia,+39030313491,SIC-ID-62CADAE2A24E,86,,SICUREZZA,0,PROMO_SETTEMBRE_VIP,ATTIVO
info@farmaciasantantonio.it,Null,Null,Farmacia Sant'antonio,+39030310502,SIC-ID-902DEFCAC2EF,86,,SICUREZZA,0,PROMO_SETTEMBRE_VIP,ATTIVO
info@farmaciapirovano.it,Null,Null,Farmacia Pirovano,+39036271678,SIC-ID-EE46E6B338C4,86,,SICUREZZA,0,PROMO_SETTEMBRE_VIP,ATTIVO
infofarmaciaticinese@enterpoint.it,Null,Null,Farmacia Ticinese,+390289403433,SIC-ID-6643572CC365,86,,SICUREZZA,0,PROMO_SETTEMBRE_VIP,ATTIVO
farmacia.nord@comunedimagenta.it,Null,Null,Farmacia Comunale Nord,,SIC-ID-9E45E97EFB05,86,,SICUREZZA,0,PROMO_SETTEMBRE_VIP,ATTIVO
info@beatoangelico.it,Null,Null,Farmacia Beato Angelico,+390270108283,SIC-ID-EF652E23EA37,86,,SICUREZZA,0,PROMO_SETTEMBRE_VIP,ATTIVO
info@farmaciacarloalberto.it,Null,Null,Farmacia Carlo Alberto,+390286462067,SIC-ID-96704429A1ED,86,,SICUREZZA,0,PROMO_SETTEMBRE_VIP,ATTIVO
farmaciasanmartinopaderno@gmail.com,Null,Null,San Martino,+39029182189,SIC-ID-4DAE0AF4973E,86,,SICUREZZA,0,PROMO_SETTEMBRE_VIP,ATTIVO
info@farmaciastazione.it,Null,Null,Farmacia Della Stazione,+390331543148,SIC-ID-43CB4E621FEA,86,,SICUREZZA,0,PROMO_SETTEMBRE_VIP,ATTIVO
info@farmaciasempione.com,Null,Null,Farmacia Sempione,+390331442257,SIC-ID-2732F1EE6195,86,,SICUREZZA,0,PROMO_SETTEMBRE_VIP,ATTIVO
farmacia.pontevecchio@comunedimagenta.it,Null,Null,Farmacia Comunale Pontevecchio,,SIC-ID-A882F5535936,86,,SICUREZZA,0,PROMO_SETTEMBRE_VIP,ATTIVO
info@farmaciasanfedele.it,Null,Null,Farmacia San Fedele,+390233915203,SIC-ID-825EB46FB661,86,,SICUREZZA,0,PROMO_SETTEMBRE_VIP,ATTIVO
ordinialbizzate@farmaciepomi.it,Null,Null,Pomi,+390331993045,SIC-ID-83B5BDC8F5EB,86,,SICUREZZA,0,PROMO_SETTEMBRE_VIP,ATTIVO
info@farmarossi.com,Null,Null,Farmacia Rossi,+39037784350,SIC-ID-60D72616281B,86,,SICUREZZA,0,PROMO_SETTEMBRE_VIP,ATTIVO
farmacia1@assc.it,Null,Null,Farmacia Comunale 1,+39037781023,SIC-ID-8D7E171E96EA,86,,SICUREZZA,0,PROMO_SETTEMBRE_VIP,ATTIVO
ordini@farmaciameazza.it,Null,Null,Farmacia Meazza,+39029302208,SIC-ID-5B4498D0F31B,86,,SICUREZZA,0,PROMO_SETTEMBRE_VIP,ATTIVO
cambiamenti.fiume@cambiamenti.info,Null,Null,Cambiamenti,+390434560406,SIC-ID-7F1EDC0E06EB,96,,SICUREZZA,0,PROMO_SETTEMBRE_VIP,ATTIVO
nove.riccardo@gmail.com,Null,Null,La Nona Porta,+393495586493,SIC-ID-2AE176075D08,96,,SICUREZZA,0,PROMO_SETTEMBRE_VIP,ATTIVO
spapercapelli.loretta@gmail.com,Null,Null,Loretta Parrucchieri,+390434959277,SIC-ID-6DCEB64BEC01,96,,SICUREZZA,0,PROMO_SETTEMBRE_VIP,ATTIVO
salonetrevisan@gmail.com,Null,Null,Salone Trevisan,+390434959350,SIC-ID-146D3CB9AEC2,96,,SICUREZZA,0,PROMO_SETTEMBRE_VIP,ATTIVO
info@bodyfactory.it,Null,Null,Bodyfactory,+390400640309,SIC-ID-CBCA3C13A9B1,96,,SICUREZZA,0,PROMO_SETTEMBRE_VIP,ATTIVO
galardipaolo@alice.it,Null,Null,Paolo & Valentina,+39043183349,SIC-ID-E998B5748C29,96,,SICUREZZA,0,PROMO_SETTEMBRE_VIP,ATTIVO
bellesserespa@gmail.com,Null,Null,Bell'essere,+393896673685,SIC-ID-1C93DBCA4245,96,,SICUREZZA,0,PROMO_SETTEMBRE_VIP,ATTIVO
tetiana.vasylava@gmail.com,Null,Null,Tetiana Estetista,,SIC-ID-0FECD8B4B23B,96,,SICUREZZA,0,PROMO_SETTEMBRE_VIP,ATTIVO
trento-santacroce@jeanlouisdavid.it,Null,Null,Jean Louis David,+390461233129,SIC-ID-79F2E0CBA011,96,,SICUREZZA,0,PROMO_SETTEMBRE_VIP,ATTIVO
dimensionesoletn@gmail.com,Null,Null,Dimensionesole - Centro Estetica E Abbronzatura,+390461825333,SIC-ID-837D80A5288C,96,,SICUREZZA,0,PROMO_SETTEMBRE_VIP,ATTIVO
clemstylist@gmail.com,Null,Null,Clem Parrucchieri,+390461986566,SIC-ID-C13FB5977205,96,,SICUREZZA,0,PROMO_SETTEMBRE_VIP,ATTIVO
info@angelsparrucchieri.com,Null,Null,Angels Parrucchieri,+390461421229,SIC-ID-33FCAF0A0D36,96,,SICUREZZA,0,PROMO_SETTEMBRE_VIP,ATTIVO
info@orientalhairstudio.com,Null,Null,Salon Nail,+3904611820684,SIC-ID-9CC12496DE66,96,,SICUREZZA,0,PROMO_SETTEMBRE_VIP,ATTIVO
bolzano@visavismakeup.it,Null,Null,Vis A Vis,+390471202509,SIC-ID-C8CF6EED724F,96,,SICUREZZA,0,PROMO_SETTEMBRE_VIP,ATTIVO
info@esteticaloloa.it,Null,Null,Loloa,+390461220064,SIC-ID-E44C8446B41E,96,,SICUREZZA,0,PROMO_SETTEMBRE_VIP,ATTIVO
officina.estetica@yahoo.it,Null,Null,Officina Estetica,+390461950194,SIC-ID-61DBE82C2020,96,,SICUREZZA,0,PROMO_SETTEMBRE_VIP,ATTIVO
info@hair-lounge.it,Null,Null,Hair Lounge,+390472836234,SIC-ID-3FC14481F3B5,96,,SICUREZZA,0,PROMO_SETTEMBRE_VIP,ATTIVO
info@tintenfass.it,Null,Null,Tintenfass,+393666973766,SIC-ID-360FACE46F42,96,,SICUREZZA,0,PROMO_SETTEMBRE_VIP,ATTIVO
monikalardschneider@yahoo.it,Null,Null,Salon Milly,+390471786434,SIC-ID-73C4CA529A81,96,,SICUREZZA,0,PROMO_SETTEMBRE_VIP,ATTIVO
info@haarzimmer.com,Null,Null,Haarzimmer,+390473667093,SIC-ID-AD0F9B407882,96,,SICUREZZA,0,PROMO_SETTEMBRE_VIP,ATTIVO
info@vitalis-beauty.com,Null,Null,Vitalis,+390473666018,SIC-ID-9A87AECC6915,96,,SICUREZZA,0,PROMO_SETTEMBRE_VIP,ATTIVO
nuovaestetica.genus.tn@gmail.com,Null,Null,Genus,+3904611915549,SIC-ID-ACFF658ABC33,96,,SICUREZZA,0,PROMO_SETTEMBRE_VIP,ATTIVO
info@salon-urban.st,Null,Null,Salon Urban,+390473241108+393334190,SIC-ID-0EAE7101F30E,96,,SICUREZZA,0,PROMO_SETTEMBRE_VIP,ATTIVO
info@avvocatomauriziodossena.it,Null,Null,Studio Legale Dossena,,SIC-ID-5B389E0F99B5,69,,SICUREZZA,0,PROMO_SETTEMBRE_VIP,ATTIVO
info@studiosciandra.com,Null,Null,Studio Commercialista Sciandra & Associati,+390294758880,SIC-ID-555C548B99BA,69,,SICUREZZA,0,PROMO_SETTEMBRE_VIP,ATTIVO
milano@blblex.it,Null,Null,Blb Studio Legale,+390236515580,SIC-ID-B65F82B5F6CD,69,,SICUREZZA,0,PROMO_SETTEMBRE_VIP,ATTIVO
planning@studioplanning.it,Null,Null,Planning Ingegneria Impiantistica,+39039386521,SIC-ID-64F2B249A2FE,69,,SICUREZZA,0,PROMO_SETTEMBRE_VIP,ATTIVO
monza@cafaclimilano.it,Null,Null,Centro Operativo Di Monza - Acli Milano Servizi Fiscali,+390392303728,SIC-ID-15208F146847,69,,SICUREZZA,0,PROMO_SETTEMBRE_VIP,ATTIVO
info@studiovillaeturati.com,Null,Null,Studio Villa & Turati,+39039388347,SIC-ID-9BE55C64EC0D,69,,SICUREZZA,0,PROMO_SETTEMBRE_VIP,ATTIVO
aintime4us@gmail.com,Null,Null,Design Thinking Studio,,SIC-ID-0BB7DB4635A5,69,,SICUREZZA,0,PROMO_SETTEMBRE_VIP,ATTIVO
info@studiomarzetti.it,Null,Null,Studio Tecnico Marzetti,+390296370639,SIC-ID-16834075E28E,69,,SICUREZZA,0,PROMO_SETTEMBRE_VIP,ATTIVO
info@studiolegaledelfini.it,Null,Null,Studio Legale Delfini,+390331410419,SIC-ID-2D7DA3AD631E,69,,SICUREZZA,0,PROMO_SETTEMBRE_VIP,ATTIVO
info@studiococci.it,Null,Null,Studio Cocci Commercialisti E Consulenti Del Lavoro Associati,+390362342348,SIC-ID-E8AB6B4347F7,69,,SICUREZZA,0,PROMO_SETTEMBRE_VIP,ATTIVO
info@bendottizamboni.it,Null,Null,Studio Tecnico Bendotti Zamboni,+39035704018,SIC-ID-BA7C3FCF232F,69,,SICUREZZA,0,PROMO_SETTEMBRE_VIP,ATTIVO
info@ing-lab.it,Null,Null,Ing Lab,+3903311406012,SIC-ID-C62C82F7ACFC,69,,SICUREZZA,0,PROMO_SETTEMBRE_VIP,ATTIVO
info@studiopirola.com,Null,Null,Pirola Pennuto Zei & Associati,+3902669951,SIC-ID-2752604CBCCF,69,,SICUREZZA,0,PROMO_SETTEMBRE_VIP,ATTIVO
lima.cityplanner@gmail.com,Null,Null,City Planner,+393487448152,SIC-ID-427CD62FE7C3,69,,SICUREZZA,0,PROMO_SETTEMBRE_VIP,ATTIVO
info@gdmtech.it,Null,Null,Gdm Tech,+393496206449,SIC-ID-3ADF64A2686A,69,,SICUREZZA,0,PROMO_SETTEMBRE_VIP,ATTIVO
info@studiovalente.191.it,Null,Null,Marco Luigi Valente,+390331964454,SIC-ID-8CFD21C659FC,69,,SICUREZZA,0,PROMO_SETTEMBRE_VIP,ATTIVO
info@studiocassani.net,Null,Null,Studio Associato Cassani,+39036348532,SIC-ID-AE690B3D14DC,69,,SICUREZZA,0,PROMO_SETTEMBRE_VIP,ATTIVO
studio.mariani@tin.it,Null,Null,Commercialisti Mariani E Barbaro,+39039480384,SIC-ID-DFA3DDF5E9F4,69,,SICUREZZA,0,PROMO_SETTEMBRE_VIP,ATTIVO
stefano.formenti.bs@gmail.com,Null,Null,Studio Legale Avvocato Stefano Formenti,,SIC-ID-E568E25B36C6,69,,SICUREZZA,0,PROMO_SETTEMBRE_VIP,ATTIVO
emiraglia@notariato.it,Null,Null,Notaio Ermogene Miraglia,,SIC-ID-B5255A43C74D,69,,SICUREZZA,0,PROMO_SETTEMBRE_VIP,ATTIVO
mailbox@studiocorno.it,Null,Null,Studio Corno,+390392456792,SIC-ID-2B2A0B8F4CB8,69,,SICUREZZA,0,PROMO_SETTEMBRE_VIP,ATTIVO
studio.smarredi@alice.it,Null,Null,Studio Sm Arredi,+390362528702,SIC-ID-AE678A704ECF,69,,SICUREZZA,0,PROMO_SETTEMBRE_VIP,ATTIVO
avv.lucasozzi@gmail.com,Null,Null,Studio Legale Luca Sozzi,,SIC-ID-C1DCB88E9F94,69,,SICUREZZA,0,PROMO_SETTEMBRE_VIP,ATTIVO
info@avdstudio.it,Null,Null,Avdstudio,,SIC-ID-E35E65599C2E,69,,SICUREZZA,0,PROMO_SETTEMBRE_VIP,ATTIVO
info@astiarchitetti.it,Null,Null,Asti Architetti,+390236533091,SIC-ID-E5189660CE6F,69,,SICUREZZA,0,PROMO_SETTEMBRE_VIP,ATTIVO
info@studiodossi.it,Null,Null,Studio Legale Avvocato Gian Pietro Dossi,,SIC-ID-23258709AFE6,69,,SICUREZZA,0,PROMO_SETTEMBRE_VIP,ATTIVO
vonmusus@gmail.com,Null,Null,Rdz Net,,SIC-ID-B3E9538EFB71,69,,SICUREZZA,0,PROMO_SETTEMBRE_VIP,ATTIVO
lavorodomestico@safacli.com,Null,Null,Saf Acli Srl,+390225544777,SIC-ID-ADD1E1F368C2,69,,SICUREZZA,0,PROMO_SETTEMBRE_VIP,ATTIVO
info@toffolettodeluca.it,Null,Null,Toffoletto De Luca Tamajo,+3902721441,SIC-ID-3DF476BF11E5,69,,SICUREZZA,0,PROMO_SETTEMBRE_VIP,ATTIVO
info@parcnouveau.com,Null,Null,P'arcnouveau Design Office,+390299205890,SIC-ID-04C0203D3E63,69,,SICUREZZA,0,PROMO_SETTEMBRE_VIP,ATTIVO
yanto@tin.it,Null,Null,Studio Commercialista Brunelli Rag. Luciana,+390362309731,SIC-ID-398A260503CF,69,,SICUREZZA,0,PROMO_SETTEMBRE_VIP,ATTIVO
infocaf@cafaclimilano.it,Null,Null,Caf Acli Srl Servizi Fiscali,+390225544777,SIC-ID-780ECC4661D4,69,,SICUREZZA,0,PROMO_SETTEMBRE_VIP,ATTIVO
info@gbpaarchitects.com,Null,Null,Gbpa,+390266823999,SIC-ID-D62181C04906,69,,SICUREZZA,0,PROMO_SETTEMBRE_VIP,ATTIVO
caafbs@cisl.it,Null,Null,Caf Cisl,+390303844720,SIC-ID-5B0D341B8F23,69,,SICUREZZA,0,PROMO_SETTEMBRE_VIP,ATTIVO
info@mtservizisrl.it,Null,Null,Mt Servizi,+390225133053,SIC-ID-7ABFED74E2EB,69,,SICUREZZA,0,PROMO_SETTEMBRE_VIP,ATTIVO
info@slfp.it,Null,Null,Studio Legale Avv. Filippo Pistone,,SIC-ID-80EC62AEB0A4,69,,SICUREZZA,0,PROMO_SETTEMBRE_VIP,ATTIVO
info@simonefanciullacci.com,Null,Null,Simone Fanciullacci Designer,,SIC-ID-83FDA3AE94CD,69,,SICUREZZA,0,PROMO_SETTEMBRE_VIP,ATTIVO
info@torrani-incorvaia.it,Null,Null,Leone - Torrani E Associati,+39024856191,SIC-ID-5818A15F80DA,69,,SICUREZZA,0,PROMO_SETTEMBRE_VIP,ATTIVO
info@studiocaldarini.it,Null,Null,Studio Professionale Associato Caldarini - Oggioni - Ticozzi - Zampieri,+390362237789,SIC-ID-4BA3465BC3D9,69,,SICUREZZA,0,PROMO_SETTEMBRE_VIP,ATTIVO
info@ibiconsulting.it,Null,Null,Ibi Consulting,+390362325347,SIC-ID-A6B214FCABB2,69,,SICUREZZA,0,PROMO_SETTEMBRE_VIP,ATTIVO
studio.bgg@tiscali.it,Null,Null,Bonatti Gambadoro Giani Studio Di Architettura,,SIC-ID-2F6688239EA8,69,,SICUREZZA,0,PROMO_SETTEMBRE_VIP,ATTIVO
silviagalbiati@impresagalbiati.it,Null,Null,Studio Di Architettura E Design Arch. Silvia Galbiati,,SIC-ID-0489E45E06B7,69,,SICUREZZA,0,PROMO_SETTEMBRE_VIP,ATTIVO
info@contigrilli.com,Null,Null,Studio Conti Grilli,+3902874266,SIC-ID-F651FFA5411A,69,,SICUREZZA,0,PROMO_SETTEMBRE_VIP,ATTIVO
stefano.perrucci@studio-perrucci.com,Null,Null,Studio De Simone Perrucci,+390392185052,SIC-ID-9B7F23F1DEDE,69,,SICUREZZA,0,PROMO_SETTEMBRE_VIP,ATTIVO
info@studio-matera.it,Null,Null,Studio Matera,+390239265991,SIC-ID-8AB221C302DF,69,,SICUREZZA,0,PROMO_SETTEMBRE_VIP,ATTIVO
info@studioventimiglia.com,Null,Null,Francesco Ventimiglia,+39031268081,SIC-ID-F864D4DC3E7E,69,,SICUREZZA,0,PROMO_SETTEMBRE_VIP,ATTIVO
agmerlotti@gmail.com,Null,Null,Architetto Alessandro Merlotti,+393475317716,SIC-ID-26BD0205D214,69,,SICUREZZA,0,PROMO_SETTEMBRE_VIP,ATTIVO
info@a25architetti.it,Null,Null,A25architetti,+393463325241,SIC-ID-8E6796A9AAB7,69,,SICUREZZA,0,PROMO_SETTEMBRE_VIP,ATTIVO
nfo@lamercurio.it,Null,Null,La Mercurio,+390310740100,SIC-ID-3116C7C7696E,69,,SICUREZZA,0,PROMO_SETTEMBRE_VIP,ATTIVO
info@studiolunghifilippo.com,Null,Null,Studio Lunghi Filippo,+390362501636,SIC-ID-8455D33C1E3C,69,,SICUREZZA,0,PROMO_SETTEMBRE_VIP,ATTIVO
studio@studioabp.it,Null,Null,Ab&p Studio Di Consulenza Aziendale Societaria E Tributaria,+390362248904,SIC-ID-0D5B26A720C8,69,,SICUREZZA,0,PROMO_SETTEMBRE_VIP,ATTIVO
studiopontiratti@studiopontiratti.it,Null,Null,Studio Dott. Angelo Ponti Dott. Mario Ratti,+390362231072,SIC-ID-853A9CAD21D0,69,,SICUREZZA,0,PROMO_SETTEMBRE_VIP,ATTIVO
info@studiotributariocastellan.it,Null,Null,Studio Tributario Castellan,+3903621739330+39036217,SIC-ID-B3935AEE57BB,69,,SICUREZZA,0,PROMO_SETTEMBRE_VIP,ATTIVO
meda@beneggiassociati.com,Null,Null,Beneggi,+3903621731370,SIC-ID-2F3176893F27,69,,SICUREZZA,0,PROMO_SETTEMBRE_VIP,ATTIVO
info@managerads.it,Null,Null,Manager Ads,+393755478869,SIC-ID-2A87BE893DFE,69,,SICUREZZA,0,PROMO_SETTEMBRE_VIP,ATTIVO
matteolucianolanza@gmail.com,Null,Null,Dott. Lanza Matteo Luciano Consulente Tributario,+393277357564,SIC-ID-18FAC9EE0928,69,,SICUREZZA,0,PROMO_SETTEMBRE_VIP,ATTIVO
segreteria@studioconstantia.it,Null,Null,Studio Legale E Tributario Constantia,+390289421887,SIC-ID-3514CCB2FD31,69,,SICUREZZA,0,PROMO_SETTEMBRE_VIP,ATTIVO
info@maglio.eu,Null,Null,Lucerna Iuris - Studio Legale Maglio & Partners,+390243510840,SIC-ID-6B41C56EB6F1,69,,SICUREZZA,0,PROMO_SETTEMBRE_VIP,ATTIVO
info@tconsult.it,Null,Null,Studio Tigano,+390362552288,SIC-ID-CCDCD99B9FC0,69,,SICUREZZA,0,PROMO_SETTEMBRE_VIP,ATTIVO
acme@acmemilano.com,Null,Null,Acme Milano,+39023452573,SIC-ID-9C989390C814,69,,SICUREZZA,0,PROMO_SETTEMBRE_VIP,ATTIVO
tecnico@paolobadesco.it,Null,Null,Paolo Badesco & Partners,+390248100737,SIC-ID-9CEB676DC5BC,69,,SICUREZZA,0,PROMO_SETTEMBRE_VIP,ATTIVO
aps.limbiate@gmail.com,Null,Null,Assistenza Pratiche E Servizi Limbiate,+390291440561,SIC-ID-D589FC2A6378,69,,SICUREZZA,0,PROMO_SETTEMBRE_VIP,ATTIVO
info@studiolegalebv.eu,Null,Null,Studio Legale Associato B&v Basilico Venturini,+3903621782633,SIC-ID-E27FF08A0D9A,69,,SICUREZZA,0,PROMO_SETTEMBRE_VIP,ATTIVO
info@officine-creative.it,Null,Null,Officine Creative,+390239811252,SIC-ID-449A476858EF,69,,SICUREZZA,0,PROMO_SETTEMBRE_VIP,ATTIVO
info@ligys.it,Null,Null,Ligys,+390235984891,SIC-ID-FE4058CA43C1,69,,SICUREZZA,0,PROMO_SETTEMBRE_VIP,ATTIVO
info@dfapartners.com,Null,Null,Daniele Fiori Partners,+39026592269,SIC-ID-84870AABD28C,69,,SICUREZZA,0,PROMO_SETTEMBRE_VIP,ATTIVO
avv.facchinetti@studiolegalefacchinetti.net,Null,Null,Facchinetti Studio Legale,,SIC-ID-51EE955A1458,69,,SICUREZZA,0,PROMO_SETTEMBRE_VIP,ATTIVO
studio@gilardonifontana.com,Null,Null,Gilardoni Fontana Architecture,+390287078790,SIC-ID-F70F2F63D0A4,69,,SICUREZZA,0,PROMO_SETTEMBRE_VIP,ATTIVO
info@gspartners.it,Null,Null,Gs & Partners,+390286995657,SIC-ID-3791BD33597A,69,,SICUREZZA,0,PROMO_SETTEMBRE_VIP,ATTIVO
info@dangelo-partners.com,Null,Null,Studio D'angelo & Partners,+3902878587,SIC-ID-CB3994F7FD69,69,,SICUREZZA,0,PROMO_SETTEMBRE_VIP,ATTIVO
info@villaggiobitcoin.it,Null,Null,Villaggio Bitcoin,+393516755119,SIC-ID-FCAF9E05139D,69,,SICUREZZA,0,PROMO_SETTEMBRE_VIP,ATTIVO
milan@one-works.com,Null,Null,One Works,+39026559131,SIC-ID-21E6C632356B,69,,SICUREZZA,0,PROMO_SETTEMBRE_VIP,ATTIVO
brescia.nord@hellofit.it,Null,Null,Hello Fit Brescia Nord,+390306347422,SIC-ID-ED975B8B46F7,93,,SICUREZZA,0,PROMO_SETTEMBRE_VIP,ATTIVO
carate@actionfit.it,Null,Null,Action Fit,,SIC-ID-550297897F19,93,,SICUREZZA,0,PROMO_SETTEMBRE_VIP,ATTIVO
info@skorpioncenter.it,Null,Null,Skorpion,+3902781424,SIC-ID-0360B017F97F,93,,SICUREZZA,0,PROMO_SETTEMBRE_VIP,ATTIVO
spazio_danza@tin.it,Null,Null,Spazio Danza,+39039360050,SIC-ID-3528B0535440,93,,SICUREZZA,0,PROMO_SETTEMBRE_VIP,ATTIVO
info@ladynmove.it,Null,Null,Lady'n'move,+390392247199,SIC-ID-E03C32DF0ECE,93,,SICUREZZA,0,PROMO_SETTEMBRE_VIP,ATTIVO
info@freesportpalestre.it,Null,Null,Palestra Freesport,+39039386397,SIC-ID-0A9F035290D4,93,,SICUREZZA,0,PROMO_SETTEMBRE_VIP,ATTIVO
mirtillobaby@libero.it,Null,Null,Mirtillo Club,+390393900811,SIC-ID-B42518767F58,93,,SICUREZZA,0,PROMO_SETTEMBRE_VIP,ATTIVO
info@sportvillagemonza.it,Null,Null,Sport Village Monza,+390392912947,SIC-ID-AA16E50D319D,93,,SICUREZZA,0,PROMO_SETTEMBRE_VIP,ATTIVO
info@climbingsebino.it,Null,Null,Olimpic Climbing Sebino,,SIC-ID-23A7D83824A2,93,,SICUREZZA,0,PROMO_SETTEMBRE_VIP,ATTIVO
gallarate@actionfit.it,Null,Null,Actionfit Gallarate,+393513191509,SIC-ID-682A36919170,93,,SICUREZZA,0,PROMO_SETTEMBRE_VIP,ATTIVO
renbukaimonza@hotmail.com,Null,Null,Palestra Renbukai K1,,SIC-ID-B82E93A0ABBB,93,,SICUREZZA,0,PROMO_SETTEMBRE_VIP,ATTIVO
info@hotjoomlatemplates.com,Null,Null,A.s.d. Bestennisacademy,+390223166230,SIC-ID-BE16CB07F7F8,93,,SICUREZZA,0,PROMO_SETTEMBRE_VIP,ATTIVO
info@palestracento.it,Null,Null,Palestra Cento,+39031308573,SIC-ID-DC78D0A67311,93,,SICUREZZA,0,PROMO_SETTEMBRE_VIP,ATTIVO
info@gianlucamazzolini.it,Null,Null,Gianluca Mazzolini Exclusive Gym,,SIC-ID-AE2DD6D44D5B,93,,SICUREZZA,0,PROMO_SETTEMBRE_VIP,ATTIVO
info@solarisfitness.it,Null,Null,Solaris Fitness Center,+390248000311,SIC-ID-64266473FFF8,93,,SICUREZZA,0,PROMO_SETTEMBRE_VIP,ATTIVO
info@accadueoclub2.it,Null,Null,Accadueo,+390227078663,SIC-ID-7630E45C014A,93,,SICUREZZA,0,PROMO_SETTEMBRE_VIP,ATTIVO
info@kart1.it,Null,Null,Kart1,+390331209147,SIC-ID-568BBA91E3D0,93,,SICUREZZA,0,PROMO_SETTEMBRE_VIP,ATTIVO
reception.cenisio@getfit.it,Null,Null,Get Fit,+3902467464551,SIC-ID-0D2AF6D80543,93,,SICUREZZA,0,PROMO_SETTEMBRE_VIP,ATTIVO
reception.lambrate@3fit.it,Null,Null,3fit Club,+390226828640+39022618,SIC-ID-8472C3B72BD6,93,,SICUREZZA,0,PROMO_SETTEMBRE_VIP,ATTIVO
info@piscinadarita.com,Null,Null,Da Rita,,SIC-ID-05E03332CBEF,93,,SICUREZZA,0,PROMO_SETTEMBRE_VIP,ATTIVO
panzeri@20hours.it,Null,Null,20 Hours,+390236559189,SIC-ID-27E6662F648D,93,,SICUREZZA,0,PROMO_SETTEMBRE_VIP,ATTIVO
info@grfit.it,Null,Null,Gr Fitness,+390331256760,SIC-ID-897CFC447A82,93,,SICUREZZA,0,PROMO_SETTEMBRE_VIP,ATTIVO
info@newrockbrescia.it,Null,Null,New Rock,+393355937581,SIC-ID-B62C5DE2D834,93,,SICUREZZA,0,PROMO_SETTEMBRE_VIP,ATTIVO
vitruviospa@campusaquae.it,Null,Null,Vitruviospa,+390382383631,SIC-ID-EB7160A83C14,93,,SICUREZZA,0,PROMO_SETTEMBRE_VIP,ATTIVO
gbfitness@hotmail.it,Null,Null,Palestra Gb Fitness,+39022401400,SIC-ID-ECDF8C279DDC,93,,SICUREZZA,0,PROMO_SETTEMBRE_VIP,ATTIVO
infomilanofit@gmail.com,Null,Null,Milano Fit,,SIC-ID-D1199BB84AD3,93,,SICUREZZA,0,PROMO_SETTEMBRE_VIP,ATTIVO
zeccavecchia@20hours.it,Null,Null,20 Hours Club,+390236735340,SIC-ID-2A6B74485C5E,93,,SICUREZZA,0,PROMO_SETTEMBRE_VIP,ATTIVO
info@academydanza.it,Null,Null,Academy Dance & Fitness,+39039792899,SIC-ID-C7336C0E3DCB,93,,SICUREZZA,0,PROMO_SETTEMBRE_VIP,ATTIVO
info@acquago.it,Null,Null,Acquago,+390234534138,SIC-ID-3FDCD71128B2,93,,SICUREZZA,0,PROMO_SETTEMBRE_VIP,ATTIVO
maravi92@hotmail.it,Null,Null,New Patti Dance,+393337899667,SIC-ID-99BE1235E478,93,,SICUREZZA,0,PROMO_SETTEMBRE_VIP,ATTIVO
crisnoemi72@gmail.com,Null,Null,Life,,SIC-ID-A290923C6C88,93,,SICUREZZA,0,PROMO_SETTEMBRE_VIP,ATTIVO
seregno@fitandgo.it,Null,Null,Fit And Go,+3903621731991,SIC-ID-9AFABDFE1648,93,,SICUREZZA,0,PROMO_SETTEMBRE_VIP,ATTIVO
info@santaritacalcio.it,Null,Null,Santa Rita Calcio 1955,,SIC-ID-038C84332D57,93,,SICUREZZA,0,PROMO_SETTEMBRE_VIP,ATTIVO
info@santaritavolley.it,Null,Null,Santa Rita Volley,,SIC-ID-75829E182586,93,,SICUREZZA,0,PROMO_SETTEMBRE_VIP,ATTIVO
info.pinbowl@gmail.com,Null,Null,Pinbowl Diy Skatepark,+393487731567,SIC-ID-CE578BC87F99,93,,SICUREZZA,0,PROMO_SETTEMBRE_VIP,ATTIVO
info@palestrafuturagiussano.it,Null,Null,Palestra Futura,+390362852932,SIC-ID-CD1BF892C773,93,,SICUREZZA,0,PROMO_SETTEMBRE_VIP,ATTIVO
info@circologagarin.it,Null,Null,Circolo Arci Gagarin,,SIC-ID-01F19E1629F5,93,,SICUREZZA,0,PROMO_SETTEMBRE_VIP,ATTIVO
seregno@fastandfit.fit,Null,Null,Fast And Fit,+3903621581359,SIC-ID-572FED3AA279,93,,SICUREZZA,0,PROMO_SETTEMBRE_VIP,ATTIVO
officinemorghen15@gmail.com,Null,Null,Officine Morghen Di Barbara Friedrich,,SIC-ID-F494DBD18A47,93,,SICUREZZA,0,PROMO_SETTEMBRE_VIP,ATTIVO
info@excelsior-scacchi.it,Null,Null,Asd Circolo Scacchistico Excelsior,,SIC-ID-8E4021D1D400,93,,SICUREZZA,0,PROMO_SETTEMBRE_VIP,ATTIVO
milano@playupweb.it,Null,Null,Playup,+39022894929,SIC-ID-406146AC5CD5,93,,SICUREZZA,0,PROMO_SETTEMBRE_VIP,ATTIVO
info@clubling.it,Null,Null,Club Ling,+390289055860,SIC-ID-5263E1300664,93,,SICUREZZA,0,PROMO_SETTEMBRE_VIP,ATTIVO
info@renoster.it,Null,Null,Renoster Crossfit,+393477652408,SIC-ID-A887D37B3E78,93,,SICUREZZA,0,PROMO_SETTEMBRE_VIP,ATTIVO
info@mamadanza.it,Null,Null,M'ama Danza Arte Terapia,+393383966716,SIC-ID-59B463B95195,93,,SICUREZZA,0,PROMO_SETTEMBRE_VIP,ATTIVO
info@cairomano.it,Null,Null,Cairomano - Palestra Arrampicata,+390363902616,SIC-ID-D46DC5ED4730,93,,SICUREZZA,0,PROMO_SETTEMBRE_VIP,ATTIVO
contabilitapalextra@gmail.com,Null,Null,Palextra Monza A.s.d. Training Center,+390398963394,SIC-ID-B1BF8E246D74,93,,SICUREZZA,0,PROMO_SETTEMBRE_VIP,ATTIVO
info@movingspa.it,Null,Null,Moving Lissone,+390392460460,SIC-ID-AE1359A6AF9D,93,,SICUREZZA,0,PROMO_SETTEMBRE_VIP,ATTIVO
seregno@fitactive.it,Null,Null,Fitactive,+390362247038,SIC-ID-33565EC48574,93,,SICUREZZA,0,PROMO_SETTEMBRE_VIP,ATTIVO
erba@hollywoodkart.it,Null,Null,Hollywood Kart,+39031641410,SIC-ID-9470B945442C,93,,SICUREZZA,0,PROMO_SETTEMBRE_VIP,ATTIVO
info@milaninoagency.com,Null,Null,Milanino Agency,+390223057727,SIC-ID-5751C997AD7D,68,,SICUREZZA,0,PROMO_SETTEMBRE_VIP,ATTIVO
cocs4@tecnocasa.it,Null,Null,Tecnocasa,+39031540983,SIC-ID-BAD16DD8BB86,68,,SICUREZZA,0,PROMO_SETTEMBRE_VIP,ATTIVO
info@immobiliarelagodigarda.it,Null,Null,Immobiliare Lago Di Garda Srl,+390365541133,SIC-ID-851F00FAF0EE,68,,SICUREZZA,0,PROMO_SETTEMBRE_VIP,ATTIVO
monzacentro@royal-immobili.it,Null,Null,Royal,+390393900383,SIC-ID-3B4C07044B9E,68,,SICUREZZA,0,PROMO_SETTEMBRE_VIP,ATTIVO
info@msimmobiliare.it,Null,Null,Ms Immobiliare,+390399373233,SIC-ID-FF0D492E38A6,68,,SICUREZZA,0,PROMO_SETTEMBRE_VIP,ATTIVO
info@cerchiaraimmobiliare.it,Null,Null,Cerchiara,+390399405670,SIC-ID-25C23F1FE105,68,,SICUREZZA,0,PROMO_SETTEMBRE_VIP,ATTIVO
info@realimmobiliaremonza.com,Null,Null,Real Immobiliare,+39039324303,SIC-ID-F52C39CC467E,68,,SICUREZZA,0,PROMO_SETTEMBRE_VIP,ATTIVO
info@bassimmobiliare.it,Null,Null,Bassi Immobiliare,+390392315409,SIC-ID-B3B1C7E1F6FC,68,,SICUREZZA,0,PROMO_SETTEMBRE_VIP,ATTIVO
monza@puntocasa.net,Null,Null,Puntocasa,+39039386135,SIC-ID-DCFE6755A546,68,,SICUREZZA,0,PROMO_SETTEMBRE_VIP,ATTIVO
immobiliare.rossoni@alice.it,Null,Null,Studio Immobiliare Rossoni,+390331252615,SIC-ID-C54EE1C410E3,68,,SICUREZZA,0,PROMO_SETTEMBRE_VIP,ATTIVO
info@agenziaprealpina.com,Null,Null,Prealpina,+390296779060,SIC-ID-77910E59EACA,68,,SICUREZZA,0,PROMO_SETTEMBRE_VIP,ATTIVO
somma@immobiliarebriante.it,Null,Null,Immobiliare Briante,+390331253988,SIC-ID-1829813D0265,68,,SICUREZZA,0,PROMO_SETTEMBRE_VIP,ATTIVO
info@ilmq.it,Null,Null,Il Metroquadro,+390394989101,SIC-ID-A6E479BB5736,68,,SICUREZZA,0,PROMO_SETTEMBRE_VIP,ATTIVO
info@monzacase.com,Null,Null,Monza Case,+390393900832,SIC-ID-55F02AEA24DA,68,,SICUREZZA,0,PROMO_SETTEMBRE_VIP,ATTIVO
mihr2@tecnocasa.it,Null,Null,Tecnocasa,+3903621202708,SIC-ID-5DF1E62FF0E1,68,,SICUREZZA,0,PROMO_SETTEMBRE_VIP,ATTIVO
info@picaimmobiliare.com,Null,Null,Pica Immobiliare,+390362340492,SIC-ID-975D7D2DD7A4,68,,SICUREZZA,0,PROMO_SETTEMBRE_VIP,ATTIVO
meda@fondocasa.it,Null,Null,Fondocasa,+39036271116,SIC-ID-17A19A4ADEBE,68,,SICUREZZA,0,PROMO_SETTEMBRE_VIP,ATTIVO
seveso@tempocasa.it,Null,Null,Tempocasa Seveso,+3903621541489,SIC-ID-F3A97CBD6049,68,,SICUREZZA,0,PROMO_SETTEMBRE_VIP,ATTIVO
monza.est@grimaldimonza.com,Null,Null,Grimaldi Immobiliare,+390395963370,SIC-ID-E1B24C223E70,68,,SICUREZZA,0,PROMO_SETTEMBRE_VIP,ATTIVO
info@studio-cabella.it,Null,Null,Studio Ca' Bella,+390362508494,SIC-ID-9C3D8FF73DE2,68,,SICUREZZA,0,PROMO_SETTEMBRE_VIP,ATTIVO
geos@geosimmobiliare.it,Null,Null,Geos Immobiliare,+390331774400,SIC-ID-89585A0513F7,68,,SICUREZZA,0,PROMO_SETTEMBRE_VIP,ATTIVO
info@livingcomo.net,Null,Null,Living Como,+39031241756,SIC-ID-73E981179C51,68,,SICUREZZA,0,PROMO_SETTEMBRE_VIP,ATTIVO
info@immobiliarelv.it,Null,Null,Immobiliare Lv,+390331784629,SIC-ID-AD602B6F3824,68,,SICUREZZA,0,PROMO_SETTEMBRE_VIP,ATTIVO
oliverimm.re@libero.it,Null,Null,Oliver Immobiliare,+390331775626,SIC-ID-08CCBD5BC0C0,68,,SICUREZZA,0,PROMO_SETTEMBRE_VIP,ATTIVO
info@gallaratecase.com,Null,Null,Gallarate Case,+390331781795,SIC-ID-0918401B557E,68,,SICUREZZA,0,PROMO_SETTEMBRE_VIP,ATTIVO
info@cambiocasagallarate.com,Null,Null,Cambiocasa,+390331775033,SIC-ID-858382285DE3,68,,SICUREZZA,0,PROMO_SETTEMBRE_VIP,ATTIVO
studioimmobiliarek@fastwebnet.it,Null,Null,Immobiliare Kappa,+390226260366,SIC-ID-3D7246797469,68,,SICUREZZA,0,PROMO_SETTEMBRE_VIP,ATTIVO
info@deltacase.net,Null,Null,Delta Case,+390392450828,SIC-ID-17A72A5B0F40,68,,SICUREZZA,0,PROMO_SETTEMBRE_VIP,ATTIVO
loprioremario67@gmail.com,Null,Null,Studio Immobiliare Emme Di Lopriore Mario,+393921774199,SIC-ID-B34EC7E93A69,68,,SICUREZZA,0,PROMO_SETTEMBRE_VIP,ATTIVO
info@immobiliarefossati.it,Null,Null,Immobiliare Fossati,+390392450175,SIC-ID-5CBC2D1EB524,68,,SICUREZZA,0,PROMO_SETTEMBRE_VIP,ATTIVO
info@ddimmobiliare.it,Null,Null,D&d Immobiliare,+390392050750,SIC-ID-42DADCD2EBAA,68,,SICUREZZA,0,PROMO_SETTEMBRE_VIP,ATTIVO
info@rrimmobili.it,Null,Null,Rr Immobili,+390236728836,SIC-ID-5EA5989935F4,68,,SICUREZZA,0,PROMO_SETTEMBRE_VIP,ATTIVO
lissone@primalux.net,Null,Null,Primalux,+390392450072,SIC-ID-1541D5D908F7,68,,SICUREZZA,0,PROMO_SETTEMBRE_VIP,ATTIVO
sempione@casavostra.net,Null,Null,Casa Vostra,+390289692112,SIC-ID-9AA8171E9F63,68,,SICUREZZA,0,PROMO_SETTEMBRE_VIP,ATTIVO
milanoadriano@tempocasa.it,Null,Null,Tempocasa,+390249476009,SIC-ID-C10AD652E41F,68,,SICUREZZA,0,PROMO_SETTEMBRE_VIP,ATTIVO
casaproject@yahoo.it,Null,Null,Casa Project,+390331402168,SIC-ID-EAA39965CA40,68,,SICUREZZA,0,PROMO_SETTEMBRE_VIP,ATTIVO
giussanicase@giussanicase.it,Null,Null,Giussani Case,+390362220380,SIC-ID-C2191B3F253E,68,,SICUREZZA,0,PROMO_SETTEMBRE_VIP,ATTIVO
info@totemsrl.org,Null,Null,Totem Immobiliari,+39039325085,SIC-ID-56508EC75197,68,,SICUREZZA,0,PROMO_SETTEMBRE_VIP,ATTIVO
seregno@immobiliarereale.it,Null,Null,Immobiliare Reale,+390362330262,SIC-ID-6D7E865F284B,68,,SICUREZZA,0,PROMO_SETTEMBRE_VIP,ATTIVO
info@studioborrelli.it,Null,Null,Studio Borrelli,+3902201444,SIC-ID-53BD9C7E2FF8,68,,SICUREZZA,0,PROMO_SETTEMBRE_VIP,ATTIVO
artecasare@gmail.com,Null,Null,Arte Casa,+390331402082,SIC-ID-21CCEB53FC67,68,,SICUREZZA,0,PROMO_SETTEMBRE_VIP,ATTIVO
magicasa-canegrate@libero.it,Null,Null,Magicasa,+390331405857,SIC-ID-E94F73D2CE23,68,,SICUREZZA,0,PROMO_SETTEMBRE_VIP,ATTIVO
info@riboldicase.it,Null,Null,Riboldi Case,+390362238912,SIC-ID-27A13053E1F4,68,,SICUREZZA,0,PROMO_SETTEMBRE_VIP,ATTIVO
info@immobiliarecasabellarho.it,Null,Null,Casabella,+390236541356,SIC-ID-A2EAA9152CBB,68,,SICUREZZA,0,PROMO_SETTEMBRE_VIP,ATTIVO
navigli@milanolivingsrl.it,Null,Null,Milano Living,+390245487122,SIC-ID-CB15CDE0E63F,68,,SICUREZZA,0,PROMO_SETTEMBRE_VIP,ATTIVO
info@immobiliaremilano23.com,Null,Null,Immobiliare 23,+390227307515,SIC-ID-DA4DF7D3BCD3,68,,SICUREZZA,0,PROMO_SETTEMBRE_VIP,ATTIVO
infocomo@valoreaggiunto.com,Null,Null,Valore Aggiunto,+39031272974,SIC-ID-20A61D216C55,68,,SICUREZZA,0,PROMO_SETTEMBRE_VIP,ATTIVO
info@immobiliareborromeo.it,Null,Null,Immobiliare Borromeo,+390362509099,SIC-ID-F1860BABEBEF,68,,SICUREZZA,0,PROMO_SETTEMBRE_VIP,ATTIVO
seregno@engelvoelkers.com,Null,Null,Engel & Völkers,+390362245243,SIC-ID-3CDEA79E01F7,68,,SICUREZZA,0,PROMO_SETTEMBRE_VIP,ATTIVO
info@studio-migliavacca.it,Null,Null,Studio Migliavacca,+39026551889,SIC-ID-37FB2886BA40,68,,SICUREZZA,0,PROMO_SETTEMBRE_VIP,ATTIVO
info@xlabstudio.com,Null,Null,X-laboratories,,SIC-ID-B2871E47EE4A,62,,SICUREZZA,0,PROMO_SETTEMBRE_VIP,ATTIVO
redazione@ilcittadinomb.it,Null,Null,Il Cittadino,+390392169511,SIC-ID-EEC6D0B7723E,62,,SICUREZZA,0,PROMO_SETTEMBRE_VIP,ATTIVO
info@open-one.it,Null,Null,Open One Consulting,+390302791465,SIC-ID-B60778C669A5,62,,SICUREZZA,0,PROMO_SETTEMBRE_VIP,ATTIVO
info@euroonesistemi.com,Null,Null,Euro One Sistemi,+390306585648,SIC-ID-B6DFDAB84A78,62,,SICUREZZA,0,PROMO_SETTEMBRE_VIP,ATTIVO
online@mbnews.it,Null,Null,Mbnews,+39039361411,SIC-ID-100A436F058B,62,,SICUREZZA,0,PROMO_SETTEMBRE_VIP,ATTIVO
circologentile@fratelli-italiamilano.it,Null,Null,"Circolo Culturale ""giovanni Gentile""",,SIC-ID-063C6F8288FA,62,,SICUREZZA,0,PROMO_SETTEMBRE_VIP,ATTIVO
pdmicentro@fastwebnet.it,Null,Null,Pd Milano Centro,+39026575560,SIC-ID-DF95125B560E,62,,SICUREZZA,0,PROMO_SETTEMBRE_VIP,ATTIVO
pdgobetti@pdbustogarolfo.it,Null,Null,"Pd Busto Garolfo ""piero Gobetti""",,SIC-ID-9E055E776D24,62,,SICUREZZA,0,PROMO_SETTEMBRE_VIP,ATTIVO
sevesopd@gmail.com,Null,Null,Partito Democratico - Circolo Di Seveso,,SIC-ID-C16A3CB2AEA7,62,,SICUREZZA,0,PROMO_SETTEMBRE_VIP,ATTIVO
leganordmeda@libero.it,Null,Null,Lega Nord,,SIC-ID-18981BA64618,62,,SICUREZZA,0,PROMO_SETTEMBRE_VIP,ATTIVO
info@morisistemi.it,Null,Null,Mori Sistemi,+39036270040,SIC-ID-CBD277F5423F,62,,SICUREZZA,0,PROMO_SETTEMBRE_VIP,ATTIVO
sisac@sisacsistemi.com,Null,Null,Sisac Sistemi,+390362326022,SIC-ID-41E6FC38FCCD,62,,SICUREZZA,0,PROMO_SETTEMBRE_VIP,ATTIVO
commerciale@madesitiweb.it,Null,Null,Made Siti Web,+393298474892,SIC-ID-97EF9E0DCAFA,62,,SICUREZZA,0,PROMO_SETTEMBRE_VIP,ATTIVO
info@mottasistemi.it,Null,Null,Motta Sistemi,+390362545530,SIC-ID-4744D0CE4EF2,62,,SICUREZZA,0,PROMO_SETTEMBRE_VIP,ATTIVO
info@aztecnologia.it,Null,Null,Az Tecnologia,,SIC-ID-1BA9C298227F,62,,SICUREZZA,0,PROMO_SETTEMBRE_VIP,ATTIVO
info@dgcom.eu,Null,Null,Dgcom S.r.l.,+390302053595,SIC-ID-C9D4F42A997A,62,,SICUREZZA,0,PROMO_SETTEMBRE_VIP,ATTIVO
info@mynet.it,Null,Null,Mynet Internet Solutions,+3903761590791,SIC-ID-F91BD4F59975,62,,SICUREZZA,0,PROMO_SETTEMBRE_VIP,ATTIVO
contuctus@dufry.com,Null,Null,Hudson,+390266713533,SIC-ID-952FBEA7290C,62,,SICUREZZA,0,PROMO_SETTEMBRE_VIP,ATTIVO
info@connectingitalia.it,Null,Null,Connecting Italia,+39036219003,SIC-ID-10314FC8F63A,62,,SICUREZZA,0,PROMO_SETTEMBRE_VIP,ATTIVO
info@purplesoft.io,Null,Null,Purple Soft,+3903621483978,SIC-ID-AFF46D6D792C,62,,SICUREZZA,0,PROMO_SETTEMBRE_VIP,ATTIVO
info@swws.it,Null,Null,Software Workers,,SIC-ID-D5CFF489D513,62,,SICUREZZA,0,PROMO_SETTEMBRE_VIP,ATTIVO
pdparabiagofb@gmail.com,Null,Null,Pd Parabiago,,SIC-ID-E35DEDE32011,62,,SICUREZZA,0,PROMO_SETTEMBRE_VIP,ATTIVO
info@maintsoft.it,Null,Null,Maintsoft,+390289919706,SIC-ID-B447602188D1,62,,SICUREZZA,0,PROMO_SETTEMBRE_VIP,ATTIVO
info@sprinx.ai,Null,Null,Sprinx Technologies,+390362341040,SIC-ID-6F1C91911994,62,,SICUREZZA,0,PROMO_SETTEMBRE_VIP,ATTIVO
pdgallarate@gmail.com,Null,Null,Pd Gallarate,,SIC-ID-D93FCFB13C9F,62,,SICUREZZA,0,PROMO_SETTEMBRE_VIP,ATTIVO
redazione@varesenews.it,Null,Null,Varesenews,+390332873094,SIC-ID-65922EC3FC28,62,,SICUREZZA,0,PROMO_SETTEMBRE_VIP,ATTIVO
info@dyflowing.com,Null,Null,Dyflowing,,SIC-ID-03B63183CADC,62,,SICUREZZA,0,PROMO_SETTEMBRE_VIP,ATTIVO
commerciali@dueesse.it,Null,Null,Due Esse,+3902433652,SIC-ID-345883BD7C86,62,,SICUREZZA,0,PROMO_SETTEMBRE_VIP,ATTIVO
info@maydaypc.it,Null,Null,Mayday Pc,+390399005393,SIC-ID-81B9591ACEAA,62,,SICUREZZA,0,PROMO_SETTEMBRE_VIP,ATTIVO
verytech19@gmail.com,Null,Null,Very Tech,,SIC-ID-173422F1D11F,62,,SICUREZZA,0,PROMO_SETTEMBRE_VIP,ATTIVO
info@rg2web.it,Null,Null,Rg2web,+3903621637240,SIC-ID-A1D0C2CFA482,62,,SICUREZZA,0,PROMO_SETTEMBRE_VIP,ATTIVO
info@beebit.store,Null,Null,Cryptoagile,,SIC-ID-83CFC0F354D7,62,,SICUREZZA,0,PROMO_SETTEMBRE_VIP,ATTIVO
info@gpdsrl.com,Null,Null,Gpd Srl,+390363220821,SIC-ID-D0E9FDBA3F26,62,,SICUREZZA,0,PROMO_SETTEMBRE_VIP,ATTIVO
staff@mmpoint.it,Null,Null,Multimedia Point,+39031563704,SIC-ID-CB63636A45B5,62,,SICUREZZA,0,PROMO_SETTEMBRE_VIP,ATTIVO
info@sistec.net,Null,Null,Sistec,+39031396312,SIC-ID-7194337A8B45,62,,SICUREZZA,0,PROMO_SETTEMBRE_VIP,ATTIVO
commerciale@dshare.com,Null,Null,D-share,+390292865792,SIC-ID-C7BB6D94648A,62,,SICUREZZA,0,PROMO_SETTEMBRE_VIP,ATTIVO
info@eutromotion.com,Null,Null,Eutro Motion,+390314136261,SIC-ID-C3A2D11F0292,62,,SICUREZZA,0,PROMO_SETTEMBRE_VIP,ATTIVO
info@automazioneresidenziale.com,Null,Null,Automazione Residenziale,+390312495041,SIC-ID-EE353B125B88,62,,SICUREZZA,0,PROMO_SETTEMBRE_VIP,ATTIVO
assistenza@pcbustermilano.it,Null,Null,Pc Buster,+390236551465,SIC-ID-132497B52CCA,62,,SICUREZZA,0,PROMO_SETTEMBRE_VIP,ATTIVO
info@pmsas.com,Null,Null,P.m.,+390392304392,SIC-ID-B8907CA5819F,62,,SICUREZZA,0,PROMO_SETTEMBRE_VIP,ATTIVO
info@medialink-italia.it,Null,Null,Medialink Italia,+390300945804,SIC-ID-C0523FEA8375,62,,SICUREZZA,0,PROMO_SETTEMBRE_VIP,ATTIVO
info@nosystem.it,Null,Null,New Office,+390362912244,SIC-ID-4710283B6B41,62,,SICUREZZA,0,PROMO_SETTEMBRE_VIP,ATTIVO
info@mueblesarte.it,Null,Null,Mueblesarte,+39039794969+390392782317,SIC-ID-D3EF9445B5AA,62,,SICUREZZA,0,PROMO_SETTEMBRE_VIP,ATTIVO
info@renatoarrigo.com,Null,Null,Renato Arrigo,+390268854829,SIC-ID-087B8B9F23CA,62,,SICUREZZA,0,PROMO_SETTEMBRE_VIP,ATTIVO
geom.fogar@teletu.it,Null,Null,Studio Tecnico Valera,,SIC-ID-81E988EB5197,62,,SICUREZZA,0,PROMO_SETTEMBRE_VIP,ATTIVO
info@lavoghereseinformatica.it,Null,Null,La Vogherese Informatica,+3903831956158,SIC-ID-4178C097A7B7,62,,SICUREZZA,0,PROMO_SETTEMBRE_VIP,ATTIVO
bergamomq@gmail.com,Null,Null,Fastweb,+390350785922,SIC-ID-B779213B2228,62,,SICUREZZA,0,PROMO_SETTEMBRE_VIP,ATTIVO
pd.portagenova@gmail.com,Null,Null,Circolo Partito Democratico Porta Genova,,SIC-ID-DF0E5AD079C5,62,,SICUREZZA,0,PROMO_SETTEMBRE_VIP,ATTIVO
agricolacogo@yahoo.it,Null,Null,Azienda Agricola Cogo,,SIC-ID-EA3DDF143B36,01,,SICUREZZA,0,PROMO_SETTEMBRE_VIP,ATTIVO
info@cascinabettina.it,Null,Null,Azienda Agricola Bettina,,SIC-ID-15565393846D,01,,SICUREZZA,0,PROMO_SETTEMBRE_VIP,ATTIVO
pesei@pesei.it,Null,Null,Azienda Agricola Pesei,,SIC-ID-0FE5CA48A421,01,,SICUREZZA,0,PROMO_SETTEMBRE_VIP,ATTIVO
info@alpedelgarda.it,Null,Null,Alpe Del Garda,+390365953050,SIC-ID-21CA024456C0,01,,SICUREZZA,0,PROMO_SETTEMBRE_VIP,ATTIVO
info@solive.it,Null,Null,Azienda Agricola Solive,,SIC-ID-DFF4F374A267,01,,SICUREZZA,0,PROMO_SETTEMBRE_VIP,ATTIVO
azagr.ilquadrifoglio@libero.it,Null,Null,El Butighì Del Formai,+390364318939,SIC-ID-0983F2F84B65,01,,SICUREZZA,0,PROMO_SETTEMBRE_VIP,ATTIVO
info@apicolturasampi.it,Null,Null,Apicoltura Del Sampì,+390302693687,SIC-ID-4C8BB1189375,01,,SICUREZZA,0,PROMO_SETTEMBRE_VIP,ATTIVO
info@valledegliulivi.net,Null,Null,Valle Degli Ulivi,,SIC-ID-355BA4274B5C,01,,SICUREZZA,0,PROMO_SETTEMBRE_VIP,ATTIVO
info@cascinalabenedetta.it,Null,Null,Cascina La Benedetta,+393386829925,SIC-ID-2A901AB44386,01,,SICUREZZA,0,PROMO_SETTEMBRE_VIP,ATTIVO
info@labevera.it,Null,Null,La Bevera,,SIC-ID-809ECDE54860,01,,SICUREZZA,0,PROMO_SETTEMBRE_VIP,ATTIVO
reginabiancaiovinelucia@gmail.com,Null,Null,Regina Bianca Bufala Di Battipaglia,+393498218772,SIC-ID-45BA4F123827,01,,SICUREZZA,0,PROMO_SETTEMBRE_VIP,ATTIVO
selladelloca@libero.it,Null,Null,Azienda Agricola Sella Dell'oca,,SIC-ID-3CDC832F8FC5,01,,SICUREZZA,0,PROMO_SETTEMBRE_VIP,ATTIVO
info@agromania.bio,Null,Null,Agromania,+393403652413,SIC-ID-315271B3E857,01,,SICUREZZA,0,PROMO_SETTEMBRE_VIP,ATTIVO
marco@orodelgarda.it,Null,Null,Azienda Agricola Levada Di Tosoni,,SIC-ID-6EFBD7415480,01,,SICUREZZA,0,PROMO_SETTEMBRE_VIP,ATTIVO
gianluca.tagni@gmail.com,Null,Null,Azienda Agricola Castelletto,,SIC-ID-A10ECA9F0EB9,01,,SICUREZZA,0,PROMO_SETTEMBRE_VIP,ATTIVO
info@contadinobrescia.it,Null,Null,La Spesa Del Contadino,+393801779444,SIC-ID-30420F207F9C,01,,SICUREZZA,0,PROMO_SETTEMBRE_VIP,ATTIVO
aziendaagricola.cadei@gmail.com,Null,Null,Azienda Agricola Fratelli Cadei,,SIC-ID-7EFEE584B2EB,01,,SICUREZZA,0,PROMO_SETTEMBRE_VIP,ATTIVO
info@agrifran.it,Null,Null,Agrifran,,SIC-ID-355524CBCA4A,01,,SICUREZZA,0,PROMO_SETTEMBRE_VIP,ATTIVO
info@aziendagricolalfienile.it,Null,Null,Azienda Agricola Al Fienile,,SIC-ID-9D60839A42A0,01,,SICUREZZA,0,PROMO_SETTEMBRE_VIP,ATTIVO
info@terresolive.it,Null,Null,Azienda Agricola Terre Solive,,SIC-ID-4D6F32B6850C,01,,SICUREZZA,0,PROMO_SETTEMBRE_VIP,ATTIVO
mattia.pe1357@gmail.com,Null,Null,Azienda Agricola Pe Mattia,,SIC-ID-22A2873BA53A,01,,SICUREZZA,0,PROMO_SETTEMBRE_VIP,ATTIVO
info@ristorogenio.it,Null,Null,Ristoro Genio,+390341803876,SIC-ID-AD008D8B1891,01,,SICUREZZA,0,PROMO_SETTEMBRE_VIP,ATTIVO
c-argenterio@c-argenterio.it,Null,Null,Argenterio,,SIC-ID-7E0F08ABFAC4,01,,SICUREZZA,0,PROMO_SETTEMBRE_VIP,ATTIVO
info@roccolosanbernardo.it,Null,Null,Agriturismo Roccolo San Bernardo,,SIC-ID-CB29B0837E6C,01,,SICUREZZA,0,PROMO_SETTEMBRE_VIP,ATTIVO
info@ilcamminoprodottibiologici.it,Null,Null,Azienda Agricola Il Cammino,,SIC-ID-A48C4AC6C8E9,01,,SICUREZZA,0,PROMO_SETTEMBRE_VIP,ATTIVO
info@leradiciagriturismo.it,Null,Null,Agriturismo Le Radici,,SIC-ID-70ADE0BB91D5,01,,SICUREZZA,0,PROMO_SETTEMBRE_VIP,ATTIVO
lagrignetta@gmail.com,Null,Null,Agriturismo La Grignetta,,SIC-ID-74DB80288789,01,,SICUREZZA,0,PROMO_SETTEMBRE_VIP,ATTIVO
info@melasimonini.eu,Null,Null,Azienda Agricola Simonini,,SIC-ID-AC46B4327346,01,,SICUREZZA,0,PROMO_SETTEMBRE_VIP,ATTIVO
aziendaagricolabiofruit@gmail.com,Null,Null,Azienda Agricola Biofruit,,SIC-ID-B675CFD7358B,01,,SICUREZZA,0,PROMO_SETTEMBRE_VIP,ATTIVO
info@greentecno.it,Null,Null,Greentecno,+393278376461,SIC-ID-DEAA96443DC4,43,,SICUREZZA,0,PROMO_SETTEMBRE_VIP,ATTIVO
info@falegnameriacasari.it,Null,Null,Falegnameria Casari,+39063046169,SIC-ID-B678A60ADB89,43,,SICUREZZA,0,PROMO_SETTEMBRE_VIP,ATTIVO
info@climaserv.it,Null,Null,Clima Service,+390671546254,SIC-ID-BC599BE44233,43,,SICUREZZA,0,PROMO_SETTEMBRE_VIP,ATTIVO
idraulicamilano@gmail.com,Null,Null,Milano Alessandro,+393405399930,SIC-ID-BAAC3D50882F,43,,SICUREZZA,0,PROMO_SETTEMBRE_VIP,ATTIVO
linodonati.info@gmail.com,Null,Null,Oro Più,+39065126995,SIC-ID-DC12AD708AD9,25,,SICUREZZA,0,PROMO_SETTEMBRE_VIP,ATTIVO
dearcamera@tiscali.it,Null,Null,Dear Camera,+390697840745,SIC-ID-A5A4C2A173B5,25,,SICUREZZA,0,PROMO_SETTEMBRE_VIP,ATTIVO
info@sapiportefinestre.it,Null,Null,Sa.pi. Infissi,+390676906260,SIC-ID-55853A3468CB,25,,SICUREZZA,0,PROMO_SETTEMBRE_VIP,ATTIVO
info@studiocardei.it,Null,Null,Cardei,+39069988547,SIC-ID-DF4FDD3CB6C2,25,,SICUREZZA,0,PROMO_SETTEMBRE_VIP,ATTIVO
claudius.magagnini@tiscali.it,Null,Null,Officina Statuarum Artficis,+393489041564,SIC-ID-8B0956DADEBF,25,,SICUREZZA,0,PROMO_SETTEMBRE_VIP,ATTIVO
info@dsa-serramenti.it,Null,Null,D.s.a.,+39069534050+39338671947,SIC-ID-6DE372E763AA,25,,SICUREZZA,0,PROMO_SETTEMBRE_VIP,ATTIVO
marzia.crisci1@alice.it,Null,Null,Marzia,+390695270281+3933398920,SIC-ID-9601522E66B9,25,,SICUREZZA,0,PROMO_SETTEMBRE_VIP,ATTIVO
olga.angelucci87@gmail.com,Null,Null,Artphotography By Olga Angelucci,,SIC-ID-759220E4CC80,25,,SICUREZZA,0,PROMO_SETTEMBRE_VIP,ATTIVO
labottegamortet@mortet.eu,Null,Null,Bottega D'arte Mortet,+393498643183,SIC-ID-A8B75C014DC6,25,,SICUREZZA,0,PROMO_SETTEMBRE_VIP,ATTIVO
info@frantoiopresciuttini.it,Null,Null,Frantoio Tradizionale Presciuttini,+390761820495,SIC-ID-926100A6544D,25,,SICUREZZA,0,PROMO_SETTEMBRE_VIP,ATTIVO
telecomunication@libero.it,Null,Null,La Bottega Del Vino Buono,+390774300818,SIC-ID-D6C12C58095A,25,,SICUREZZA,0,PROMO_SETTEMBRE_VIP,ATTIVO
photosistorefr@gmail.com,Null,Null,Photosì,+390775250302,SIC-ID-BE347673D980,25,,SICUREZZA,0,PROMO_SETTEMBRE_VIP,ATTIVO
info@lemastro.com,Null,Null,Le Mastro,+393475547455,SIC-ID-C733B4678FDD,25,,SICUREZZA,0,PROMO_SETTEMBRE_VIP,ATTIVO
info@quintastudio.com,Null,Null,Quinta Studio,,SIC-ID-E2C7D7A4A2DD,25,,SICUREZZA,0,PROMO_SETTEMBRE_VIP,ATTIVO
info@lavorazioneparquets.it,Null,Null,Lavorazioni Parquet,+390679321148,SIC-ID-B796A9E357A3,25,,SICUREZZA,0,PROMO_SETTEMBRE_VIP,ATTIVO
maxbelelli15@gmail.com,Null,Null,Foto Roby,+39065627781,SIC-ID-8045A79D07D9,25,,SICUREZZA,0,PROMO_SETTEMBRE_VIP,ATTIVO
damadesignroma@gmail.com,Null,Null,Dama Design,+393317872139,SIC-ID-D5E45ADE0F85,25,,SICUREZZA,0,PROMO_SETTEMBRE_VIP,ATTIVO
emanuele@iriparazioni.it,Null,Null,Iriparazioni,,SIC-ID-E7D92CC83A8D,25,,SICUREZZA,0,PROMO_SETTEMBRE_VIP,ATTIVO
info@fotogalletti.it,Null,Null,Laboratorio Fotografico Professionale,+390670491820,SIC-ID-00E53A3C6815,25,,SICUREZZA,0,PROMO_SETTEMBRE_VIP,ATTIVO
roma@lanieri.com,Null,Null,Lanieri,+393938207872,SIC-ID-5088EB921E4F,25,,SICUREZZA,0,PROMO_SETTEMBRE_VIP,ATTIVO
powerwatt.srls@gmail.com,Null,Null,Powerwatt,+390696115068,SIC-ID-ECA85892168F,25,,SICUREZZA,0,PROMO_SETTEMBRE_VIP,ATTIVO
info@quellila.com,Null,Null,Quellilà Della Bottega Artigiana,+393505708479,SIC-ID-DA0B26776A91,25,,SICUREZZA,0,PROMO_SETTEMBRE_VIP,ATTIVO
info@opificio13.it,Null,Null,Opificio 13,,SIC-ID-7E9CB25CF09F,25,,SICUREZZA,0,PROMO_SETTEMBRE_VIP,ATTIVO
drutex@infissiforever.com,Null,Null,Infissi Forever,+390664670213,SIC-ID-562F6D992175,25,,SICUREZZA,0,PROMO_SETTEMBRE_VIP,ATTIVO
info@vetreriacasagrande.net,Null,Null,Vetreria Casagrande,+390620760978,SIC-ID-60CFE77A0469,25,,SICUREZZA,0,PROMO_SETTEMBRE_VIP,ATTIVO
info@birrificiopontino.com,Null,Null,Birrificio Pontino,,SIC-ID-F8B9B249DBC0,25,,SICUREZZA,0,PROMO_SETTEMBRE_VIP,ATTIVO
info@iaiami.com,Null,Null,Iaiami,,SIC-ID-C6A34B899B45,25,,SICUREZZA,0,PROMO_SETTEMBRE_VIP,ATTIVO
info@broccolegnami.it,Null,Null,Brocco Legnami,+390699838377,SIC-ID-BCE05D2E8EB8,25,,SICUREZZA,0,PROMO_SETTEMBRE_VIP,ATTIVO
info@donnardea.it,Null,Null,Donnardea,,SIC-ID-2EAB915D9B32,25,,SICUREZZA,0,PROMO_SETTEMBRE_VIP,ATTIVO
aggroup08@libero.it,Null,Null,A.g. Group,+390690151002,SIC-ID-209172008730,25,,SICUREZZA,0,PROMO_SETTEMBRE_VIP,ATTIVO
info@get-sherpa.com,Null,Null,Sherpa,+393513606872,SIC-ID-8734772383C4,25,,SICUREZZA,0,PROMO_SETTEMBRE_VIP,ATTIVO
assistenzatecnica3.0@gmail.com,Null,Null,Assistenza Tecnica Nobile,+393775983534,SIC-ID-FF89F64B1DDE,25,,SICUREZZA,0,PROMO_SETTEMBRE_VIP,ATTIVO
cleaneco@cleanecoservice.it,Null,Null,Cleaneco Service,+390665793482,SIC-ID-F50A1C073DC8,25,,SICUREZZA,0,PROMO_SETTEMBRE_VIP,ATTIVO
info@gm-computer.eu,Null,Null,Gm Computer,+390657284512,SIC-ID-F3EA6FB02D70,25,,SICUREZZA,0,PROMO_SETTEMBRE_VIP,ATTIVO
assistenza@silvestrocaldaie.it,Null,Null,Silvestro Termoidraulica,+39069700745,SIC-ID-5B699EF2B06D,25,,SICUREZZA,0,PROMO_SETTEMBRE_VIP,ATTIVO
info@rgb46.it,Null,Null,Rgb46 - Relax Gallery Books,+390645421608,SIC-ID-A61520CC98EA,56,,SICUREZZA,0,PROMO_SETTEMBRE_VIP,ATTIVO
info@cybertuba.org,Null,Null,Tuba,+390670399437,SIC-ID-0EC47C3E6E6B,56,,SICUREZZA,0,PROMO_SETTEMBRE_VIP,ATTIVO
commerciale@aldrovandiresidence.com,Null,Null,Residence Aldrovandi,+39063221430,SIC-ID-CA429076A946,56,,SICUREZZA,0,PROMO_SETTEMBRE_VIP,ATTIVO
reservations@parcodeiprincipi.com,Null,Null,"Hotel ""parco Dei Principi""",+3906854421,SIC-ID-A9C61048A447,56,,SICUREZZA,0,PROMO_SETTEMBRE_VIP,ATTIVO
hotelmajestic@hotelmajestic.com,Null,Null,Hotel Majestic,+3906421441,SIC-ID-61518275D365,56,,SICUREZZA,0,PROMO_SETTEMBRE_VIP,ATTIVO
info@santeustachioilcaffe.it,Null,Null,Sant'eustachio,+390668802048,SIC-ID-8697EAE0F284,56,,SICUREZZA,0,PROMO_SETTEMBRE_VIP,ATTIVO
info@warmthotel.it,Null,Null,Warmthotel,+39065014599,SIC-ID-450DA3011C4D,56,,SICUREZZA,0,PROMO_SETTEMBRE_VIP,ATTIVO
romeairport_info@hilton.com,Null,Null,Hilton Roma Airport,+390665258,SIC-ID-CA8C3A5D9024,56,,SICUREZZA,0,PROMO_SETTEMBRE_VIP,ATTIVO
desk@hotelveronarome.com,Null,Null,Hotel Verona,+39064871244,SIC-ID-35AE24BEE20B,56,,SICUREZZA,0,PROMO_SETTEMBRE_VIP,ATTIVO
kalapasrl@gmail.com,Null,Null,Kalapà,+390683081997,SIC-ID-4752A4A7A68D,56,,SICUREZZA,0,PROMO_SETTEMBRE_VIP,ATTIVO
bere@beere.it,Null,Null,Beere Mangiare E Co.,+390639721153,SIC-ID-8F24B9C57669,56,,SICUREZZA,0,PROMO_SETTEMBRE_VIP,ATTIVO
royalsantina@rhr.it,Null,Null,Royal Santina,+3906448751,SIC-ID-BDE45377455A,56,,SICUREZZA,0,PROMO_SETTEMBRE_VIP,ATTIVO
info@hotel4fontane.com,Null,Null,Quattro Fontane,+39064884480,SIC-ID-B61F61550CA7,56,,SICUREZZA,0,PROMO_SETTEMBRE_VIP,ATTIVO
info@villadellerose.it,Null,Null,Villa Delle Rose,+39064451795,SIC-ID-7A37DE11B58D,56,,SICUREZZA,0,PROMO_SETTEMBRE_VIP,ATTIVO
info@hotelvillafrancaroma.it,Null,Null,Best Western Villafranca,+39064440364,SIC-ID-511B0F504BCD,56,,SICUREZZA,0,PROMO_SETTEMBRE_VIP,ATTIVO
info@albergosantachiara.com,Null,Null,Hotel Santa Chiara,+39066872979,SIC-ID-84008449A420,56,,SICUREZZA,0,PROMO_SETTEMBRE_VIP,ATTIVO
info@novadomushotel.it,Null,Null,Nova Domus,+3906399511,SIC-ID-1C7D24951BA8,56,,SICUREZZA,0,PROMO_SETTEMBRE_VIP,ATTIVO
filodiretto@unicoopetruria.coop.it,Null,Null,Coop,+390761345573,SIC-ID-3DE9D17F355E,45,,SICUREZZA,0,PROMO_SETTEMBRE_VIP,ATTIVO
genzano@frescomarket.it,Null,Null,Fresco Market,+393485325509,SIC-ID-6FBEFA864A15,45,,SICUREZZA,0,PROMO_SETTEMBRE_VIP,ATTIVO
latina.plasmon@orizzonteacquisti.it,Null,Null,Orizzonte,+390773258811,SIC-ID-0A4669001ED0,45,,SICUREZZA,0,PROMO_SETTEMBRE_VIP,ATTIVO
info@autoricambitruglio.com,Null,Null,Truglio Ricambi,+390771513014,SIC-ID-A9A7101EBD13,45,,SICUREZZA,0,PROMO_SETTEMBRE_VIP,ATTIVO
gaabe@casalepodererosa.org,Null,Null,Biobottega - Gaabe (gruppo Di Acquisto Di Alimenti Biologici Ed Equosolidali),,SIC-ID-E25268FFE61D,45,,SICUREZZA,0,PROMO_SETTEMBRE_VIP,ATTIVO
o.giusto@virgilio.it,Null,Null,Officine Giusto Srl,+39041449003,SIC-ID-EB640B2FA872,45,,SICUREZZA,0,PROMO_SETTEMBRE_VIP,ATTIVO
pasqualettosnc@libero.it,Null,Null,Pasqualetto Elio & C. (s.n.c.),+39041913447,SIC-ID-AF6F9A40CBBF,45,,SICUREZZA,0,PROMO_SETTEMBRE_VIP,ATTIVO
info@ferramentasibella.it,Null,Null,Ferramenta Sibella,+390445524856,SIC-ID-9BEA8BB6B529,45,,SICUREZZA,0,PROMO_SETTEMBRE_VIP,ATTIVO
info@officinebortoluzzi.it,Null,Null,Officine Bortoluzzi Remo,+39043746477,SIC-ID-20B32D4300B4,45,,SICUREZZA,0,PROMO_SETTEMBRE_VIP,ATTIVO
info@corradobenedetti.it,Null,Null,Formaggi E Salumi Corrado Benedetti,+390457545186,SIC-ID-C5E6FB1FFBAF,45,,SICUREZZA,0,PROMO_SETTEMBRE_VIP,ATTIVO
carrozzeriastella@gmail.com,Null,Null,Carrozzeria Stella Di Cattin Flaviano,+390444324624,SIC-ID-73C5A181BEB0,45,,SICUREZZA,0,PROMO_SETTEMBRE_VIP,ATTIVO
info@superloria.it,Null,Null,Super Loria,+390423755164,SIC-ID-7BF80C0C0077,45,,SICUREZZA,0,PROMO_SETTEMBRE_VIP,ATTIVO
oscer@supertosano.com,Null,Null,Tosano,+390442320164,SIC-ID-9C41E68B28B3,45,,SICUREZZA,0,PROMO_SETTEMBRE_VIP,ATTIVO
zivecar@gmail.com,Null,Null,Carrozzeria Zivelonghi,+39045563131,SIC-ID-E616A092E2A7,45,,SICUREZZA,0,PROMO_SETTEMBRE_VIP,ATTIVO
beniniauto@libero.it,Null,Null,Autoofficina Benini,+390458342393,SIC-ID-9EACCC373750,45,,SICUREZZA,0,PROMO_SETTEMBRE_VIP,ATTIVO
autofficinamallardi@libero.it,Null,Null,Autofficina Mallardi,+390805583164,SIC-ID-0E72D0B6A461,45,,SICUREZZA,0,PROMO_SETTEMBRE_VIP,ATTIVO
info@tatoparide.it,Null,Null,Alter,+390883310811,SIC-ID-B72CDD796030,45,,SICUREZZA,0,PROMO_SETTEMBRE_VIP,ATTIVO
info@ricambi500.it,Null,Null,Pizza Ricambi,+390833784728,SIC-ID-7448CCEFC62B,45,,SICUREZZA,0,PROMO_SETTEMBRE_VIP,ATTIVO
pam_lecce_bachelet@libero.it,Null,Null,Crai,+390832396529,SIC-ID-0612E2EEAF20,45,,SICUREZZA,0,PROMO_SETTEMBRE_VIP,ATTIVO
info@ferramentaisgro.it,Null,Null,Isgrò,+390909281412,SIC-ID-46B34A15E412,45,,SICUREZZA,0,PROMO_SETTEMBRE_VIP,ATTIVO
giuliauto@virgilio.it,Null,Null,Giuliauto,+390909296153,SIC-ID-C6D24FDECEC5,45,,SICUREZZA,0,PROMO_SETTEMBRE_VIP,ATTIVO
carpierri@gmail.com,Null,Null,Autocarrozzeria Pierri,+390932954622,SIC-ID-D6D7729A820B,45,,SICUREZZA,0,PROMO_SETTEMBRE_VIP,ATTIVO
officinadenaro@gmail.com,Null,Null,Officina Meccanica Denaro & Cicero,+390932954303,SIC-ID-FE94A049BD66,45,,SICUREZZA,0,PROMO_SETTEMBRE_VIP,ATTIVO
makkitellafood@hotmail.it,Null,Null,Makkitella Food,+390933933065,SIC-ID-9DDC31ED3D58,45,,SICUREZZA,0,PROMO_SETTEMBRE_VIP,ATTIVO
biogoldreggioe@gmail.com,Null,Null,Biogold,+390522569593,SIC-ID-8077D2EB4A09,45,,SICUREZZA,0,PROMO_SETTEMBRE_VIP,ATTIVO
spesanaturasibologna@gmail.com,Null,Null,Naturasì,,SIC-ID-DB5524CF7FE9,45,,SICUREZZA,0,PROMO_SETTEMBRE_VIP,ATTIVO
mauriziolorenzoni61@gmail.com,Null,Null,Gommista Lorenzoni,+39051711114,SIC-ID-D9B06E591B6A,45,,SICUREZZA,0,PROMO_SETTEMBRE_VIP,ATTIVO
info.autofficinacanella@gmail.com,Null,Null,Autofficina Canella,+39051729202,SIC-ID-E98C0F36383B,45,,SICUREZZA,0,PROMO_SETTEMBRE_VIP,ATTIVO
fratellimorchio@gmail.com,Null,Null,Fratelli Morchio,+390102472793,SIC-ID-A0F54AD90EFD,45,,SICUREZZA,0,PROMO_SETTEMBRE_VIP,ATTIVO
mattidano@libero.it,Null,Null,Danopark,+393313050588,SIC-ID-547247CEA01E,45,,SICUREZZA,0,PROMO_SETTEMBRE_VIP,ATTIVO
emanga@coal.it,Null,Null,Super Coal,+390736263393,SIC-ID-ECF8251F1A2E,45,,SICUREZZA,0,PROMO_SETTEMBRE_VIP,ATTIVO
sdolzionisrl@sdolzinisrl.191.it,Null,Null,Sdolzini S.r.l.,+390734622954,SIC-ID-FB03A334D520,45,,SICUREZZA,0,PROMO_SETTEMBRE_VIP,ATTIVO
neu@cedimarche.it,Null,Null,Sì Con Te,+390716635083,SIC-ID-25A9C6EBA3DD,45,,SICUREZZA,0,PROMO_SETTEMBRE_VIP,ATTIVO
frescocoal@coal.it,Null,Null,Fresco Coal,+39071203327,SIC-ID-1B17B48ACFF5,45,,SICUREZZA,0,PROMO_SETTEMBRE_VIP,ATTIVO
discountalfredo@coal.it,Null,Null,Super Coal,+390712810234,SIC-ID-EC1156D369CB,45,,SICUREZZA,0,PROMO_SETTEMBRE_VIP,ATTIVO
collemarino@cedimarche.it,Null,Null,Sì Con Te Superstore,+390712181960,SIC-ID-FD1B29D5D31D,45,,SICUREZZA,0,PROMO_SETTEMBRE_VIP,ATTIVO
vitellitaly@coal.it,Null,Null,Coal Il Market City,+390733905899,SIC-ID-5376DCC763FD,45,,SICUREZZA,0,PROMO_SETTEMBRE_VIP,ATTIVO
falconaraviaumbriasst@cedimarche.it,Null,Null,"Sì Con Te Superstore - Falconara ""le Ville""",+390719161604,SIC-ID-B22D7B3DA0F7,45,,SICUREZZA,0,PROMO_SETTEMBRE_VIP,ATTIVO
bruno@newcar-mc.it,Null,Null,New Car,+390733564106,SIC-ID-B92CDB80B6B3,45,,SICUREZZA,0,PROMO_SETTEMBRE_VIP,ATTIVO
aurora3.gabrielli@alice.it,Null,Null,Tigre Amico,+390735658987,SIC-ID-5A83B2A438FE,45,,SICUREZZA,0,PROMO_SETTEMBRE_VIP,ATTIVO
srl.ceal@gmail.com,Null,Null,Crai Re Mercato,+390733556141,SIC-ID-C65DAF7CF0B5,45,,SICUREZZA,0,PROMO_SETTEMBRE_VIP,ATTIVO
crai-montecassiano@ama-crai.it,Null,Null,Crai Extra,+390733599941,SIC-ID-F8628856C821,45,,SICUREZZA,0,PROMO_SETTEMBRE_VIP,ATTIVO
somefa@customer.renault-trucks.it,Null,Null,Somefa Service,+390733292265,SIC-ID-2A1DFEEBAC8D,45,,SICUREZZA,0,PROMO_SETTEMBRE_VIP,ATTIVO
anconacorsoamendola@cedimarche.it,Null,Null,Sì Con Te,+3907133672,SIC-ID-FEE7D00B43BC,45,,SICUREZZA,0,PROMO_SETTEMBRE_VIP,ATTIVO
dilaga02@coal.it,Null,Null,Coal Il Market Plus,+39073641017,SIC-ID-DDA29C8A87B6,45,,SICUREZZA,0,PROMO_SETTEMBRE_VIP,ATTIVO
info@ugolinelli.com,Null,Null,Ugolinelli Auto,+390759280888,SIC-ID-252723B676AD,45,,SICUREZZA,0,PROMO_SETTEMBRE_VIP,ATTIVO
alessandro@primauto.it,Null,Null,Primauto S.r.l.,+390742622988,SIC-ID-069D4E940CDD,45,,SICUREZZA,0,PROMO_SETTEMBRE_VIP,ATTIVO
info@danelli.it,Null,Null,Danelli,+39085388148,SIC-ID-E8BD125E9F86,45,,SICUREZZA,0,PROMO_SETTEMBRE_VIP,ATTIVO
giuseppetato91@gmail.com,Null,Null,Carrozzeria Tatonetti Gilberto Centro Revisioni,+390854154660,SIC-ID-5B20F051DCF8,45,,SICUREZZA,0,PROMO_SETTEMBRE_VIP,ATTIVO
montesilvano@privacar.com,Null,Null,Privacar,+390852011635,SIC-ID-AC42959E4FA0,45,,SICUREZZA,0,PROMO_SETTEMBRE_VIP,ATTIVO
info@mielebiologico.it,Null,Null,Apicoltura Biologica Il Dolce Alveare,+393281525865,SIC-ID-E0D7F6037291,45,,SICUREZZA,0,PROMO_SETTEMBRE_VIP,ATTIVO
giancarlo.vitalian54@it.com,Null,Null,Ferramenta Cornici E Vernici,+390862419166+393289460,SIC-ID-E40F07787F70,45,,SICUREZZA,0,PROMO_SETTEMBRE_VIP,ATTIVO
mcccarsservice@libero.it,Null,Null,Mc Ccar Service Officina,+393405695914,SIC-ID-EA1344DEB1E4,45,,SICUREZZA,0,PROMO_SETTEMBRE_VIP,ATTIVO
info@diemidioforniture.it,Null,Null,Di Emidio Domenico S.r.l.,+390861210242,SIC-ID-331EE8AC5A9C,45,,SICUREZZA,0,PROMO_SETTEMBRE_VIP,ATTIVO
santalucia.despar@virgilio.it,Null,Null,Despar Santa Lucia,+390872757692,SIC-ID-C732D6B5AB41,45,,SICUREZZA,0,PROMO_SETTEMBRE_VIP,ATTIVO
30002@conadadriatico.it,Null,Null,Todis,+390872718233,SIC-ID-B0C4D97C75F9,45,,SICUREZZA,0,PROMO_SETTEMBRE_VIP,ATTIVO
gustogransasso@alice.it,Null,Null,Ugo De Paulis S.a.s,+39086268422,SIC-ID-26AF12D32213,45,,SICUREZZA,0,PROMO_SETTEMBRE_VIP,ATTIVO
info@secondlifeauto.it,Null,Null,Secondlife,+3908544697400,SIC-ID-49CA5489C23F,45,,SICUREZZA,0,PROMO_SETTEMBRE_VIP,ATTIVO
ferautoaccessori@gmail.com,Null,Null,Ferauto,+3908563229,SIC-ID-847D863AA090,45,,SICUREZZA,0,PROMO_SETTEMBRE_VIP,ATTIVO
conadtaurianova@gmail.com,Null,Null,Conad,+390966473269,SIC-ID-6A6BF11123BC,45,,SICUREZZA,0,PROMO_SETTEMBRE_VIP,ATTIVO
autoricambifeesa@libero.it,Null,Null,Cariati Marina,,SIC-ID-9A19BF3F31BE,45,,SICUREZZA,0,PROMO_SETTEMBRE_VIP,ATTIVO
gioiatauro@casae.it,Null,Null,Brico Ok,+390966506728,SIC-ID-507D310499CA,45,,SICUREZZA,0,PROMO_SETTEMBRE_VIP,ATTIVO
prodet@meridianadomus.it,Null,Null,Prodet,,SIC-ID-2BF1E3CAD059,45,,SICUREZZA,0,PROMO_SETTEMBRE_VIP,ATTIVO
maxifoodsrl@libero.it,Null,Null,Maxi Conté,+39098428171,SIC-ID-2201F59893C5,45,,SICUREZZA,0,PROMO_SETTEMBRE_VIP,ATTIVO
info@thermstore.it,Null,Null,Thermstore,,SIC-ID-0D142AABF5CC,45,,SICUREZZA,0,PROMO_SETTEMBRE_VIP,ATTIVO
eurodrink@craisardegna.com,Null,Null,Crai,+39078372095,SIC-ID-52B713658410,45,,SICUREZZA,0,PROMO_SETTEMBRE_VIP,ATTIVO
santateresa@dettorimarket.it,Null,Null,Dettorimarket Crai Extra,+390789754796,SIC-ID-9E6957F76A0D,45,,SICUREZZA,0,PROMO_SETTEMBRE_VIP,ATTIVO
info@cosmocasaoristano.it,Null,Null,Cosmocasa,+39078333797,SIC-ID-CFDA6884E228,45,,SICUREZZA,0,PROMO_SETTEMBRE_VIP,ATTIVO
info@latteriacividale.it,Null,Null,Latteria Sociale Di Cividale,+390432700955,SIC-ID-788E6253DBFA,45,,SICUREZZA,0,PROMO_SETTEMBRE_VIP,ATTIVO
info@senzaconfinitrieste.org,Null,Null,Bottega Del Mondo Senza Confini Brez Meja,+390403728230,SIC-ID-B9EB376DE65C,45,,SICUREZZA,0,PROMO_SETTEMBRE_VIP,ATTIVO
info@spesagodina.it,Null,Null,Godina,+390481533136,SIC-ID-642340F24A7A,45,,SICUREZZA,0,PROMO_SETTEMBRE_VIP,ATTIVO
info@brezzilegni.it,Null,Null,Brezzilegni,+39040820810,SIC-ID-0EA771BAF9CD,45,,SICUREZZA,0,PROMO_SETTEMBRE_VIP,ATTIVO
info@gruppobosco.it,Null,Null,Bosco - Supermercati Maxi,+390409851550,SIC-ID-8E47FED4DFD7,45,,SICUREZZA,0,PROMO_SETTEMBRE_VIP,ATTIVO
bagnaria@bricook.it,Null,Null,Brico Ok,+3904321848288,SIC-ID-41423A34B2A7,45,,SICUREZZA,0,PROMO_SETTEMBRE_VIP,ATTIVO
info@ferramentatercon.it,Null,Null,Železnina / Ferramenta Terčon,+39040200122,SIC-ID-B45A139304F9,45,,SICUREZZA,0,PROMO_SETTEMBRE_VIP,ATTIVO
naturalia6969@gmail.com,Null,Null,Naturalia - Cuore Bio,,SIC-ID-5831471845AC,45,,SICUREZZA,0,PROMO_SETTEMBRE_VIP,ATTIVO
info@kukanja.it,Null,Null,Despar,+39040200172,SIC-ID-F5FCFB164B76,45,,SICUREZZA,0,PROMO_SETTEMBRE_VIP,ATTIVO
fratellibraida@libero.it,Null,Null,Fratelli Braida,+39040201196+39040201168,SIC-ID-230D3835F8A3,45,,SICUREZZA,0,PROMO_SETTEMBRE_VIP,ATTIVO
goldoni@supermercatibosco.it,Null,Null,Supermercati Bosco,+39040636002,SIC-ID-BCC61D0983E8,45,,SICUREZZA,0,PROMO_SETTEMBRE_VIP,ATTIVO
monfalcone@marinazauto.it,Null,Null,Marinaz Auto,+39048140153,SIC-ID-129404B3BC16,45,,SICUREZZA,0,PROMO_SETTEMBRE_VIP,ATTIVO
ferramenta@pitacco.net,Null,Null,Pitacco,+3904282305,SIC-ID-BE1C53FEF08A,45,,SICUREZZA,0,PROMO_SETTEMBRE_VIP,ATTIVO
vodopauto@gmail.com,Null,Null,Vodopivec,+39040229122,SIC-ID-37254B9C2C22,45,,SICUREZZA,0,PROMO_SETTEMBRE_VIP,ATTIVO
info@tecnoutensili.eu,Null,Null,Tecnoutensili Terčon,+39040212397,SIC-ID-D82CC821C68D,45,,SICUREZZA,0,PROMO_SETTEMBRE_VIP,ATTIVO
brundula@inwind.it,Null,Null,Brundula Moto Auto Ricambi - Avto Deli,+39040211022,SIC-ID-5036077AE6AB,45,,SICUREZZA,0,PROMO_SETTEMBRE_VIP,ATTIVO
tospra@supertosano.com,Null,Null,Ipertosano,+390432670158,SIC-ID-43142A072035,45,,SICUREZZA,0,PROMO_SETTEMBRE_VIP,ATTIVO
info@ridolfoalimentari.it,Null,Null,Ridolfo Alimentari,+39043171218,SIC-ID-B9C2293C5126,45,,SICUREZZA,0,PROMO_SETTEMBRE_VIP,ATTIVO
info@abrasmarmi.com,Null,Null,Abrasmarmi,+39040200193,SIC-ID-84B7F87EF08F,45,,SICUREZZA,0,PROMO_SETTEMBRE_VIP,ATTIVO
furlanis@ama-crai.it,Null,Null,Crai,+39043171446,SIC-ID-B07B6A5A4483,45,,SICUREZZA,0,PROMO_SETTEMBRE_VIP,ATTIVO
lacarrozzeriasnc@virgilio.it,Null,Null,La Carrozzeria,+390481484803,SIC-ID-1EFEA859EBE2,45,,SICUREZZA,0,PROMO_SETTEMBRE_VIP,ATTIVO
info@amascarl.it,Null,Null,Crai,+3904232861,SIC-ID-1611786E68F3,45,,SICUREZZA,0,PROMO_SETTEMBRE_VIP,ATTIVO
fc.altopianopine.baselga@cooptrentina.it,Null,Null,Coop,+390461557245,SIC-ID-FAB97FB32350,45,,SICUREZZA,0,PROMO_SETTEMBRE_VIP,ATTIVO
olang@naves.it,Null,Null,Coop Konsum,+390474497110,SIC-ID-0FEA637383B9,45,,SICUREZZA,0,PROMO_SETTEMBRE_VIP,ATTIVO
market@vn-drinks.com,Null,Null,Vontavon Niederstätter,+390472840186,SIC-ID-898CBD9955C1,45,,SICUREZZA,0,PROMO_SETTEMBRE_VIP,ATTIVO
conadortisei@mclinknet.it,Null,Null,Conad Maciaconi,+390471781310,SIC-ID-ACF9349B8E75,45,,SICUREZZA,0,PROMO_SETTEMBRE_VIP,ATTIVO
vinschger@bauernladen.it,Null,Null,Vinschger Bauernladen,+390473667723,SIC-ID-39459B9F9946,45,,SICUREZZA,0,PROMO_SETTEMBRE_VIP,ATTIVO
info@gardenacenter.com,Null,Null,Despar,+390471773331,SIC-ID-4951DA96ADA0,45,,SICUREZZA,0,PROMO_SETTEMBRE_VIP,ATTIVO
cristofarimercedes@libero.it,Null,Null,Cristofari,+390464552174,SIC-ID-78C8CBEAEFD8,45,,SICUREZZA,0,PROMO_SETTEMBRE_VIP,ATTIVO
info@formibz.it,Null,Null,Altromercato,+390471502821,SIC-ID-01E904C9E737,45,,SICUREZZA,0,PROMO_SETTEMBRE_VIP,ATTIVO
info@casari.net,Null,Null,Casari,+390464521130,SIC-ID-FB6F348D2204,45,,SICUREZZA,0,PROMO_SETTEMBRE_VIP,ATTIVO
info@sanin.it,Null,Null,Eisenwaren Ferramenta Sanin,+390471662178,SIC-ID-A93DC07348A5,45,,SICUREZZA,0,PROMO_SETTEMBRE_VIP,ATTIVO
info@bioparadies.it,Null,Null,Bio Paradies,+390471660708,SIC-ID-CA320EDDE57A,45,,SICUREZZA,0,PROMO_SETTEMBRE_VIP,ATTIVO
info@kfz-reinthaler.it,Null,Null,Kfz Reinthaler,+393288926250,SIC-ID-404A6D4E9EA3,45,,SICUREZZA,0,PROMO_SETTEMBRE_VIP,ATTIVO
info@franzinelli.com,Null,Null,Vigilio Franzinelli Ferramenta,+390461220161,SIC-ID-720885A73111,45,,SICUREZZA,0,PROMO_SETTEMBRE_VIP,ATTIVO
info@angeroracing.com,Null,Null,Angeloracing,+390463422881,SIC-ID-3E8BC7A9A18B,45,,SICUREZZA,0,PROMO_SETTEMBRE_VIP,ATTIVO
calliano@biblio.tn.it,Null,Null,Biblioteca Comunale,+390464830162,SIC-ID-50F6B79F0ACC,45,,SICUREZZA,0,PROMO_SETTEMBRE_VIP,ATTIVO
info@amicaauto.net,Null,Null,Amica Auto,+390461245617,SIC-ID-62923F6AF060,45,,SICUREZZA,0,PROMO_SETTEMBRE_VIP,ATTIVO
zamacsas1@virgilio.it,Null,Null,Zamac S.a.s. Macchine,+390461994410,SIC-ID-FCC61CA32ECE,45,,SICUREZZA,0,PROMO_SETTEMBRE_VIP,ATTIVO
brixen@obi-suedtirol.com,Null,Null,Obi,+390472975301,SIC-ID-CE0D76205706,45,,SICUREZZA,0,PROMO_SETTEMBRE_VIP,ATTIVO
caldes@vallatesolandre.it,Null,Null,Conad,+390463901333,SIC-ID-14DE626520C7,45,,SICUREZZA,0,PROMO_SETTEMBRE_VIP,ATTIVO
info@lagastronomiamein.it,Null,Null,La Gastronomia Mein,+390461235217,SIC-ID-BE446618939F,45,,SICUREZZA,0,PROMO_SETTEMBRE_VIP,ATTIVO
info@malojer.it,Null,Null,Malojer,+390471972885,SIC-ID-2755EF898F30,45,,SICUREZZA,0,PROMO_SETTEMBRE_VIP,ATTIVO
info@drogheriamicheli.it,Null,Null,Drogheria Micheli,+390464421154,SIC-ID-407071270EFA,45,,SICUREZZA,0,PROMO_SETTEMBRE_VIP,ATTIVO
info@moccagatta.eu,Null,Null,Moccagatta,+390173635228,SIC-ID-96FD2A7981E1,25,,SICUREZZA,0,PROMO_SETTEMBRE_VIP,ATTIVO
info@annamariabbona.it,Null,Null,Anna Maria Abbona,+390173797228,SIC-ID-329B7DD22DAA,25,,SICUREZZA,0,PROMO_SETTEMBRE_VIP,ATTIVO
info@eliograsso.it,Null,Null,Elio Grasso,,SIC-ID-48D8077134B2,25,,SICUREZZA,0,PROMO_SETTEMBRE_VIP,ATTIVO
info@dbjoomla.com,Null,Null,Dbjoomla Realizzazione Siti Internet Torino,+39037454388,SIC-ID-6B1A2CA4058D,25,,SICUREZZA,0,PROMO_SETTEMBRE_VIP,ATTIVO
online@studiofotocasale.it,Null,Null,Studio Foto Casale,+390142456640+39351560975,SIC-ID-BA3E264CD6B8,25,,SICUREZZA,0,PROMO_SETTEMBRE_VIP,ATTIVO
angysimeoni@hotmail.it,Null,Null,Coccole Di Colore,+39327997082,SIC-ID-4DBFDD9AFCE7,25,,SICUREZZA,0,PROMO_SETTEMBRE_VIP,ATTIVO
info@bontondipietrini.it,Null,Null,Bon Ton Catering & Banqueting,+390122629740,SIC-ID-70D1F2AAE033,25,,SICUREZZA,0,PROMO_SETTEMBRE_VIP,ATTIVO
puntofoto.mf@libero.it,Null,Null,Punto Foto,+390121795323,SIC-ID-462DA8A84AD4,25,,SICUREZZA,0,PROMO_SETTEMBRE_VIP,ATTIVO
info@cantinarivalta.it,Null,Null,Cantina Sociale Rivalta Borimda,+390144372149,SIC-ID-9311BF30749E,25,,SICUREZZA,0,PROMO_SETTEMBRE_VIP,ATTIVO
info@vinigarrone.it,Null,Null,Azienda Agricola Garrone Evasio & Figlio,,SIC-ID-6880AB956468,25,,SICUREZZA,0,PROMO_SETTEMBRE_VIP,ATTIVO
info@cantinadelglicine.com,Null,Null,Cantina Del Glicine,+39017367215,SIC-ID-FABFD8FA8481,25,,SICUREZZA,0,PROMO_SETTEMBRE_VIP,ATTIVO
syllasebaste@syllasebaste.com,Null,Null,Azienda Agrivinicola Sebaste,,SIC-ID-A9011F9910F3,25,,SICUREZZA,0,PROMO_SETTEMBRE_VIP,ATTIVO
vetreriaallais@gmail.com,Null,Null,Vetreria Allais,+390116055006,SIC-ID-76A4F6301339,25,,SICUREZZA,0,PROMO_SETTEMBRE_VIP,ATTIVO
info@ginkgo-giardini.it,Null,Null,Ginkgo Giardini,+390116970016,SIC-ID-5086813F1DE4,25,,SICUREZZA,0,PROMO_SETTEMBRE_VIP,ATTIVO
info@caditulin.it,Null,Null,Azienda Agricola Ca D'tulin,,SIC-ID-C489D26180DC,25,,SICUREZZA,0,PROMO_SETTEMBRE_VIP,ATTIVO
info@birrificiocastagnero.it,Null,Null,Birrificio Castagnero,,SIC-ID-9617FB31C187,25,,SICUREZZA,0,PROMO_SETTEMBRE_VIP,ATTIVO
bagattservices@gmail.com,Null,Null,Bagatt,+3901411775047,SIC-ID-BFD3905758D0,25,,SICUREZZA,0,PROMO_SETTEMBRE_VIP,ATTIVO
vicara@vicara.it,Null,Null,Vicara,,SIC-ID-67A473B3F62F,25,,SICUREZZA,0,PROMO_SETTEMBRE_VIP,ATTIVO
antoniogagliardi.idraulico@gmail.com,Null,Null,Tig Di Antonio Gagliardi,+393296819934,SIC-ID-0035A778BF20,25,,SICUREZZA,0,PROMO_SETTEMBRE_VIP,ATTIVO
info@birrificiodellagranda.it,Null,Null,Birrificio Della Granda,,SIC-ID-B6E5C013E5EA,25,,SICUREZZA,0,PROMO_SETTEMBRE_VIP,ATTIVO
info@birrificiotrunasse.it,Null,Null,Birrificio Trunasse,,SIC-ID-4AC12D4F26FF,25,,SICUREZZA,0,PROMO_SETTEMBRE_VIP,ATTIVO
info@purostile.net,Null,Null,Purostile Fotografia,+390115537779,SIC-ID-C9415B01DCBE,25,,SICUREZZA,0,PROMO_SETTEMBRE_VIP,ATTIVO
info@distilleriaalpina.it,Null,Null,Distilleria Erboristica Alpina,+39012231909,SIC-ID-AD6F163171B9,25,,SICUREZZA,0,PROMO_SETTEMBRE_VIP,ATTIVO
tecnog.com@gmail.com,Null,Null,Tecnog.com Di Giannarzia Francesco,+393392482809,SIC-ID-57512595A4A1,25,,SICUREZZA,0,PROMO_SETTEMBRE_VIP,ATTIVO
info@birrificiobeerin.it,Null,Null,Birrificio Beer In,+390150157607,SIC-ID-F87606A122C3,25,,SICUREZZA,0,PROMO_SETTEMBRE_VIP,ATTIVO
giuseppe.messina@msn.com,Null,Null,Mg Forme Metalliche,+393334524166,SIC-ID-526CADD91502,25,,SICUREZZA,0,PROMO_SETTEMBRE_VIP,ATTIVO
info@birralaval.it,Null,Null,Birrificio Valsusa,,SIC-ID-9B99450EA935,25,,SICUREZZA,0,PROMO_SETTEMBRE_VIP,ATTIVO
info@birrificioalba.it,Null,Null,Birrificio Alba,,SIC-ID-DD276E604F5B,25,,SICUREZZA,0,PROMO_SETTEMBRE_VIP,ATTIVO
info@meccanicamoresco.net,Null,Null,Moresco F.lli Snc Lavorazioni Meccaniche,+390175345228,SIC-ID-C424E6724292,25,,SICUREZZA,0,PROMO_SETTEMBRE_VIP,ATTIVO
calzoleriadavid@calzoleriadavid.com,Null,Null,Calzoleria David,+393315948439,SIC-ID-2E88E21BCEA1,25,,SICUREZZA,0,PROMO_SETTEMBRE_VIP,ATTIVO
werner@fotoravaioli.com,Null,Null,Studio Fotografico Ravaioli,+390171619109,SIC-ID-3725EE7165EA,25,,SICUREZZA,0,PROMO_SETTEMBRE_VIP,ATTIVO
progettoimmagine@gmail.com,Null,Null,Andrea Chiesa È Progetto Immagine,+39360460306,SIC-ID-F59B23922978,25,,SICUREZZA,0,PROMO_SETTEMBRE_VIP,ATTIVO
par.pavimenti@libero.it,Null,Null,Par Pavimenti,+390171339799,SIC-ID-1416847BC766,25,,SICUREZZA,0,PROMO_SETTEMBRE_VIP,ATTIVO
info@birrasm.it,Null,Null,Birrificio San Michele,,SIC-ID-8C07827170B7,25,,SICUREZZA,0,PROMO_SETTEMBRE_VIP,ATTIVO
frabusan@libero.it,Null,Null,Frabusan Ki Taiou,,SIC-ID-63A6CAE8EB7B,25,,SICUREZZA,0,PROMO_SETTEMBRE_VIP,ATTIVO
baroloferrero@baroloferrero.com,Null,Null,Fratelli Ferrero,+39017350691,SIC-ID-4F25A4BDDF98,25,,SICUREZZA,0,PROMO_SETTEMBRE_VIP,ATTIVO
marrone@agricolamarrone.com,Null,Null,Agricola Gian Piero Marrone,,SIC-ID-214A03FD95BD,25,,SICUREZZA,0,PROMO_SETTEMBRE_VIP,ATTIVO
polenghi.g@gmail.com,Null,Null,Polenghi Impianti Elettrici,+393355735744,SIC-ID-8468FC759BAC,25,,SICUREZZA,0,PROMO_SETTEMBRE_VIP,ATTIVO
svelettrotecnica@gmail.com,Null,Null,Sv Elettrotecnica Di Stefano Vanna,+393491768495,SIC-ID-6674BD8BD648,25,,SICUREZZA,0,PROMO_SETTEMBRE_VIP,ATTIVO
info@fgfalsone.com,Null,Null,Falsone Serramenti,+39011610847,SIC-ID-8DB08C0E64DA,25,,SICUREZZA,0,PROMO_SETTEMBRE_VIP,ATTIVO
rocca.gabriele@gmail.com,Null,Null,Azienda Vinicola Rocca Gabriele,+393346293329,SIC-ID-21B7BB2FFE72,25,,SICUREZZA,0,PROMO_SETTEMBRE_VIP,ATTIVO
info@colvetoraz.it,Null,Null,Cantina Col Vetoraz,+390423975291,SIC-ID-209E888CED02,25,,SICUREZZA,0,PROMO_SETTEMBRE_VIP,ATTIVO
bolsini@hotmail.com,Null,Null,Lam Venezia,,SIC-ID-9377C45B2FE7,25,,SICUREZZA,0,PROMO_SETTEMBRE_VIP,ATTIVO
prontofotovr@libero.it,Null,Null,Prontofoto Olimpia,+39045572020,SIC-ID-49E9EBD7FB3F,25,,SICUREZZA,0,PROMO_SETTEMBRE_VIP,ATTIVO
renato.begnoni@tin.it,Null,Null,Renato Begnoni Fotografo,+390456301768,SIC-ID-D542D2C3A727,25,,SICUREZZA,0,PROMO_SETTEMBRE_VIP,ATTIVO
apicolturapiccolo@libero.it,Null,Null,Piccolo Renato,+390495792405,SIC-ID-40AE1F40756C,25,,SICUREZZA,0,PROMO_SETTEMBRE_VIP,ATTIVO
info@birrificiob2o.it,Null,Null,Birrificio B2o,+3904211765670,SIC-ID-752EDAA4861A,25,,SICUREZZA,0,PROMO_SETTEMBRE_VIP,ATTIVO
info@ercolemoretti.it,Null,Null,Ercole Moretti,+39041739083,SIC-ID-532844328572,25,,SICUREZZA,0,PROMO_SETTEMBRE_VIP,ATTIVO
info@montelliana.it,Null,Null,Cantina Sociale Montelliana E Dei Colli Asolani,+39042322661,SIC-ID-57311D1E10B2,25,,SICUREZZA,0,PROMO_SETTEMBRE_VIP,ATTIVO
casacapra@tiscali.it,Null,Null,Casa Capra,+390458901998,SIC-ID-7BCF034CFCB8,25,,SICUREZZA,0,PROMO_SETTEMBRE_VIP,ATTIVO
fabbrocarpenteriesrl@virgilio.it,Null,Null,Fabbro Carpenterie (metallica),+390444976233,SIC-ID-210D540C9B6A,25,,SICUREZZA,0,PROMO_SETTEMBRE_VIP,ATTIVO
reception@ducalemurano.com,Null,Null,Vetreria Ducale,+39041739922,SIC-ID-A61D0A30AB12,25,,SICUREZZA,0,PROMO_SETTEMBRE_VIP,ATTIVO
info@cislumina.com,Null,Null,Centro Infissi Security,+390444658998,SIC-ID-769B8C238843,25,,SICUREZZA,0,PROMO_SETTEMBRE_VIP,ATTIVO
info@barin.it,Null,Null,Barin Srl,,SIC-ID-98D17E5B9C44,25,,SICUREZZA,0,PROMO_SETTEMBRE_VIP,ATTIVO
info@47annodomini.it,Null,Null,47 Anno Domini,,SIC-ID-5167B2B79CCA,25,,SICUREZZA,0,PROMO_SETTEMBRE_VIP,ATTIVO
fotootticasartore@libero.it,Null,Null,Foto Ottica Sartore,+390495941655,SIC-ID-239DCC181F2E,25,,SICUREZZA,0,PROMO_SETTEMBRE_VIP,ATTIVO
faber@fabermobili.com,Null,Null,Faber Mobili Srl,+390423410000,SIC-ID-DE4EFEEACD30,25,,SICUREZZA,0,PROMO_SETTEMBRE_VIP,ATTIVO
info@tenutagrimani.com,Null,Null,Tenuta Grimani,,SIC-ID-FA2D1C235262,25,,SICUREZZA,0,PROMO_SETTEMBRE_VIP,ATTIVO
mvitacchio@gmail.com,Null,Null,Azienda Agricola Vitacchio Emilio,,SIC-ID-29E73534528E,25,,SICUREZZA,0,PROMO_SETTEMBRE_VIP,ATTIVO
cantina@transitfarm.com,Null,Null,Transit Farm,+390445397083,SIC-ID-02FDE5CAF009,25,,SICUREZZA,0,PROMO_SETTEMBRE_VIP,ATTIVO
info@coldovigo.com,Null,Null,Col Dovigo,+390445874264,SIC-ID-17BBC0B8C76F,25,,SICUREZZA,0,PROMO_SETTEMBRE_VIP,ATTIVO
organs@ruffatti.com,Null,Null,Fratelli Ruffatti,+39049750666,SIC-ID-ABC07372B632,25,,SICUREZZA,0,PROMO_SETTEMBRE_VIP,ATTIVO
info@bermar-moto.it,Null,Null,Bermar Confezioni S.r.l. Unipersonale,+390499461872,SIC-ID-0CF94089EA41,25,,SICUREZZA,0,PROMO_SETTEMBRE_VIP,ATTIVO
info@corterugolin.it,Null,Null,Corte Rugolin,,SIC-ID-F2D5C8E90EFE,25,,SICUREZZA,0,PROMO_SETTEMBRE_VIP,ATTIVO
info@gaetanocaberlotto.com,Null,Null,Gaetano Caberlotto,+390439880229,SIC-ID-213249BBFB0D,25,,SICUREZZA,0,PROMO_SETTEMBRE_VIP,ATTIVO
info@enotecacontemporanea.it,Null,Null,Enoteca Contemporanea,,SIC-ID-552DCDBC1BB1,25,,SICUREZZA,0,PROMO_SETTEMBRE_VIP,ATTIVO
f.centrochiavi@gmail.com,Null,Null,Ferramenta Centro Chiavi,+390444288037,SIC-ID-949799AD98F3,25,,SICUREZZA,0,PROMO_SETTEMBRE_VIP,ATTIVO
info@sartoriasilviozanella.com,Null,Null,Sartoria Silvio Zanella,+390445575713,SIC-ID-D1085BBFCCCE,25,,SICUREZZA,0,PROMO_SETTEMBRE_VIP,ATTIVO
lacantinetta21@gmail.com,Null,Null,La Cantinetta,+39041981714,SIC-ID-9347D17055C6,25,,SICUREZZA,0,PROMO_SETTEMBRE_VIP,ATTIVO
info@edillegnotranciati.it,Null,Null,Edillegno Tranciati,+39049634855,SIC-ID-952ED6184F77,25,,SICUREZZA,0,PROMO_SETTEMBRE_VIP,ATTIVO
info@fratelliscantamburlo.it,Null,Null,Casa Vinicola Fratelli Scantamburlo Snc,+39041469305,SIC-ID-6525EA7782BA,25,,SICUREZZA,0,PROMO_SETTEMBRE_VIP,ATTIVO
venice@ladogaressa.it,Null,Null,La Dogaressa Catering Srl,+390412411081,SIC-ID-0B0FEBD57687,25,,SICUREZZA,0,PROMO_SETTEMBRE_VIP,ATTIVO
bfserramenti.masi@gmail.com,Null,Null,Bf Serramenti,+393406118075,SIC-ID-9358EF7B720B,25,,SICUREZZA,0,PROMO_SETTEMBRE_VIP,ATTIVO
cascinasilvestri@gmail.com,Null,Null,Cascina Silvestri,+393388910746,SIC-ID-203E558B98ED,25,,SICUREZZA,0,PROMO_SETTEMBRE_VIP,ATTIVO
monicanuvola66@gmail.com,Null,Null,Nuvola Sartoria,+390445780460,SIC-ID-8B8B6BC8764D,25,,SICUREZZA,0,PROMO_SETTEMBRE_VIP,ATTIVO
info@rivericambi.it,Null,Null,Rive Riparazioni,+390445370753,SIC-ID-36A31155F8E3,25,,SICUREZZA,0,PROMO_SETTEMBRE_VIP,ATTIVO
radana.bandova@gmail.com,Null,Null,Radana Bandovà Photography,+393334371004,SIC-ID-706B132265EA,25,,SICUREZZA,0,PROMO_SETTEMBRE_VIP,ATTIVO
allacostiera@gmail.com,Null,Null,Alla Costiera,+390499940492,SIC-ID-634B74C6A2DE,25,,SICUREZZA,0,PROMO_SETTEMBRE_VIP,ATTIVO
info@sgsprint.it,Null,Null,Sgs Print,,SIC-ID-6FF3DB2A96C8,25,,SICUREZZA,0,PROMO_SETTEMBRE_VIP,ATTIVO
info@antoniobellan.com,Null,Null,Antonio Bellan Studio,+393398963095,SIC-ID-7F9835D7CE6B,25,,SICUREZZA,0,PROMO_SETTEMBRE_VIP,ATTIVO
info@fotografieconunanima.it,Null,Null,Fotografie Con Un'anima,+393477842715,SIC-ID-12768D9BB198,25,,SICUREZZA,0,PROMO_SETTEMBRE_VIP,ATTIVO
info@dptradeconsulting.com,Null,Null,Tecnoceramica,+390439303112,SIC-ID-345D3C6F54EE,25,,SICUREZZA,0,PROMO_SETTEMBRE_VIP,ATTIVO
tegasss@gmail.com,Null,Null,Legatoria Ferro,+393494737742,SIC-ID-829103A66007,25,,SICUREZZA,0,PROMO_SETTEMBRE_VIP,ATTIVO
info@rikorda.it,Null,Null,Photogabaldo,+390429878189,SIC-ID-D87FDD839ED0,25,,SICUREZZA,0,PROMO_SETTEMBRE_VIP,ATTIVO
itec.impianti.elettrici@gmail.com,Null,Null,Itec Impianti,+393408967997,SIC-ID-239701559FDC,25,,SICUREZZA,0,PROMO_SETTEMBRE_VIP,ATTIVO
info@fallanivenezia.com,Null,Null,Fall Anivenezia,+393355851689,SIC-ID-DCEE3EE670CF,25,,SICUREZZA,0,PROMO_SETTEMBRE_VIP,ATTIVO
otticadimontagnafeltre@gmail.com,Null,Null,Ottica Di Montagna,+393479518438,SIC-ID-410DDA21E7E6,25,,SICUREZZA,0,PROMO_SETTEMBRE_VIP,ATTIVO
info@ilfabbro.info,Null,Null,Il Fabbro,+390439192530,SIC-ID-39BA6817CF27,25,,SICUREZZA,0,PROMO_SETTEMBRE_VIP,ATTIVO
wine@castigliondelbosco.com,Null,Null,Castiglion Del Bosco,+3905771913750,SIC-ID-9E499527E3BA,25,,SICUREZZA,0,PROMO_SETTEMBRE_VIP,ATTIVO
info@ilpalagio.it,Null,Null,Fattoria Il Palagio,+390577953004,SIC-ID-CC87752A42C2,25,,SICUREZZA,0,PROMO_SETTEMBRE_VIP,ATTIVO
fotografic@libero.it,Null,Null,Fotografic - Giulia Casalini,+390558722952,SIC-ID-5927074A5B33,25,,SICUREZZA,0,PROMO_SETTEMBRE_VIP,ATTIVO
egistosalvadorini@virgilio.it,Null,Null,Egisto Salvadorini,+390586405142,SIC-ID-8FD59FA39BFD,25,,SICUREZZA,0,PROMO_SETTEMBRE_VIP,ATTIVO
lacasadellastampa@gmail.com,Null,Null,La Casa Della Stampa,+4943310484,SIC-ID-645677B9F887,25,,SICUREZZA,0,PROMO_SETTEMBRE_VIP,ATTIVO
bmassistenza@libero.it,Null,Null,Bm Assistenza Elettronica,+393288990980,SIC-ID-A385F48ACDB2,25,,SICUREZZA,0,PROMO_SETTEMBRE_VIP,ATTIVO
info@imballoinlegno.it,Null,Null,Nardi E Banti Imballaggi Srl,+390583289258,SIC-ID-DEE603BBEBC6,25,,SICUREZZA,0,PROMO_SETTEMBRE_VIP,ATTIVO
contact@querciabella.com,Null,Null,Querciabella,+3905585927777,SIC-ID-7FB626E6A5A6,25,,SICUREZZA,0,PROMO_SETTEMBRE_VIP,ATTIVO
ferdinando@fggroup-viareggio.it,Null,Null,Fg Group - Calzolaio Il Diavolo Delle Scarpe,+393287197911,SIC-ID-D38C67A8FE0C,25,,SICUREZZA,0,PROMO_SETTEMBRE_VIP,ATTIVO
nonnobertomiele@gmail.com,Null,Null,Podere Berto - Cantina,+393208817653,SIC-ID-6F8F50428D3B,25,,SICUREZZA,0,PROMO_SETTEMBRE_VIP,ATTIVO
info@collevilca.it,Null,Null,Collevilca,+390577927204,SIC-ID-C1B3F2289554,25,,SICUREZZA,0,PROMO_SETTEMBRE_VIP,ATTIVO
lilia@elsaglass.it,Null,Null,Cristallerie Elsaglass,+390577928320,SIC-ID-66AADFA19FA4,25,,SICUREZZA,0,PROMO_SETTEMBRE_VIP,ATTIVO
info@sandonato.it,Null,Null,Fattoria San Donato,+390577941616,SIC-ID-A41DF4DC9876,25,,SICUREZZA,0,PROMO_SETTEMBRE_VIP,ATTIVO
info@verrazzano.com,Null,Null,Agriturismo Castello Di Verrazzano,,SIC-ID-A4C544D733A4,25,,SICUREZZA,0,PROMO_SETTEMBRE_VIP,ATTIVO
aziendacasanuova@gmail.com,Null,Null,Casanuova Azienda Agricola Biologica,,SIC-ID-57C2C05E094C,25,,SICUREZZA,0,PROMO_SETTEMBRE_VIP,ATTIVO
dimitrio1@dimitrioellett.191.it,Null,Null,Piero Elettroricambi,+390571591831,SIC-ID-DB63AE2D9661,25,,SICUREZZA,0,PROMO_SETTEMBRE_VIP,ATTIVO
info@azienda-trequanda.it,Null,Null,Punto Vendita Azienda Agricola Trequanda,,SIC-ID-5C65440569F9,25,,SICUREZZA,0,PROMO_SETTEMBRE_VIP,ATTIVO
tridental2@gmail.com,Null,Null,Tridental Sas,+39050788114,SIC-ID-34A9041D6FD4,25,,SICUREZZA,0,PROMO_SETTEMBRE_VIP,ATTIVO
ambvet.ricciotti@gmail.com,Null,Null,Ambulatorio Veterinario Ricciotti,+39063214242,SIC-ID-E5BB61B393CA,86,,SICUREZZA,0,PROMO_SETTEMBRE_VIP,ATTIVO
farmacieroma@gmail.com,Null,Null,Farmacia Cipro,+390639749631,SIC-ID-71F24BCA19EB,86,,SICUREZZA,0,PROMO_SETTEMBRE_VIP,ATTIVO
farmappia@tiscali.it,Null,Null,Farmacia Appia,+390771500958,SIC-ID-BE6477756AA7,86,,SICUREZZA,0,PROMO_SETTEMBRE_VIP,ATTIVO
farmacia2@comune.genzanodiroma.roma.it,Null,Null,Farmacia Comunale 2,,SIC-ID-A2D439CC5F52,86,,SICUREZZA,0,PROMO_SETTEMBRE_VIP,ATTIVO
farmacia1@comune.genzanodiroma.roma.it,Null,Null,Farmacia Comunale 1,,SIC-ID-C9F4A0B3BDE1,86,,SICUREZZA,0,PROMO_SETTEMBRE_VIP,ATTIVO
info@esserebenessere.it,Null,Null,Essere Benessere,,SIC-ID-52BB89A40AB2,86,,SICUREZZA,0,PROMO_SETTEMBRE_VIP,ATTIVO
amministrazione@farmaciastatuto.com,Null,Null,Farmacia Allo Statuto,+39064465788,SIC-ID-8EAE1C62EA23,86,,SICUREZZA,0,PROMO_SETTEMBRE_VIP,ATTIVO
farmaciafettarappa@gmail.com,Null,Null,Farmacia Fettarappa,+39063729615,SIC-ID-BC9AE4D7B277,86,,SICUREZZA,0,PROMO_SETTEMBRE_VIP,ATTIVO
info@veterinariaroma.it,Null,Null,Dott. Amerio Croce,+390670301455+393289386010,SIC-ID-7450BF26A5BA,86,,SICUREZZA,0,PROMO_SETTEMBRE_VIP,ATTIVO
marchemirti@tiscali.it,Null,Null,Farmacia Fratelli Marchetti,,SIC-ID-60F0B6B6C324,86,,SICUREZZA,0,PROMO_SETTEMBRE_VIP,ATTIVO
info@farmacialatinafiori.it,Null,Null,Farmacia Latinafiori,+390773480549,SIC-ID-0DE57493C6BA,86,,SICUREZZA,0,PROMO_SETTEMBRE_VIP,ATTIVO
ambulatorioassociato@gmail.com,Null,Null,"Ambulatorio Veterinario Associato ""villa Lazzaroni""",+39067887143,SIC-ID-CE6925B5CEB3,86,,SICUREZZA,0,PROMO_SETTEMBRE_VIP,ATTIVO
palma.ludovico@gmail.it,Null,Null,Biologo Nutrizionista Dr Ludovico Palma,+393487491216,SIC-ID-68A24772A39E,86,,SICUREZZA,0,PROMO_SETTEMBRE_VIP,ATTIVO
generosopasticceria@libero.it,Null,Null,Pasticceria Generoso,+390817390463+393663810,SIC-ID-E864405441F6,25,,SICUREZZA,0,PROMO_SETTEMBRE_VIP,ATTIVO
info@cantinadelvesuvio.it,Null,Null,Cantina Del Vesuvio Winery Russo Family Since 1930,+390815369041,SIC-ID-843EF415E25B,25,,SICUREZZA,0,PROMO_SETTEMBRE_VIP,ATTIVO
info@marinellespose.it,Null,Null,Marinella Spose,+39081402399,SIC-ID-B959928991BA,25,,SICUREZZA,0,PROMO_SETTEMBRE_VIP,ATTIVO
italograssia@hotmail.it,Null,Null,Italo Vittorio Grassia,,SIC-ID-E883A5F4E4BA,25,,SICUREZZA,0,PROMO_SETTEMBRE_VIP,ATTIVO
info@fattorialarivolta.com,Null,Null,Fattoria La Rivolta,+390824872921,SIC-ID-C72B9E2680EA,25,,SICUREZZA,0,PROMO_SETTEMBRE_VIP,ATTIVO
info@papillonsrl.it,Null,Null,Papillon - Sede Operativa,+390818806767,SIC-ID-A94E40F26DFD,25,,SICUREZZA,0,PROMO_SETTEMBRE_VIP,ATTIVO
info@edilsudcostruzioni.com,Null,Null,Edil Sud Costruzioni Srl,+390815330093,SIC-ID-99F23355F88B,25,,SICUREZZA,0,PROMO_SETTEMBRE_VIP,ATTIVO
viapartenope@libero.it,Null,Null,Via Partenope 1,+390815493782,SIC-ID-6ED257699DDB,25,,SICUREZZA,0,PROMO_SETTEMBRE_VIP,ATTIVO
da@distilleriearagonesi.com,Null,Null,Distillerie Aragonesi,+390819758441,SIC-ID-7AC98B7AADE4,25,,SICUREZZA,0,PROMO_SETTEMBRE_VIP,ATTIVO
aginfissicenter@gmail.com,Null,Null,Ag Infissi Center,,SIC-ID-4AA2E1240582,25,,SICUREZZA,0,PROMO_SETTEMBRE_VIP,ATTIVO
info@giuliomartino.it,Null,Null,Giulio Martino Fotografo,+393476514630,SIC-ID-C8DCA01589DC,25,,SICUREZZA,0,PROMO_SETTEMBRE_VIP,ATTIVO
info@cms-sorrento.it,Null,Null,Cms,+390815322333,SIC-ID-0EB28F5E6F82,25,,SICUREZZA,0,PROMO_SETTEMBRE_VIP,ATTIVO
info@selladellespine.it,Null,Null,Sella Delle Spine,+3908277408,SIC-ID-449A5E6879C8,25,,SICUREZZA,0,PROMO_SETTEMBRE_VIP,ATTIVO
info@caseificiomichelangelo.com,Null,Null,Caseificio Michelangelo,,SIC-ID-CA323E7F4060,25,,SICUREZZA,0,PROMO_SETTEMBRE_VIP,ATTIVO
info@fonderiagemito.it,Null,Null,Fonderia Artistica Gemito,+390815756925,SIC-ID-4328910786BB,25,,SICUREZZA,0,PROMO_SETTEMBRE_VIP,ATTIVO
info@gargiuloinlaid.it,Null,Null,Gargiulo,+390818782420,SIC-ID-4A4763B0E841,25,,SICUREZZA,0,PROMO_SETTEMBRE_VIP,ATTIVO
info@mariotalarico.it,Null,Null,Mario Talarico,+39081407723,SIC-ID-1355D9986398,25,,SICUREZZA,0,PROMO_SETTEMBRE_VIP,ATTIVO
info@gaetanofalcone.it,Null,Null,Gaetano Falcone Fotografo,+39081916347,SIC-ID-03E90918A56D,25,,SICUREZZA,0,PROMO_SETTEMBRE_VIP,ATTIVO
info@casaledelpiano.eu,Null,Null,Casale Del Piano,+390818792138,SIC-ID-B7476A4550C2,25,,SICUREZZA,0,PROMO_SETTEMBRE_VIP,ATTIVO
info@eurosm.it,Null,Null,Sm Parquet,+390818567450,SIC-ID-3F0CCEEA62D9,25,,SICUREZZA,0,PROMO_SETTEMBRE_VIP,ATTIVO
info.oroagro@gmail.com,Null,Null,Oro Agro,+393664110954,SIC-ID-67D9206704E3,25,,SICUREZZA,0,PROMO_SETTEMBRE_VIP,ATTIVO
info@casadamalfi.it,Null,Null,Casa D'amalfi,+390815138872,SIC-ID-8701501E3A37,25,,SICUREZZA,0,PROMO_SETTEMBRE_VIP,ATTIVO
floreal98b.parking@gmail.com,Null,Null,Floreal S.r.l,+3908119532646,SIC-ID-4DF8749CE985,25,,SICUREZZA,0,PROMO_SETTEMBRE_VIP,ATTIVO
cacetta.7@gmail.com,Null,Null,Cacetta,+393453454700,SIC-ID-AB180D3E78E4,25,,SICUREZZA,0,PROMO_SETTEMBRE_VIP,ATTIVO
otticarita@libero.it,Null,Null,Ottica Rita Ottomano,+390804968918,SIC-ID-062DC9FDACFD,25,,SICUREZZA,0,PROMO_SETTEMBRE_VIP,ATTIVO
laterracotta@email.it,Null,Null,La Terracotta,,SIC-ID-F4DC34994947,25,,SICUREZZA,0,PROMO_SETTEMBRE_VIP,ATTIVO
info@ottavionuccio.com,Null,Null,Ottavio Nuccio Gala,+390833706320,SIC-ID-7088D602634D,25,,SICUREZZA,0,PROMO_SETTEMBRE_VIP,ATTIVO
info@birrificiomalatesta.it,Null,Null,Birrificio Malatesta,+3908321693946,SIC-ID-097643BFB5BD,25,,SICUREZZA,0,PROMO_SETTEMBRE_VIP,ATTIVO
assistenza@ligragas.com,Null,Null,Li.gra.gas Srl,+390832217569,SIC-ID-3F8F3931AB03,25,,SICUREZZA,0,PROMO_SETTEMBRE_VIP,ATTIVO
info@casadellachiavesnc.com,Null,Null,Casa Della Chiave,+3908321690971,SIC-ID-58A66F83953C,25,,SICUREZZA,0,PROMO_SETTEMBRE_VIP,ATTIVO
info@cantinecarpentiere.it,Null,Null,Cantine Carpentiere,+390809697725,SIC-ID-226A7F3E06FB,25,,SICUREZZA,0,PROMO_SETTEMBRE_VIP,ATTIVO
bari.cavour@iriparo.it,Null,Null,Iriparo,+390805232381,SIC-ID-77E3A1AFDCBB,25,,SICUREZZA,0,PROMO_SETTEMBRE_VIP,ATTIVO
info@oldclockbari.it,Null,Null,Old Clock,+393389457994,SIC-ID-D367F4BB6882,25,,SICUREZZA,0,PROMO_SETTEMBRE_VIP,ATTIVO
info@instaltermo.it,Null,Null,Instaltermo Di Carriero G. & C. Snc,+390804801693,SIC-ID-C971B168F1F5,25,,SICUREZZA,0,PROMO_SETTEMBRE_VIP,ATTIVO
antonioelia.fabbro@libero.it,Null,Null,Elia Ferro Battuto,+393384566517,SIC-ID-77F2B2CDB54E,25,,SICUREZZA,0,PROMO_SETTEMBRE_VIP,ATTIVO
sovetvetreria@libero.it,Null,Null,So.vet. Vetreria,+390833781268,SIC-ID-F59BC6AA1550,25,,SICUREZZA,0,PROMO_SETTEMBRE_VIP,ATTIVO
gennarolegari@hotmail.it,Null,Null,G-repair,+393278651680,SIC-ID-01F540A73060,25,,SICUREZZA,0,PROMO_SETTEMBRE_VIP,ATTIVO
info@cantinesanmarzano.com,Null,Null,Cantine San Marzano,+390999574181,SIC-ID-40139EA329F7,25,,SICUREZZA,0,PROMO_SETTEMBRE_VIP,ATTIVO
borgiac@outlook.it,Null,Null,Borgiăc,+390883347650,SIC-ID-CF8E2253139A,25,,SICUREZZA,0,PROMO_SETTEMBRE_VIP,ATTIVO
falegnameriagraf@gmail.com,Null,Null,G.r.a.f.,+393388126475,SIC-ID-F0969DE93C5B,25,,SICUREZZA,0,PROMO_SETTEMBRE_VIP,ATTIVO
drphonetaranto@outlook.com,Null,Null,Dr. Phone,+390999421203+393914204,SIC-ID-C48F09864F96,25,,SICUREZZA,0,PROMO_SETTEMBRE_VIP,ATTIVO
info@tarallificiosanpadrepio.it,Null,Null,Tarallificio San Padre Pio,+390883526447,SIC-ID-772F95A3CDDB,25,,SICUREZZA,0,PROMO_SETTEMBRE_VIP,ATTIVO
info@puntoidro.it,Null,Null,Puntoidro,,SIC-ID-9E9EE88539D8,25,,SICUREZZA,0,PROMO_SETTEMBRE_VIP,ATTIVO
info@lapulisan.it,Null,Null,La Pulisan,+390805796950,SIC-ID-193DAC15CC3C,25,,SICUREZZA,0,PROMO_SETTEMBRE_VIP,ATTIVO
bari@meloripari.it,Null,Null,Meloripari,+393801234567,SIC-ID-9716FBADA0CF,25,,SICUREZZA,0,PROMO_SETTEMBRE_VIP,ATTIVO
lamaisondartitalia@gmail.com,Null,Null,La Maison D'art,+393288126268,SIC-ID-CF1A03E4E70D,25,,SICUREZZA,0,PROMO_SETTEMBRE_VIP,ATTIVO
amministrazione@salumeriapaparella.it,Null,Null,Paparella,+390805335569,SIC-ID-596511D8860D,25,,SICUREZZA,0,PROMO_SETTEMBRE_VIP,ATTIVO
info@fedinfissi.it,Null,Null,Fed Infissi,+393382593472,SIC-ID-77873696417C,25,,SICUREZZA,0,PROMO_SETTEMBRE_VIP,ATTIVO
info@bivitime.com,Null,Null,Lu Birrocciu By Bivitime,+393240821912,SIC-ID-BB134C17DA3A,25,,SICUREZZA,0,PROMO_SETTEMBRE_VIP,ATTIVO
info@oliodepadova.it,Null,Null,Cantina Bosco,+390999704083,SIC-ID-1152FF7CBCDD,25,,SICUREZZA,0,PROMO_SETTEMBRE_VIP,ATTIVO
info@erminiocampa.it,Null,Null,Erminio Campa Viticoltore,+393383940636,SIC-ID-9716B16D8327,25,,SICUREZZA,0,PROMO_SETTEMBRE_VIP,ATTIVO
enotriavineria@gmail.com,Null,Null,Enotria Vineria,+393297304173,SIC-ID-15FA6260E08F,25,,SICUREZZA,0,PROMO_SETTEMBRE_VIP,ATTIVO
exconventogrottaglie@gmail.com,Null,Null,Ex Convento - Laboratorio Urbano,,SIC-ID-9A9FE007BDE0,25,,SICUREZZA,0,PROMO_SETTEMBRE_VIP,ATTIVO
galleriadellafoto@libero.it,Null,Null,Galleria Della Foto,+390923907295,SIC-ID-AB4983022935,25,,SICUREZZA,0,PROMO_SETTEMBRE_VIP,ATTIVO
lagiv84@alice.it,Null,Null,Elettricista Tecnico,,SIC-ID-7F28FA252734,25,,SICUREZZA,0,PROMO_SETTEMBRE_VIP,ATTIVO
info@divinedelizie.com,Null,Null,Divine Delizie,+393208468647,SIC-ID-9BDEAF7B2770,25,,SICUREZZA,0,PROMO_SETTEMBRE_VIP,ATTIVO
moon.its@hotmail.com,Null,Null,Moon It's - Alab,,SIC-ID-0FF4F19B2840,25,,SICUREZZA,0,PROMO_SETTEMBRE_VIP,ATTIVO
info@anticadolceriarizza.it,Null,Null,Antica Dolceria Rizza,+390932905168,SIC-ID-111446B99E6F,25,,SICUREZZA,0,PROMO_SETTEMBRE_VIP,ATTIVO
scaleedintorni@virgilio.it,Null,Null,Scale E Dintorni Parquet,+393406068544,SIC-ID-F0C6F30C54D5,25,,SICUREZZA,0,PROMO_SETTEMBRE_VIP,ATTIVO
mosca.fotografia@libero.it,Null,Null,Fotografia Mosca,+393203320289,SIC-ID-BE6177D86F83,25,,SICUREZZA,0,PROMO_SETTEMBRE_VIP,ATTIVO
info@vignadipettineo.it,Null,Null,Vigna Di Pettineo,+390932984311,SIC-ID-DC6C263BBD65,25,,SICUREZZA,0,PROMO_SETTEMBRE_VIP,ATTIVO
salvatore.floridia@tin.it,Null,Null,Ceramiche D'arte,+390933060030,SIC-ID-1B7D32AA6FE6,25,,SICUREZZA,0,PROMO_SETTEMBRE_VIP,ATTIVO
fabiosciacchitano@virgilio.it,Null,Null,Fotografo Matrimonio Palermo Fabio Sciacchitano,+393200396546,SIC-ID-ABFF31B080EC,25,,SICUREZZA,0,PROMO_SETTEMBRE_VIP,ATTIVO
info@centrostampe.com,Null,Null,Centro Stampe,+390932903904,SIC-ID-08D0271BD06A,25,,SICUREZZA,0,PROMO_SETTEMBRE_VIP,ATTIVO
emilio@emilfoto.it,Null,Null,Emilfoto,+390921996067,SIC-ID-9F23B38B4073,25,,SICUREZZA,0,PROMO_SETTEMBRE_VIP,ATTIVO
info@robertoromagnolofotografo.it,Null,Null,Roberto Romagnolo Fotografo,+390941901863,SIC-ID-8447C2EE5925,25,,SICUREZZA,0,PROMO_SETTEMBRE_VIP,ATTIVO
info@tenuteseniawine.it,Null,Null,Vini Tenute Senia,+393384515929,SIC-ID-6FA4FD291ED6,25,,SICUREZZA,0,PROMO_SETTEMBRE_VIP,ATTIVO
info@marcodebartoli.com,Null,Null,Cantina Marco De Bartoli,+390923962093,SIC-ID-B0455374F329,25,,SICUREZZA,0,PROMO_SETTEMBRE_VIP,ATTIVO
info@portein.it,Null,Null,Porte In,+393337086096,SIC-ID-94AA08C75E84,25,,SICUREZZA,0,PROMO_SETTEMBRE_VIP,ATTIVO
info@danielmauceri.com,Null,Null,Daniel Mauceri,+393333086316,SIC-ID-D4DA799B5D72,25,,SICUREZZA,0,PROMO_SETTEMBRE_VIP,ATTIVO
argento.pupi@libero.it,Null,Null,Laboratorio Artigianale Famiglia Argento,+390916113680,SIC-ID-2A141CCADA10,25,,SICUREZZA,0,PROMO_SETTEMBRE_VIP,ATTIVO
compagniabrigliadoro@gmail.com,Null,Null,Laboratorio Artigianale Pupi Salvatore Bumbello,+393475995278,SIC-ID-79A6EFA07CF7,25,,SICUREZZA,0,PROMO_SETTEMBRE_VIP,ATTIVO
teatrodeipupikemonia@gmail.com,Null,Null,Laboratorio Franco Cuticchio Figlio D’arte,+393515490399,SIC-ID-2C60EC2461DC,25,,SICUREZZA,0,PROMO_SETTEMBRE_VIP,ATTIVO
teatrocarlomagno@libero.it,Null,Null,Laboratorio Artigianale Pupi Enzo Mancuso,+39347579225,SIC-ID-4FE60313C5AD,25,,SICUREZZA,0,PROMO_SETTEMBRE_VIP,ATTIVO
info@apenera.it,Null,Null,Ape Nera Di Sicilia,,SIC-ID-9B743C33587C,25,,SICUREZZA,0,PROMO_SETTEMBRE_VIP,ATTIVO
mrprintsr@gmail.com,Null,Null,Mr. Print,+393518152697,SIC-ID-195D22336414,25,,SICUREZZA,0,PROMO_SETTEMBRE_VIP,ATTIVO
info@gruppotre-srl.com,Null,Null,Gruppotre,+393466760192+39059309,SIC-ID-FA7B4E0058D8,25,,SICUREZZA,0,PROMO_SETTEMBRE_VIP,ATTIVO
fotovip@fotovip.com,Null,Null,Foto Vip Modena,+39059251522,SIC-ID-18235D2EBE38,25,,SICUREZZA,0,PROMO_SETTEMBRE_VIP,ATTIVO
info@almatek.eu,Null,Null,Almatek,+390544580382,SIC-ID-6CD77E3EC6AE,25,,SICUREZZA,0,PROMO_SETTEMBRE_VIP,ATTIVO
info@vetreriabellariva.com,Null,Null,Vetreria Bellariva,+390541380430,SIC-ID-74C723673988,25,,SICUREZZA,0,PROMO_SETTEMBRE_VIP,ATTIVO
info@squadrani.com,Null,Null,Squadrani,+390541670274,SIC-ID-E60078AD902B,25,,SICUREZZA,0,PROMO_SETTEMBRE_VIP,ATTIVO
info@elaborarredi.it,Null,Null,Elaborarredi,+390541671397,SIC-ID-DC3996CEBD64,25,,SICUREZZA,0,PROMO_SETTEMBRE_VIP,ATTIVO
info@tecno-gas.net,Null,Null,Tecno Gas,+390541678920,SIC-ID-AE0436A7B384,25,,SICUREZZA,0,PROMO_SETTEMBRE_VIP,ATTIVO
info@lartedelverdegiardinaggio.com,Null,Null,L'arte Del Verde,+393662270199,SIC-ID-70D0B9C7875D,25,,SICUREZZA,0,PROMO_SETTEMBRE_VIP,ATTIVO
foscololombardi@libero.it,Null,Null,Liuteria Luigi Foscolo Lombardi (costruzione E Restauro Strumenti Musicali),+393409373444,SIC-ID-B806B82D5611,25,,SICUREZZA,0,PROMO_SETTEMBRE_VIP,ATTIVO
info@rullosutela.it,Null,Null,Rullo Su Tela Di Soccio Nicolò,,SIC-ID-EDA2A8A7061B,25,,SICUREZZA,0,PROMO_SETTEMBRE_VIP,ATTIVO
info@ilfaggiogiardini.it,Null,Null,Il Faggio Giardini,+390593091255,SIC-ID-C608EA6AFD44,25,,SICUREZZA,0,PROMO_SETTEMBRE_VIP,ATTIVO
manifatture@sottosasso.it,Null,Null,Manifatture Sottosasso,+390546040301,SIC-ID-6E90FA4AED57,25,,SICUREZZA,0,PROMO_SETTEMBRE_VIP,ATTIVO
info.cps@cpsspumanti.it,Null,Null,Centro Produzione Spumanti,+39054640196,SIC-ID-A8455A50877D,25,,SICUREZZA,0,PROMO_SETTEMBRE_VIP,ATTIVO
pcdoctorlab@libero.it,Null,Null,Pcdoctor Lab,,SIC-ID-5BA9E63E09F4,25,,SICUREZZA,0,PROMO_SETTEMBRE_VIP,ATTIVO
distilleriatuono@gmail.com,Null,Null,Distilleria Tuono,,SIC-ID-1D2B4E42EA55,25,,SICUREZZA,0,PROMO_SETTEMBRE_VIP,ATTIVO
flli.oriani@libero.it,Null,Null,Idraulica Fratelli Oriani,+39054622223,SIC-ID-FE7CEEA8CDD8,25,,SICUREZZA,0,PROMO_SETTEMBRE_VIP,ATTIVO
info@zerbina.com,Null,Null,Fattoria Zerbina,+39054640022,SIC-ID-58258540C59D,25,,SICUREZZA,0,PROMO_SETTEMBRE_VIP,ATTIVO
info@viniancarani.it,Null,Null,Azienda Agricola Ancarani,,SIC-ID-2DB275A49F0C,25,,SICUREZZA,0,PROMO_SETTEMBRE_VIP,ATTIVO
soscasafaenza@virgilio.it,Null,Null,Sos Casa Faenza,+390546560305,SIC-ID-ED7A242F67EF,25,,SICUREZZA,0,PROMO_SETTEMBRE_VIP,ATTIVO
info@kokomosaico.com,Null,Null,Koko Mosaico,+390544465190,SIC-ID-0B34B58FAF39,25,,SICUREZZA,0,PROMO_SETTEMBRE_VIP,ATTIVO
info@tecnogasravenna.it,Null,Null,Tecnogas Ravenna Srl,+390544402300,SIC-ID-31E9C07F1838,25,,SICUREZZA,0,PROMO_SETTEMBRE_VIP,ATTIVO
centrochiave.forli@libero.it,Null,Null,Centro Chiave,+39054362925,SIC-ID-7B8355BE252F,25,,SICUREZZA,0,PROMO_SETTEMBRE_VIP,ATTIVO
info@villapapiano.it,Null,Null,Villa Papiano,,SIC-ID-F2B3AF560721,25,,SICUREZZA,0,PROMO_SETTEMBRE_VIP,ATTIVO
info@emiliovaltancoli.com,Null,Null,Emilio Valtancoli Arredi Lignei,+390546940492,SIC-ID-BE31E010C72C,25,,SICUREZZA,0,PROMO_SETTEMBRE_VIP,ATTIVO
villasignani@virgilio.it,Null,Null,Villa Signani,+390546941171,SIC-ID-42F3E7CDC1AD,25,,SICUREZZA,0,PROMO_SETTEMBRE_VIP,ATTIVO
vallishoes@libero.it,Null,Null,Calzoleria Giuseppe Valli,+390546940072,SIC-ID-CAE096781E2D,25,,SICUREZZA,0,PROMO_SETTEMBRE_VIP,ATTIVO
info@mentaerosmarinovini.it,Null,Null,Menta E Rosmarino,,SIC-ID-CA28FD6CDB1D,25,,SICUREZZA,0,PROMO_SETTEMBRE_VIP,ATTIVO
info@luvass.it,Null,Null,Lu.va.,+390546942580,SIC-ID-F8C204E08D12,25,,SICUREZZA,0,PROMO_SETTEMBRE_VIP,ATTIVO
ppg@ppgsrl.it,Null,Null,Posatori Porfidi Galeata,+390543973050,SIC-ID-E3013F044007,25,,SICUREZZA,0,PROMO_SETTEMBRE_VIP,ATTIVO
sarasanti3@gmail.com,Null,Null,In Piazzetta Da Sara,+390516545101,SIC-ID-052C0F29A40D,25,,SICUREZZA,0,PROMO_SETTEMBRE_VIP,ATTIVO
info@statalenove.it,Null,Null,Birrificio Statale 9,+39051735644,SIC-ID-E5DBE196C555,25,,SICUREZZA,0,PROMO_SETTEMBRE_VIP,ATTIVO
info@inuitbookshop.com,Null,Null,Inuit Bookshop,+393281256971,SIC-ID-BE26A78265AB,25,,SICUREZZA,0,PROMO_SETTEMBRE_VIP,ATTIVO
paglianibruno@tin.it,Null,Null,Pagliani Bruno,+390522952504,SIC-ID-C95017C7C3D2,25,,SICUREZZA,0,PROMO_SETTEMBRE_VIP,ATTIVO
lidiacarlini@yahoo.it,Null,Null,Lidia Carlini,,SIC-ID-AF830FD3193F,25,,SICUREZZA,0,PROMO_SETTEMBRE_VIP,ATTIVO
fotoartis@libero.it,Null,Null,Fotoartis,+393398004190,SIC-ID-09887BD1C9AC,25,,SICUREZZA,0,PROMO_SETTEMBRE_VIP,ATTIVO
opr@libero.it,Null,Null,O.p.r. Climatizzatori,+393357218545,SIC-ID-FA5AFAB68213,25,,SICUREZZA,0,PROMO_SETTEMBRE_VIP,ATTIVO
carpenteria.damonte@libero.it,Null,Null,Damonte Carpenteria In Ferro,+390109113287,SIC-ID-696DA9E4B0EF,25,,SICUREZZA,0,PROMO_SETTEMBRE_VIP,ATTIVO
info@calunae.it,Null,Null,Ca' Lunae,+390187693483,SIC-ID-38236CDCFFB5,25,,SICUREZZA,0,PROMO_SETTEMBRE_VIP,ATTIVO
info@specchiomagico.com,Null,Null,Specchiomagico Weddings,+390108693668,SIC-ID-30372EAE60C0,25,,SICUREZZA,0,PROMO_SETTEMBRE_VIP,ATTIVO
fotobarion@libero.it,Null,Null,Foto Bairon,+39010580612,SIC-ID-7DF99A63D306,25,,SICUREZZA,0,PROMO_SETTEMBRE_VIP,ATTIVO
marcotortarolo@libero.it,Null,Null,Tortarolo Marco,,SIC-ID-5C6DEE966526,25,,SICUREZZA,0,PROMO_SETTEMBRE_VIP,ATTIVO
info@cmac.it,Null,Null,Cmac,+390184475891,SIC-ID-1310D8ACAE5A,25,,SICUREZZA,0,PROMO_SETTEMBRE_VIP,ATTIVO
info@motonauticapagliettini.it,Null,Null,Motonautica Pagliettini,+390185491642,SIC-ID-756ABEC6CF5B,25,,SICUREZZA,0,PROMO_SETTEMBRE_VIP,ATTIVO
ghersisrl@outlook.it,Null,Null,Ghersi Srl,+39019484770,SIC-ID-8D6C182EFDB0,25,,SICUREZZA,0,PROMO_SETTEMBRE_VIP,ATTIVO
elviorozza72@gmail.com,Null,Null,Ideal Stone,+39019993637,SIC-ID-26FCEDE6220C,25,,SICUREZZA,0,PROMO_SETTEMBRE_VIP,ATTIVO
ecceramicdesign@gmail.com,Null,Null,Ceramica & Design,+393474162070,SIC-ID-46D750A775DA,25,,SICUREZZA,0,PROMO_SETTEMBRE_VIP,ATTIVO
info@alustore.it,Null,Null,Ravera Alustore,+39018433516,SIC-ID-A67493098AE7,25,,SICUREZZA,0,PROMO_SETTEMBRE_VIP,ATTIVO
pescecarlo@gmail.com,Null,Null,Carlo Pesce & C.,+390184351623,SIC-ID-1099F3D82FB9,25,,SICUREZZA,0,PROMO_SETTEMBRE_VIP,ATTIVO
stemaimp@gmail.com,Null,Null,Stema Impianti,,SIC-ID-A6025EEC40BA,25,,SICUREZZA,0,PROMO_SETTEMBRE_VIP,ATTIVO
tomstudiogenova@gmail.com,Null,Null,Fotografia Tom Studio,+390100981190,SIC-ID-6FE01823645B,25,,SICUREZZA,0,PROMO_SETTEMBRE_VIP,ATTIVO
ambiente.giardini@gmail.com,Null,Null,Ambiente & Giardini Srl,+393319095272,SIC-ID-5B858BBF237B,25,,SICUREZZA,0,PROMO_SETTEMBRE_VIP,ATTIVO
info@sarte.info,Null,Null,S'artè,+393282183108,SIC-ID-048D2196C665,25,,SICUREZZA,0,PROMO_SETTEMBRE_VIP,ATTIVO
photoranise@inwind.it,Null,Null,Click Art,+393496133060,SIC-ID-FEDFBC8FD3D8,25,,SICUREZZA,0,PROMO_SETTEMBRE_VIP,ATTIVO
info@idrocentro.com,Null,Null,Idrocentro,+3901831976100,SIC-ID-36155259E239,25,,SICUREZZA,0,PROMO_SETTEMBRE_VIP,ATTIVO
luanasaccheri@libero.it,Null,Null,Saccheri Restauri,,SIC-ID-F69E9C9372D3,25,,SICUREZZA,0,PROMO_SETTEMBRE_VIP,ATTIVO
donati.greenservice@libero.it,Null,Null,Gre.en Service,+390183654039,SIC-ID-E2D7AE89525D,25,,SICUREZZA,0,PROMO_SETTEMBRE_VIP,ATTIVO
salcmag@alice.it,Null,Null,S.a.l.c.,+390183293448,SIC-ID-1A8CA6F645E5,25,,SICUREZZA,0,PROMO_SETTEMBRE_VIP,ATTIVO
info@pdelectronic.com,Null,Null,P.d. Electronic,+390183272495,SIC-ID-036C8783DAA9,25,,SICUREZZA,0,PROMO_SETTEMBRE_VIP,ATTIVO
info@orologeriaoreficeriagiacomobruni.it,Null,Null,Giacomo Bruni,+39018360655,SIC-ID-7E3DE1BA977D,25,,SICUREZZA,0,PROMO_SETTEMBRE_VIP,ATTIVO
info@climaserviceimperia.it,Null,Null,Clima Service,+390183294087,SIC-ID-20B6FF14E1CE,25,,SICUREZZA,0,PROMO_SETTEMBRE_VIP,ATTIVO
info@sealvetro.it,Null,Null,Se.al. Vetro,+390183293270,SIC-ID-86F99CDD8416,25,,SICUREZZA,0,PROMO_SETTEMBRE_VIP,ATTIVO
info@officinarolando.com,Null,Null,Officina Rolando,+390183710251,SIC-ID-9EE6A88CB0DC,25,,SICUREZZA,0,PROMO_SETTEMBRE_VIP,ATTIVO
negroserramentisnc@libero.it,Null,Null,Negro Serramenti,+390183880852,SIC-ID-688CE082E4B4,25,,SICUREZZA,0,PROMO_SETTEMBRE_VIP,ATTIVO
info@franzoiserramenti.it,Null,Null,Franzoi Serramenti,+390108196900,SIC-ID-F372E7C3E40F,25,,SICUREZZA,0,PROMO_SETTEMBRE_VIP,ATTIVO
lartigianodelgioiello@gmail.com,Null,Null,L'artigiano Del Gioiello,,SIC-ID-13FD15997E24,25,,SICUREZZA,0,PROMO_SETTEMBRE_VIP,ATTIVO
spotornosrl@libero.it,Null,Null,Spotorno Srl,+390183290900,SIC-ID-F734A18E277A,25,,SICUREZZA,0,PROMO_SETTEMBRE_VIP,ATTIVO
info@atigas.it,Null,Null,Atigas,+390183290839,SIC-ID-F0276688A37B,25,,SICUREZZA,0,PROMO_SETTEMBRE_VIP,ATTIVO
info@mdbuildingroup.com,Null,Null,Md,+39018392088,SIC-ID-0CBAA08CF810,25,,SICUREZZA,0,L1_FREDDI_RIPERMISSIONING,ATTIVO
ballobascheri@libero.it,Null,Null,Ballo&bascheri,+39018361143,SIC-ID-9EFB2284D890,25,,SICUREZZA,0,PROMO_SETTEMBRE_VIP,ATTIVO
info@tenutacolombera.it,Null,Null,Tenuta Colombera,+390182038030,SIC-ID-5DC979620EB4,25,,SICUREZZA,0,PROMO_SETTEMBRE_VIP,ATTIVO
serramentipunzo1951@libero.it,Null,Null,Serramenti Punzo,+390183210731,SIC-ID-1AD46DF7D547,25,,SICUREZZA,0,PROMO_SETTEMBRE_VIP,ATTIVO
info@frantoioulividiliguria.it,Null,Null,Frantoio Ulivi Di Liguria,+39018390121,SIC-ID-8F0C15F37285,25,,SICUREZZA,0,PROMO_SETTEMBRE_VIP,ATTIVO
cleanstar@libero.it,Null,Null,Clean Star,+390183651075,SIC-ID-54C428DEFC7E,25,,SICUREZZA,0,PROMO_SETTEMBRE_VIP,ATTIVO
legnolab@gmail.com,Null,Null,Legnolab,,SIC-ID-FAA93A666868,25,,SICUREZZA,0,PROMO_SETTEMBRE_VIP,ATTIVO
ing.sabrinanardini@libero.it,Null,Null,Studio Tecnico Dott. Ing. Nardini Sabrina / Nardini Serramenti,+393288191267,SIC-ID-E488F26FE509,25,,SICUREZZA,0,PROMO_SETTEMBRE_VIP,ATTIVO
drizaarben@gmail.com,Null,Null,Carpenteria Metallica,,SIC-ID-BA9766255F5E,25,,SICUREZZA,0,PROMO_SETTEMBRE_VIP,ATTIVO
info@collesi.com,Null,Null,Tenute Collesi,+39075933118,SIC-ID-20497B7F87C3,25,,SICUREZZA,0,PROMO_SETTEMBRE_VIP,ATTIVO
info@vivaioilgiardino.com,Null,Null,Azienda Florovivaistica Il Giardino,,SIC-ID-EFE054E8C2B8,25,,SICUREZZA,0,PROMO_SETTEMBRE_VIP,ATTIVO
info@mondolfoscale.it,Null,Null,Mondolfo Scale,+390721957357,SIC-ID-4A62D6F148D5,25,,SICUREZZA,0,PROMO_SETTEMBRE_VIP,ATTIVO
cherubini.simone@alice.it,Null,Null,Cherubini,+390731780105,SIC-ID-3FA696F041D1,25,,SICUREZZA,0,PROMO_SETTEMBRE_VIP,ATTIVO
info@tipografiacingolani.it,Null,Null,Tipografia Cingolani,+390733671326,SIC-ID-2F5049F041BB,25,,SICUREZZA,0,PROMO_SETTEMBRE_VIP,ATTIVO
info@calzaturificiolauretta.net,Null,Null,Calzaturificio Lauretta,+39073353691,SIC-ID-5DBE2C372321,25,,SICUREZZA,0,PROMO_SETTEMBRE_VIP,ATTIVO
info@italms.it,Null,Null,Ital-ms,+390734336922,SIC-ID-BE239898D743,25,,SICUREZZA,0,PROMO_SETTEMBRE_VIP,ATTIVO
efd@efd.it,Null,Null,Elettromeccanica Efd,+390721776061,SIC-ID-E96A6A9E671D,25,,SICUREZZA,0,PROMO_SETTEMBRE_VIP,ATTIVO
info@vimaximpianti.it,Null,Null,Vimax Impianti,+390721370803,SIC-ID-E2BD8928E927,25,,SICUREZZA,0,PROMO_SETTEMBRE_VIP,ATTIVO
infolineaimp@gmail.com,Null,Null,Linea Impianti Srl,+393487915345,SIC-ID-0CC3CD786200,25,,SICUREZZA,0,PROMO_SETTEMBRE_VIP,ATTIVO
gastronomialarovere@libero.it,Null,Null,La Rovere,+390721899847,SIC-ID-67BDB8255252,25,,SICUREZZA,0,PROMO_SETTEMBRE_VIP,ATTIVO
info@lcstyle.it,Null,Null,L.c. Style,+393495943631,SIC-ID-1634416C402A,25,,SICUREZZA,0,PROMO_SETTEMBRE_VIP,ATTIVO
info@vetrerialanova.it,Null,Null,La Nova,+390735778143,SIC-ID-960DA04C3D57,25,,SICUREZZA,0,PROMO_SETTEMBRE_VIP,ATTIVO
photoingarage@gmail.com,Null,Null,Photo In Garage,+393518486963,SIC-ID-F52F753E50DF,25,,SICUREZZA,0,PROMO_SETTEMBRE_VIP,ATTIVO
plus.services@libero.it,Null,Null,Plus Services Srl,+39800629599+393341366,SIC-ID-63D8DE3BA0AB,25,,SICUREZZA,0,PROMO_SETTEMBRE_VIP,ATTIVO
linteimpiantisrl@gmail.com,Null,Null,Lintei Impianti S.r.l.,,SIC-ID-FD69EA5258B1,25,,SICUREZZA,0,PROMO_SETTEMBRE_VIP,ATTIVO
info@damianochiappini.com,Null,Null,Damiano Chiappini,,SIC-ID-02ED0CD5251F,25,,SICUREZZA,0,PROMO_SETTEMBRE_VIP,ATTIVO
info@crericambi.it,Null,Null,C.r.e.,+39073224184+393392781106,SIC-ID-1B524CC7D437,25,,SICUREZZA,0,PROMO_SETTEMBRE_VIP,ATTIVO
prcsnc@live.it,Null,Null,Falegnameria Pallucchi,,SIC-ID-5BF5BC92D638,25,,SICUREZZA,0,PROMO_SETTEMBRE_VIP,ATTIVO
donatellapierlioni@gmail.com,Null,Null,Miele Di Pierlioni Donatella,+393388195058,SIC-ID-E7600BBAA8FC,25,,SICUREZZA,0,PROMO_SETTEMBRE_VIP,ATTIVO
info@piccoloatelier.com,Null,Null,Piccolo Atelier,+390710971790,SIC-ID-7CA9D680F79E,25,,SICUREZZA,0,PROMO_SETTEMBRE_VIP,ATTIVO
info@birragodog.it,Null,Null,Godog,,SIC-ID-18927453509F,25,,SICUREZZA,0,PROMO_SETTEMBRE_VIP,ATTIVO
info@beerik.it,Null,Null,Beerik,+393384567155,SIC-ID-3D2B87C300EB,25,,SICUREZZA,0,PROMO_SETTEMBRE_VIP,ATTIVO
info@dicasaincasa.it,Null,Null,Di Casa In Casa,+393388635136,SIC-ID-F1D8D8E57705,25,,SICUREZZA,0,PROMO_SETTEMBRE_VIP,ATTIVO
info@scrittoamano.com,Null,Null,Scritto A Mano - La Bottega Del Calligrafo,+393292081665,SIC-ID-672D63C1E19D,25,,SICUREZZA,0,PROMO_SETTEMBRE_VIP,ATTIVO
info@baam.beer,Null,Null,Baam - Birrificio Agricolo Alto Montefeltro,,SIC-ID-9E6226FDC0D7,25,,SICUREZZA,0,PROMO_SETTEMBRE_VIP,ATTIVO
info@smartlabriparazioni.it,Null,Null,Smartlab,+393711903046,SIC-ID-2649272B69A4,25,,SICUREZZA,0,PROMO_SETTEMBRE_VIP,ATTIVO
info@vinisantabarbara.it,Null,Null,Azienda Santa Barbara,,SIC-ID-00F60CA76B5D,25,,SICUREZZA,0,PROMO_SETTEMBRE_VIP,ATTIVO
info@lamarcadisanmichele.com,Null,Null,La Marca Di San Michele,+393297106557,SIC-ID-942E98C589AD,25,,SICUREZZA,0,PROMO_SETTEMBRE_VIP,ATTIVO
info@mencaroni.eu,Null,Null,Federico Mencaroni Winery,+390717975625,SIC-ID-3801EF58DEC5,25,,SICUREZZA,0,PROMO_SETTEMBRE_VIP,ATTIVO
mciampetti@hispellum.com,Null,Null,Frantoio Terre Rosse,+393408814640,SIC-ID-5A482D5DAF61,25,,SICUREZZA,0,PROMO_SETTEMBRE_VIP,ATTIVO
assistenzafioretti@gmail.com,Null,Null,Assistenza Fioretti Gianni Caldaie E Condizionatori,,SIC-ID-6EB0EA567959,25,,SICUREZZA,0,PROMO_SETTEMBRE_VIP,ATTIVO
info@pcworknet.it,Null,Null,Pc Work,+390743225672,SIC-ID-11E0EAA59A5F,25,,SICUREZZA,0,PROMO_SETTEMBRE_VIP,ATTIVO
vinicamatra@gmail.com,Null,Null,Azienda Agrobiologica Ca' Matra,+393342972058,SIC-ID-5F88371BD78E,25,,SICUREZZA,0,PROMO_SETTEMBRE_VIP,ATTIVO
foto@fratticioli.com,Null,Null,Foto Ottica Fratticioli,+390755726126,SIC-ID-8D0EF6EFEE86,25,,SICUREZZA,0,PROMO_SETTEMBRE_VIP,ATTIVO
info@birrificiolagramigna.it,Null,Null,Birrificio La Gramigna,,SIC-ID-FAE8172231A9,25,,SICUREZZA,0,PROMO_SETTEMBRE_VIP,ATTIVO
marianigiovannicommercialesrl@gmail.com,Null,Null,Mariani Giovanni Commerciale S.r.l.,+390759177306,SIC-ID-FAF27E4E04F2,25,,SICUREZZA,0,PROMO_SETTEMBRE_VIP,ATTIVO
info@maiolichepeccetti.com,Null,Null,Fabbrica Maioliche Peccetti,+390759711220,SIC-ID-437433CB4B04,25,,SICUREZZA,0,PROMO_SETTEMBRE_VIP,ATTIVO
psauro@tiscali.it,Null,Null,Pieroni Lavorazioni Metalliche,+39075888392+393454683421+39,SIC-ID-14BECA98F4EC,25,,SICUREZZA,0,PROMO_SETTEMBRE_VIP,ATTIVO
info@bgarework.it,Null,Null,Bga Rework,+390744214792,SIC-ID-00C5F1188D8B,25,,SICUREZZA,0,PROMO_SETTEMBRE_VIP,ATTIVO
marcolamincia6@gmail.com,Null,Null,Manufatti Semilavorati Marco Lamincia,+390759724278+39347365,SIC-ID-1BE39AEEE7B4,25,,SICUREZZA,0,PROMO_SETTEMBRE_VIP,ATTIVO
info@fapiserramenti.it,Null,Null,Fapi Serramenti,+390758748951,SIC-ID-71295A3BFC6C,25,,SICUREZZA,0,PROMO_SETTEMBRE_VIP,ATTIVO
cantina@terredetrinci.com,Null,Null,Cantina Terre De' Trinci,+390742320165,SIC-ID-7DC6662117C1,25,,SICUREZZA,0,PROMO_SETTEMBRE_VIP,ATTIVO
info@birralfina.com,Null,Null,Birralfina,+393398490905,SIC-ID-C1BE655AE1C8,25,,SICUREZZA,0,PROMO_SETTEMBRE_VIP,ATTIVO
info@chiavari.ws,Null,Null,Chiavari,+390743223537,SIC-ID-893CD0B1FD7E,25,,SICUREZZA,0,PROMO_SETTEMBRE_VIP,ATTIVO
info@feliziani.it,Null,Null,Azienda Agraria Menconi,+390743260488,SIC-ID-FE5C6CEBE12C,25,,SICUREZZA,0,PROMO_SETTEMBRE_VIP,ATTIVO
info@mandolonicarpenteria.it,Null,Null,Mandoloni Emilio,+39074356364,SIC-ID-BF49CDF7EB8C,25,,SICUREZZA,0,PROMO_SETTEMBRE_VIP,ATTIVO
emaragani@libero.it,Null,Null,Frantoio Ragani,+393480426030,SIC-ID-7D1E8F15C1B3,25,,SICUREZZA,0,PROMO_SETTEMBRE_VIP,ATTIVO
info@lapone.it,Null,Null,Cantina Lapone,,SIC-ID-377DC8E41EE3,25,,SICUREZZA,0,PROMO_SETTEMBRE_VIP,ATTIVO
fotoprestigepescara@gmail.com,Null,Null,Photo Prestige,,SIC-ID-53B8C61FC454,25,,SICUREZZA,0,PROMO_SETTEMBRE_VIP,ATTIVO
g.serra.service@gmail.com,Null,Null,Serra Service S.r.l.,+390871552291,SIC-ID-D3FF7D54FA6D,25,,SICUREZZA,0,PROMO_SETTEMBRE_VIP,ATTIVO
info@tendearteplast.com,Null,Null,Artetenda By Arte Plast S.n.c.,+390871574727,SIC-ID-149E730E6E87,25,,SICUREZZA,0,PROMO_SETTEMBRE_VIP,ATTIVO
lebiciclettesanvito@gmail.com,Null,Null,Gastronomia Le Biciclette,,SIC-ID-E09DDD2FC9DC,25,,SICUREZZA,0,PROMO_SETTEMBRE_VIP,ATTIVO
info@birrificiomaiella.com,Null,Null,Birrificio Maiella,+390871898031,SIC-ID-1D3521E03CC2,25,,SICUREZZA,0,PROMO_SETTEMBRE_VIP,ATTIVO
info@fotopettine.it,Null,Null,Foto Pettine,+390862401562,SIC-ID-BB397EDC7BD0,25,,SICUREZZA,0,PROMO_SETTEMBRE_VIP,ATTIVO
fiveservice@live.it,Null,Null,Five Service,+393496096887,SIC-ID-E90503C10C30,25,,SICUREZZA,0,PROMO_SETTEMBRE_VIP,ATTIVO
marco.pedrini78@virgilio.it,Null,Null,Tappezzeria Selleria Di Pedrini Marco,+390854408696,SIC-ID-CAD3046B62BE,25,,SICUREZZA,0,PROMO_SETTEMBRE_VIP,ATTIVO
info@robertogrillo.it,Null,Null,Roberto Grillo,+393478834950,SIC-ID-CFF9E4ABCAD1,25,,SICUREZZA,0,PROMO_SETTEMBRE_VIP,ATTIVO
laquila@tavernacolo.it,Null,Null,Il Tavernacolo,+393483398890,SIC-ID-941B3466FA1A,25,,SICUREZZA,0,PROMO_SETTEMBRE_VIP,ATTIVO
info@lappe.it,Null,Null,Lappe,+390854462116,SIC-ID-AC935B6EC0ED,25,,SICUREZZA,0,PROMO_SETTEMBRE_VIP,ATTIVO
ilcalzolaioandrea@gmail.com,Null,Null,Il Calzolaio Andrea,,SIC-ID-34E8FE503D50,25,,SICUREZZA,0,PROMO_SETTEMBRE_VIP,ATTIVO
info@danielecarrieri.com,Null,Null,Daniele Carrieri Wedding & Portrait,+393296141577,SIC-ID-261A86530830,25,,SICUREZZA,0,PROMO_SETTEMBRE_VIP,ATTIVO
infissieco@gmail.com,Null,Null,Infissi&co.,+390859561141,SIC-ID-86321EEE11A5,25,,SICUREZZA,0,PROMO_SETTEMBRE_VIP,ATTIVO
sambucetocostruzioni@gmail.com,Null,Null,Sambuceto Costruzioni,+393351406262+393474357,SIC-ID-2854554A6A37,25,,SICUREZZA,0,PROMO_SETTEMBRE_VIP,ATTIVO
info@dgrservicesrl.it,Null,Null,Dgr Service,+390854406063,SIC-ID-DBF3A7E3D828,25,,SICUREZZA,0,PROMO_SETTEMBRE_VIP,ATTIVO
officinadellascarpa15@gmail.com,Null,Null,Officina Della Scarpa Di Rasetta Emanuele,+393933524126,SIC-ID-2F274A5911A6,25,,SICUREZZA,0,PROMO_SETTEMBRE_VIP,ATTIVO
morelliedilmarmi@alice.it,Null,Null,Morelli Raffaele Edilmarmi & C. Sas,+390854711076,SIC-ID-7A41E44717E2,25,,SICUREZZA,0,PROMO_SETTEMBRE_VIP,ATTIVO
info@novatecservice.com,Null,Null,Novatec - Assistenza Climatizzatori E Caldaie,+390854170076,SIC-ID-FCFBFBB8607D,25,,SICUREZZA,0,PROMO_SETTEMBRE_VIP,ATTIVO
info@infissigroup.com,Null,Null,Infissi Group,,SIC-ID-F790D19B8056,25,,SICUREZZA,0,PROMO_SETTEMBRE_VIP,ATTIVO
info@interaptiva.it,Null,Null,Interaptiva,+390858630859,SIC-ID-1086780260E7,25,,SICUREZZA,0,PROMO_SETTEMBRE_VIP,ATTIVO
info@caseificiodimemmo.it,Null,Null,Caseificio Di Memmo,+39085975568,SIC-ID-3FFFD2FEB8B6,25,,SICUREZZA,0,PROMO_SETTEMBRE_VIP,ATTIVO
infoleapine@gmail.com,Null,Null,Miele Biologico Apicolture Le Apine,,SIC-ID-8B5D5DFF52D7,25,,SICUREZZA,0,PROMO_SETTEMBRE_VIP,ATTIVO
staff@artigianaferro.info,Null,Null,Artigiana Ferro,+390854465179,SIC-ID-401563170316,25,,SICUREZZA,0,PROMO_SETTEMBRE_VIP,ATTIVO
info@sartoriaantonietta.it,Null,Null,Antonietta,+393662704979,SIC-ID-20ABA389A3BF,25,,SICUREZZA,0,PROMO_SETTEMBRE_VIP,ATTIVO
info@vinisincarpa.it,Null,Null,Vini Sincarpa,+390871360198,SIC-ID-F14397CB223D,25,,SICUREZZA,0,PROMO_SETTEMBRE_VIP,ATTIVO
info@vaillantchieti.it,Null,Null,Häschen,+390854461456+390854463,SIC-ID-C7284A4E10DE,25,,SICUREZZA,0,PROMO_SETTEMBRE_VIP,ATTIVO
progetti@miccoli.it,Null,Null,Miccoli Mobili Su Misura,+390854912709,SIC-ID-9B8272DF6F67,25,,SICUREZZA,0,PROMO_SETTEMBRE_VIP,ATTIVO
elettrolavorisrl@gmail.com,Null,Null,Elettrolavori,+393273469831,SIC-ID-13AFC35D6901,25,,SICUREZZA,0,PROMO_SETTEMBRE_VIP,ATTIVO
info@degusto.biz,Null,Null,Degusto Eventi,+390852058128,SIC-ID-C70D566701C0,25,,SICUREZZA,0,PROMO_SETTEMBRE_VIP,ATTIVO
social@vinipietrantonj.it,Null,Null,Antica Casa Vitivinicola Italo Pierantonj,+390864727102,SIC-ID-2D1DB89BCE18,25,,SICUREZZA,0,PROMO_SETTEMBRE_VIP,ATTIVO
info@sistemipiscine.it,Null,Null,Sistemi,+390854463888,SIC-ID-30CFAD55568F,25,,SICUREZZA,0,PROMO_SETTEMBRE_VIP,ATTIVO
info@pizzabar.it,Null,Null,Pizzeria Annunziata,+39085960205,SIC-ID-D6A6D5851F5D,25,,SICUREZZA,0,PROMO_SETTEMBRE_VIP,ATTIVO
sospc.mm@gmail.com,Null,Null,Sos Pc,,SIC-ID-76B7E4D8EB69,25,,SICUREZZA,0,PROMO_SETTEMBRE_VIP,ATTIVO
help@torricantine.it,Null,Null,Torri Cantina,+390857993307,SIC-ID-BE82063AA1B0,25,,SICUREZZA,0,PROMO_SETTEMBRE_VIP,ATTIVO
info@stesnc.it,Null,Null,Ste,+390854453664,SIC-ID-580B83B75C82,25,,SICUREZZA,0,PROMO_SETTEMBRE_VIP,ATTIVO
info@olioelaide.it,Null,Null,Elaide,+390858505240,SIC-ID-CBAE639B2C55,25,,SICUREZZA,0,PROMO_SETTEMBRE_VIP,ATTIVO
info@dvc.it,Null,Null,Dvc,+3908544681,SIC-ID-F62A326A9A40,25,,SICUREZZA,0,PROMO_SETTEMBRE_VIP,ATTIVO
info@adriaticavetri.it,Null,Null,Adriatica Vetri,+390854313636,SIC-ID-9672D15EBCC9,25,,SICUREZZA,0,PROMO_SETTEMBRE_VIP,ATTIVO
info@centroricami.it,Null,Null,Centro Ricami,,SIC-ID-FA78B8BB8303,25,,SICUREZZA,0,PROMO_SETTEMBRE_VIP,ATTIVO
info@serallfer.it,Null,Null,Ser.all.fer.,+390854463023,SIC-ID-A47792CA0791,25,,SICUREZZA,0,PROMO_SETTEMBRE_VIP,ATTIVO
lanuovavetreria@virgilio.it,Null,Null,La Nuova Vetreria,+3908552719,SIC-ID-17875D82B13B,25,,SICUREZZA,0,PROMO_SETTEMBRE_VIP,ATTIVO
info@sistemielettricisnc.it,Null,Null,Se Sistemi Elettrici,+390854409097,SIC-ID-58E57D3A3179,25,,SICUREZZA,0,PROMO_SETTEMBRE_VIP,ATTIVO
info@industriemarine.it,Null,Null,Imc - Industrie Marine Costruzioni,+390854461292,SIC-ID-02477B6E7A82,25,,SICUREZZA,0,PROMO_SETTEMBRE_VIP,ATTIVO
info@deniecoserramenti.it,Null,Null,Deni & Co Serramenti,,SIC-ID-1D6CA1F51E62,25,,SICUREZZA,0,PROMO_SETTEMBRE_VIP,ATTIVO
info@studioimpressions.it,Null,Null,Studioimpressions,,SIC-ID-784DBA298FE2,25,,SICUREZZA,0,PROMO_SETTEMBRE_VIP,ATTIVO
info@apicolturalucafinocchio.it,Null,Null,Luca Finocchio,+390872868692,SIC-ID-DE3B32D6D574,25,,SICUREZZA,0,PROMO_SETTEMBRE_VIP,ATTIVO
contiascaniomarmi@hotmail.it,Null,Null,Conti Marmi,+39085413690,SIC-ID-D5684E83C223,25,,SICUREZZA,0,PROMO_SETTEMBRE_VIP,ATTIVO
nuoveidee@live.it,Null,Null,Nuove Idee,,SIC-ID-4F0F4B25BEB8,25,,SICUREZZA,0,PROMO_SETTEMBRE_VIP,ATTIVO
effettolanascanno@gmail.com,Null,Null,Effetto Lana,+393280855387,SIC-ID-FC8CCA873E2C,25,,SICUREZZA,0,PROMO_SETTEMBRE_VIP,ATTIVO
info@cantinafrentana.it,Null,Null,Cantina Frentana,+39087260152,SIC-ID-7D2519889FC1,25,,SICUREZZA,0,PROMO_SETTEMBRE_VIP,ATTIVO
info@villese.it,Null,Null,Olearia Vinicola Villese,+390873902069,SIC-ID-106E34D9C4DD,25,,SICUREZZA,0,PROMO_SETTEMBRE_VIP,ATTIVO
info@pasettivini.it,Null,Null,Pasetti Vini Doc,+3908561875,SIC-ID-F2E9DF135D7B,25,,SICUREZZA,0,PROMO_SETTEMBRE_VIP,ATTIVO
info@ettoregalasso.com,Null,Null,Cantine Ettore Galasso,+390858289720,SIC-ID-0B1A54BB5970,25,,SICUREZZA,0,PROMO_SETTEMBRE_VIP,ATTIVO
info@tenutatalamonti.it,Null,Null,Azienda Vinicola Talamonti,+390858289039,SIC-ID-420C4614C7F1,25,,SICUREZZA,0,PROMO_SETTEMBRE_VIP,ATTIVO
info@castorani.it,Null,Null,Poderi Castorani,+390852012513,SIC-ID-2DD1EF5811AE,25,,SICUREZZA,0,PROMO_SETTEMBRE_VIP,ATTIVO
info@poderialsole.it,Null,Null,Poderi Al Sole,,SIC-ID-FF4F7BE23B5D,25,,SICUREZZA,0,PROMO_SETTEMBRE_VIP,ATTIVO
info@chiusagrande.com,Null,Null,Chiusa Grande,+39085847460,SIC-ID-E0614DDA9313,25,,SICUREZZA,0,PROMO_SETTEMBRE_VIP,ATTIVO
info@marmoeresina.it,Null,Null,Marmo E Resina S.a.s.,,SIC-ID-ABF8E23E1614,25,,SICUREZZA,0,PROMO_SETTEMBRE_VIP,ATTIVO
info@disipiowine.com,Null,Null,Di Sipio Wine,,SIC-ID-11CCEDA391C9,25,,SICUREZZA,0,PROMO_SETTEMBRE_VIP,ATTIVO
cantina@maligni.it,Null,Null,Cantine Maligni,+390871440906,SIC-ID-C92CF5813906,25,,SICUREZZA,0,PROMO_SETTEMBRE_VIP,ATTIVO
santoleri@nicolasantoleri.com,Null,Null,Azienda Agricola Nicola Santoleri,,SIC-ID-98A1417124AE,25,,SICUREZZA,0,PROMO_SETTEMBRE_VIP,ATTIVO
pietro.musio@libero.it,Null,Null,Molino Antica Macina,+393286394676,SIC-ID-8A27375A91A6,25,,SICUREZZA,0,PROMO_SETTEMBRE_VIP,ATTIVO
cantinebenvenuto@gmail.com,Null,Null,Cantine Benvenuto,+393278352893,SIC-ID-C8BD0FAC855B,25,,SICUREZZA,0,PROMO_SETTEMBRE_VIP,ATTIVO
opolivoliocoop@gmail.com,Null,Null,Cooperativa Delia - Oleificio Sociale,+390966964289,SIC-ID-0DF049A21155,25,,SICUREZZA,0,PROMO_SETTEMBRE_VIP,ATTIVO
info@sandromoro.it,Null,Null,Sandro Moro Vetro Design,+39078430064,SIC-ID-65C2138F698E,25,,SICUREZZA,0,PROMO_SETTEMBRE_VIP,ATTIVO
info@oroetoile.com,Null,Null,L’etoile,+39078435603,SIC-ID-CD78B4184BDA,25,,SICUREZZA,0,PROMO_SETTEMBRE_VIP,ATTIVO
cooperativamulinu@gmail.com,Null,Null,Mulinu,+393406860261,SIC-ID-BB711A11BA41,25,,SICUREZZA,0,PROMO_SETTEMBRE_VIP,ATTIVO
tecnorip.elet@alice.it,Null,Null,Tecno Riparazioni Di Zoccheddu Aldo,+390704525385,SIC-ID-22F4CCC60B34,25,,SICUREZZA,0,PROMO_SETTEMBRE_VIP,ATTIVO
claudiacera@hotmail.it,Null,Null,Cestini Antichi,+393454610976,SIC-ID-2491C25A55EA,25,,SICUREZZA,0,PROMO_SETTEMBRE_VIP,ATTIVO
giampaolomameli@gmail.com,Null,Null,Giampaolo Mameli - Ceramiche D'arte,+390709600411,SIC-ID-47FE1BDCEE19,25,,SICUREZZA,0,PROMO_SETTEMBRE_VIP,ATTIVO
colores_u@outlook.it,Null,Null,Colores_u,+393496183185,SIC-ID-DA2266C543C5,25,,SICUREZZA,0,PROMO_SETTEMBRE_VIP,ATTIVO
info@stefanoferrando.com,Null,Null,Stefano Ferrando,,SIC-ID-E81BFA364E5E,25,,SICUREZZA,0,PROMO_SETTEMBRE_VIP,ATTIVO
info@giovannipaddeu.it,Null,Null,Giovanni Paddeu,+39078456567,SIC-ID-4B90EB9C815C,25,,SICUREZZA,0,PROMO_SETTEMBRE_VIP,ATTIVO
info@birrapuddu.it,Null,Null,Birra Puddu,+393792765648,SIC-ID-D8370D764B52,25,,SICUREZZA,0,PROMO_SETTEMBRE_VIP,ATTIVO
info@comefareceramica.com,Null,Null,Antonio Batzu Ceramiche Artistiche,+393315412413,SIC-ID-5D9AF6A285EA,25,,SICUREZZA,0,PROMO_SETTEMBRE_VIP,ATTIVO
info@dolcevigna.it,Null,Null,La Dolce Vigna - Azienda Vitivinicola,+393288148897,SIC-ID-6C8A1AC7AD3D,25,,SICUREZZA,0,PROMO_SETTEMBRE_VIP,ATTIVO
fracamboni@tiscali.it,Null,Null,Francesca Camboni Fotografa,,SIC-ID-E919E5E1C220,25,,SICUREZZA,0,PROMO_SETTEMBRE_VIP,ATTIVO
info@colorificiodimeco.it,Null,Null,Colorificio Dimeco,+390873411279,SIC-ID-110DF61347EA,25,,SICUREZZA,0,PROMO_SETTEMBRE_VIP,ATTIVO
panevinoepace@outlook.com,Null,Null,Panevino,+393488241060,SIC-ID-70002CC2CAC4,25,,SICUREZZA,0,PROMO_SETTEMBRE_VIP,ATTIVO
info@tenutateodoro.it,Null,Null,Tenuta Teo D'oro,+393356650552,SIC-ID-E1B88AC7B44B,25,,SICUREZZA,0,PROMO_SETTEMBRE_VIP,ATTIVO
cantinaalessandrobocca@gmail.com,Null,Null,Cantina Alessandro Bocca,,SIC-ID-4A9A6C08D186,25,,SICUREZZA,0,PROMO_SETTEMBRE_VIP,ATTIVO
studio@rosasfotografia.it,Null,Null,Rosas Fotografia,+39070499698+3939231713,SIC-ID-D8C4807539AB,25,,SICUREZZA,0,PROMO_SETTEMBRE_VIP,ATTIVO
info@cantinagallura.com,Null,Null,Cantina Gallura,+39079631241,SIC-ID-105E8F2A59A1,25,,SICUREZZA,0,PROMO_SETTEMBRE_VIP,ATTIVO
giuseppesedilesu@tiscali.it,Null,Null,Cantina Giuseppe Sedilesu,+39078456791,SIC-ID-6E37076DC98C,25,,SICUREZZA,0,PROMO_SETTEMBRE_VIP,ATTIVO
info@lunalughente.eu,Null,Null,Cantina Lunalughente,+393289152717+39331667,SIC-ID-B9EBCE5447C6,25,,SICUREZZA,0,PROMO_SETTEMBRE_VIP,ATTIVO
info@maistuferreri.com,Null,Null,Maistu Ferreri,+39078354592,SIC-ID-40C5A983C34D,25,,SICUREZZA,0,PROMO_SETTEMBRE_VIP,ATTIVO
babbo.elia@gmail.com,Null,Null,Il Menu Di Elia Saba,+393382868151,SIC-ID-FA3E7B6463A4,25,,SICUREZZA,0,PROMO_SETTEMBRE_VIP,ATTIVO
info@fradiles.it,Null,Null,Fradiles Vitivinicola,+393331761683,SIC-ID-EEB36EFC2C38,25,,SICUREZZA,0,PROMO_SETTEMBRE_VIP,ATTIVO
info@barley.it,Null,Null,Barley,+39070789496,SIC-ID-C2AE4994D2ED,25,,SICUREZZA,0,PROMO_SETTEMBRE_VIP,ATTIVO
melas@melas.it,Null,Null,Melas - Metal Lamina Sarda,+39070240131,SIC-ID-F45FDA95DB9F,25,,SICUREZZA,0,PROMO_SETTEMBRE_VIP,ATTIVO
info@vinicontini.com,Null,Null,Azienda Vinicola Contini,+390783290806,SIC-ID-095F8005B217,25,,SICUREZZA,0,PROMO_SETTEMBRE_VIP,ATTIVO
info@terrasardaceramiche.com,Null,Null,Terra Sarda Ceramiche Artistiche,+390784875589,SIC-ID-2A19B87D5A71,25,,SICUREZZA,0,PROMO_SETTEMBRE_VIP,ATTIVO
info@termoservis.com,Null,Null,Termoservis,+390402529398,SIC-ID-61055952D40D,25,,SICUREZZA,0,PROMO_SETTEMBRE_VIP,ATTIVO
rbkabel@virgilio.it,Null,Null,Rb Di Škerk Boris,+39040251065,SIC-ID-302465F62EF2,25,,SICUREZZA,0,PROMO_SETTEMBRE_VIP,ATTIVO
ivokosuta@hotmail.it,Null,Null,Ivo Kosuta,+393496624365,SIC-ID-D52709B4FC8E,25,,SICUREZZA,0,PROMO_SETTEMBRE_VIP,ATTIVO
foto.sei.pn@gmail.com,Null,Null,Image Di Denis Turchetto,+390434649013,SIC-ID-D60A4ADABA0E,25,,SICUREZZA,0,PROMO_SETTEMBRE_VIP,ATTIVO
rosserobin@alice.it,Null,Null,Parco Scultoreo Di Prosecco,+39040225095,SIC-ID-1A84CBF300F5,25,,SICUREZZA,0,PROMO_SETTEMBRE_VIP,ATTIVO
info@termoideale.it,Null,Null,Termoidraulica Ideale,+390408325073,SIC-ID-8C1524964400,25,,SICUREZZA,0,PROMO_SETTEMBRE_VIP,ATTIVO
mieleabramicarboni@gmail.com,Null,Null,Apicoltura - Čebelarstvo Abrami Carboni,+39040226403,SIC-ID-242E02D8B866,25,,SICUREZZA,0,PROMO_SETTEMBRE_VIP,ATTIVO
sede@vitalcoop.net,Null,Null,Vital,+39040226868,SIC-ID-28B2E9DA9F83,25,,SICUREZZA,0,PROMO_SETTEMBRE_VIP,ATTIVO
bombom@libero.it,Null,Null,Bom Bom,+39040821259,SIC-ID-BEFECBFA1914,25,,SICUREZZA,0,PROMO_SETTEMBRE_VIP,ATTIVO
boscdisot@gmail.com,Null,Null,Bosc Di Sot,,SIC-ID-C696CA8FE3A1,25,,SICUREZZA,0,PROMO_SETTEMBRE_VIP,ATTIVO
info@fotoraspar.it,Null,Null,Fotoraspar,+393713452226,SIC-ID-55100B268712,25,,SICUREZZA,0,PROMO_SETTEMBRE_VIP,ATTIVO
info@alemarhome.it,Null,Null,Alemar Home,+393406888073+3904310570,SIC-ID-7CE4D20390A8,25,,SICUREZZA,0,PROMO_SETTEMBRE_VIP,ATTIVO
marinogori55@gmail.com,Null,Null,Gori M. Thermoidraulica,+393493442802,SIC-ID-C125736EDC87,25,,SICUREZZA,0,PROMO_SETTEMBRE_VIP,ATTIVO
info@zatticompany.com,Null,Null,Pasticceria Zatti,+393341899796,SIC-ID-086F4F7DE0FA,25,,SICUREZZA,0,PROMO_SETTEMBRE_VIP,ATTIVO
info@ateliersarte.it,Null,Null,Atelier Delle Sarte,+393345790343,SIC-ID-5E8B8F89310C,25,,SICUREZZA,0,PROMO_SETTEMBRE_VIP,ATTIVO
info@graficagoriziana.com,Null,Null,Grafica Goriziana S.a.s.,+39048122116,SIC-ID-CC10737328C3,25,,SICUREZZA,0,PROMO_SETTEMBRE_VIP,ATTIVO
info@anticaconteabirrificio.it,Null,Null,Antica Contea Birrificio In Gorizia,+393519820448,SIC-ID-95EB79CE4E94,25,,SICUREZZA,0,PROMO_SETTEMBRE_VIP,ATTIVO
info@cosper.it,Null,Null,Cosper Snc,+39048176480,SIC-ID-FC65CA945E53,25,,SICUREZZA,0,PROMO_SETTEMBRE_VIP,ATTIVO
info@scribanovini.it,Null,Null,Azienda Agricola Scribano,,SIC-ID-67D50B67818C,25,,SICUREZZA,0,PROMO_SETTEMBRE_VIP,ATTIVO
supporto@casadellachiave.com,Null,Null,Casa Della Chiave,+39043242328,SIC-ID-87969420DC55,25,,SICUREZZA,0,PROMO_SETTEMBRE_VIP,ATTIVO
commerciale@qmimpianti.com,Null,Null,Qm Impianti,+393478727411,SIC-ID-B00A45CF40F3,25,,SICUREZZA,0,PROMO_SETTEMBRE_VIP,ATTIVO
info@daonelio.it,Null,Null,Da Onelio,+390432295144,SIC-ID-B081EB9081EE,25,,SICUREZZA,0,PROMO_SETTEMBRE_VIP,ATTIVO
info@knez.it,Null,Null,Knez S.a.s. Di Gabriele Knez & Co,+39040568685,SIC-ID-2C74B998CCFD,25,,SICUREZZA,0,PROMO_SETTEMBRE_VIP,ATTIVO
info@ilroncal.it,Null,Null,Il Roncal Wine & Resort,+390432730138,SIC-ID-97FA723AD219,25,,SICUREZZA,0,PROMO_SETTEMBRE_VIP,ATTIVO
info@andreamervic.com,Null,Null,Scalpellino Artistico / Obdelovalec Kamna Andrea Mervic,,SIC-ID-4C523181F536,25,,SICUREZZA,0,PROMO_SETTEMBRE_VIP,ATTIVO
topserramenti@hotmail.it,Null,Null,Top Serramenti,+393358307329,SIC-ID-62370A7A70D6,25,,SICUREZZA,0,PROMO_SETTEMBRE_VIP,ATTIVO
madatemporarylab@gmail.com,Null,Null,Mada,+393714331463,SIC-ID-44AF8A24FF00,25,,SICUREZZA,0,PROMO_SETTEMBRE_VIP,ATTIVO
fotoriccio@hotmail.com,Null,Null,Foro Riccio,+39040634084,SIC-ID-D2097AFB9356,25,,SICUREZZA,0,PROMO_SETTEMBRE_VIP,ATTIVO
pietrolombardo@gmail.com,Null,Null,Apicoltura Lombardo,+390481779536,SIC-ID-9375EBA97FF1,25,,SICUREZZA,0,PROMO_SETTEMBRE_VIP,ATTIVO
codroipo@cantinarauscedo.com,Null,Null,Cantina Rauscedo,+390432820252,SIC-ID-DC85F15A905B,25,,SICUREZZA,0,PROMO_SETTEMBRE_VIP,ATTIVO
info@princic.it,Null,Null,Princic Floor Experts Italia,+390481808500,SIC-ID-4A173DC52587,25,,SICUREZZA,0,PROMO_SETTEMBRE_VIP,ATTIVO
info@tunella.it,Null,Null,Azienda Agricola Tunella,,SIC-ID-7E9302C198AE,25,,SICUREZZA,0,PROMO_SETTEMBRE_VIP,ATTIVO
info@mdf.trieste.it,Null,Null,M.d.f. S.r.l.,+390402528074,SIC-ID-C271DA5B72D6,25,,SICUREZZA,0,PROMO_SETTEMBRE_VIP,ATTIVO
riparazioninordest@gmail.com,Null,Null,Riparazioni Nord-est,,SIC-ID-2123BE541F63,25,,SICUREZZA,0,PROMO_SETTEMBRE_VIP,ATTIVO
info@falegnameriazeta.it,Null,Null,Falegnameria G.zucca Sas,+393894768386,SIC-ID-D243B076ABE0,25,,SICUREZZA,0,PROMO_SETTEMBRE_VIP,ATTIVO
info@lasclusa.it,Null,Null,La Sclusa,+390432716259,SIC-ID-75B54E60F5B6,25,,SICUREZZA,0,PROMO_SETTEMBRE_VIP,ATTIVO
info@zahrebeer.com,Null,Null,Zahre Beer,+390433866314,SIC-ID-41EE95B4E3D8,25,,SICUREZZA,0,PROMO_SETTEMBRE_VIP,ATTIVO
f@galas.it,Null,Null,Fotostudio Fabio Galas/telegarda,+390464519191,SIC-ID-FDF009FA7475,25,,SICUREZZA,0,PROMO_SETTEMBRE_VIP,ATTIVO
info@euroriparazioni.com,Null,Null,Euroriparazioni,+393405734377,SIC-ID-617E1041032A,25,,SICUREZZA,0,PROMO_SETTEMBRE_VIP,ATTIVO
magdadelugan@yahoo.it,Null,Null,Zambo,,SIC-ID-A1EBBF6E2395,25,,SICUREZZA,0,PROMO_SETTEMBRE_VIP,ATTIVO
mauro.gabardi@gmail.com,Null,Null,Gabardi Mauro,,SIC-ID-19834DBEC6BA,25,,SICUREZZA,0,PROMO_SETTEMBRE_VIP,ATTIVO
info@menuservice.it,Null,Null,Menù Service,,SIC-ID-30354ECF4644,25,,SICUREZZA,0,PROMO_SETTEMBRE_VIP,ATTIVO
trento@ireplace.it,Null,Null,Ireplace,+390461095018,SIC-ID-7941B43681AE,25,,SICUREZZA,0,PROMO_SETTEMBRE_VIP,ATTIVO
info@faktotumservice.it,Null,Null,Faktotum Service,+393450707050,SIC-ID-4EC0184B7A62,25,,SICUREZZA,0,PROMO_SETTEMBRE_VIP,ATTIVO
info@andreagoacomelli.com,Null,Null,Andrea Giacomelli Fotografo,+393479252350,SIC-ID-3BD49157B4C1,25,,SICUREZZA,0,PROMO_SETTEMBRE_VIP,ATTIVO
info@profax.it,Null,Null,Profax Gmbh/srl,+390471633593,SIC-ID-8712AEAE3FC5,25,,SICUREZZA,0,PROMO_SETTEMBRE_VIP,ATTIVO
info@michaeler.info,Null,Null,Tischlerei - Michaeler Hugo,+390472840575,SIC-ID-A21AE9E14EE3,25,,SICUREZZA,0,PROMO_SETTEMBRE_VIP,ATTIVO
info@sticktrendsuedtirol.com,Null,Null,Stick Trend Südtirol,+390472841063,SIC-ID-F6121E158321,25,,SICUREZZA,0,PROMO_SETTEMBRE_VIP,ATTIVO
info@fenstercenter.com,Null,Null,Fenstercenter Gmbh,+390473742588,SIC-ID-BA1CDF432951,25,,SICUREZZA,0,PROMO_SETTEMBRE_VIP,ATTIVO
info@tischlerei-tribus.com,Null,Null,Tischlerei Tribus,+390471510155,SIC-ID-DBE82F9CEE44,25,,SICUREZZA,0,PROMO_SETTEMBRE_VIP,ATTIVO
info@weingut-plonerhof.com,Null,Null,Plonerhof,+390471975559,SIC-ID-C82F1402C34F,25,,SICUREZZA,0,PROMO_SETTEMBRE_VIP,ATTIVO
info@x-metall.com,Null,Null,X-metall,+390471616278,SIC-ID-7B0A10AF5339,25,,SICUREZZA,0,PROMO_SETTEMBRE_VIP,ATTIVO
info@metallpichler.it,Null,Null,Metall Pichler,+390471616309,SIC-ID-AD3B0D7EE986,25,,SICUREZZA,0,PROMO_SETTEMBRE_VIP,ATTIVO
info@schuhe-wolfgang.com,Null,Null,Schuhe Wolfgang,+390471616391,SIC-ID-456BEDC299B5,25,,SICUREZZA,0,PROMO_SETTEMBRE_VIP,ATTIVO
info@maler-ausserdorfer.it,Null,Null,Ausserdorfer Malermeisterbetrieb,+390471616650,SIC-ID-E2147A01B58A,25,,SICUREZZA,0,PROMO_SETTEMBRE_VIP,ATTIVO
info@rieglerchristof.it,Null,Null,Riegler Christof Bauspengler,+393492550940,SIC-ID-5CC5C5FCDBA7,25,,SICUREZZA,0,PROMO_SETTEMBRE_VIP,ATTIVO
laser@x-metall.com,Null,Null,X-metall Werk Ii,+390471616278,SIC-ID-8E6499E80160,25,,SICUREZZA,0,PROMO_SETTEMBRE_VIP,ATTIVO
info@oberpreyhof.it,Null,Null,Oberpreyhof,,SIC-ID-E1FCD4FDC39C,25,,SICUREZZA,0,PROMO_SETTEMBRE_VIP,ATTIVO
info@malbo.it,Null,Null,Malbo,,SIC-ID-A0AA7B3CF894,25,,SICUREZZA,0,PROMO_SETTEMBRE_VIP,ATTIVO
info@dipoli.com,Null,Null,Peter Dipoli,+390471813400,SIC-ID-8737A7B92D9C,25,,SICUREZZA,0,PROMO_SETTEMBRE_VIP,ATTIVO
messner.wernwr71@gmail.com,Null,Null,Werner Messner - Raumaustatter,+393382280092,SIC-ID-44B5299CD095,25,,SICUREZZA,0,PROMO_SETTEMBRE_VIP,ATTIVO
info@schlosserei-pircher.eu,Null,Null,Schlosserei Pircher,+390471602222,SIC-ID-4D7E1B26EC5E,25,,SICUREZZA,0,PROMO_SETTEMBRE_VIP,ATTIVO
info@salcher.com,Null,Null,Holzschnitzerei Salcher Werner,+390471797581,SIC-ID-308CB84CD359,25,,SICUREZZA,0,PROMO_SETTEMBRE_VIP,ATTIVO
fb.pavimenti@alice.it,Null,Null,F.b. Pavimenti,+390461241922,SIC-ID-80287386C59B,25,,SICUREZZA,0,PROMO_SETTEMBRE_VIP,ATTIVO
info@riccadonnaservice.com,Null,Null,Riccadonna Service,,SIC-ID-CBDCAAD0768D,25,,SICUREZZA,0,PROMO_SETTEMBRE_VIP,ATTIVO
ebensperger.albrecht@rolmail.net,Null,Null,Baumeister Albrecht Ebensperger,+390473831616,SIC-ID-59430587C4D2,25,,SICUREZZA,0,PROMO_SETTEMBRE_VIP,ATTIVO
info@maler-schorsch.com,Null,Null,Maler Schorsch,+390473830207,SIC-ID-4F6200B1B237,25,,SICUREZZA,0,PROMO_SETTEMBRE_VIP,ATTIVO
info@rockservice.it,Null,Null,Rockservice Arco,,SIC-ID-84C9536BE114,25,,SICUREZZA,0,PROMO_SETTEMBRE_VIP,ATTIVO
info@sattlereithaler.com,Null,Null,Sattlerei Thaler,+390473626142,SIC-ID-75357ABF98E2,25,,SICUREZZA,0,PROMO_SETTEMBRE_VIP,ATTIVO
electrohaller@dnet.it,Null,Null,Electro Haller,+390473645652+393477944,SIC-ID-B065390F74CC,25,,SICUREZZA,0,PROMO_SETTEMBRE_VIP,ATTIVO
info@novum.it,Null,Null,Novum,+390471971713,SIC-ID-A5C4ADC82B2C,25,,SICUREZZA,0,PROMO_SETTEMBRE_VIP,ATTIVO
info@federkielstickereixander.com,Null,Null,Federkielstickerei Xander,+393459238861,SIC-ID-B445C73DF0B0,25,,SICUREZZA,0,PROMO_SETTEMBRE_VIP,ATTIVO
info@grappalones.it,Null,Null,L'ones,+393420280053,SIC-ID-67D3CC516F44,25,,SICUREZZA,0,PROMO_SETTEMBRE_VIP,ATTIVO
info@wolfwalter.eu,Null,Null,Wolf Walter Gmbh,+390473561405,SIC-ID-C2D2A16C59E1,25,,SICUREZZA,0,PROMO_SETTEMBRE_VIP,ATTIVO
info@arcoresoling.com,Null,Null,Arco Resoiling,,SIC-ID-3C68C611B195,25,,SICUREZZA,0,PROMO_SETTEMBRE_VIP,ATTIVO
info@moessner.it,Null,Null,Mössner,+393355653397,SIC-ID-81B9A3061EAC,25,,SICUREZZA,0,PROMO_SETTEMBRE_VIP,ATTIVO
info@bauman.tn.it,Null,Null,Bauman,+3904611903353,SIC-ID-499059A28373,25,,SICUREZZA,0,PROMO_SETTEMBRE_VIP,ATTIVO
info@marmimeneghini.it,Null,Null,Marmi Meneghini,+390461753095,SIC-ID-1CA42AC7A8BD,25,,SICUREZZA,0,PROMO_SETTEMBRE_VIP,ATTIVO
info@schmidt-as.com,Null,Null,Schmidt As Spengler Lattoniere,+390471974489,SIC-ID-AC3393DBB031,25,,SICUREZZA,0,PROMO_SETTEMBRE_VIP,ATTIVO
info@boccher.it,Null,Null,Boccher,+390461752742,SIC-ID-99466E585EE8,25,,SICUREZZA,0,PROMO_SETTEMBRE_VIP,ATTIVO
mail@bacher.bz,Null,Null,Bacher,+390474745107,SIC-ID-A47ECAF56A90,25,,SICUREZZA,0,PROMO_SETTEMBRE_VIP,ATTIVO
info@devigilivini.it,Null,Null,Maso Belvedere,+390461870233,SIC-ID-8813CA51B159,25,,SICUREZZA,0,PROMO_SETTEMBRE_VIP,ATTIVO
info@divineline.it,Null,Null,La Finestra Divina,+393357052007,SIC-ID-CAA36730C774,25,,SICUREZZA,0,PROMO_SETTEMBRE_VIP,ATTIVO
info@innovamec.it,Null,Null,Innovamec,+390461753399,SIC-ID-F6C911BCC462,25,,SICUREZZA,0,PROMO_SETTEMBRE_VIP,ATTIVO
info@spumante-sanmichael.it,Null,Null,San Michael,+393339300321,SIC-ID-C3F4E9A3D760,25,,SICUREZZA,0,PROMO_SETTEMBRE_VIP,ATTIVO
ilgufo.marcobertoli@gmail.com,Null,Null,Il Gufo,+393493959063,SIC-ID-0F5E9076302B,25,,SICUREZZA,0,PROMO_SETTEMBRE_VIP,ATTIVO
info@birrificiobionoc.com,Null,Null,Birrificio Bionoc,+393296086570,SIC-ID-D12D10566D12,25,,SICUREZZA,0,PROMO_SETTEMBRE_VIP,ATTIVO
info@raichfenster.it,Null,Null,Raich Fenster,+390473649015,SIC-ID-ACE6A986D88A,25,,SICUREZZA,0,PROMO_SETTEMBRE_VIP,ATTIVO
info@elektro-innerhofer.it,Null,Null,Elektro Innerhofer,+390473650152,SIC-ID-44EE8F3E2345,25,,SICUREZZA,0,PROMO_SETTEMBRE_VIP,ATTIVO
info@zischg.info,Null,Null,Masstischlerei Zischg,+390473616440,SIC-ID-FEA289F93584,25,,SICUREZZA,0,PROMO_SETTEMBRE_VIP,ATTIVO
info@rottensteiner.wine,Null,Null,Rottensteiner Tenuta,+390471282015,SIC-ID-E96AF5F0E509,25,,SICUREZZA,0,PROMO_SETTEMBRE_VIP,ATTIVO
info@zenleser.it,Null,Null,Zenleser Günther,+390471262496,SIC-ID-D4AA6D53A991,25,,SICUREZZA,0,PROMO_SETTEMBRE_VIP,ATTIVO
cardonati2k@gmail.com,Null,Null,Elettro 2000,,SIC-ID-3E86B1EF06A1,25,,SICUREZZA,0,PROMO_SETTEMBRE_VIP,ATTIVO
info@cobelli.it,Null,Null,Eredi Di Cobelli Aldo,,SIC-ID-772BB12C8649,25,,SICUREZZA,0,PROMO_SETTEMBRE_VIP,ATTIVO
fullcolorsas@gmail.com,Null,Null,Full Color,+390461763777,SIC-ID-9588CDB2E625,25,,SICUREZZA,0,PROMO_SETTEMBRE_VIP,ATTIVO
aluvals@virgilio.it,Null,Null,Aluvals,+390461782088,SIC-ID-740EF4A57152,25,,SICUREZZA,0,PROMO_SETTEMBRE_VIP,ATTIVO
info@zirkotech.com,Null,Null,Zirkotech,+390461780198,SIC-ID-7E7783DF663D,25,,SICUREZZA,0,PROMO_SETTEMBRE_VIP,ATTIVO
info@lottovalsuganasapori.it,Null,Null,Lotto,+390461762446,SIC-ID-FB2246B7F2D9,25,,SICUREZZA,0,PROMO_SETTEMBRE_VIP,ATTIVO
info@evotech-rc.it,Null,Null,Evotech,+390461780184,SIC-ID-1E62A29B15AB,25,,SICUREZZA,0,PROMO_SETTEMBRE_VIP,ATTIVO
info@putzerbrixen.it,Null,Null,Tischlerei Putzer,+390472832044,SIC-ID-27EEA7A086FF,25,,SICUREZZA,0,PROMO_SETTEMBRE_VIP,ATTIVO
info@masoalto.com,Null,Null,Maso Alto,,SIC-ID-236AD44C815E,25,,SICUREZZA,0,PROMO_SETTEMBRE_VIP,ATTIVO
info@ahrntaler-kunstschmiede.com,Null,Null,Ahrntaler Kunstschmiede,+390474671282,SIC-ID-710DB47C2DE0,25,,SICUREZZA,0,PROMO_SETTEMBRE_VIP,ATTIVO
saegewerk.oberhollenzer@rolmail.net,Null,Null,Sägewerk Oberhollenzer,+390474671201,SIC-ID-02C5546EE241,25,,SICUREZZA,0,PROMO_SETTEMBRE_VIP,ATTIVO
andy.geier@rolmail.net,Null,Null,Andy Geier,+390473490013,SIC-ID-B31AECCFB2EF,25,,SICUREZZA,0,PROMO_SETTEMBRE_VIP,ATTIVO
linfa_legno@hotmail.com,Null,Null,Linfa Legno,+393421776707,SIC-ID-A7CDA54227EB,25,,SICUREZZA,0,PROMO_SETTEMBRE_VIP,ATTIVO
info@lattoneriecagol.it,Null,Null,Lattonerie Cagol,+390461942375,SIC-ID-7DB4B079D615,25,,SICUREZZA,0,PROMO_SETTEMBRE_VIP,ATTIVO
info@fotograficabartoli.it,Null,Null,Bartoli,+390464591652,SIC-ID-31D8BC1633D7,25,,SICUREZZA,0,PROMO_SETTEMBRE_VIP,ATTIVO
prugger.candidus@dnet.it,Null,Null,Candidus Prugger,+390472834530,SIC-ID-C2F71EEE768C,25,,SICUREZZA,0,PROMO_SETTEMBRE_VIP,ATTIVO
info@technoworldservices.com,Null,Null,Technoworld Services,+3904711815428,SIC-ID-D2E89B6B8557,25,,SICUREZZA,0,PROMO_SETTEMBRE_VIP,ATTIVO
info@klauslentsch.eu,Null,Null,Weingut Tenuta Klaus Lentsch,+390471967263,SIC-ID-5FDF31547957,25,,SICUREZZA,0,PROMO_SETTEMBRE_VIP,ATTIVO
info@birrificiorethia.it,Null,Null,Birrificio Rethia,+390461340182,SIC-ID-0EFFCDF675B8,25,,SICUREZZA,0,PROMO_SETTEMBRE_VIP,ATTIVO
info@antonius-bier.com,Null,Null,Antonius Bier,+3904711923528,SIC-ID-12022B3DE210,25,,SICUREZZA,0,PROMO_SETTEMBRE_VIP,ATTIVO
info@odorizzimeccanica.it,Null,Null,Odorizzi Meccanica,+390463451626,SIC-ID-04C8A477D99B,25,,SICUREZZA,0,PROMO_SETTEMBRE_VIP,ATTIVO
info@gruberlandmaschinen.com,Null,Null,Landmaschinen Gruber,+390473561412,SIC-ID-46E43452724C,25,,SICUREZZA,0,PROMO_SETTEMBRE_VIP,ATTIVO
info@zublasing.com,Null,Null,Schuhwerkstatt,+393357375081,SIC-ID-23CEE532D07D,25,,SICUREZZA,0,PROMO_SETTEMBRE_VIP,ATTIVO
marco.smimpianti@gmail.com,Null,Null,Sm Impianti Elettrici,+393385906825,SIC-ID-9289BFFE7E04,25,,SICUREZZA,0,PROMO_SETTEMBRE_VIP,ATTIVO
info@pisettacostruzioni.it,Null,Null,Pisetta Costruzioni,+390461945538,SIC-ID-BC5F0A5B22C1,25,,SICUREZZA,0,PROMO_SETTEMBRE_VIP,ATTIVO
info@iiet.biz,Null,Null,I.i.e.t.,+390461945708,SIC-ID-51E8FB8A8CBA,25,,SICUREZZA,0,PROMO_SETTEMBRE_VIP,ATTIVO
menestrina.mauro@alice.it,Null,Null,Menestrina,+390461945157,SIC-ID-15D8A513D957,25,,SICUREZZA,0,PROMO_SETTEMBRE_VIP,ATTIVO
info@pregler.it,Null,Null,Pregler,+390473565396,SIC-ID-967F5C328D65,25,,SICUREZZA,0,PROMO_SETTEMBRE_VIP,ATTIVO
info@glasidee.it,Null,Null,Glasidee,+390473561357,SIC-ID-210EEBFF6282,25,,SICUREZZA,0,PROMO_SETTEMBRE_VIP,ATTIVO
erichvassanelli@virgilio.it,Null,Null,Hydrauliker Vassanelli,+390473561108,SIC-ID-117840E02AC2,25,,SICUREZZA,0,PROMO_SETTEMBRE_VIP,ATTIVO
info@deltabau.it,Null,Null,Delta Bau,+390473564084,SIC-ID-323C2AB38715,25,,SICUREZZA,0,PROMO_SETTEMBRE_VIP,ATTIVO
info@romanbreitenberger.it,Null,Null,Breitenberger Roman,+390473556000,SIC-ID-18AC4ABA6ED3,25,,SICUREZZA,0,PROMO_SETTEMBRE_VIP,ATTIVO
maiart@alice.it,Null,Null,Tischlerei Mairhofer,+393331303299,SIC-ID-8B71465B50DB,25,,SICUREZZA,0,PROMO_SETTEMBRE_VIP,ATTIVO
info@illmer.it,Null,Null,Karl Illmer Landmaschinen,+390473561271,SIC-ID-20C8D2FA2478,25,,SICUREZZA,0,PROMO_SETTEMBRE_VIP,ATTIVO
merano@internorm.com,Null,Null,Internorm,+390473491870,SIC-ID-D610E46F68B9,25,,SICUREZZA,0,PROMO_SETTEMBRE_VIP,ATTIVO
info@steinmetz-hoellrigl.it,Null,Null,Höllrigl,+390473561496,SIC-ID-1F0DC3EE6382,25,,SICUREZZA,0,PROMO_SETTEMBRE_VIP,ATTIVO
info@steiner.sprayers.bz,Null,Null,Steiner,+390473561291,SIC-ID-55C03FA3E8D5,25,,SICUREZZA,0,PROMO_SETTEMBRE_VIP,ATTIVO
fotoladele@gmail.com,Null,Null,Fotoladele,+390473604739,SIC-ID-1BED8C249215,25,,SICUREZZA,0,PROMO_SETTEMBRE_VIP,ATTIVO
apicolturangelica@gmail.com,Null,Null,Apicoltura Angelica,,SIC-ID-D1DE8060763D,25,,SICUREZZA,0,PROMO_SETTEMBRE_VIP,ATTIVO
florianfischnaller@brennercom.net,Null,Null,Tischlerei Florian Fischnaller,+393289693091,SIC-ID-9398C53E8164,25,,SICUREZZA,0,PROMO_SETTEMBRE_VIP,ATTIVO
info@cartopack.it,Null,Null,Cartopack S.r.l.,+390461757001,SIC-ID-6F69FD604DC6,25,,SICUREZZA,0,PROMO_SETTEMBRE_VIP,ATTIVO
info@bertolinsrl.it,Null,Null,Bertolin Imballaggi,+390461752333,SIC-ID-8311570EF649,25,,SICUREZZA,0,PROMO_SETTEMBRE_VIP,ATTIVO
aste.tiziana@gmail.com,Null,Null,Kilim,+390464438328+39046443582,SIC-ID-19BF6683BD1D,25,,SICUREZZA,0,PROMO_SETTEMBRE_VIP,ATTIVO
info@ivoiuliano.it,Null,Null,Ivo Iuliano Liutaio,,SIC-ID-60AD14F072D2,25,,SICUREZZA,0,PROMO_SETTEMBRE_VIP,ATTIVO
info@amaliapernter.at,Null,Null,Amalia Pernter 1896,+393392169953,SIC-ID-89D6AEC28338,25,,SICUREZZA,0,PROMO_SETTEMBRE_VIP,ATTIVO
info@torneria-pezzi.com,Null,Null,Torneria Pezzi Srl,+390461658924,SIC-ID-77E173AD0898,25,,SICUREZZA,0,PROMO_SETTEMBRE_VIP,ATTIVO
info@applebloodcider.com,Null,Null,Apple Blood,,SIC-ID-7E9632B29BEE,25,,SICUREZZA,0,PROMO_SETTEMBRE_VIP,ATTIVO
info@suedtirol-solar.com,Null,Null,Südtirol Solar,+390473550040,SIC-ID-236F16C591B6,25,,SICUREZZA,0,PROMO_SETTEMBRE_VIP,ATTIVO
info@nalsmargreid.com,Null,Null,Nals Margreid Enoteca 1764,+390471678626,SIC-ID-CF82A15E1185,25,,SICUREZZA,0,PROMO_SETTEMBRE_VIP,ATTIVO
info@sintelux.it,Null,Null,Sintelux,+390464552571,SIC-ID-DED081795367,25,,SICUREZZA,0,PROMO_SETTEMBRE_VIP,ATTIVO
info@gastrentino.it,Null,Null,Gastecnica,+390461932202,SIC-ID-21DCC24442A0,25,,SICUREZZA,0,PROMO_SETTEMBRE_VIP,ATTIVO
info@masoapicoltore.it,Null,Null,Maso Dell'apicoltore,+393457158066,SIC-ID-18E8110C9307,25,,SICUREZZA,0,PROMO_SETTEMBRE_VIP,ATTIVO
info@elettricis.it,Null,Null,L'elettricis,+393347036364,SIC-ID-26A9A1541E1E,25,,SICUREZZA,0,PROMO_SETTEMBRE_VIP,ATTIVO
arduinigiovanna@libero.it,Null,Null,Lavanderia Da Giovanna,+393332445160,SIC-ID-8995815CE1C8,96,,SICUREZZA,0,PROMO_SETTEMBRE_VIP,ATTIVO
federicobrongo@libero.it,Null,Null,Sailor Fred Tattoo Studio,+393291236631,SIC-ID-B94E85B4D0B2,96,,SICUREZZA,0,PROMO_SETTEMBRE_VIP,ATTIVO
riccardo@massaggitantraroma.net,Null,Null,Massaggi Tantra Roma,+393317488139,SIC-ID-7A9A7FB7EF43,96,,SICUREZZA,0,PROMO_SETTEMBRE_VIP,ATTIVO
dhaka.noakhali@yahoo.com,Null,Null,New Market,+393285954005,SIC-ID-77C55BD05A30,96,,SICUREZZA,0,PROMO_SETTEMBRE_VIP,ATTIVO
info@esteticafrancy.com,Null,Null,Francy's Sun & Beauty,+390676966038,SIC-ID-552920A0ECF6,96,,SICUREZZA,0,PROMO_SETTEMBRE_VIP,ATTIVO
extensionbrasiliane@hotmail.com,Null,Null,Hair Extension Brasiliane,+393271190460,SIC-ID-C9A9B5118457,96,,SICUREZZA,0,PROMO_SETTEMBRE_VIP,ATTIVO
isosia@libero.it,Null,Null,I Sosia,+39067674128,SIC-ID-6FABEBA5AFB2,96,,SICUREZZA,0,PROMO_SETTEMBRE_VIP,ATTIVO
info@abdr.it,Null,Null,Abdr Architetti Associati,+390657250457,SIC-ID-F5CD750EEAFB,69,,SICUREZZA,0,PROMO_SETTEMBRE_VIP,ATTIVO
info@cafbracciano.com,Null,Null,C&c Services Caf Bracciano,+390699805708,SIC-ID-5AA1FD22C6B9,69,,SICUREZZA,0,PROMO_SETTEMBRE_VIP,ATTIVO
info@maxdp.net,Null,Null,Personal Servizi Servizi - Caf - Patronato,+390664731233,SIC-ID-91DDB96B7607,69,,SICUREZZA,0,PROMO_SETTEMBRE_VIP,ATTIVO
giorgiomazzoli@vintieassociati.com,Null,Null,Avv. Giorgio Maria Mazzoli,,SIC-ID-309B1EB3404D,69,,SICUREZZA,0,PROMO_SETTEMBRE_VIP,ATTIVO
studiolegalecicione@gmail.com,Null,Null,Studio Legale Cicione Erik,+393475133243,SIC-ID-7B53F006839E,69,,SICUREZZA,0,PROMO_SETTEMBRE_VIP,ATTIVO
studio@lorenzoni.org,Null,Null,Studio Legale Lorenzoni,+39064888131,SIC-ID-1FFB2F40E502,69,,SICUREZZA,0,PROMO_SETTEMBRE_VIP,ATTIVO
stlegaleandreoni@gmail.com,Null,Null,Studio Legale Andreoni&serreti,+39068841724,SIC-ID-7231770CA5B1,69,,SICUREZZA,0,PROMO_SETTEMBRE_VIP,ATTIVO
mario@sabatino.pro,Null,Null,Studio Legale Avv. Mario Sabatino,,SIC-ID-233BEB8D7C6B,69,,SICUREZZA,0,PROMO_SETTEMBRE_VIP,ATTIVO
info@equiwatt.it,Null,Null,Equiwatt,+390692948079,SIC-ID-94A72CC585D6,69,,SICUREZZA,0,PROMO_SETTEMBRE_VIP,ATTIVO
info@cafcecchignola.it,Null,Null,Infowebstore,+393476584370,SIC-ID-C61C54348E03,69,,SICUREZZA,0,PROMO_SETTEMBRE_VIP,ATTIVO
info@ergoproject.it,Null,Null,Ergo Project,+390692915789,SIC-ID-6A64DADD98D8,69,,SICUREZZA,0,PROMO_SETTEMBRE_VIP,ATTIVO
info@studiolegalebonannomurolo.it,Null,Null,Avvocato Gianmaria Vito Livio Bonanno-avvocato Laura Murolo-studio Legale Bonanno-murolo,,SIC-ID-D695FA9FE98C,69,,SICUREZZA,0,PROMO_SETTEMBRE_VIP,ATTIVO
cafostia@gmail.com,Null,Null,Caf Italia,+390656037168,SIC-ID-1152503EF606,69,,SICUREZZA,0,PROMO_SETTEMBRE_VIP,ATTIVO
remigiomarini60@gmail.com,Null,Null,Studio Geometra Marini,,SIC-ID-192EFC38F52F,69,,SICUREZZA,0,PROMO_SETTEMBRE_VIP,ATTIVO
info@nextdomus.it,Null,Null,Next Domus,+390672630077,SIC-ID-033982F6A3A0,69,,SICUREZZA,0,PROMO_SETTEMBRE_VIP,ATTIVO
celesteservizi25@gmail.com,Null,Null,Celeste Servizi,+393445726002,SIC-ID-3E5514FBA49C,69,,SICUREZZA,0,PROMO_SETTEMBRE_VIP,ATTIVO
info@clickservizi.com,Null,Null,Caf Patronato Labor,+393913231406,SIC-ID-D31B22DA7A0F,69,,SICUREZZA,0,PROMO_SETTEMBRE_VIP,ATTIVO
info@eurgym.it,Null,Null,Eur Gym Center,+39065916446,SIC-ID-02CA0CBCF1E1,93,,SICUREZZA,0,PROMO_SETTEMBRE_VIP,ATTIVO
info@genazzanotenniscamp.it,Null,Null,C.t. La Signoretta,+39069578891,SIC-ID-087A9047CF01,93,,SICUREZZA,0,PROMO_SETTEMBRE_VIP,ATTIVO
aloespa.roma@gmail.com,Null,Null,Centro Benessere Aloe Spa,+39065084497,SIC-ID-3DD136A6B73B,93,,SICUREZZA,0,PROMO_SETTEMBRE_VIP,ATTIVO
palestrasabazia@gmail.com,Null,Null,A.s.d. Be First,+39069994150,SIC-ID-9D2CD4E6B239,93,,SICUREZZA,0,PROMO_SETTEMBRE_VIP,ATTIVO
palestrabodyland@libero.it,Null,Null,Palestra Bodyland,+390676964784,SIC-ID-3685F2A5722C,93,,SICUREZZA,0,PROMO_SETTEMBRE_VIP,ATTIVO
infovertigini@gmail.com,Null,Null,Vertigini Climbing Aprilia,,SIC-ID-41AEC214475D,93,,SICUREZZA,0,PROMO_SETTEMBRE_VIP,ATTIVO
derossifitness@gmail.com,Null,Null,De Rossi Fitness & Wellness,+39067811209,SIC-ID-BD549CB2E6F2,93,,SICUREZZA,0,PROMO_SETTEMBRE_VIP,ATTIVO
info@piscinapasseroni.it,Null,Null,Passeroni,+39065667660,SIC-ID-EF51AE7FDBAE,93,,SICUREZZA,0,PROMO_SETTEMBRE_VIP,ATTIVO
crisalideroma@libero.it,Null,Null,La Crisalide,+390671588107,SIC-ID-19CB646E57FF,93,,SICUREZZA,0,PROMO_SETTEMBRE_VIP,ATTIVO
indomitaboxe@gmail.com,Null,Null,Indomita Boxe,+39064874369,SIC-ID-E0D3677A7E18,93,,SICUREZZA,0,PROMO_SETTEMBRE_VIP,ATTIVO
ildepositosd@gmail.com,Null,Null,Il Deposito Studio Danza,+393938771815,SIC-ID-A4677A76FF23,93,,SICUREZZA,0,PROMO_SETTEMBRE_VIP,ATTIVO
info@romaswimfitness.com,Null,Null,Roma Swim&fitness,+39067612562,SIC-ID-6B158E40569F,93,,SICUREZZA,0,PROMO_SETTEMBRE_VIP,ATTIVO
info@numidiosport.it,Null,Null,Numidio Sporting Club,+390676967391,SIC-ID-8E03F5DF0A03,93,,SICUREZZA,0,PROMO_SETTEMBRE_VIP,ATTIVO
info@asdjudofrascati.it,Null,Null,Tusculum Sport Center,+39069424142,SIC-ID-957E3DD0698D,93,,SICUREZZA,0,PROMO_SETTEMBRE_VIP,ATTIVO
info@wellnesstown.org,Null,Null,Wellness Town,+39065139056,SIC-ID-7540E1BFEFDE,93,,SICUREZZA,0,PROMO_SETTEMBRE_VIP,ATTIVO
synergymcancun@gmail.com,Null,Null,Synergym Cancun,+393938564229,SIC-ID-38171F899859,93,,SICUREZZA,0,PROMO_SETTEMBRE_VIP,ATTIVO
anguillaranuoto@gmail.com,Null,Null,Asd Anguillara Nuoto,+39069995391,SIC-ID-2919CDC750EA,93,,SICUREZZA,0,PROMO_SETTEMBRE_VIP,ATTIVO
luigi.rossini@gmail.com,Null,Null,Centro Difesa E Sport,,SIC-ID-754C937CFBDD,93,,SICUREZZA,0,PROMO_SETTEMBRE_VIP,ATTIVO
monkeylabaerialstudio@gmail.com,Null,Null,Monkey Lab,+393351330146,SIC-ID-4D3F5EDB8ECB,93,,SICUREZZA,0,PROMO_SETTEMBRE_VIP,ATTIVO
info@relevedanza.it,Null,Null,Relevé Danza,+393465005253,SIC-ID-3CB523FBB4D4,93,,SICUREZZA,0,PROMO_SETTEMBRE_VIP,ATTIVO
centroaerosport.csp@aeronautica.difesa.it,Null,Null,​centro Sportivo Aeronautica Militare,+390699887601,SIC-ID-D7C44727130C,93,,SICUREZZA,0,PROMO_SETTEMBRE_VIP,ATTIVO
info@molinariartcenter.it,Null,Null,Molinari Art Center,+39065574685,SIC-ID-CF34F9319C08,93,,SICUREZZA,0,PROMO_SETTEMBRE_VIP,ATTIVO
namastepercorsiolistici@gmail.com,Null,Null,Studio Olistico Namasté,+393275461238,SIC-ID-34A4FC626439,93,,SICUREZZA,0,PROMO_SETTEMBRE_VIP,ATTIVO
info@conceptlabroma.it,Null,Null,Centro Danza Concept Lab,+393890559240,SIC-ID-BB5835EF5E49,93,,SICUREZZA,0,PROMO_SETTEMBRE_VIP,ATTIVO
lapalestra2007@hotmail.it,Null,Null,A.s.d La Palestra,+390645470599,SIC-ID-21D6203DD68B,93,,SICUREZZA,0,PROMO_SETTEMBRE_VIP,ATTIVO
info@alfafit.it,Null,Null,Alfa Fit,+39069985301,SIC-ID-EFBC8D958A07,93,,SICUREZZA,0,PROMO_SETTEMBRE_VIP,ATTIVO
info@crossfit774.com,Null,Null,Crossfit774,+393349307876,SIC-ID-D02958BEDAD2,93,,SICUREZZA,0,PROMO_SETTEMBRE_VIP,ATTIVO
info@crossfitfrascati.it,Null,Null,Crossfit Frascati,+39069426084,SIC-ID-063A80A9E604,93,,SICUREZZA,0,PROMO_SETTEMBRE_VIP,ATTIVO
info@danz-e.it,Null,Null,Danz'è,+390672972285,SIC-ID-2AF5B8E6520E,93,,SICUREZZA,0,PROMO_SETTEMBRE_VIP,ATTIVO
asdsaviopadel@gmail.com,Null,Null,Acquedotto Padel Club,+39062306479,SIC-ID-4BB872555C2B,93,,SICUREZZA,0,PROMO_SETTEMBRE_VIP,ATTIVO
info@rockit-arrampicataroma.it,Null,Null,Rock It Climbing Roma,+393805869948,SIC-ID-F9C9DAC90603,93,,SICUREZZA,0,PROMO_SETTEMBRE_VIP,ATTIVO
asdoldstylegym@gmail.com,Null,Null,Old Style Gym,+393661399614,SIC-ID-324BE88E08AA,93,,SICUREZZA,0,PROMO_SETTEMBRE_VIP,ATTIVO
info@cityfitnessroma.it,Null,Null,City Fitness,+39062286015,SIC-ID-8BF4D48F0B0C,93,,SICUREZZA,0,PROMO_SETTEMBRE_VIP,ATTIVO
c.yogadharma@tiscali.it,Null,Null,Yogadharma,+393477681424,SIC-ID-F0E47B980486,93,,SICUREZZA,0,PROMO_SETTEMBRE_VIP,ATTIVO
info@racingnuoto.it,Null,Null,Racing Nuoto E Fitness,,SIC-ID-0D7164B87BB6,93,,SICUREZZA,0,PROMO_SETTEMBRE_VIP,ATTIVO
officinadinamica23@gmail.com,Null,Null,Officina Dinamica,+39065756956,SIC-ID-F7FA7FF436A2,93,,SICUREZZA,0,PROMO_SETTEMBRE_VIP,ATTIVO
info@musclestreetgym.com,Null,Null,Muscle Street Gym,+390672672187,SIC-ID-67D326E514C6,93,,SICUREZZA,0,PROMO_SETTEMBRE_VIP,ATTIVO
info@freetime.org,Null,Null,Freetime Sporting Club,+39066535901,SIC-ID-F8841EF4DB99,93,,SICUREZZA,0,PROMO_SETTEMBRE_VIP,ATTIVO
info@ginnasticaeur.it,Null,Null,Ginnastica Eur,+390687601165+39392958,SIC-ID-AEA93790126C,93,,SICUREZZA,0,PROMO_SETTEMBRE_VIP,ATTIVO
info@palestrafashion.it,Null,Null,Fashion Wellness Club,+390637516686,SIC-ID-2FE3DA4E4274,93,,SICUREZZA,0,PROMO_SETTEMBRE_VIP,ATTIVO
info@sportingclubpanda.it,Null,Null,Sporting Club Panda,+39068274201,SIC-ID-9AF1177B3324,93,,SICUREZZA,0,PROMO_SETTEMBRE_VIP,ATTIVO
palalottomatica@forumnet.it,Null,Null,Palazzo Dello Sport,+3906540901,SIC-ID-F5F21A52EDE6,93,,SICUREZZA,0,PROMO_SETTEMBRE_VIP,ATTIVO
info@fresiaviaggi.it,Null,Null,Fresia Viaggi,+39069968224,SIC-ID-DEFF2533B999,82,,SICUREZZA,0,PROMO_SETTEMBRE_VIP,ATTIVO
info@sciamlab.com,Null,Null,Sciamlab Ai Fab,+390692927873,SIC-ID-AD5BE8BFD529,82,,SICUREZZA,0,PROMO_SETTEMBRE_VIP,ATTIVO
info@namex.it,Null,Null,Namex,+390644486586,SIC-ID-C53A114D96B2,82,,SICUREZZA,0,PROMO_SETTEMBRE_VIP,ATTIVO
info@hpeurope.it,Null,Null,Heli Protection Europe Srl - Training Center,,SIC-ID-E6A4E5FD48CD,82,,SICUREZZA,0,PROMO_SETTEMBRE_VIP,ATTIVO
info@ghaleb.it,Null,Null,Davide Ghaleb Editore,,SIC-ID-2AAEE3DE0D49,82,,SICUREZZA,0,PROMO_SETTEMBRE_VIP,ATTIVO
abitaresrlrm@gmail.com,Null,Null,Abitare S.r.l.,+39066556143,SIC-ID-F8554ED26BB0,82,,SICUREZZA,0,PROMO_SETTEMBRE_VIP,ATTIVO
info@lventuregroup.com,Null,Null,Zest,+390645473124,SIC-ID-1978C7CD162C,82,,SICUREZZA,0,PROMO_SETTEMBRE_VIP,ATTIVO
info@creditamediazione.it,Null,Null,Credita - Mediazione Creditizia,,SIC-ID-B6252B7C3994,82,,SICUREZZA,0,PROMO_SETTEMBRE_VIP,ATTIVO
info@tiberadv.com,Null,Null,Tiberadv,+39348780201,SIC-ID-AFB49787D022,82,,SICUREZZA,0,PROMO_SETTEMBRE_VIP,ATTIVO
info@studiorinnovabili.it,Null,Null,Studio Rinnovabili,+39068079555,SIC-ID-003985BBA2B1,82,,SICUREZZA,0,PROMO_SETTEMBRE_VIP,ATTIVO
info@wepa.eu,Null,Null,Wepa,+3907761650700,SIC-ID-ADA4852D16E9,82,,SICUREZZA,0,PROMO_SETTEMBRE_VIP,ATTIVO
puliziedpaservice@gmail.com,Null,Null,Sanificazione Ozono Roma,+39067233092,SIC-ID-AA56F292DA55,82,,SICUREZZA,0,PROMO_SETTEMBRE_VIP,ATTIVO
info@cavedibasalto.com,Null,Null,Cave Di Basalto S.r.l.,+393899917762,SIC-ID-D1C029DE77F7,82,,SICUREZZA,0,PROMO_SETTEMBRE_VIP,ATTIVO
info@ideacittacompany.it,Null,Null,Idea Città Company,+390665670325,SIC-ID-BE287100C60C,82,,SICUREZZA,0,PROMO_SETTEMBRE_VIP,ATTIVO
cpi.palestrina@provincia.roma.it,Null,Null,Centro Per L'impiego,,SIC-ID-45C9C3FB4507,82,,SICUREZZA,0,PROMO_SETTEMBRE_VIP,ATTIVO
info@edilingcostruzionisrl.it,Null,Null,Ediling Costruzioni Srl,+393287620844,SIC-ID-DA1A03BFAD1E,82,,SICUREZZA,0,PROMO_SETTEMBRE_VIP,ATTIVO
raicom@rai.it,Null,Null,Rai Com S.p.a.,,SIC-ID-8EFBA095C161,82,,SICUREZZA,0,PROMO_SETTEMBRE_VIP,ATTIVO
rm357@delegazioni.aci.it,Null,Null,Delegazione Aci Roma 357,+3906296020,SIC-ID-0FA3141E2412,82,,SICUREZZA,0,PROMO_SETTEMBRE_VIP,ATTIVO
info@acianguillara.it,Null,Null,Delegazione Aci Anguillara Sabazia,+390699900082,SIC-ID-FAC90E54B0D5,82,,SICUREZZA,0,PROMO_SETTEMBRE_VIP,ATTIVO
bracciano@tekneko.com,Null,Null,Tekneko,+39800362650,SIC-ID-8E799D51A347,82,,SICUREZZA,0,PROMO_SETTEMBRE_VIP,ATTIVO
info@fresco-pulito.it,Null,Null,Fresco Pulito,+390773697758,SIC-ID-1F54297890FE,82,,SICUREZZA,0,PROMO_SETTEMBRE_VIP,ATTIVO
info@bip-group.com,Null,Null,Bip Group,+39024541521,SIC-ID-9B6393083CB0,82,,SICUREZZA,0,PROMO_SETTEMBRE_VIP,ATTIVO
info@studiobrillante.it,Null,Null,Studio Brillante,+393935485088,SIC-ID-73394BE29BD3,82,,SICUREZZA,0,PROMO_SETTEMBRE_VIP,ATTIVO
filmauro@filmauro.it,Null,Null,Filmauro S.r.l.,+3906699581,SIC-ID-51D7A9C470FF,82,,SICUREZZA,0,PROMO_SETTEMBRE_VIP,ATTIVO
wsense@wsense.it,Null,Null,Wsense,+3906164162049,SIC-ID-D1B0C206D37F,82,,SICUREZZA,0,PROMO_SETTEMBRE_VIP,ATTIVO
info@nuvoledaromiduepuntozero.it,Null,Null,Nuvole D’aromi 2.0 Sigarette Elettroniche,,SIC-ID-E8087DC58E88,82,,SICUREZZA,0,PROMO_SETTEMBRE_VIP,ATTIVO
velletri@inlingua.it,Null,Null,Inlingua Velletri,+39069638280,SIC-ID-5699F1A07B41,85,,SICUREZZA,0,PROMO_SETTEMBRE_VIP,ATTIVO
oxfordenglishcentre@alice.it,Null,Null,Oxford English Centre,+390775853140,SIC-ID-6AF77DA3A0D9,85,,SICUREZZA,0,PROMO_SETTEMBRE_VIP,ATTIVO
info@upra.org,Null,Null,Ateneo Pontificio Regina Apostolorum,+3906916891,SIC-ID-1B77FDC8A886,85,,SICUREZZA,0,PROMO_SETTEMBRE_VIP,ATTIVO
info@schoolofrockrome.it,Null,Null,School Of Rock,+390664672027,SIC-ID-A16EFFDBFEA3,85,,SICUREZZA,0,PROMO_SETTEMBRE_VIP,ATTIVO
segreteria@farmacia.uniroma2.it,Null,Null,Corso Di Laurea In Farmacia,+390672594074,SIC-ID-E1532EB56EE3,85,,SICUREZZA,0,PROMO_SETTEMBRE_VIP,ATTIVO
info@speakeasyschool.it,Null,Null,Speak Easy,+390645443632,SIC-ID-013164EEE9C4,85,,SICUREZZA,0,PROMO_SETTEMBRE_VIP,ATTIVO
bscinecitta@britishschool.it,Null,Null,British School,+390671583154,SIC-ID-CC7F84E0C27E,85,,SICUREZZA,0,PROMO_SETTEMBRE_VIP,ATTIVO
info@notedanzanti.it,Null,Null,Note Danzanti,+393470817626,SIC-ID-E58EF7B14DCF,85,,SICUREZZA,0,PROMO_SETTEMBRE_VIP,ATTIVO
rmcka@tecnocasa.it,Null,Null,Tecnocasa,+39067821535,SIC-ID-2D1B678067FE,68,,SICUREZZA,0,PROMO_SETTEMBRE_VIP,ATTIVO
luciopapirio@quadrifoglioimmobiliare.com,Null,Null,Quadrifoglio Immobiliare,+390671072371,SIC-ID-16334A2F6331,68,,SICUREZZA,0,PROMO_SETTEMBRE_VIP,ATTIVO
info@alnocase.it,Null,Null,Alno Case,+39067611611,SIC-ID-341285EFC2B9,68,,SICUREZZA,0,PROMO_SETTEMBRE_VIP,ATTIVO
info@gbimmobiliare.it,Null,Null,Gb Immobiliare,+390776825049,SIC-ID-AC29D6E75528,68,,SICUREZZA,0,PROMO_SETTEMBRE_VIP,ATTIVO
info@petrucciimmobiliare.it,Null,Null,Petrucci Immobiliare,+390645651334,SIC-ID-02909FC40EE9,68,,SICUREZZA,0,PROMO_SETTEMBRE_VIP,ATTIVO
ag.tuscolanaconsoli@professionecasa.it,Null,Null,Professionecasa Roma Tuscolana-consoli,+3906768617,SIC-ID-114045588F73,68,,SICUREZZA,0,PROMO_SETTEMBRE_VIP,ATTIVO
d.piernovelli@obycasa.it,Null,Null,Obycasa,+390699804531,SIC-ID-FD602F962112,68,,SICUREZZA,0,PROMO_SETTEMBRE_VIP,ATTIVO
info@csiimmobiliare.it,Null,Null,Csi Immobiliare,+39069536795+39069534910,SIC-ID-E25B4409AA3C,68,,SICUREZZA,0,PROMO_SETTEMBRE_VIP,ATTIVO
info@immobiliarepuntotre.it,Null,Null,Immobiliare Puntotre,+390654223129,SIC-ID-4B3C3B258945,68,,SICUREZZA,0,PROMO_SETTEMBRE_VIP,ATTIVO
anguillara@adoimmobiliare.it,Null,Null,Ado Immobiliare,+390699900842,SIC-ID-0D42FEFB237B,68,,SICUREZZA,0,PROMO_SETTEMBRE_VIP,ATTIVO
info@segugiocasa.com,Null,Null,Segugiocasa,+39063089821,SIC-ID-C484BF8F21BC,68,,SICUREZZA,0,PROMO_SETTEMBRE_VIP,ATTIVO
rmcoe@tecnocasa.it,Null,Null,Tecnocasa,,SIC-ID-3E00F4316FFC,68,,SICUREZZA,0,PROMO_SETTEMBRE_VIP,ATTIVO
info@birvalmontone.it,Null,Null,Borsa Immobiliare Di Roma,+393929379468,SIC-ID-7FBDAA116699,68,,SICUREZZA,0,PROMO_SETTEMBRE_VIP,ATTIVO
info@fabriziofranchini.it,Null,Null,Fabrizio Franchini Servizi Immobiliari,+390665670008,SIC-ID-98B8C836AD1E,68,,SICUREZZA,0,PROMO_SETTEMBRE_VIP,ATTIVO
anguillarasabazia@soloaffitti.it,Null,Null,Solo Affitti,+390699607336,SIC-ID-993669C7D08D,68,,SICUREZZA,0,PROMO_SETTEMBRE_VIP,ATTIVO
rmhd2@tecnocasa.it,Null,Null,Tecnocasa,+390694803856,SIC-ID-8B75177511F9,68,,SICUREZZA,0,PROMO_SETTEMBRE_VIP,ATTIVO
info@freestars.it,Null,Null,Freestars Immobiliare,+390699607460,SIC-ID-A16B63A4A869,68,,SICUREZZA,0,PROMO_SETTEMBRE_VIP,ATTIVO
magnumsegreteria@gmail.com,Null,Null,Frimm Magnum Lago Di Bracciano,+390699901489,SIC-ID-9C1F37FF8597,68,,SICUREZZA,0,PROMO_SETTEMBRE_VIP,ATTIVO
rmhaq@tecnocasa.it,Null,Null,Tecnocasa,+390697200095,SIC-ID-7C729FCC8FE8,68,,SICUREZZA,0,PROMO_SETTEMBRE_VIP,ATTIVO
santacroce.c.immobiliare@gmail.com,Null,Null,Santacroce Immobiliare,+390694355231,SIC-ID-52806A37BB78,68,,SICUREZZA,0,PROMO_SETTEMBRE_VIP,ATTIVO
info@domusinvestment.it,Null,Null,Domus Investment 2.0,+390672672179,SIC-ID-F2DCA2C2FFA4,68,,SICUREZZA,0,PROMO_SETTEMBRE_VIP,ATTIVO
info@immobiliarelungo.it,Null,Null,Immobiliare Lungo,+390773663951,SIC-ID-A9A51035C18F,68,,SICUREZZA,0,PROMO_SETTEMBRE_VIP,ATTIVO
rmcpm@tecnocasa.it,Null,Null,Tecnocasa,+39067232014,SIC-ID-A41E94A4AFF0,68,,SICUREZZA,0,PROMO_SETTEMBRE_VIP,ATTIVO
rmhgm@tecnocasa.it,Null,Null,Tecnocasa,+390774018111,SIC-ID-17085A3F353F,68,,SICUREZZA,0,PROMO_SETTEMBRE_VIP,ATTIVO
info@afservizimmobiliari.it,Null,Null,Af Servizi Immobiliari,+39069524155,SIC-ID-5AF3F27F4DCA,68,,SICUREZZA,0,PROMO_SETTEMBRE_VIP,ATTIVO
romacastelverde@iconacasa.com,Null,Null,Iconacasa,+39062260349,SIC-ID-04EF1C6E8014,68,,SICUREZZA,0,PROMO_SETTEMBRE_VIP,ATTIVO
info.immobiliaresiano@gmail.com,Null,Null,Studio Tecnico,,SIC-ID-349B7A2B5C31,68,,SICUREZZA,0,PROMO_SETTEMBRE_VIP,ATTIVO
prati@regroupagency.it,Null,Null,Regroup,+390639754440+39339215,SIC-ID-D0A155981A8D,68,,SICUREZZA,0,PROMO_SETTEMBRE_VIP,ATTIVO
rmhj7@tecnocasa.it,Null,Null,Tecnocasa,+390686378385,SIC-ID-DCEE15E413AF,68,,SICUREZZA,0,PROMO_SETTEMBRE_VIP,ATTIVO
rmck8@tecnocasa.it,Null,Null,Tecnocasa,+390678358626,SIC-ID-D335433AE49F,68,,SICUREZZA,0,PROMO_SETTEMBRE_VIP,ATTIVO
rmcgr@tecnocasa.it,Null,Null,Tecnocasa,+390641403911,SIC-ID-C234720C9C7C,68,,SICUREZZA,0,PROMO_SETTEMBRE_VIP,ATTIVO
rmheu@tecnocasa.it,Null,Null,Tecnocasa,+39069508550,SIC-ID-01D368B4BBF0,68,,SICUREZZA,0,PROMO_SETTEMBRE_VIP,ATTIVO
immobiliare.volpesrl@gmail.com,Null,Null,Agenzia Immobiliare Volpe,+390657300244,SIC-ID-B0261499E90D,68,,SICUREZZA,0,PROMO_SETTEMBRE_VIP,ATTIVO
info@lvconsulenza.it,Null,Null,Lv Consulenze Immobiliari,+390775250906,SIC-ID-F5986AEA353C,68,,SICUREZZA,0,PROMO_SETTEMBRE_VIP,ATTIVO
rmhbm@tecnocasa.it,Null,Null,Tecnocasa,+390683978017,SIC-ID-B9447B039978,68,,SICUREZZA,0,PROMO_SETTEMBRE_VIP,ATTIVO
info@dimhoraluxuryhome.com,Null,Null,Dimhora Luxury Home,+390775250906,SIC-ID-01C79B8F0E2F,68,,SICUREZZA,0,PROMO_SETTEMBRE_VIP,ATTIVO
maurizio.meronzi@gmail.com,Null,Null,Immobili Di Prestigio Roma – Meronzire,+393442955235,SIC-ID-66E9BEB4B863,68,,SICUREZZA,0,PROMO_SETTEMBRE_VIP,ATTIVO
info@acropoli.org,Null,Null,Acropoli Servizi Immobiliari,+390699900800,SIC-ID-DF82E0D7C16C,68,,SICUREZZA,0,PROMO_SETTEMBRE_VIP,ATTIVO
pdalberone@gmail.com,Null,Null,Partito Democratico – Circolo Alberone,+39067886854,SIC-ID-ED74A1A7238A,62,,SICUREZZA,0,PROMO_SETTEMBRE_VIP,ATTIVO
info@geeksacademy.it,Null,Null,Geeks Academy,+39064819141,SIC-ID-7C5CD7B029AF,62,,SICUREZZA,0,PROMO_SETTEMBRE_VIP,ATTIVO
colegiolcroma@legionaries.org,Null,Null,Colegio Internacional Legionarios De Cristo,+3906665271,SIC-ID-76AB029F61A3,62,,SICUREZZA,0,PROMO_SETTEMBRE_VIP,ATTIVO
info@ambiente-spa.com,Null,Null,"Aet Ambiente, Energia E Territorio",+39067932891,SIC-ID-2E0B2839A70A,62,,SICUREZZA,0,PROMO_SETTEMBRE_VIP,ATTIVO
info@eurodigit.it,Null,Null,Eurodigit,+393926127858,SIC-ID-253C6A96CA4D,62,,SICUREZZA,0,PROMO_SETTEMBRE_VIP,ATTIVO
partitodemocraticovalmontone@gmail.com,Null,Null,Partito Democratico,,SIC-ID-10912D505553,62,,SICUREZZA,0,PROMO_SETTEMBRE_VIP,ATTIVO
info@alfarecovery.com,Null,Null,Alfa Recovery,+390773488148,SIC-ID-B43FAA9B9D02,62,,SICUREZZA,0,PROMO_SETTEMBRE_VIP,ATTIVO
servizi@gsinformatica.eu,Null,Null,Gs Informatica Di Gino Santini,+393339780498,SIC-ID-F0BB7AB916BE,62,,SICUREZZA,0,PROMO_SETTEMBRE_VIP,ATTIVO
vitoermete@libero.it,Null,Null,Casa D'esercizi Dei Passionisti,+390677271416,SIC-ID-1E7739DE3D1D,62,,SICUREZZA,0,PROMO_SETTEMBRE_VIP,ATTIVO
contatti@gdgsistemi.it,Null,Null,Gdg Sistemi,+390698358996,SIC-ID-C3788DC01F7A,62,,SICUREZZA,0,PROMO_SETTEMBRE_VIP,ATTIVO
cobragor@gmail.com,Null,Null,Cooperativa Cobragor,+39063386271,SIC-ID-6C7BEA5E3CC7,01,,SICUREZZA,0,PROMO_SETTEMBRE_VIP,ATTIVO
info@farmermarket.shop,Null,Null,Orto Cucina E Dispensa - Farmer Market Genzano,+39069399856,SIC-ID-CD776FE8322E,01,,SICUREZZA,0,PROMO_SETTEMBRE_VIP,ATTIVO
info@latreccia.it,Null,Null,Azienda Agricola La Treccia,,SIC-ID-E98629897284,01,,SICUREZZA,0,PROMO_SETTEMBRE_VIP,ATTIVO
oliodibolsena@frantoiobattaglini.it,Null,Null,Frantoio Battaglini,+390761798847,SIC-ID-B69F3F604473,01,,SICUREZZA,0,PROMO_SETTEMBRE_VIP,ATTIVO
raffaele.bono@libero.it,Null,Null,Edilbono Ristrutturazioni Manutenzioni,+390116193911,SIC-ID-945E58E4073D,43,,SICUREZZA,0,PROMO_SETTEMBRE_VIP,ATTIVO
info@elektroimpianti.it,Null,Null,Elektroimpianti,+390131219424,SIC-ID-F1BAB68A583F,43,,SICUREZZA,0,PROMO_SETTEMBRE_VIP,ATTIVO
luigi.irico@tin.it,Null,Null,Irico & C.,+390161257075,SIC-ID-A7426920D2DB,43,,SICUREZZA,0,PROMO_SETTEMBRE_VIP,ATTIVO
info@elettricavercelli.com,Null,Null,Elettrica,+390161701942+39389092514,SIC-ID-BBBA774347D4,43,,SICUREZZA,0,PROMO_SETTEMBRE_VIP,ATTIVO
ferramentamorena@libero.it,Null,Null,Ferramenta Morena,+393287823055,SIC-ID-99A5DD06CCA7,43,,SICUREZZA,0,PROMO_SETTEMBRE_VIP,ATTIVO
info@mesalabepoxyworks.com,Null,Null,Mesalab Epoxy Works,+393384049483,SIC-ID-D23833520B19,43,,SICUREZZA,0,PROMO_SETTEMBRE_VIP,ATTIVO
versinopietre@gmail.com,Null,Null,Versino S.n.c.,+39012249660,SIC-ID-1970BB9B6540,43,,SICUREZZA,0,PROMO_SETTEMBRE_VIP,ATTIVO
plnsnc@libero.it,Null,Null,Pln S.n.c.,+390114031510,SIC-ID-AE18EF808B86,43,,SICUREZZA,0,PROMO_SETTEMBRE_VIP,ATTIVO
passatempo.enrica@libero.it,Null,Null,Il Passatempo Di Enrica,+393280646284,SIC-ID-3A0A6AB6F184,56,,SICUREZZA,0,PROMO_SETTEMBRE_VIP,ATTIVO
parkhotelparadiso84@gmail.com,Null,Null,Park Hotel Villa Paradiso,+393517973377,SIC-ID-E52E2B4810D6,56,,SICUREZZA,0,PROMO_SETTEMBRE_VIP,ATTIVO
info@hotelruota.it,Null,Null,Hotel La Ruota,+390174585701,SIC-ID-0685F0AC17D0,56,,SICUREZZA,0,PROMO_SETTEMBRE_VIP,ATTIVO
info@ceaglio-vallemaira.it,Null,Null,Locanda Ceaglio,+390171998114,SIC-ID-1B074321AF98,56,,SICUREZZA,0,PROMO_SETTEMBRE_VIP,ATTIVO
info@castellodinovello.com,Null,Null,Al Castello,+390173744502,SIC-ID-56D3A53B553F,56,,SICUREZZA,0,PROMO_SETTEMBRE_VIP,ATTIVO
info@estabi.org,Null,Null,Estabì,,SIC-ID-53D705A9288E,56,,SICUREZZA,0,PROMO_SETTEMBRE_VIP,ATTIVO
cococaffebistrot@gmail.com,Null,Null,Coco Caffè Bistrot,+393755156296,SIC-ID-93E0082DA851,56,,SICUREZZA,0,PROMO_SETTEMBRE_VIP,ATTIVO
bbrossomattone@gmail.com,Null,Null,Rosso Mattone,,SIC-ID-CE3B73C5BDF0,56,,SICUREZZA,0,PROMO_SETTEMBRE_VIP,ATTIVO
info@ferramentaroccasnc.it,Null,Null,Ferramenta Rocca S.n.c.,+390143833952,SIC-ID-BCEC0F8FED0D,45,,SICUREZZA,0,PROMO_SETTEMBRE_VIP,ATTIVO
burdin_susa@yahoo.it,Null,Null,Special Market Chez Burdin,+390122622412,SIC-ID-B9DA2D1442EE,45,,SICUREZZA,0,PROMO_SETTEMBRE_VIP,ATTIVO
segreteria.iperalba@nordiconad.it,Null,Null,Conad,+390173314611,SIC-ID-D0DBE3EFE8F1,45,,SICUREZZA,0,PROMO_SETTEMBRE_VIP,ATTIVO
box.ipertorino@nordiconad.it,Null,Null,Conad,+390114200301,SIC-ID-850ACA7B3161,45,,SICUREZZA,0,PROMO_SETTEMBRE_VIP,ATTIVO
info@langoloconsfuso.it,Null,Null,L'angolo Consfuso,+393516662881,SIC-ID-347CF6481A1C,45,,SICUREZZA,0,PROMO_SETTEMBRE_VIP,ATTIVO
info@peila.it,Null,Null,Peila,+390125811076,SIC-ID-82D3EEF845C3,45,,SICUREZZA,0,PROMO_SETTEMBRE_VIP,ATTIVO
info@farmaciavalletta.it,Null,Null,Farmacia Valletta,+3901432331,SIC-ID-C6E290233F91,86,,SICUREZZA,0,PROMO_SETTEMBRE_VIP,ATTIVO
moncenisio.farmacia123@gmail.com,Null,Null,Farmacia Profumeria Moncenisio,,SIC-ID-D6FFC85B028E,86,,SICUREZZA,0,PROMO_SETTEMBRE_VIP,ATTIVO
farmacia4@asmvenaria.it,Null,Null,Farmacia Comunale 4,+390119968138,SIC-ID-4EB14BB6C1CF,86,,SICUREZZA,0,PROMO_SETTEMBRE_VIP,ATTIVO
farmaciaclavesana@libero.it,Null,Null,Farmacia San Michele,+390173790404,SIC-ID-7BA78896F4F9,86,,SICUREZZA,0,PROMO_SETTEMBRE_VIP,ATTIVO
info@farmaciagallogivoletto.it,Null,Null,Farmacia Dottor Gallo,+390119947026,SIC-ID-5175AD244B42,86,,SICUREZZA,0,PROMO_SETTEMBRE_VIP,ATTIVO
farmaciaaltheasnc@gmail.com,Null,Null,Althea,+39011352084,SIC-ID-636BC486F6FA,86,,SICUREZZA,0,PROMO_SETTEMBRE_VIP,ATTIVO
farmacia.amisano@gmail.com,Null,Null,Farmacia Dr. Amisano,+390161251607,SIC-ID-BCFAD7C5BF9A,86,,SICUREZZA,0,PROMO_SETTEMBRE_VIP,ATTIVO
far.modernavc@gmail.com,Null,Null,Farmacia Moderna,,SIC-ID-31282373A19B,86,,SICUREZZA,0,PROMO_SETTEMBRE_VIP,ATTIVO
farmacia.bernardi@gmail.com,Null,Null,Farmacia Bernardi,+390173798001,SIC-ID-09751FF315BE,86,,SICUREZZA,0,PROMO_SETTEMBRE_VIP,ATTIVO
artusiop@artusioalberto09.191.it,Null,Null,Farmacia S. Maria,+39017442290,SIC-ID-80C21FBBA11C,86,,SICUREZZA,0,PROMO_SETTEMBRE_VIP,ATTIVO
info@farmaciacalderarasnc.com,Null,Null,Farmacia Calderara,+390324242403,SIC-ID-B6DD5B1A23FA,86,,SICUREZZA,0,PROMO_SETTEMBRE_VIP,ATTIVO
farmacia9@asmvenaria.it,Null,Null,Farmacia Comunale 9,+39011959194,SIC-ID-7A1232499CF0,86,,SICUREZZA,0,PROMO_SETTEMBRE_VIP,ATTIVO
farmacia16@asmvenaria.it,Null,Null,Farmacia Comunale 16,+390119945560,SIC-ID-F61614010BA0,86,,SICUREZZA,0,PROMO_SETTEMBRE_VIP,ATTIVO
info@farmaciacatalucci.it,Null,Null,Farmacia Catalucci,+39032370178,SIC-ID-2B8680D42EB0,86,,SICUREZZA,0,PROMO_SETTEMBRE_VIP,ATTIVO
farmacia.orti@farmal.it,Null,Null,Farmacia Comunale Orti,+390131225395,SIC-ID-C61675B99C4A,86,,SICUREZZA,0,PROMO_SETTEMBRE_VIP,ATTIVO
farm.giara@gmail.com,Null,Null,Farmacia Giara,+3901432017,SIC-ID-93A9C7F651B6,86,,SICUREZZA,0,PROMO_SETTEMBRE_VIP,ATTIVO
farmacianuova.novi@gmail.com,Null,Null,Farmacia Nuova,+3901432994,SIC-ID-089BCC34E060,86,,SICUREZZA,0,PROMO_SETTEMBRE_VIP,ATTIVO
farmacia2@asmvenaria.it,Null,Null,Farmacia Comunale 2,+39011496554,SIC-ID-75A031E82914,86,,SICUREZZA,0,PROMO_SETTEMBRE_VIP,ATTIVO
info@farmaciaviettipatrizia.it,Null,Null,Farmacia Vietti,,SIC-ID-9B491CE47B99,86,,SICUREZZA,0,PROMO_SETTEMBRE_VIP,ATTIVO
infofarmaciasanrocco@gmail.com,Null,Null,Farmacia San Rocco,+390119434225,SIC-ID-C11C3FF11ED1,86,,SICUREZZA,0,PROMO_SETTEMBRE_VIP,ATTIVO
info@farmaciacanavoso.191.it,Null,Null,Farmacia Canavoso,+390122622080,SIC-ID-951B8A68D4FF,86,,SICUREZZA,0,PROMO_SETTEMBRE_VIP,ATTIVO
farmacia1@asmvenaria.it,Null,Null,Farmacia Comunale 1,+390114523769,SIC-ID-1DCA940B47E2,86,,SICUREZZA,0,PROMO_SETTEMBRE_VIP,ATTIVO
farmacia2@asm.fossano.cn.it,Null,Null,Farmacia Municipale 2,+39017260487,SIC-ID-9F92244263EB,86,,SICUREZZA,0,PROMO_SETTEMBRE_VIP,ATTIVO
mazzini@pharmanovara.it,Null,Null,Farmacia Mazzini,+390321399513,SIC-ID-11ADFEB54531,86,,SICUREZZA,0,PROMO_SETTEMBRE_VIP,ATTIVO
info@farmaciagarella.it,Null,Null,Farmacia Garella,+39012155733,SIC-ID-E607B63C34C8,86,,SICUREZZA,0,PROMO_SETTEMBRE_VIP,ATTIVO
info@farmaciasanlorenzosnc.it,Null,Null,Farmacia San Lorenzo,+39012169024,SIC-ID-C5635731C599,86,,SICUREZZA,0,PROMO_SETTEMBRE_VIP,ATTIVO
farmaciabagliani@virgilio.it,Null,Null,Farmacia Bagliani,+390161215090,SIC-ID-B57100980623,86,,SICUREZZA,0,PROMO_SETTEMBRE_VIP,ATTIVO
info@farmaciaredamante.it,Null,Null,Farmacia Redamante,+390161970240,SIC-ID-551E36572479,86,,SICUREZZA,0,PROMO_SETTEMBRE_VIP,ATTIVO
vercelli@piumedical.it,Null,Null,Più Medical,+390161394219,SIC-ID-5D919B11F28F,86,,SICUREZZA,0,PROMO_SETTEMBRE_VIP,ATTIVO
studio@bgarchitettinovi.it,Null,Null,B&g Architetti,+390143746464,SIC-ID-DB7C055C585B,69,,SICUREZZA,0,PROMO_SETTEMBRE_VIP,ATTIVO
studiolegalebertonenovello@gmail.com,Null,Null,Studio Legale Bertone Novello,+390161281463,SIC-ID-917E08B65556,69,,SICUREZZA,0,PROMO_SETTEMBRE_VIP,ATTIVO
info@studio-macri.it,Null,Null,Studio Professionale Macrì Vincenzo,+390113052826,SIC-ID-A51765A779BA,69,,SICUREZZA,0,PROMO_SETTEMBRE_VIP,ATTIVO
geom.varalli@gmail.com,Null,Null,Geometra Alberto Varalli,,SIC-ID-9236486DF575,69,,SICUREZZA,0,PROMO_SETTEMBRE_VIP,ATTIVO
contact@progettazionedesign.com,Null,Null,Progettazione Design,+3901119764913,SIC-ID-9C36EE6D0E61,69,,SICUREZZA,0,PROMO_SETTEMBRE_VIP,ATTIVO
info@studiochiriotti.it,Null,Null,Studio Chiriotti,,SIC-ID-8CE6E2106DCF,69,,SICUREZZA,0,PROMO_SETTEMBRE_VIP,ATTIVO
info@agenziaconcone.it,Null,Null,Agenzia Concone,+390322242523,SIC-ID-788CFE0DE95C,69,,SICUREZZA,0,PROMO_SETTEMBRE_VIP,ATTIVO
matteo.amela@gmail.com,Null,Null,Bram,+39016154619,SIC-ID-3C8CA865E07A,69,,SICUREZZA,0,PROMO_SETTEMBRE_VIP,ATTIVO
giannibruera@gmail.com,Null,Null,Bram Architetti | Gianni Bruera,+393331366352,SIC-ID-0C64ABFEBC16,69,,SICUREZZA,0,PROMO_SETTEMBRE_VIP,ATTIVO
marcello.risso@gmail.com,Null,Null,Marcello Risso Architetto,,SIC-ID-26D19840587E,69,,SICUREZZA,0,PROMO_SETTEMBRE_VIP,ATTIVO
info@archilabo.eu,Null,Null,Archilabo_architettura,,SIC-ID-CBF1FAC88261,69,,SICUREZZA,0,PROMO_SETTEMBRE_VIP,ATTIVO
arch.giovannazerbo@gmail.com,Null,Null,Zerbo Giovanna,,SIC-ID-B24C541EF50A,69,,SICUREZZA,0,PROMO_SETTEMBRE_VIP,ATTIVO
studio.s.giorgio@gmail.com,Null,Null,Studio San Giorgio,+3901119467288,SIC-ID-B19BBAB4619C,69,,SICUREZZA,0,PROMO_SETTEMBRE_VIP,ATTIVO
rgvprogetto@gmail.com,Null,Null,Rgv Progetto,+390123506393,SIC-ID-2EEC6450D4F1,69,,SICUREZZA,0,PROMO_SETTEMBRE_VIP,ATTIVO
dgflylink@dgfly.eu,Null,Null,Dgfly,,SIC-ID-8515DBECD3AF,69,,SICUREZZA,0,PROMO_SETTEMBRE_VIP,ATTIVO
info@studio-emme.it,Null,Null,Studio Emme,+390110708599,SIC-ID-2B950F2EDE50,69,,SICUREZZA,0,PROMO_SETTEMBRE_VIP,ATTIVO
studio@lageardarchitettura.it,Null,Null,Lageard Architettura,,SIC-ID-F812C508343A,69,,SICUREZZA,0,PROMO_SETTEMBRE_VIP,ATTIVO
francescola415@gmail.com,Null,Null,Francesco La Manno,,SIC-ID-87116F2F657D,69,,SICUREZZA,0,PROMO_SETTEMBRE_VIP,ATTIVO
info@mercatocircolare.it,Null,Null,Mercato Circolare Srl Società Benefit,,SIC-ID-09AA5C4764EA,69,,SICUREZZA,0,PROMO_SETTEMBRE_VIP,ATTIVO
info@sistemarchitettura.it,Null,Null,Sistema Architettura,,SIC-ID-4653C501D674,69,,SICUREZZA,0,PROMO_SETTEMBRE_VIP,ATTIVO
avv.federicorosso@gmail.com,Null,Null,Avvocato Federico Rosso,,SIC-ID-7AE202D2A68A,69,,SICUREZZA,0,PROMO_SETTEMBRE_VIP,ATTIVO
studioercole@gmail.com,Null,Null,Ercole Mario Commercialista Studio Ercole,+390119575746,SIC-ID-6513852D3C19,69,,SICUREZZA,0,PROMO_SETTEMBRE_VIP,ATTIVO
avvocatodavidescarpa@gmail.com,Null,Null,Studio Legale Scarpa,,SIC-ID-4F1FC8949276,69,,SICUREZZA,0,PROMO_SETTEMBRE_VIP,ATTIVO
info@studiolegalepretti.it,Null,Null,Avvocato Michele Pretti,,SIC-ID-230412CE0824,69,,SICUREZZA,0,PROMO_SETTEMBRE_VIP,ATTIVO
bonfa@infortunisticablu.com,Null,Null,Studio Blu,+390161503142,SIC-ID-B62A449E1B33,69,,SICUREZZA,0,PROMO_SETTEMBRE_VIP,ATTIVO
info@istarter.it,Null,Null,Istarter,+390110133099,SIC-ID-411943683A9C,69,,SICUREZZA,0,PROMO_SETTEMBRE_VIP,ATTIVO
isolaboasso@email.it,Null,Null,Studio Di Ingegneria Isola Boasso,+390161215214,SIC-ID-1C517EC1E8CB,69,,SICUREZZA,0,PROMO_SETTEMBRE_VIP,ATTIVO
ing.pilan@tiscali.it,Null,Null,Ufficio: Ing. Pilan,+390119338091,SIC-ID-D4CB64C92CBF,69,,SICUREZZA,0,PROMO_SETTEMBRE_VIP,ATTIVO
avvocato.fedele@sicet.com,Null,Null,Avv. Fedele,,SIC-ID-CC1183130AC3,69,,SICUREZZA,0,PROMO_SETTEMBRE_VIP,ATTIVO
fightinprogress@gmail.com,Null,Null,The Crew - Fit & Fight,+393337926686,SIC-ID-6EF9924F9547,93,,SICUREZZA,0,PROMO_SETTEMBRE_VIP,ATTIVO
info@centroperforma.com,Null,Null,Performa Fitness Center,+390125627338,SIC-ID-1DF78BA229E1,93,,SICUREZZA,0,PROMO_SETTEMBRE_VIP,ATTIVO
info@danceteamvercelli.it,Null,Null,Dance Team,+393470112147,SIC-ID-50C0A4B1D15C,93,,SICUREZZA,0,PROMO_SETTEMBRE_VIP,ATTIVO
info@tsnsusa.com,Null,Null,Tiro A Segno Nazionale,+390122622878,SIC-ID-33CCC98E421B,93,,SICUREZZA,0,PROMO_SETTEMBRE_VIP,ATTIVO
segreteria@custorino.it,Null,Null,Cus Torino,+39011388307,SIC-ID-21F7F80D1887,93,,SICUREZZA,0,PROMO_SETTEMBRE_VIP,ATTIVO
csainpiemonte@gmail.com,Null,Null,Csain Centri Sportivi Aziendali E Industriali - Comitato Regionale Piemonte,+3901119378007,SIC-ID-D9ECC849AA89,93,,SICUREZZA,0,PROMO_SETTEMBRE_VIP,ATTIVO
info@premiaterme.com,Null,Null,Premia Terme,+39800135876,SIC-ID-EAE033B0614B,93,,SICUREZZA,0,PROMO_SETTEMBRE_VIP,ATTIVO
info@yogaunion.it,Null,Null,Yogaunion,,SIC-ID-A1DDE77BB7F5,93,,SICUREZZA,0,PROMO_SETTEMBRE_VIP,ATTIVO
info@palestrafirstevolutions.com,Null,Null,Palestra First Evolution,+390117715198,SIC-ID-1A282208BDAE,93,,SICUREZZA,0,PROMO_SETTEMBRE_VIP,ATTIVO
info@palestreo2.it,Null,Null,Palestra O2,+390171603134,SIC-ID-53CC6FC13630,93,,SICUREZZA,0,PROMO_SETTEMBRE_VIP,ATTIVO
perfec7coaching@gmail.com,Null,Null,Perfec7 Coaching Asti,+393332002067,SIC-ID-821DB4499838,93,,SICUREZZA,0,PROMO_SETTEMBRE_VIP,ATTIVO
torino.corso.svizzera@fitactive.it,Null,Null,Fitactive,+393917602644,SIC-ID-609A0B8BFEEB,93,,SICUREZZA,0,PROMO_SETTEMBRE_VIP,ATTIVO
sasptorino@gmail.com,Null,Null,S.a.s.p. Centro Di Arrampicata Sportiva,+39011568154,SIC-ID-09B8D6474BB8,93,,SICUREZZA,0,PROMO_SETTEMBRE_VIP,ATTIVO
albersus@fastwebmail.it,Null,Null,A.s.d. - Shuren Dojo,+390174670639,SIC-ID-94CF3A3A3F71,93,,SICUREZZA,0,PROMO_SETTEMBRE_VIP,ATTIVO
evogym.info@gmail.com,Null,Null,Evolution Gym,+390174481197,SIC-ID-56021E6933D7,93,,SICUREZZA,0,PROMO_SETTEMBRE_VIP,ATTIVO
centrofitness@hotmail.it,Null,Null,Centro Fitness,+39017446654,SIC-ID-67C42A326F70,93,,SICUREZZA,0,PROMO_SETTEMBRE_VIP,ATTIVO
fazzari.michele@hotmail.it,Null,Null,Fazzari Workout,,SIC-ID-B46B9F80EE37,93,,SICUREZZA,0,PROMO_SETTEMBRE_VIP,ATTIVO
info@inlineasportstudio.it,Null,Null,In Linea Sport Studio,+3901741921807,SIC-ID-302EFECB8087,93,,SICUREZZA,0,PROMO_SETTEMBRE_VIP,ATTIVO
palestraforcefitness@gmail.com,Null,Null,Force Fitness,,SIC-ID-E2BEEEA43562,93,,SICUREZZA,0,PROMO_SETTEMBRE_VIP,ATTIVO
info@tpumpt.com,Null,Null,Tavagnasco Pump Track,,SIC-ID-A03FF150DD46,93,,SICUREZZA,0,PROMO_SETTEMBRE_VIP,ATTIVO
info@latinflair.it,Null,Null,Latin Flair,,SIC-ID-FB605AD4264D,93,,SICUREZZA,0,PROMO_SETTEMBRE_VIP,ATTIVO
torino.via.bruno@fitactive.it,Null,Null,Fitactive,+393924446245,SIC-ID-2ABF78A95BE6,93,,SICUREZZA,0,PROMO_SETTEMBRE_VIP,ATTIVO
paola.badiale@gmail.com,Null,Null,Harmonia,,SIC-ID-E52778652454,93,,SICUREZZA,0,PROMO_SETTEMBRE_VIP,ATTIVO
barbera.skatepark@gmail.com,Null,Null,Barbera Skatepark,+393519400158,SIC-ID-B2E4DBADD4B1,93,,SICUREZZA,0,PROMO_SETTEMBRE_VIP,ATTIVO
info@europadanza.it,Null,Null,Europadanza,+39011360262,SIC-ID-50DBC3F5878F,93,,SICUREZZA,0,PROMO_SETTEMBRE_VIP,ATTIVO
eimdancestudio@gmail.com,Null,Null,Eim Dance Studio,,SIC-ID-AB2FA7022AFD,93,,SICUREZZA,0,PROMO_SETTEMBRE_VIP,ATTIVO
danielemonterosso@gmail.com,Null,Null,Art Of Living,+393347171147,SIC-ID-8C5A74ABC842,93,,SICUREZZA,0,PROMO_SETTEMBRE_VIP,ATTIVO
salvoputrino56@gmail.com,Null,Null,Palestra Vigor,+390142562650,SIC-ID-D3CA36B137F9,93,,SICUREZZA,0,PROMO_SETTEMBRE_VIP,ATTIVO
info@sudsakornmuaythaigym.it,Null,Null,Sudsakorn Training Camp Italy,,SIC-ID-CBD74298FDD3,93,,SICUREZZA,0,PROMO_SETTEMBRE_VIP,ATTIVO
vincenzo.decaro@tin.it,Null,Null,Centro Sportivo Camaleonte,,SIC-ID-680B29758CE6,93,,SICUREZZA,0,PROMO_SETTEMBRE_VIP,ATTIVO
borgomanero@fitactive.it,Null,Null,Fitactive,+393534527017,SIC-ID-277CA7D5E8E3,93,,SICUREZZA,0,PROMO_SETTEMBRE_VIP,ATTIVO
info@centrosportivorobilant.it,Null,Null,Centro Sportivo Robilant,,SIC-ID-531AB43C7ACF,93,,SICUREZZA,0,PROMO_SETTEMBRE_VIP,ATTIVO
montanaparkmathi@gmail.com,Null,Null,Montana Skatepark,,SIC-ID-DFF1CFA8C021,93,,SICUREZZA,0,PROMO_SETTEMBRE_VIP,ATTIVO
centroic@comune.torino.it,Null,Null,Centro Interculturale Della Città Di Torino,,SIC-ID-F0226D0D1B7D,82,,SICUREZZA,0,PROMO_SETTEMBRE_VIP,ATTIVO
info@workmave.it,Null,Null,Cowo Caselle/torino,+390119914447,SIC-ID-C55836F558B1,82,,SICUREZZA,0,PROMO_SETTEMBRE_VIP,ATTIVO
erredi@renatodotto.it,Null,Null,Cowo Torino/crocetta,+3901119701494,SIC-ID-6D3C149F1627,82,,SICUREZZA,0,PROMO_SETTEMBRE_VIP,ATTIVO
info@coworkingtorino.org,Null,Null,Cowo Torino/galileo,+393382340418,SIC-ID-C3B0ADDE336C,82,,SICUREZZA,0,PROMO_SETTEMBRE_VIP,ATTIVO
presidente@torino.ugdcec.it,Null,Null,Odcec- Giovani Dottori Commercialisti Ed Esperti Contabili,,SIC-ID-C24FDC3485C1,82,,SICUREZZA,0,PROMO_SETTEMBRE_VIP,ATTIVO
oggi@ggi-accademy.it,Null,Null,Unione Industriali Torino,+390115718387,SIC-ID-3C4CB26509C7,82,,SICUREZZA,0,PROMO_SETTEMBRE_VIP,ATTIVO
orfeo@cooporfeo.it,Null,Null,Cowo Garibaldi/ Torino,+390116993418,SIC-ID-594995BD0304,82,,SICUREZZA,0,PROMO_SETTEMBRE_VIP,ATTIVO
info@i3p.it,Null,Null,I3p - Incubatore Di Imprese Innovative,+390110905127,SIC-ID-8781F24A8461,82,,SICUREZZA,0,PROMO_SETTEMBRE_VIP,ATTIVO
sgr@alpifondi.it,Null,Null,Alpi Fondi Sgr Spa,+3901545081,SIC-ID-E000A85FB5FA,82,,SICUREZZA,0,PROMO_SETTEMBRE_VIP,ATTIVO
info@nuoviinvestimenti.it,Null,Null,Nuovi Investimenti Sim,,SIC-ID-FC70CAD18AD4,82,,SICUREZZA,0,PROMO_SETTEMBRE_VIP,ATTIVO
info@lavazza.it,Null,Null,Luigi Lavazza S.p.a.,,SIC-ID-9FCC07F0B75C,82,,SICUREZZA,0,PROMO_SETTEMBRE_VIP,ATTIVO
info@tecnozenith.it,Null,Null,Tecnozenith S.r.l.,+39017547247,SIC-ID-C937F881A789,82,,SICUREZZA,0,PROMO_SETTEMBRE_VIP,ATTIVO
studioboetti@gmail.com,Null,Null,Studio Boetti,+39012540270,SIC-ID-81A075CB0C4A,82,,SICUREZZA,0,PROMO_SETTEMBRE_VIP,ATTIVO
info@proxel.com,Null,Null,Proxel S.r.l.,+39011296022,SIC-ID-6617E281097A,82,,SICUREZZA,0,PROMO_SETTEMBRE_VIP,ATTIVO
info@casediclassea.it,Null,Null,Case Di Classe A,,SIC-ID-AAC5EC43FBDB,82,,SICUREZZA,0,PROMO_SETTEMBRE_VIP,ATTIVO
sqvercelli@gmail.com,Null,Null,Speed Queen,+39351363114,SIC-ID-194CBE0B510A,82,,SICUREZZA,0,PROMO_SETTEMBRE_VIP,ATTIVO
info@acgozzanocalcio.it,Null,Null,Associazione Calcio Gozzano S.r.l.,+390322913601,SIC-ID-3508DE9CFB22,82,,SICUREZZA,0,PROMO_SETTEMBRE_VIP,ATTIVO
1924sunofcd@libero.it,Null,Null,A.s.d. 1924 Suno Football Club,+393404003576,SIC-ID-749E110F39AD,82,,SICUREZZA,0,PROMO_SETTEMBRE_VIP,ATTIVO
info@360positive.it,Null,Null,360positive,+390144321164,SIC-ID-45AB69761E34,82,,SICUREZZA,0,PROMO_SETTEMBRE_VIP,ATTIVO
centroservizi@sitaf.it,Null,Null,Centro Servizi S.i.t.a.f. - Punto Blu,+390122621775,SIC-ID-319177D13D8D,82,,SICUREZZA,0,PROMO_SETTEMBRE_VIP,ATTIVO
info@tibercoasti.it,Null,Null,Tiber.co,+390141326281,SIC-ID-A123801848E9,82,,SICUREZZA,0,PROMO_SETTEMBRE_VIP,ATTIVO
informagiovani@afpdronero.it,Null,Null,Informagiovani Caraglio,+390171617728,SIC-ID-F136ADDC70AA,82,,SICUREZZA,0,PROMO_SETTEMBRE_VIP,ATTIVO
info@publidok.com,Null,Null,Publidok,+390171937225,SIC-ID-27B8B8D6CA0B,82,,SICUREZZA,0,PROMO_SETTEMBRE_VIP,ATTIVO
impiego.mondovi@provincia.cuneo.it,Null,Null,Centro Per L'impiego - Informa Giovani,,SIC-ID-931A8FC57AD7,82,,SICUREZZA,0,PROMO_SETTEMBRE_VIP,ATTIVO
info@nord-ovest.it,Null,Null,Nord Ovest Mondovì,+390174520700,SIC-ID-BA802C31B8F2,82,,SICUREZZA,0,PROMO_SETTEMBRE_VIP,ATTIVO
info@esair.it,Null,Null,Esair,+390115676626,SIC-ID-8CB42E3EC9E3,82,,SICUREZZA,0,PROMO_SETTEMBRE_VIP,ATTIVO
info@bisioprogetti.it,Null,Null,Bisio Progetti,+390131244411,SIC-ID-11DB86F50B08,82,,SICUREZZA,0,PROMO_SETTEMBRE_VIP,ATTIVO
unifarma@unifarma.it,Null,Null,Unifarma Distribuzione,+39013124101,SIC-ID-CF3623DE6BE1,82,,SICUREZZA,0,PROMO_SETTEMBRE_VIP,ATTIVO
info@laquadra.it,Null,Null,Laquadra Agenzia Web Marketing,+393475508312,SIC-ID-0DE8242599A3,82,,SICUREZZA,0,PROMO_SETTEMBRE_VIP,ATTIVO
g.s.service.distr@alice.it,Null,Null,G.s. Service,+3901611740826+3937732359,SIC-ID-3077555F222F,82,,SICUREZZA,0,PROMO_SETTEMBRE_VIP,ATTIVO
info@devizia.com,Null,Null,De Vizia Transfer,+390116197079,SIC-ID-E0A924E88A3E,82,,SICUREZZA,0,PROMO_SETTEMBRE_VIP,ATTIVO
contact@esabic-turin.it,Null,Null,Esa Business Incubator Centre,+390110905127,SIC-ID-32E3CDD5D51A,82,,SICUREZZA,0,PROMO_SETTEMBRE_VIP,ATTIVO
vercelli@randstad.it,Null,Null,Randstad,+390161502871,SIC-ID-81499CA48C61,82,,SICUREZZA,0,PROMO_SETTEMBRE_VIP,ATTIVO
info.cpi.chieri@agenziapiemontelavoro.it,Null,Null,Centro Per L’impiego Di Chieri,800184704,SIC-ID-FF4A1FC3CE1E,82,,SICUREZZA,0,PROMO_SETTEMBRE_VIP,ATTIVO
info@tecnocisrl.it,Null,Null,Tecnoci,+390321907972,SIC-ID-8D1F4385289F,82,,SICUREZZA,0,PROMO_SETTEMBRE_VIP,ATTIVO
info@lucadelpiano.it,Null,Null,Dott. Luca Delpiano - Consigliere Di Ambasciata,+390112213030+393333535028,SIC-ID-38F8308F58CF,82,,SICUREZZA,0,PROMO_SETTEMBRE_VIP,ATTIVO
verdeco2@libero.it,Null,Null,La Nuova Verdeco,+390161281158,SIC-ID-EE60DA6DF9F0,82,,SICUREZZA,0,PROMO_SETTEMBRE_VIP,ATTIVO
cantieri5@gmail.com,Null,Null,I.ge.cos. S.a.s.,+393483435455,SIC-ID-2983C65CB140,82,,SICUREZZA,0,PROMO_SETTEMBRE_VIP,ATTIVO
info@trentech.it,Null,Null,Trentech,+390161252795,SIC-ID-9BBC01047B27,82,,SICUREZZA,0,PROMO_SETTEMBRE_VIP,ATTIVO
interser@interser.it,Null,Null,Inter-ser,+390161218860,SIC-ID-D7773FCE50A1,82,,SICUREZZA,0,PROMO_SETTEMBRE_VIP,ATTIVO
koine@koinesistemi.it,Null,Null,Koinè Sistemi,+390115212496,SIC-ID-371F48991FFA,82,,SICUREZZA,0,PROMO_SETTEMBRE_VIP,ATTIVO
labiltri@comune.torino.it,Null,Null,Laboratorio Musicale Il Trillo,,SIC-ID-1B9AF5D8E0FD,85,,SICUREZZA,0,PROMO_SETTEMBRE_VIP,ATTIVO
ecdl-gis@polito.it,Null,Null,Ecdl Gis Test Center,+390110907464,SIC-ID-8ABCCF6AAAE9,85,,SICUREZZA,0,PROMO_SETTEMBRE_VIP,ATTIVO
studio@costantino.immo,Null,Null,Costantino Immobiliare,+390161252825,SIC-ID-ED152160FFDC,68,,SICUREZZA,0,PROMO_SETTEMBRE_VIP,ATTIVO
studioideacasa@libero.it,Null,Null,Studio Idea Casa,+390125637291,SIC-ID-473068A1DBE3,68,,SICUREZZA,0,PROMO_SETTEMBRE_VIP,ATTIVO
tohq@tecnocasa.it,Null,Null,Studio San Giorgio,+390124450769,SIC-ID-59E38D51D4CB,68,,SICUREZZA,0,PROMO_SETTEMBRE_VIP,ATTIVO
bardoimmobiliare@gmail.com,Null,Null,Bardoimmobiliare,+390122980515,SIC-ID-66DC410D9AF4,68,,SICUREZZA,0,PROMO_SETTEMBRE_VIP,ATTIVO
info@stessopiano.it,Null,Null,Stessopiano,+390116686812,SIC-ID-B82F9F243F19,68,,SICUREZZA,0,PROMO_SETTEMBRE_VIP,ATTIVO
tohn0@tecnocasa.it,Null,Null,Studio Bricherasio S.a.s.,+390121349183,SIC-ID-0404359450B7,68,,SICUREZZA,0,PROMO_SETTEMBRE_VIP,ATTIVO
asti-monferrato@engelvoelkers.com,Null,Null,Engel & Völkers,,SIC-ID-B6AEF2B12C4E,68,,SICUREZZA,0,PROMO_SETTEMBRE_VIP,ATTIVO
info@piedmont-properties.com,Null,Null,Piedmont Properties,+390141856751,SIC-ID-E2E91F3BAA85,68,,SICUREZZA,0,PROMO_SETTEMBRE_VIP,ATTIVO
immobiliare.tecnica@gmail.com,Null,Null,Tecnica Immobiliare,,SIC-ID-2F0C95210166,68,,SICUREZZA,0,PROMO_SETTEMBRE_VIP,ATTIVO
info@immobiliarecamperi.it,Null,Null,Immobiliare Camperi S.a.s.,+390174330642,SIC-ID-11AF6D536373,68,,SICUREZZA,0,PROMO_SETTEMBRE_VIP,ATTIVO
edilmarro.limone@libero.it,Null,Null,Edilmarro,,SIC-ID-4250942DB648,68,,SICUREZZA,0,PROMO_SETTEMBRE_VIP,ATTIVO
immobiliare_s.anna@gem.it,Null,Null,Immobiliare Sant'anna,+390171927770,SIC-ID-56B2FBE811E8,68,,SICUREZZA,0,PROMO_SETTEMBRE_VIP,ATTIVO
ml.gas@tiscali.it,Null,Null,Marina Gastaldi,+390171926553,SIC-ID-9D75D6139100,68,,SICUREZZA,0,PROMO_SETTEMBRE_VIP,ATTIVO
imm.cavour.vc@gmail.com,Null,Null,Immobiliare Cavour,+390161255540,SIC-ID-7499219B5AA0,68,,SICUREZZA,0,PROMO_SETTEMBRE_VIP,ATTIVO
tohc0@tecnocasa.it,Null,Null,Studio Pino Torinese S.a.s.,+3901119622514,SIC-ID-D1034549212B,68,,SICUREZZA,0,PROMO_SETTEMBRE_VIP,ATTIVO
vercelli@gruppovendocasa.it,Null,Null,Vendocasa,+390161202699,SIC-ID-091685351D95,68,,SICUREZZA,0,PROMO_SETTEMBRE_VIP,ATTIVO
vercelli@tempocasa.it,Null,Null,Tempocasa,+393486747145,SIC-ID-1686BF58F26E,68,,SICUREZZA,0,PROMO_SETTEMBRE_VIP,ATTIVO
info@immobiliarezampieri.it,Null,Null,Studio Immobiliare Zampieri,+393454739577,SIC-ID-879EFC5FFA08,68,,SICUREZZA,0,PROMO_SETTEMBRE_VIP,ATTIVO
info@sampietrocase.it,Null,Null,Studio Immobiliare Sampietro,+390161210968,SIC-ID-D81298FE3C2E,68,,SICUREZZA,0,PROMO_SETTEMBRE_VIP,ATTIVO
info@studiopragelato.it,Null,Null,Studio Pragelato Immobiliare,+390122741531,SIC-ID-13174A16A317,68,,SICUREZZA,0,PROMO_SETTEMBRE_VIP,ATTIVO
castiglione@casatrend.eu,Null,Null,Casatrend,+390112640387,SIC-ID-2C8030B85505,68,,SICUREZZA,0,PROMO_SETTEMBRE_VIP,ATTIVO
vbfagenti@gmail.com,Null,Null,V.b.f. Agenti Assicurazioni,+390161930866,SIC-ID-3CD55D26672A,64,,SICUREZZA,0,PROMO_SETTEMBRE_VIP,ATTIVO
hipatia@hipatia.net,Null,Null,Hipatia.net,,SIC-ID-278161A55F2B,62,,SICUREZZA,0,PROMO_SETTEMBRE_VIP,ATTIVO
info@davidcoen.it,Null,Null,Comunicazione E Immagine Di David Coen,+393404601061,SIC-ID-63ED46E89380,62,,SICUREZZA,0,PROMO_SETTEMBRE_VIP,ATTIVO
info@integratedsolutions.it,Null,Null,Integrated Solutions Srl,+390113470850,SIC-ID-44829EECEC75,62,,SICUREZZA,0,PROMO_SETTEMBRE_VIP,ATTIVO
info@erinformatica.it,Null,Null,Er Informatica,+390141880004,SIC-ID-B68C4CFCA5D9,62,,SICUREZZA,0,PROMO_SETTEMBRE_VIP,ATTIVO
info@niutrox.com,Null,Null,Niutrox,+393930194080,SIC-ID-9CC7FECF7DCB,62,,SICUREZZA,0,PROMO_SETTEMBRE_VIP,ATTIVO
redazione@unionemonregalese.it,Null,Null,L'unione Monregalese,+390174552900,SIC-ID-DA893FF71E65,62,,SICUREZZA,0,PROMO_SETTEMBRE_VIP,ATTIVO
redazione@vercelli-in.it,Null,Null,Notizia Oggi Vercelli,+390161600791,SIC-ID-80655B451E19,62,,SICUREZZA,0,PROMO_SETTEMBRE_VIP,ATTIVO
info@smatorino.it,Null,Null,Società Metropolitana Acque Torino,+390114645111,SIC-ID-34C3FAD74058,62,,SICUREZZA,0,PROMO_SETTEMBRE_VIP,ATTIVO
info@5t.torino.it,Null,Null,5t Srl,,SIC-ID-58D3759AA044,62,,SICUREZZA,0,PROMO_SETTEMBRE_VIP,ATTIVO
executive@raw-cartel.com,Null,Null,Raw Cartel,+3903227305,SIC-ID-78B8E49C1F60,62,,SICUREZZA,0,PROMO_SETTEMBRE_VIP,ATTIVO
info@allsystemgroup.it,Null,Null,All System,+390161210167,SIC-ID-6728B08AF405,62,,SICUREZZA,0,PROMO_SETTEMBRE_VIP,ATTIVO
fdivercelli@gmail.com,Null,Null,Fratelli D'italia,+393395958398,SIC-ID-CD088FA2C617,62,,SICUREZZA,0,PROMO_SETTEMBRE_VIP,ATTIVO
info@welaika.com,Null,Null,Welaika,,SIC-ID-F34EAF337AD3,62,,SICUREZZA,0,PROMO_SETTEMBRE_VIP,ATTIVO
hello@elemento.cloud,Null,Null,Elemento Srl,,SIC-ID-F84FC8C929D2,62,,SICUREZZA,0,PROMO_SETTEMBRE_VIP,ATTIVO
info@1caffe.org,Null,Null,1 Caffè Onlus,+390119354905,SIC-ID-7E50B94B8A1F,62,,SICUREZZA,0,PROMO_SETTEMBRE_VIP,ATTIVO
info@risobaucero.it,Null,Null,Riseria Baucero,+390161301294+39339833165,SIC-ID-9C5F8D5A082F,01,,SICUREZZA,0,PROMO_SETTEMBRE_VIP,ATTIVO
michele.pasino@gmail.com,Null,Null,Riseria Di Asigliano,+39016136645,SIC-ID-C38D299041BB,01,,SICUREZZA,0,PROMO_SETTEMBRE_VIP,ATTIVO
info@agricopecetto.it,Null,Null,Agriturismo Agricoopecetto - Progetto Agriable,,SIC-ID-8D8AEBCA5901,01,,SICUREZZA,0,PROMO_SETTEMBRE_VIP,ATTIVO
info@cascinacavanel.com,Null,Null,Cascina Cavanel,+390157427492,SIC-ID-14AEA1A3F5A2,01,,SICUREZZA,0,PROMO_SETTEMBRE_VIP,ATTIVO
agri.baccablu@libero.it,Null,Null,Agriturismo Bacca Blu,,SIC-ID-9CAFF0D0EE4C,01,,SICUREZZA,0,PROMO_SETTEMBRE_VIP,ATTIVO
info@labessanocciole.it,Null,Null,Azienda Agricola La Bessa,,SIC-ID-071253C58929,01,,SICUREZZA,0,PROMO_SETTEMBRE_VIP,ATTIVO
info@meizoun.it,Null,Null,La Meizoun,,SIC-ID-74CDF436C604,01,,SICUREZZA,0,PROMO_SETTEMBRE_VIP,ATTIVO
info@nocciolesacco.it,Null,Null,Nocciole Sacco Azienda Agricola,,SIC-ID-97B29538AC34,01,,SICUREZZA,0,PROMO_SETTEMBRE_VIP,ATTIVO
info@melvi.it,Null,Null,Azienda Agricola Melvi,,SIC-ID-EEBA071C8031,01,,SICUREZZA,0,PROMO_SETTEMBRE_VIP,ATTIVO
francesca@risodemichelis.com,Null,Null,Azienda Agricola Demichelis Franco,,SIC-ID-3D0E5EB13662,01,,SICUREZZA,0,PROMO_SETTEMBRE_VIP,ATTIVO
sorellefacciotti@gmail.com,Null,Null,Sorelle Facciotti,03479136842,SIC-ID-4B3C05E13F0E,01,,SICUREZZA,0,PROMO_SETTEMBRE_VIP,ATTIVO
az.agr.merlobianco@gmail.com,Null,Null,Azienda Agricola Merlo Bianco,,SIC-ID-19F1535C79ED,01,,SICUREZZA,0,PROMO_SETTEMBRE_VIP,ATTIVO
info@zoccatelli.it,Null,Null,Z. M. Zoccatelli Impianti,+393484447118,SIC-ID-D730534CD5BA,43,,SICUREZZA,0,PROMO_SETTEMBRE_VIP,ATTIVO
info@mlcostruzionisrl.it,Null,Null,Ml Costruzioni Srl,+390415412790,SIC-ID-84DFB9E279DC,43,,SICUREZZA,0,PROMO_SETTEMBRE_VIP,ATTIVO
euclima@euclima.it,Null,Null,Euclima Di Baldin,+3904292600,SIC-ID-CBCBBD2171DE,43,,SICUREZZA,0,PROMO_SETTEMBRE_VIP,ATTIVO
info@perdon.it,Null,Null,Idraulica Perdon,+393480849670,SIC-ID-80D8CCB08710,43,,SICUREZZA,0,PROMO_SETTEMBRE_VIP,ATTIVO
info@rcrimpiantirampazzo.it,Null,Null,Rcr Impianti Rampazzo,,SIC-ID-F07AEA177B4E,43,,SICUREZZA,0,PROMO_SETTEMBRE_VIP,ATTIVO
ediliziafb9@gmail.com,Null,Null,Ediliza Fb,+393284610562,SIC-ID-A5E9448B504F,43,,SICUREZZA,0,PROMO_SETTEMBRE_VIP,ATTIVO
info@elettromeccanicascarpa.com,Null,Null,Scarpa Sergio Elettromeccanica,+390499702770,SIC-ID-B75BC2AD3820,43,,SICUREZZA,0,PROMO_SETTEMBRE_VIP,ATTIVO
info@sartoremarmi.it,Null,Null,Sartore Marmi,,SIC-ID-459C3F63B5CD,43,,SICUREZZA,0,PROMO_SETTEMBRE_VIP,ATTIVO
tecnico@serviceveloce.it,Null,Null,Max Service,+393923216563,SIC-ID-B9314CE8B15E,43,,SICUREZZA,0,PROMO_SETTEMBRE_VIP,ATTIVO
info@fochesato.srl,Null,Null,L'idraulico Fochesato S.r.l.,+3904511170247,SIC-ID-7F09FD40ED9B,43,,SICUREZZA,0,PROMO_SETTEMBRE_VIP,ATTIVO
info@apimpiantielettrici.it,Null,Null,Ap Impianti Elettrici,+393475780160,SIC-ID-A1BF2D2EB4CE,43,,SICUREZZA,0,PROMO_SETTEMBRE_VIP,ATTIVO
edilservizi.m@gmail.com,Null,Null,Edilservizi,+393892044898,SIC-ID-2174F8726220,43,,SICUREZZA,0,PROMO_SETTEMBRE_VIP,ATTIVO
info@masteridraulica.it,Null,Null,Master S.r.l.,,SIC-ID-7CD13420C2B8,43,,SICUREZZA,0,PROMO_SETTEMBRE_VIP,ATTIVO
brutti@bruttiserramenti.it,Null,Null,Brutti Serramenti S.a.s.,+39045514111,SIC-ID-A375D2C2BEBC,43,,SICUREZZA,0,PROMO_SETTEMBRE_VIP,ATTIVO
info@termoidraulicavaldalpone.it,Null,Null,Termoidraulica Valdalpone S.r.l.,+390457465253,SIC-ID-1634578C4C1A,43,,SICUREZZA,0,PROMO_SETTEMBRE_VIP,ATTIVO
info@dallora.it,Null,Null,Dall'ora,+390457255474,SIC-ID-E431B3897CAF,43,,SICUREZZA,0,PROMO_SETTEMBRE_VIP,ATTIVO
info@ecielettronica.it,Null,Null,Eci Elettronica Srl,+390415731849,SIC-ID-D64A50359505,43,,SICUREZZA,0,PROMO_SETTEMBRE_VIP,ATTIVO
filiale.padova@centrogamma.com,Null,Null,Centro Gamma,+390498700246,SIC-ID-4549036E0D67,43,,SICUREZZA,0,PROMO_SETTEMBRE_VIP,ATTIVO
rossettoandrea@hotmail.it,Null,Null,Rossetto Snc,+390445523243,SIC-ID-54F840B22A59,49,,SICUREZZA,0,PROMO_SETTEMBRE_VIP,ATTIVO
clavello.marchesin@virgilio.it,Null,Null,Eni Station,+390444590490,SIC-ID-DF8E89996CB2,49,,SICUREZZA,0,PROMO_SETTEMBRE_VIP,ATTIVO
farmaciabenessere16@gmail.com,Null,Null,Farmacia Benessere,+39049611616,SIC-ID-C7A0B1DE4735,86,,SICUREZZA,0,PROMO_SETTEMBRE_VIP,ATTIVO
info@farmaciagiulianiricci.it,Null,Null,Farmacia Giuliani,+39049703069,SIC-ID-3F0666BDFE7D,86,,SICUREZZA,0,PROMO_SETTEMBRE_VIP,ATTIVO
info@farmaciagennaro.com,Null,Null,Farmacia Gennaro,+39049761194,SIC-ID-9930E9A9DD75,86,,SICUREZZA,0,PROMO_SETTEMBRE_VIP,ATTIVO
fportavecchiasnc@gmail.com,Null,Null,Portavecchia,+3904292476+39338879116,SIC-ID-9B67DA8ED79B,86,,SICUREZZA,0,PROMO_SETTEMBRE_VIP,ATTIVO
info@farmaciafavarin.it,Null,Null,Farmacia Dott. Favarin,+390499401790,SIC-ID-C5155EFA4C90,86,,SICUREZZA,0,PROMO_SETTEMBRE_VIP,ATTIVO
farmaciapd.chiari@gmail.com,Null,Null,Farmacia Internazionale,+390498760214,SIC-ID-C4A4CA83E39D,86,,SICUREZZA,0,PROMO_SETTEMBRE_VIP,ATTIVO
info@farmaciaallamadonna.com,Null,Null,Farmacia Alla Madonna,+390445379783,SIC-ID-9E838F94A8FB,86,,SICUREZZA,0,PROMO_SETTEMBRE_VIP,ATTIVO
info@villagarda.it,Null,Null,Casa Di Cura Villa Garda,+390456208611,SIC-ID-03248BD8FEC1,86,,SICUREZZA,0,PROMO_SETTEMBRE_VIP,ATTIVO
longare@lafarmacia.it,Null,Null,Lafarmacia.longare,+390444555064,SIC-ID-39CEDB0DE60D,86,,SICUREZZA,0,PROMO_SETTEMBRE_VIP,ATTIVO
info@farmaciasoave.it,Null,Null,Farmacia Dr. Soave,+390458904986,SIC-ID-348769D08DB0,86,,SICUREZZA,0,PROMO_SETTEMBRE_VIP,ATTIVO
info@farmaciazaninialredentore.it,Null,Null,Farmacia Al Redentore,+390445381360,SIC-ID-A45853CE1B3C,86,,SICUREZZA,0,PROMO_SETTEMBRE_VIP,ATTIVO
farmaciachievo@agec.it,Null,Null,Farmacia Comunale Chievo,+39045563034,SIC-ID-948D47F536EF,86,,SICUREZZA,0,PROMO_SETTEMBRE_VIP,ATTIVO
farmaciaolimpia@agec.it,Null,Null,Farmacia Comunale Olimpia,+39045567879,SIC-ID-FD3F32B53817,86,,SICUREZZA,0,PROMO_SETTEMBRE_VIP,ATTIVO
info@miotto.info,Null,Null,Studio Miotto,+390445512002,SIC-ID-31F213721EA1,86,,SICUREZZA,0,PROMO_SETTEMBRE_VIP,ATTIVO
info@farmaciadelgrappa.it,Null,Null,Farmacia Del Grappa,+39042434786,SIC-ID-35ACA0760679,86,,SICUREZZA,0,PROMO_SETTEMBRE_VIP,ATTIVO
info@farmaciafabro.it,Null,Null,Dottor Fabro,+390415410240,SIC-ID-45162018825F,86,,SICUREZZA,0,PROMO_SETTEMBRE_VIP,ATTIVO
info@farmaciabellamoli.it,Null,Null,Farmacia Bellamoli,+39045550120,SIC-ID-449897B5D6E2,86,,SICUREZZA,0,PROMO_SETTEMBRE_VIP,ATTIVO
info@farmaciasarano.it,Null,Null,Farmacia Di Sarano Dei Dott. Frusi E Dott.ssa Callegari,+390438700842,SIC-ID-D7C79CA2191A,86,,SICUREZZA,0,PROMO_SETTEMBRE_VIP,ATTIVO
info@farmaciasantagiustina.pd.it,Null,Null,Farmacia Santa Giustina,+390498752033,SIC-ID-04DFC5C0864D,86,,SICUREZZA,0,PROMO_SETTEMBRE_VIP,ATTIVO
farm.bruscagnin@libero.it,Null,Null,Farmacia Bruscagnin,+390422600129,SIC-ID-39EF3F3A3BA2,86,,SICUREZZA,0,PROMO_SETTEMBRE_VIP,ATTIVO
info@farmaciagiarolo.it,Null,Null,Farmacia Dottor Giarolo,+39045976588,SIC-ID-CF2FFD9FC4DC,86,,SICUREZZA,0,PROMO_SETTEMBRE_VIP,ATTIVO
info@farmacia-internazionale.it,Null,Null,Farmacia Internazionale,+39045596139,SIC-ID-B12C710173B7,86,,SICUREZZA,0,PROMO_SETTEMBRE_VIP,ATTIVO
bortolotto.tania@tiscali.it,Null,Null,Naturalmente Erbe Erboristeria,,SIC-ID-663506408F13,86,,SICUREZZA,0,PROMO_SETTEMBRE_VIP,ATTIVO
32sensiclinicadentale@gmail.com,Null,Null,32 Sensi Clinica Dentale,+3904231905031,SIC-ID-1D94E122F999,86,,SICUREZZA,0,PROMO_SETTEMBRE_VIP,ATTIVO
mortari.farmacia@gmail.com,Null,Null,Farmacia Mortari Dr. Francesco,+390457900123,SIC-ID-D16FC6774227,86,,SICUREZZA,0,PROMO_SETTEMBRE_VIP,ATTIVO
farmaciasanvito@gmail.com,Null,Null,Farmacia San Vito,+390423564742,SIC-ID-EA1C3003670A,86,,SICUREZZA,0,PROMO_SETTEMBRE_VIP,ATTIVO
info@descasa.it,Null,Null,Descasa Stp,+393496863495,SIC-ID-58F8FE04EF09,69,,SICUREZZA,0,PROMO_SETTEMBRE_VIP,ATTIVO
studioker@yahoo.it,Null,Null,Studio Ker,+390498719220+393289016574,SIC-ID-00C01003E26E,69,,SICUREZZA,0,PROMO_SETTEMBRE_VIP,ATTIVO
info.caaf@cislverona.it,Null,Null,Caf Cisl,+390458053073+3904581030,SIC-ID-42CBA00F4681,69,,SICUREZZA,0,PROMO_SETTEMBRE_VIP,ATTIVO
tiziano@dangelos.it,Null,Null,Studio Commercialista D'angelo,+39049656366,SIC-ID-9CC6FD5C5289,69,,SICUREZZA,0,PROMO_SETTEMBRE_VIP,ATTIVO
studiorubini@studiorubini.it,Null,Null,Studio Rubini E Partners,+390458002978,SIC-ID-E3DC0A50DA96,69,,SICUREZZA,0,PROMO_SETTEMBRE_VIP,ATTIVO
info@clabstudio.eu,Null,Null,Clab Architettura,,SIC-ID-4F2385D4B57F,69,,SICUREZZA,0,PROMO_SETTEMBRE_VIP,ATTIVO
info@studiopinoebaron.it,Null,Null,Studio Pino E Baron,+390444322591,SIC-ID-E5B2872210C7,69,,SICUREZZA,0,PROMO_SETTEMBRE_VIP,ATTIVO
info@serlessrl.it,Null,Null,Serles Srl,+390444750387,SIC-ID-C3762CE37CC8,69,,SICUREZZA,0,PROMO_SETTEMBRE_VIP,ATTIVO
info@officinaveneta.it,Null,Null,Officina Veneta,+390455117230,SIC-ID-4E83C0F9E45F,69,,SICUREZZA,0,PROMO_SETTEMBRE_VIP,ATTIVO
info@studiopacepartners.it,Null,Null,Studio Pace & Partners,+390456100619,SIC-ID-AAEE3419B0E8,69,,SICUREZZA,0,PROMO_SETTEMBRE_VIP,ATTIVO
accoglienza.vicenza@cisl.it,Null,Null,Cisl,+390445526060,SIC-ID-792B50948B01,69,,SICUREZZA,0,PROMO_SETTEMBRE_VIP,ATTIVO
segreteria@studiobordignon.it,Null,Null,Studio Bordignon,+390424066464,SIC-ID-848AA9A4A1F4,69,,SICUREZZA,0,PROMO_SETTEMBRE_VIP,ATTIVO
info@agenda21.it,Null,Null,Agenda21 Consulting,+390498079570,SIC-ID-43C6163C05B5,69,,SICUREZZA,0,PROMO_SETTEMBRE_VIP,ATTIVO
info@dcrea.eu,Null,Null,D.crea,,SIC-ID-DE3A615D8C55,69,,SICUREZZA,0,PROMO_SETTEMBRE_VIP,ATTIVO
info@jimmipianezzola.com,Null,Null,Jimmi Pianezzola Architetto,+3904441931676,SIC-ID-36EFF9498C93,69,,SICUREZZA,0,PROMO_SETTEMBRE_VIP,ATTIVO
vittoria@vstudio.design,Null,Null,Vstudio,+390439886393,SIC-ID-D83660A891FD,69,,SICUREZZA,0,PROMO_SETTEMBRE_VIP,ATTIVO
tecnico@assistenzasolare.com,Null,Null,Assistenza Solare,+393886952286,SIC-ID-1E1959740D88,69,,SICUREZZA,0,PROMO_SETTEMBRE_VIP,ATTIVO
segreteria@studioandolfo.it,Null,Null,Caf Cisal - Studio Andolfo,+39049665543,SIC-ID-E905B8D9F52F,69,,SICUREZZA,0,PROMO_SETTEMBRE_VIP,ATTIVO
info@alicezanivan.it,Null,Null,Alice Zanivan - Comic Artist,,SIC-ID-7E0EF946BBD7,69,,SICUREZZA,0,PROMO_SETTEMBRE_VIP,ATTIVO
sales@pfsanson.it,Null,Null,Pf Sanson S.n.c.,+393492278035,SIC-ID-18C9CE752585,69,,SICUREZZA,0,PROMO_SETTEMBRE_VIP,ATTIVO
studio@bearchitettura.it,Null,Null,Be Architettura,,SIC-ID-41CCAF51BED1,69,,SICUREZZA,0,PROMO_SETTEMBRE_VIP,ATTIVO
info@reframed.it,Null,Null,Reframed S.r.l.,+390495974053,SIC-ID-EC08B7DC74E9,69,,SICUREZZA,0,PROMO_SETTEMBRE_VIP,ATTIVO
info@qst-online.it,Null,Null,Qst Quality Safety Training S.r.l.,+390494102032,SIC-ID-64BF63E6EE2D,69,,SICUREZZA,0,PROMO_SETTEMBRE_VIP,ATTIVO
studio_robin@libero.it,Null,Null,Studio Robin,,SIC-ID-BABA3F819CF5,69,,SICUREZZA,0,PROMO_SETTEMBRE_VIP,ATTIVO
info@legalbitcoin.it,Null,Null,Legalbitcoin,+3904451716081,SIC-ID-BFE45EDAD6E2,69,,SICUREZZA,0,PROMO_SETTEMBRE_VIP,ATTIVO
info@cartoservicedidario.it,Null,Null,Cartoservice,+393296242200,SIC-ID-7EF13E43996B,69,,SICUREZZA,0,PROMO_SETTEMBRE_VIP,ATTIVO
info@studioarchitetturadomus.it,Null,Null,Studio Domus,,SIC-ID-2B1CB022A417,69,,SICUREZZA,0,PROMO_SETTEMBRE_VIP,ATTIVO
arch.robertomartin@libero.it,Null,Null,Martin,,SIC-ID-927B6EF8A2AF,69,,SICUREZZA,0,PROMO_SETTEMBRE_VIP,ATTIVO
consulting@suhaci.com,Null,Null,Suhaci Consulting,+393403893512,SIC-ID-2A6B9670C7FB,69,,SICUREZZA,0,PROMO_SETTEMBRE_VIP,ATTIVO
inge.righetti@gmail.com,Null,Null,Ing. Giorgio Righetti,+393518755527,SIC-ID-829C4D783EFE,69,,SICUREZZA,0,PROMO_SETTEMBRE_VIP,ATTIVO
officevillafranca@studioadministra.it,Null,Null,Studio Administra Stp,+390458614590,SIC-ID-92B05FE42DBC,69,,SICUREZZA,0,PROMO_SETTEMBRE_VIP,ATTIVO
massimo.berto@virgilio.it,Null,Null,Architetto Massimo Berto,+390496453168,SIC-ID-F0C17DF31898,69,,SICUREZZA,0,PROMO_SETTEMBRE_VIP,ATTIVO
info@emxitalia.it,Null,Null,Emx,+393496697926,SIC-ID-D6FEB18E8495,69,,SICUREZZA,0,PROMO_SETTEMBRE_VIP,ATTIVO
padova@chironesrl.it,Null,Null,Chirone Srl,,SIC-ID-44532C35FE68,69,,SICUREZZA,0,PROMO_SETTEMBRE_VIP,ATTIVO
info@necsi.it,Null,Null,Necsi S.r.l.,+390424382638,SIC-ID-AE4DFE318D7D,69,,SICUREZZA,0,PROMO_SETTEMBRE_VIP,ATTIVO
info@jacosc.it,Null,Null,Jaco Sport Center,+393890493972,SIC-ID-AB5FB059A5A9,93,,SICUREZZA,0,PROMO_SETTEMBRE_VIP,ATTIVO
info@newschool-kitesurfing.com,Null,Null,New School Kitesurfing,+393293267089,SIC-ID-8E14D2365A0A,93,,SICUREZZA,0,PROMO_SETTEMBRE_VIP,ATTIVO
info@ikarocentrosalute.it,Null,Null,Palestra Ikaro,+390444505711,SIC-ID-7C5E8B7980B3,93,,SICUREZZA,0,PROMO_SETTEMBRE_VIP,ATTIVO
studiofitness.djk@libero.it,Null,Null,Djk Studio,+390444504907,SIC-ID-B122EEF51EBE,93,,SICUREZZA,0,PROMO_SETTEMBRE_VIP,ATTIVO
sportsteamtreviso@gmail.com,Null,Null,A.s.d Sports Team,+390422308108,SIC-ID-075943B477EE,93,,SICUREZZA,0,PROMO_SETTEMBRE_VIP,ATTIVO
info@centrobernstein.it,Null,Null,Bernstein,+390458300454,SIC-ID-545C6CC1B892,93,,SICUREZZA,0,PROMO_SETTEMBRE_VIP,ATTIVO
newoneclub@hotmail.com,Null,Null,New One Club,+390458101321+393478548,SIC-ID-6E39026E7308,93,,SICUREZZA,0,PROMO_SETTEMBRE_VIP,ATTIVO
info@tribustudio.it,Null,Null,Tribù Pt Studio,+393478881515,SIC-ID-A885C37C4C55,93,,SICUREZZA,0,PROMO_SETTEMBRE_VIP,ATTIVO
jollyclubpattinaggio@gmail.com,Null,Null,Pista Pattinaggio Corsa Pubblica,+393483916538,SIC-ID-1182CA01F608,93,,SICUREZZA,0,PROMO_SETTEMBRE_VIP,ATTIVO
info@wakepark-cable7.com,Null,Null,Wakepark Cable 7,+393355945518,SIC-ID-E2A96808B665,93,,SICUREZZA,0,PROMO_SETTEMBRE_VIP,ATTIVO
hangar383@gmail.com,Null,Null,Hangar383,,SIC-ID-9BD066AD0A7E,93,,SICUREZZA,0,PROMO_SETTEMBRE_VIP,ATTIVO
info@newfitness.eu,Null,Null,New Fitness Srl,+390444978507,SIC-ID-49C112242F2D,93,,SICUREZZA,0,PROMO_SETTEMBRE_VIP,ATTIVO
schio@we-beat.com,Null,Null,We_beat Schio,+390445576615,SIC-ID-3CA6902180C7,93,,SICUREZZA,0,PROMO_SETTEMBRE_VIP,ATTIVO
info@spartanmovementacademy.com,Null,Null,Spartan Movement Academy,+393469752992,SIC-ID-890CEBA0692E,93,,SICUREZZA,0,PROMO_SETTEMBRE_VIP,ATTIVO
info@intellighenziaproject.it,Null,Null,Intellighenzia Project A.s.d.,+390498646094,SIC-ID-C90923C7EDE6,93,,SICUREZZA,0,PROMO_SETTEMBRE_VIP,ATTIVO
info@manifatturadibenssere.com,Null,Null,Manifattura Di Benessere,+39043989310,SIC-ID-5E8120568D61,93,,SICUREZZA,0,PROMO_SETTEMBRE_VIP,ATTIVO
info@centroformaevolution.it,Null,Null,Centro Forma Evolution,+39045917548,SIC-ID-4215E8CCDB96,93,,SICUREZZA,0,PROMO_SETTEMBRE_VIP,ATTIVO
spartanmovementacademy@gmail.com,Null,Null,Spartan Movement Academy,+393292445663,SIC-ID-BD4E0727C768,93,,SICUREZZA,0,PROMO_SETTEMBRE_VIP,ATTIVO
info@crossfitarcadia.it,Null,Null,Crossfit Arcadia,+393313485231,SIC-ID-7903B2AA9B01,93,,SICUREZZA,0,PROMO_SETTEMBRE_VIP,ATTIVO
info@labisa.it,Null,Null,La Bisa Agriturismo E Centro Equestre,,SIC-ID-91A164FDB0E5,93,,SICUREZZA,0,PROMO_SETTEMBRE_VIP,ATTIVO
azzurrapatt.corsa@gmail.com,Null,Null,Azzurra Pattinaggio,+393470564995,SIC-ID-3DC67A190F05,93,,SICUREZZA,0,PROMO_SETTEMBRE_VIP,ATTIVO
segreteria@gamclimbing.eu,Null,Null,Gam Climbing,+390415411670,SIC-ID-BEF4F72D6B6D,93,,SICUREZZA,0,PROMO_SETTEMBRE_VIP,ATTIVO
info@ginnasticapatavium.it,Null,Null,Polidiportiva Ginnastica Patavium Asd,,SIC-ID-548AD81292AF,93,,SICUREZZA,0,PROMO_SETTEMBRE_VIP,ATTIVO
info@bikarting.it,Null,Null,Bi Karting Snc E C,+390499450066+390324367,SIC-ID-5A3A787431BE,93,,SICUREZZA,0,PROMO_SETTEMBRE_VIP,ATTIVO
info@fitnessakademy.it,Null,Null,Fitness Akademy,+393382878329,SIC-ID-4F9381A714B2,93,,SICUREZZA,0,PROMO_SETTEMBRE_VIP,ATTIVO
laura@laurafavotto.it,Null,Null,Fitness Studio Trainer,,SIC-ID-A5DFB44B4F77,93,,SICUREZZA,0,PROMO_SETTEMBRE_VIP,ATTIVO
info@thepit.it,Null,Null,The Pit,+3904241901092+393276557685,SIC-ID-8F5AC8EC81C5,93,,SICUREZZA,0,PROMO_SETTEMBRE_VIP,ATTIVO
marghera@anytimefitness.it,Null,Null,Anytime Fitness,+393917119024,SIC-ID-0390B630859E,93,,SICUREZZA,0,PROMO_SETTEMBRE_VIP,ATTIVO
info@gigglemugs.it,Null,Null,Gigglemugs - Teatro Del Pane,+393516002483,SIC-ID-347DA7042F04,93,,SICUREZZA,0,PROMO_SETTEMBRE_VIP,ATTIVO
info@palestraherogym.it,Null,Null,Hero Gym,+393482488880,SIC-ID-9086D0E086C3,93,,SICUREZZA,0,PROMO_SETTEMBRE_VIP,ATTIVO
info@palafeltre.it,Null,Null,Palafeltre,+390439026257,SIC-ID-B4294C20439B,93,,SICUREZZA,0,PROMO_SETTEMBRE_VIP,ATTIVO
info@deepintango.com,Null,Null,El Garufa Deep In Tango,+393273771516,SIC-ID-6DDB32CB805B,93,,SICUREZZA,0,PROMO_SETTEMBRE_VIP,ATTIVO
newwellness.pd@gmail.com,Null,Null,New Wellness,+393421985481,SIC-ID-DD4EC21A0F85,93,,SICUREZZA,0,PROMO_SETTEMBRE_VIP,ATTIVO
info@animaemusica.com,Null,Null,Crc – Anima & Musica,+393279209225,SIC-ID-C7B278FD86E4,93,,SICUREZZA,0,PROMO_SETTEMBRE_VIP,ATTIVO
info@infinitysportvillage.com,Null,Null,Infinity Sport Village,,SIC-ID-F8D9E4236686,93,,SICUREZZA,0,PROMO_SETTEMBRE_VIP,ATTIVO
info@kingrock.it,Null,Null,King Rock,+39045582569,SIC-ID-07D8FBDA22C7,93,,SICUREZZA,0,PROMO_SETTEMBRE_VIP,ATTIVO
info@centrofondocampomulo.it,Null,Null,Centro Fondo Campomulo,+390424445115,SIC-ID-32349E431181,93,,SICUREZZA,0,PROMO_SETTEMBRE_VIP,ATTIVO
info@pgkvenezia.com,Null,Null,Pgk Karting Network Venezia,+393762036233,SIC-ID-C51C099805E8,93,,SICUREZZA,0,PROMO_SETTEMBRE_VIP,ATTIVO
new041pianetafitness@gmail.com,Null,Null,New 041 Pianeta Fitness,+393289528643,SIC-ID-C51910356A6D,93,,SICUREZZA,0,PROMO_SETTEMBRE_VIP,ATTIVO
verona.via.salisburgo@fitactive.it,Null,Null,Fitactive,+393472112673,SIC-ID-56CD6C488118,93,,SICUREZZA,0,PROMO_SETTEMBRE_VIP,ATTIVO
info@eniac.it,Null,Null,Eniac,+390499318300,SIC-ID-A1C5D27EFF85,82,,SICUREZZA,0,PROMO_SETTEMBRE_VIP,ATTIVO
mpiego.vicenza@provincia.vicenza.it,Null,Null,Centro Per L'impiego Di Vicenza,,SIC-ID-070365B9A37A,82,,SICUREZZA,0,PROMO_SETTEMBRE_VIP,ATTIVO
info@areavisuale.it,Null,Null,Area Visuale,+393491882624,SIC-ID-BAC15BD2D94D,82,,SICUREZZA,0,PROMO_SETTEMBRE_VIP,ATTIVO
giramondo.vicenza@gmail.com,Null,Null,Giramondo Viaggi,+3904441582718,SIC-ID-3FBD0CF1ECD5,82,,SICUREZZA,0,PROMO_SETTEMBRE_VIP,ATTIVO
info@idea-r.it,Null,Null,Idea R,+390444026910,SIC-ID-E4C6DD475477,82,,SICUREZZA,0,PROMO_SETTEMBRE_VIP,ATTIVO
info@pepverde.agency,Null,Null,Pepeverde.agency,,SIC-ID-299C38997FFE,82,,SICUREZZA,0,PROMO_SETTEMBRE_VIP,ATTIVO
thiene@archimedespa.it,Null,Null,Archimede Spa,+390445372558,SIC-ID-CCDB867EE4BB,82,,SICUREZZA,0,PROMO_SETTEMBRE_VIP,ATTIVO
thiene@during.it,Null,Null,During Spa,+390445374217,SIC-ID-B623B45A30B1,82,,SICUREZZA,0,PROMO_SETTEMBRE_VIP,ATTIVO
thiene@randstad.it,Null,Null,Randstad,+390445367680,SIC-ID-C70146666320,82,,SICUREZZA,0,PROMO_SETTEMBRE_VIP,ATTIVO
thiene.garibaldi@adecco.it,Null,Null,Adecco Italia,+390445362266,SIC-ID-F0BD818AEB51,82,,SICUREZZA,0,PROMO_SETTEMBRE_VIP,ATTIVO
info@bluergo.com,Null,Null,Bluergo,+390423482291,SIC-ID-CCECDEAEE765,82,,SICUREZZA,0,PROMO_SETTEMBRE_VIP,ATTIVO
info@protechgroup.it,Null,Null,Protech,+390423723388,SIC-ID-88DBE199F4F5,82,,SICUREZZA,0,PROMO_SETTEMBRE_VIP,ATTIVO
info@nethix.com,Null,Null,Nethix,+390423770750,SIC-ID-C64FBCB91802,82,,SICUREZZA,0,PROMO_SETTEMBRE_VIP,ATTIVO
team.mapsstreetview@gmail.com,Null,Null,Qbetech,+393483045296,SIC-ID-C4F68D2C1FF3,82,,SICUREZZA,0,PROMO_SETTEMBRE_VIP,ATTIVO
fcdicasagrande@gmail.com,Null,Null,Articoli Sportivi Carpenteria Leggere,+390438586790,SIC-ID-548C2147027A,82,,SICUREZZA,0,PROMO_SETTEMBRE_VIP,ATTIVO
massimo@paganinicar.it,Null,Null,Paganinicar Srl,+390442332434,SIC-ID-3899A533E729,82,,SICUREZZA,0,PROMO_SETTEMBRE_VIP,ATTIVO
info@villabrunaviaggi.it,Null,Null,Villabruna Viaggi,+39043983926,SIC-ID-D82741823A92,82,,SICUREZZA,0,PROMO_SETTEMBRE_VIP,ATTIVO
info@agenziabassanese.com,Null,Null,Agenzia Bassanese,+39042438000,SIC-ID-93A4CE1D3501,82,,SICUREZZA,0,PROMO_SETTEMBRE_VIP,ATTIVO
info@easynoleggio.net,Null,Null,Easynoleggio,,SIC-ID-4F7E18161084,82,,SICUREZZA,0,PROMO_SETTEMBRE_VIP,ATTIVO
carrera@carrerajeans.it,Null,Null,Carrera Jeans,+390456139111,SIC-ID-4B95E93B5570,82,,SICUREZZA,0,PROMO_SETTEMBRE_VIP,ATTIVO
info@confartigianatovicenza.it,Null,Null,Confartigianato Imprese Vicenza,+390444392300,SIC-ID-6D0E04AA1BCE,82,,SICUREZZA,0,PROMO_SETTEMBRE_VIP,ATTIVO
info@digitalinnovationhubvicenza.it,Null,Null,Digital Innovation Hub Vicenza,+390444168311,SIC-ID-BAD9AF84400F,82,,SICUREZZA,0,PROMO_SETTEMBRE_VIP,ATTIVO
feltre@randstad.it,Null,Null,Randstad,+3904391909736,SIC-ID-21E64A1E15D5,82,,SICUREZZA,0,PROMO_SETTEMBRE_VIP,ATTIVO
lavaseccolamigliore@gmail.com,Null,Null,Lavanderia La Migliore,+39045577161,SIC-ID-07EC82E71F2B,82,,SICUREZZA,0,PROMO_SETTEMBRE_VIP,ATTIVO
verona@orienta.net,Null,Null,Orienta S.p.a.,+390458679468,SIC-ID-09C6AF1F1FC0,82,,SICUREZZA,0,PROMO_SETTEMBRE_VIP,ATTIVO
verona@temporary.it,Null,Null,Temporary,+390459580184,SIC-ID-912B723D0873,82,,SICUREZZA,0,PROMO_SETTEMBRE_VIP,ATTIVO
infofel@umana.it,Null,Null,Umana Feltre,+390439840494,SIC-ID-9A94DB721417,82,,SICUREZZA,0,PROMO_SETTEMBRE_VIP,ATTIVO
tintoria.damiani@gmail.com,Null,Null,Lavasecco Damiani,+39042141985,SIC-ID-1A7C450FAD32,82,,SICUREZZA,0,PROMO_SETTEMBRE_VIP,ATTIVO
infove@umana.it,Null,Null,Umana,+39041990011,SIC-ID-6796B2D55652,82,,SICUREZZA,0,PROMO_SETTEMBRE_VIP,ATTIVO
einaudi@einaudibassano.edu.it,Null,Null,I.t.e.t. Luigi Einaudi,+390424566808,SIC-ID-9353D222EBEC,85,,SICUREZZA,0,PROMO_SETTEMBRE_VIP,ATTIVO
info@cfpmanfredini.it,Null,Null,C.f.p. Manfredini,+390429612101,SIC-ID-C8F1F09E03B0,85,,SICUREZZA,0,PROMO_SETTEMBRE_VIP,ATTIVO
info@movimenticreativi.it,Null,Null,Movimenti Creativi Asd,+393406726383,SIC-ID-BA04115A2C06,85,,SICUREZZA,0,PROMO_SETTEMBRE_VIP,ATTIVO
graziatoimmobiliare@gmail.com,Null,Null,Graziato Immobiliare,+390429600655,SIC-ID-1BB0461013D5,68,,SICUREZZA,0,PROMO_SETTEMBRE_VIP,ATTIVO
info.casaandco@libero.it,Null,Null,Casa & Co.,+393485558041,SIC-ID-A9F9B648577F,68,,SICUREZZA,0,PROMO_SETTEMBRE_VIP,ATTIVO
info@agenzianeve.it,Null,Null,Agenzia Neve,+390457075074,SIC-ID-F77AE871FD40,68,,SICUREZZA,0,PROMO_SETTEMBRE_VIP,ATTIVO
info@agitalia.net,Null,Null,Agenzia Immobiliare Italia,+390431439807,SIC-ID-41377370F002,68,,SICUREZZA,0,PROMO_SETTEMBRE_VIP,ATTIVO
info@agenziasabina.it,Null,Null,Agenzia Sabina,+390431439515,SIC-ID-349843971A34,68,,SICUREZZA,0,PROMO_SETTEMBRE_VIP,ATTIVO
sanmichele@unycasa.it,Null,Null,Unycasa Verona,+390459990058,SIC-ID-B95DDF6A3583,68,,SICUREZZA,0,PROMO_SETTEMBRE_VIP,ATTIVO
info@agenziaeuropaimmobiliare.com,Null,Null,Agenzia Europa,+39042166166,SIC-ID-F63213F0CE93,68,,SICUREZZA,0,PROMO_SETTEMBRE_VIP,ATTIVO
conegliano@immobiliareghedin.it,Null,Null,Immobiliare Ghedin,+390438412081,SIC-ID-11EE6082CFF2,68,,SICUREZZA,0,PROMO_SETTEMBRE_VIP,ATTIVO
info@greatdeals24.it,Null,Null,Great Deals 24,+39800177828,SIC-ID-2B3B0480FEFE,68,,SICUREZZA,0,PROMO_SETTEMBRE_VIP,ATTIVO
padovaovest@artediabitare.it,Null,Null,L'arte Di Abitare,+390497292821,SIC-ID-C645509DE78A,68,,SICUREZZA,0,PROMO_SETTEMBRE_VIP,ATTIVO
bibione.spiaggia@lampo.it,Null,Null,Agenzia Lampo - Bibione Spiaggia,+39043143306,SIC-ID-D118C414CDD5,68,,SICUREZZA,0,PROMO_SETTEMBRE_VIP,ATTIVO
vrhl9@tecnocasa.it,Null,Null,Tecnocasa,,SIC-ID-2B99FB509481,68,,SICUREZZA,0,PROMO_SETTEMBRE_VIP,ATTIVO
info@immobiliaredolomiti.com,Null,Null,Agenzia Immobiliare Dolomiti Falcade,+390437590760,SIC-ID-9C8D0E95922C,68,,SICUREZZA,0,PROMO_SETTEMBRE_VIP,ATTIVO
info@agenziamarina.it,Null,Null,Agenzia Marina,+393483253179+3904314302,SIC-ID-D1B51B41CAD3,68,,SICUREZZA,0,PROMO_SETTEMBRE_VIP,ATTIVO
info@belmare.eu,Null,Null,Agenzia Turistica Belmare,+390431430940,SIC-ID-E18306076851,68,,SICUREZZA,0,PROMO_SETTEMBRE_VIP,ATTIVO
info@azzurrabibione.com,Null,Null,Agenzia Turistica Azzurra,+390431447167,SIC-ID-E75DFAE7BEBB,68,,SICUREZZA,0,PROMO_SETTEMBRE_VIP,ATTIVO
immobiliare@camarotto.it,Null,Null,Camarotto Immobiliare,+390458202650,SIC-ID-390CC873FD32,68,,SICUREZZA,0,PROMO_SETTEMBRE_VIP,ATTIVO
bibione@grupposirio.it,Null,Null,Siriomare,+3904311938082,SIC-ID-68AE8F3F95D0,68,,SICUREZZA,0,PROMO_SETTEMBRE_VIP,ATTIVO
info@siriobibione.com,Null,Null,Sirio,+390431430155,SIC-ID-64CD4FF2F60E,68,,SICUREZZA,0,PROMO_SETTEMBRE_VIP,ATTIVO
info@adriatur.it,Null,Null,Adria,+39043143444,SIC-ID-BF95ED24CDDF,68,,SICUREZZA,0,PROMO_SETTEMBRE_VIP,ATTIVO
info@turistica-tonussi.it,Null,Null,Turistica Tonussi,+390431430328,SIC-ID-6CD087736EDF,68,,SICUREZZA,0,PROMO_SETTEMBRE_VIP,ATTIVO
info@agenziavenezia.it,Null,Null,Agenzia Venezia,+39043143395,SIC-ID-F594A1BCE44B,68,,SICUREZZA,0,PROMO_SETTEMBRE_VIP,ATTIVO
agenzia@eurovacanzebibione.it,Null,Null,Agenzia Eurovacanze,+390431437454,SIC-ID-D20764C4F72A,68,,SICUREZZA,0,PROMO_SETTEMBRE_VIP,ATTIVO
info@agenziadomini.com,Null,Null,Domini,+390421275800,SIC-ID-5E1F214AE3EA,68,,SICUREZZA,0,PROMO_SETTEMBRE_VIP,ATTIVO
agenziaquinvest@gmail.com,Null,Null,Quinvest Srl,+390418473628,SIC-ID-C8EFAF2F9110,68,,SICUREZZA,0,PROMO_SETTEMBRE_VIP,ATTIVO
info@agenzia-anna.com,Null,Null,Anna,,SIC-ID-BA33A69E9482,68,,SICUREZZA,0,PROMO_SETTEMBRE_VIP,ATTIVO
info@noventacase.it,Null,Null,Noventa Case,+393299371292,SIC-ID-7B5CDC30D225,68,,SICUREZZA,0,PROMO_SETTEMBRE_VIP,ATTIVO
etabetaimmobiliare@gmail.com,Null,Null,Eta Beta Immobiliare,,SIC-ID-36FD1C1DCE83,68,,SICUREZZA,0,PROMO_SETTEMBRE_VIP,ATTIVO
info@agenzialecirque.it,Null,Null,Le Cirque,,SIC-ID-FC3473012991,68,,SICUREZZA,0,PROMO_SETTEMBRE_VIP,ATTIVO
conselve@gabetti.it,Null,Null,Gabetti Property Solutions,+390499501541,SIC-ID-F25D6A5BFF22,68,,SICUREZZA,0,PROMO_SETTEMBRE_VIP,ATTIVO
pdce1@tecnocasa.it,Null,Null,Tecnocasa,+390498072323,SIC-ID-87B34E53D72F,68,,SICUREZZA,0,PROMO_SETTEMBRE_VIP,ATTIVO
immobiliare@agenziapavan.it,Null,Null,Pavan,,SIC-ID-A96534C96B56,68,,SICUREZZA,0,PROMO_SETTEMBRE_VIP,ATTIVO
sartoriimmobiliare@gmail.com,Null,Null,Sartori,+390498627852,SIC-ID-93F93373CE63,68,,SICUREZZA,0,PROMO_SETTEMBRE_VIP,ATTIVO
info@blueday.it,Null,Null,Blue Day,+390445864521,SIC-ID-6891C43E2A27,62,,SICUREZZA,0,PROMO_SETTEMBRE_VIP,ATTIVO
andrea.belvedere@gmail.com,Null,Null,Belvedere Sistemi Reti E Sicurezza Dati Aziendali,+393663722400,SIC-ID-AAF5C8C454C0,62,,SICUREZZA,0,PROMO_SETTEMBRE_VIP,ATTIVO
info@polesinelab.it,Null,Null,Polesinelab,+393317878566,SIC-ID-153AB84D1758,62,,SICUREZZA,0,PROMO_SETTEMBRE_VIP,ATTIVO
info@webforma.it,Null,Null,Forma Srl,+390444304125,SIC-ID-322AADA1C728,62,,SICUREZZA,0,PROMO_SETTEMBRE_VIP,ATTIVO
info@netgenesis.it,Null,Null,Net Genesis,+390445371061,SIC-ID-BF12A477CD7E,62,,SICUREZZA,0,PROMO_SETTEMBRE_VIP,ATTIVO
epasqualotto@backloop.biz,Null,Null,Backloop,+390459971269,SIC-ID-0D06306AC3AA,62,,SICUREZZA,0,PROMO_SETTEMBRE_VIP,ATTIVO
info@itservicenet.net,Null,Null,Itservicenet,+393351901910,SIC-ID-90143EF35CB3,62,,SICUREZZA,0,PROMO_SETTEMBRE_VIP,ATTIVO
s.brugnaro@geoesse.com,Null,Null,Geologo Stefano Brugnaro,,SIC-ID-CEF05A03F80B,62,,SICUREZZA,0,PROMO_SETTEMBRE_VIP,ATTIVO
wellvenice@gmail.com,Null,Null,Wellvenice S.a.s. Di Savonuzzi Cristina & C.,+393479779248,SIC-ID-5C4AEF6C92ED,62,,SICUREZZA,0,PROMO_SETTEMBRE_VIP,ATTIVO
center@bitcoinveneto.it,Null,Null,Bitcoin Veneto Center,+393405035130,SIC-ID-047D90A33BC9,62,,SICUREZZA,0,PROMO_SETTEMBRE_VIP,ATTIVO
info@devcode.it,Null,Null,Devcode Srl,+390429602511,SIC-ID-206B2F60AF8D,62,,SICUREZZA,0,PROMO_SETTEMBRE_VIP,ATTIVO
info@artenelweb.net,Null,Null,Arte Nel Web,,SIC-ID-10382B3DAE3A,62,,SICUREZZA,0,PROMO_SETTEMBRE_VIP,ATTIVO
segreteria@centrocontrollocosti.it,Null,Null,Soluzioni Srl,+390444361562,SIC-ID-A641F97BF409,62,,SICUREZZA,0,PROMO_SETTEMBRE_VIP,ATTIVO
info@venetoinnovazione.it,Null,Null,Veneto Innovazione,+390418685301,SIC-ID-76BC41C39350,62,,SICUREZZA,0,PROMO_SETTEMBRE_VIP,ATTIVO
netwir@netwir.com,Null,Null,Network & Wireless Srl,+390422868082,SIC-ID-8666D071F138,62,,SICUREZZA,0,PROMO_SETTEMBRE_VIP,ATTIVO
info@betasoftware.it,Null,Null,Beta Software Srl,+390424505277,SIC-ID-6AA5B2B741E2,62,,SICUREZZA,0,PROMO_SETTEMBRE_VIP,ATTIVO
info@rdcom.it,Null,Null,R&d Communication,+390458841199,SIC-ID-5FF7C623CF3C,62,,SICUREZZA,0,PROMO_SETTEMBRE_VIP,ATTIVO
uffcom@sictel.it,Null,Null,Sictel,+390422752925,SIC-ID-CC234DE2571E,62,,SICUREZZA,0,PROMO_SETTEMBRE_VIP,ATTIVO
adi-motta@hotmail.com,Adi-motta,,Adi-motta,,SIC-ID-C07C2986819A,,,SICUREZZA,0,PROMO_SETTEMBRE_VIP,ATTIVO
albertobenetti1@virgilio.it,Alberto,,Alberto,,SIC-ID-751DF82DFA6F,,,SICUREZZA,0,PROMO_SETTEMBRE_VIP,ATTIVO
albertodeiacobis@gmail.com,Alberto,,Alberto,,SIC-ID-526956ABC8EF,,,SICUREZZA,0,PROMO_SETTEMBRE_VIP,ATTIVO
amministrazione@promofiereverona.com,Amministrazione,,Amministrazione,,SIC-ID-FA1609488C18,,,SICUREZZA,0,PROMO_SETTEMBRE_VIP,ATTIVO
angela@studiodieci.info,Angela,,Angela,,SIC-ID-4D8AE8FBCB36,,,SICUREZZA,0,PROMO_SETTEMBRE_VIP,ATTIVO
antonellocappellato@gmail.com,Antonello Lyoness,,Antonello Lyoness,+393357063210,SIC-ID-6DAF45EF8C00,,,SICUREZZA,0,PROMO_SETTEMBRE_VIP,ATTIVO
a.cappellattoforceup@gmail.com,Antonello Lyoness,,Antonello Lyoness,+393357063210,SIC-ID-8F88F558AA03,,,SICUREZZA,0,PROMO_SETTEMBRE_VIP,ATTIVO
antonella.pezzolato@gmail.com,Backup_sicurissimo Engine V1_2026-02-24_03-38 Estr,,Backup_sicurissimo Engine V1_2026-02-24_03-38 Estr,,SIC-ID-87DD90F6F3D8,,,SICUREZZA,0,PROMO_SETTEMBRE_VIP,ATTIVO
ammboxsrls@gmail.com,Backup_sicurissimo Engine V1_2026-02-24_03-38 Estr,,Backup_sicurissimo Engine V1_2026-02-24_03-38 Estr,,SIC-ID-120AD04532A7,,,SICUREZZA,0,PROMO_SETTEMBRE_VIP,ATTIVO
arch.destefani@tiscali.it,,,Backup_sicurissimo Engine V1_2026-02-24_03-38 Estr,,SIC-ID-B0E486A99395,,,SICUREZZA,0,PROMO_SETTEMBRE_VIP,ATTIVO
alessandra.sguotti@enaip.veneto.it,Backup_sicurissimo Engine V1_2026-02-24_03-38 Estr,,Backup_sicurissimo Engine V1_2026-02-24_03-38 Estr,,SIC-ID-2F9B1C37AD9D,,,SICUREZZA,0,PROMO_SETTEMBRE_VIP,ATTIVO
ambrapol2005@yahoo.it,Backup_sicurissimo Engine V1_2026-02-24_03-38 Estr,,Backup_sicurissimo Engine V1_2026-02-24_03-38 Estr,,SIC-ID-8D0A126B0B7B,,,SICUREZZA,0,PROMO_SETTEMBRE_VIP,ATTIVO
alessandra@studiocoletto.net,Backup_sicurissimo Engine V1_2026-02-24_03-38 Estr,,Backup_sicurissimo Engine V1_2026-02-24_03-38 Estr,,SIC-ID-43EAAD7AF756,,,SICUREZZA,0,PROMO_SETTEMBRE_VIP,ATTIVO
arch.anita.bergamini@gmail.com,,,Backup_sicurissimo Engine V1_2026-02-24_03-38 Estr,,SIC-ID-6EC9B3DD244D,,,SICUREZZA,0,PROMO_SETTEMBRE_VIP,ATTIVO
aldodangeloprizzi@libero.it,Backup_sicurissimo Engine V1_2026-02-24_03-38 Estr,,Backup_sicurissimo Engine V1_2026-02-24_03-38 Estr,,SIC-ID-4FFA4C33E6C5,,,SICUREZZA,0,PROMO_SETTEMBRE_VIP,ATTIVO
arch.d.volpin@libero.it,,,Backup_sicurissimo Engine V1_2026-02-24_03-38 Estr,,SIC-ID-055253EB7A8B,,,SICUREZZA,0,PROMO_SETTEMBRE_VIP,ATTIVO
alovato@notabene.it,Backup_sicurissimo Engine V1_2026-02-24_03-38 Estr,,Backup_sicurissimo Engine V1_2026-02-24_03-38 Estr,,SIC-ID-A2A20C0E4931,,,SICUREZZA,0,PROMO_SETTEMBRE_VIP,ATTIVO
annaconti94@gmail.com,Backup_sicurissimo Engine V1_2026-02-24_03-38 Estr,,Backup_sicurissimo Engine V1_2026-02-24_03-38 Estr,,SIC-ID-CED668367FE4,,,SICUREZZA,0,PROMO_SETTEMBRE_VIP,ATTIVO
annaboscolomeo@libero.it,,,Backup_sicurissimo Engine V1_2026-02-24_03-38 Estr,,SIC-ID-D77673C09096,,,SICUREZZA,0,PROMO_SETTEMBRE_VIP,ATTIVO
architetti@ambrosimarangoni.it,Backup_sicurissimo Engine V1_2026-02-24_03-38 Estr,,Backup_sicurissimo Engine V1_2026-02-24_03-38 Estr,,SIC-ID-E47EA1AA5BE8,,,SICUREZZA,0,PROMO_SETTEMBRE_VIP,ATTIVO
archimurano@libero.it,Backup_sicurissimo Engine V1_2026-02-24_03-38 Estr,,Backup_sicurissimo Engine V1_2026-02-24_03-38 Estr,,SIC-ID-ACA634B13C88,,,SICUREZZA,0,PROMO_SETTEMBRE_VIP,ATTIVO
archicase@libero.it,Backup_sicurissimo Engine V1_2026-02-24_03-38 Estr,,Backup_sicurissimo Engine V1_2026-02-24_03-38 Estr,,SIC-ID-44CD19074CD9,,,SICUREZZA,0,PROMO_SETTEMBRE_VIP,ATTIVO
archemiliotrame@tiscali.it,Backup_sicurissimo Engine V1_2026-02-24_03-38 Estr,,Backup_sicurissimo Engine V1_2026-02-24_03-38 Estr,,SIC-ID-0FEFD893DF57,,,SICUREZZA,0,PROMO_SETTEMBRE_VIP,ATTIVO
alessiadiana@yahoo.it,Backup_sicurissimo Engine V1_2026-02-24_03-38 Estr,,Backup_sicurissimo Engine V1_2026-02-24_03-38 Estr,,SIC-ID-D2CC30605391,,,SICUREZZA,0,PROMO_SETTEMBRE_VIP,ATTIVO
alessandro@studiocuman.it,Backup_sicurissimo Engine V1_2026-02-24_03-38 Estr,,Backup_sicurissimo Engine V1_2026-02-24_03-38 Estr,,SIC-ID-4D44E1110300,,,SICUREZZA,0,PROMO_SETTEMBRE_VIP,ATTIVO
annabella.castelli@tiscali.it,Backup_sicurissimo Engine V1_2026-02-24_03-38 Estr,,Backup_sicurissimo Engine V1_2026-02-24_03-38 Estr,,SIC-ID-FD9E61EC0D76,,,SICUREZZA,0,PROMO_SETTEMBRE_VIP,ATTIVO
alemilani9@libero.it,Backup_sicurissimo Engine V1_2026-02-24_03-38 Estr,,Backup_sicurissimo Engine V1_2026-02-24_03-38 Estr,,SIC-ID-36A5C24936A3,,,SICUREZZA,0,PROMO_SETTEMBRE_VIP,ATTIVO
arch.roberto.pavan@gmail.com,,,Backup_sicurissimo Engine V1_2026-02-24_03-38 Estr,,SIC-ID-8B565D343F63,,,SICUREZZA,0,PROMO_SETTEMBRE_VIP,ATTIVO
arch.nikbarde@outlook.it,,,Backup_sicurissimo Engine V1_2026-02-24_03-38 Estr,,SIC-ID-2848E2D86A18,,,SICUREZZA,0,PROMO_SETTEMBRE_VIP,ATTIVO
anna.fregugia@bancobpm.it,Backup_sicurissimo Engine V1_2026-02-24_03-38 Estr,,Backup_sicurissimo Engine V1_2026-02-24_03-38 Estr,,SIC-ID-BFADBC58D6B2,,,SICUREZZA,0,PROMO_SETTEMBRE_VIP,ATTIVO
alessandro.mingozzi@libero.it,Backup_sicurissimo Engine V1_2026-02-24_03-38 Estr,,Backup_sicurissimo Engine V1_2026-02-24_03-38 Estr,,SIC-ID-767F13A21ADB,,,SICUREZZA,0,PROMO_SETTEMBRE_VIP,ATTIVO
arch.moroncini@gmail.com,,,Backup_sicurissimo Engine V1_2026-02-24_03-38 Estr,,SIC-ID-604AC4CE2567,,,SICUREZZA,0,PROMO_SETTEMBRE_VIP,ATTIVO
arch.matteoferro@hotmail.it,,,Backup_sicurissimo Engine V1_2026-02-24_03-38 Estr,,SIC-ID-D0F54ECE7C60,,,SICUREZZA,0,PROMO_SETTEMBRE_VIP,ATTIVO
alessandra.zampaolo@gmail.com,Backup_sicurissimo Engine V1_2026-02-24_03-38 Estr,,Backup_sicurissimo Engine V1_2026-02-24_03-38 Estr,,SIC-ID-8FA5E9535BC2,,,SICUREZZA,0,PROMO_SETTEMBRE_VIP,ATTIVO
amore.diluna66@gmail.com,Backup_sicurissimo Engine V1_2026-02-24_03-38 Estr,,Backup_sicurissimo Engine V1_2026-02-24_03-38 Estr,,SIC-ID-2804F95D9AFE,,,SICUREZZA,0,PROMO_SETTEMBRE_VIP,ATTIVO
alvin33@libero.it,Backup_sicurissimo Engine V1_2026-02-24_03-38 Estr,,Backup_sicurissimo Engine V1_2026-02-24_03-38 Estr,,SIC-ID-A74765FAEEEF,,,SICUREZZA,0,PROMO_SETTEMBRE_VIP,ATTIVO
aiellorosaria71@gmail.com,Backup_sicurissimo Engine V1_2026-02-24_03-38 Estr,,Backup_sicurissimo Engine V1_2026-02-24_03-38 Estr,,SIC-ID-4A1776AC5D94,,,SICUREZZA,0,PROMO_SETTEMBRE_VIP,ATTIVO
andreaptmail@alice.it,Backup_sicurissimo Engine V1_2026-02-24_03-38 Estr,,Backup_sicurissimo Engine V1_2026-02-24_03-38 Estr,,SIC-ID-D5713C298F31,,,SICUREZZA,0,PROMO_SETTEMBRE_VIP,ATTIVO
ade@studiolaurenti.com,Backup_sicurissimo Engine V1_2026-02-24_03-38 Estr,,Backup_sicurissimo Engine V1_2026-02-24_03-38 Estr,,SIC-ID-766846FAA6D5,,,SICUREZZA,0,PROMO_SETTEMBRE_VIP,ATTIVO
ada.sanarica@alice.it,Backup_sicurissimo Engine V1_2026-02-24_03-38 Estr,,Backup_sicurissimo Engine V1_2026-02-24_03-38 Estr,,SIC-ID-1B5E6AACA73F,,,SICUREZZA,0,PROMO_SETTEMBRE_VIP,ATTIVO
activestudio.formazione@gmail.com,Backup_sicurissimo Engine V1_2026-02-24_03-38 Estr,,Backup_sicurissimo Engine V1_2026-02-24_03-38 Estr,,SIC-ID-3C71B182D1E7,,,SICUREZZA,0,PROMO_SETTEMBRE_VIP,ATTIVO
administration@isfmworldwide.com,Backup_sicurissimo Engine V1_2026-02-24_03-38 Estr,,Backup_sicurissimo Engine V1_2026-02-24_03-38 Estr,,SIC-ID-32A9C961B2B8,,,SICUREZZA,0,PROMO_SETTEMBRE_VIP,ATTIVO
antonino.triscari@cassaragionieri.it,Backup_sicurissimo Engine V1_2026-02-24_03-38 Estr,,Backup_sicurissimo Engine V1_2026-02-24_03-38 Estr,,SIC-ID-16E6BC23A770,,,SICUREZZA,0,PROMO_SETTEMBRE_VIP,ATTIVO
arch.cervini1@gmail.com,,,Backup_sicurissimo Engine V1_2026-02-24_03-38 Estr,,SIC-ID-76EBCBF8DDB1,,,SICUREZZA,0,PROMO_SETTEMBRE_VIP,ATTIVO
antonio@studioferranteaporti.it,Backup_sicurissimo Engine V1_2026-02-24_03-38 Estr,,Backup_sicurissimo Engine V1_2026-02-24_03-38 Estr,,SIC-ID-2AD4A28B3FC2,,,SICUREZZA,0,PROMO_SETTEMBRE_VIP,ATTIVO
assunta.giannattasio@gmail.com,Backup_sicurissimo Engine V1_2026-02-24_03-38 Estr,,Backup_sicurissimo Engine V1_2026-02-24_03-38 Estr,,SIC-ID-3DDBF4F4131F,,,SICUREZZA,0,PROMO_SETTEMBRE_VIP,ATTIVO
atanasiumarius68@gmail.com,Backup_sicurissimo Engine V1_2026-02-24_03-38 Estr,,Backup_sicurissimo Engine V1_2026-02-24_03-38 Estr,,SIC-ID-5ADD0602DCB1,,,SICUREZZA,0,PROMO_SETTEMBRE_VIP,ATTIVO
adessololeggo@gmail.com,Backup_sicurissimo Engine V1_2026-02-24_03-38 Estr,,Backup_sicurissimo Engine V1_2026-02-24_03-38 Estr,,SIC-ID-2B999D8F09F3,,,SICUREZZA,0,PROMO_SETTEMBRE_VIP,ATTIVO
attilioderenzis1984@gmail.com,Backup_sicurissimo Engine V1_2026-02-24_03-38 Estr,,Backup_sicurissimo Engine V1_2026-02-24_03-38 Estr,,SIC-ID-B151C561DDE4,,,SICUREZZA,0,PROMO_SETTEMBRE_VIP,ATTIVO
annalisamormile@hotmail.it,Backup_sicurissimo Engine V1_2026-02-24_03-38 Estr,,Backup_sicurissimo Engine V1_2026-02-24_03-38 Estr,,SIC-ID-7C3629002458,,,SICUREZZA,0,PROMO_SETTEMBRE_VIP,ATTIVO
auricapartene@gmail.com,Backup_sicurissimo Engine V1_2026-02-24_03-38 Estr,,Backup_sicurissimo Engine V1_2026-02-24_03-38 Estr,,SIC-ID-54B3D4CDE5D6,,,SICUREZZA,0,PROMO_SETTEMBRE_VIP,ATTIVO
avianello@asmrovigo.it,Backup_sicurissimo Engine V1_2026-02-24_03-38 Estr,,Backup_sicurissimo Engine V1_2026-02-24_03-38 Estr,,SIC-ID-8B017A87093E,,,SICUREZZA,0,PROMO_SETTEMBRE_VIP,ATTIVO
axenievalentina@yahoo.com,Backup_sicurissimo Engine V1_2026-02-24_03-38 Estr,,Backup_sicurissimo Engine V1_2026-02-24_03-38 Estr,,SIC-ID-498C74B1333F,,,SICUREZZA,0,PROMO_SETTEMBRE_VIP,ATTIVO
azizf0443@gmail.com,Backup_sicurissimo Engine V1_2026-02-24_03-38 Estr,,Backup_sicurissimo Engine V1_2026-02-24_03-38 Estr,,SIC-ID-3F3848C4BD22,,,SICUREZZA,0,PROMO_SETTEMBRE_VIP,ATTIVO
studio@pozzati.net,Backup_sicurissimo Engine V1_2026-02-24_03-38 Estr,,Backup_sicurissimo Engine V1_2026-02-24_03-38 Estr,,SIC-ID-6F671D033793,,,SICUREZZA,0,PROMO_SETTEMBRE_VIP,ATTIVO
support@carid.com,Backup_sicurissimo Engine V1_2026-02-24_03-38 Estr,,Backup_sicurissimo Engine V1_2026-02-24_03-38 Estr,,SIC-ID-099F7B8ADF6B,,,SICUREZZA,0,PROMO_SETTEMBRE_VIP,ATTIVO
support@onean.com,Backup_sicurissimo Engine V1_2026-02-24_03-38 Estr,,Backup_sicurissimo Engine V1_2026-02-24_03-38 Estr,,SIC-ID-A64C6A41E996,,,SICUREZZA,0,PROMO_SETTEMBRE_VIP,ATTIVO
ariannavianello@yahoo.it,Backup_sicurissimo Engine V1_2026-02-24_03-38 Estr,,Backup_sicurissimo Engine V1_2026-02-24_03-38 Estr,,SIC-ID-0983AAEC336F,,,SICUREZZA,0,PROMO_SETTEMBRE_VIP,ATTIVO
august0buccomin0@gmail.com,Backup_sicurissimo Engine V1_2026-02-24_03-38 Estr,,Backup_sicurissimo Engine V1_2026-02-24_03-38 Estr,,SIC-ID-3F8D32F575F2,,,SICUREZZA,0,PROMO_SETTEMBRE_VIP,ATTIVO
andreamigliorini76@gmail.com,Backup_sicurissimo Engine V1_2026-02-24_03-38 Estr,,Backup_sicurissimo Engine V1_2026-02-24_03-38 Estr,,SIC-ID-551FEA6FDD56,,,SICUREZZA,0,PROMO_SETTEMBRE_VIP,ATTIVO
andreadebei@gmail.com,Backup_sicurissimo Engine V1_2026-02-24_03-38 Estr,,Backup_sicurissimo Engine V1_2026-02-24_03-38 Estr,,SIC-ID-966DB8711826,,,SICUREZZA,0,PROMO_SETTEMBRE_VIP,ATTIVO
antonina71@libero.it,Backup_sicurissimo Engine V1_2026-02-24_03-38 Estr,,Backup_sicurissimo Engine V1_2026-02-24_03-38 Estr,,SIC-ID-1B78390EFB4D,,,SICUREZZA,0,PROMO_SETTEMBRE_VIP,ATTIVO
anto.giorgi@email.it,Backup_sicurissimo Engine V1_2026-02-24_03-38 Estr,,Backup_sicurissimo Engine V1_2026-02-24_03-38 Estr,,SIC-ID-EE153BA046D0,,,SICUREZZA,0,PROMO_SETTEMBRE_VIP,ATTIVO
andmaz62@live.it,Backup_sicurissimo Engine V1_2026-02-24_03-38 Estr,,Backup_sicurissimo Engine V1_2026-02-24_03-38 Estr,,SIC-ID-FF49B144DF48,,,SICUREZZA,0,PROMO_SETTEMBRE_VIP,ATTIVO
2_emme_elettronica@libero.it,Backup_sicurissimo Engine V1_2026-02-24_03-38 Estr,,Backup_sicurissimo Engine V1_2026-02-24_03-38 Estr,,SIC-ID-A7936757A938,,,SICUREZZA,0,PROMO_SETTEMBRE_VIP,ATTIVO
aladino.lorin@gmail.com,Backup_sicurissimo Engine V1_2026-02-24_03-38 Estr,,Backup_sicurissimo Engine V1_2026-02-24_03-38 Estr,,SIC-ID-7F2C347B0793,,,SICUREZZA,0,PROMO_SETTEMBRE_VIP,ATTIVO
alaskandelcolle@gmail.com,Backup_sicurissimo Engine V1_2026-02-24_03-38 Estr,,Backup_sicurissimo Engine V1_2026-02-24_03-38 Estr,,SIC-ID-5D7FC08EC60D,,,SICUREZZA,0,PROMO_SETTEMBRE_VIP,ATTIVO
alby.hoover@gmail.com,Backup_sicurissimo Engine V1_2026-02-24_03-38 Estr,,Backup_sicurissimo Engine V1_2026-02-24_03-38 Estr,,SIC-ID-E54B0090115C,,,SICUREZZA,0,PROMO_SETTEMBRE_VIP,ATTIVO
abortolato@libero.it,Backup_sicurissimo Engine V1_2026-02-24_03-38 Estr,,Backup_sicurissimo Engine V1_2026-02-24_03-38 Estr,,SIC-ID-C068C42A7AEB,,,SICUREZZA,0,PROMO_SETTEMBRE_VIP,ATTIVO
acannizzaro455@gmail.com,Backup_sicurissimo Engine V1_2026-02-24_03-38 Estr,,Backup_sicurissimo Engine V1_2026-02-24_03-38 Estr,,SIC-ID-3D76EB35655D,,,SICUREZZA,0,PROMO_SETTEMBRE_VIP,ATTIVO
advice@2sconsulting.eu,Backup_sicurissimo Engine V1_2026-02-24_03-38 Estr,,Backup_sicurissimo Engine V1_2026-02-24_03-38 Estr,,SIC-ID-DC35B25FB283,,,SICUREZZA,0,PROMO_SETTEMBRE_VIP,ATTIVO
acquisti@guardianlavori.it,Backup_sicurissimo Engine V1_2026-02-24_03-38 Estr,,Backup_sicurissimo Engine V1_2026-02-24_03-38 Estr,,SIC-ID-ACFBB5A0C3B8,,,SICUREZZA,0,PROMO_SETTEMBRE_VIP,ATTIVO
antonelladevincenzo@hotmail.it,Backup_sicurissimo Engine V1_2026-02-24_03-38 Estr,,Backup_sicurissimo Engine V1_2026-02-24_03-38 Estr,,SIC-ID-D660211662CC,,,SICUREZZA,0,PROMO_SETTEMBRE_VIP,ATTIVO
agenzia55.capannori@gmail.com,Backup_sicurissimo Engine V1_2026-02-24_03-38 Estr,,Backup_sicurissimo Engine V1_2026-02-24_03-38 Estr,,SIC-ID-FC6D734517FA,,,SICUREZZA,0,PROMO_SETTEMBRE_VIP,ATTIVO
agiovannig@gmail.com,Backup_sicurissimo Engine V1_2026-02-24_03-38 Estr,,Backup_sicurissimo Engine V1_2026-02-24_03-38 Estr,,SIC-ID-0F6F2268F3D8,,,SICUREZZA,0,PROMO_SETTEMBRE_VIP,ATTIVO
adrycavaliere@hotmail.it,Backup_sicurissimo Engine V1_2026-02-24_03-38 Estr,,Backup_sicurissimo Engine V1_2026-02-24_03-38 Estr,,SIC-ID-F4220D8DC2C2,,,SICUREZZA,0,PROMO_SETTEMBRE_VIP,ATTIVO
adrimusicservice@gmail.com,Backup_sicurissimo Engine V1_2026-02-24_03-38 Estr,,Backup_sicurissimo Engine V1_2026-02-24_03-38 Estr,,SIC-ID-D7B9DBCB606D,,,SICUREZZA,0,PROMO_SETTEMBRE_VIP,ATTIVO
antonellaalfonso@hotelsangiuan.it,Backup_sicurissimo Engine V1_2026-02-24_03-38 Estr,,Backup_sicurissimo Engine V1_2026-02-24_03-38 Estr,,SIC-ID-83A7537F862C,,,SICUREZZA,0,PROMO_SETTEMBRE_VIP,ATTIVO
adriatica.srl@virgilio.it,Backup_sicurissimo Engine V1_2026-02-24_03-38 Estr,,Backup_sicurissimo Engine V1_2026-02-24_03-38 Estr,,SIC-ID-035D0FB20711,,,SICUREZZA,0,PROMO_SETTEMBRE_VIP,ATTIVO
andreaemusica@tin.it,Backup_sicurissimo Engine V1_2026-02-24_03-38 Estr,,Backup_sicurissimo Engine V1_2026-02-24_03-38 Estr,,SIC-ID-3AFB68B0C62B,,,SICUREZZA,0,PROMO_SETTEMBRE_VIP,ATTIVO
acavagnini@libero.it,Backup_sicurissimo Engine V1_2026-02-24_03-38 Estr,,Backup_sicurissimo Engine V1_2026-02-24_03-38 Estr,,SIC-ID-A185CC43BDAD,,,SICUREZZA,0,PROMO_SETTEMBRE_VIP,ATTIVO
adria@acstudiolex.it,Backup_sicurissimo Engine V1_2026-02-24_03-38 Estr,,Backup_sicurissimo Engine V1_2026-02-24_03-38 Estr,,SIC-ID-71015D1C45A7,,,SICUREZZA,0,PROMO_SETTEMBRE_VIP,ATTIVO
andreamalacarne82@gmail.com,Backup_sicurissimo Engine V1_2026-02-24_03-38 Estr,,Backup_sicurissimo Engine V1_2026-02-24_03-38 Estr,,SIC-ID-2624B3DEF777,,,SICUREZZA,0,PROMO_SETTEMBRE_VIP,ATTIVO
support@pixartprinting.com,Backup_sicurissimo Engine V1_2026-02-24_03-38 Estr,,Backup_sicurissimo Engine V1_2026-02-24_03-38 Estr,,SIC-ID-152FEFD42E51,,,SICUREZZA,0,PROMO_SETTEMBRE_VIP,ATTIVO
arianna.studioruffato@gmail.com,Backup_sicurissimo Engine V1_2026-02-24_03-38 Estr,,Backup_sicurissimo Engine V1_2026-02-24_03-38 Estr,,SIC-ID-A01D5E8036C3,,,SICUREZZA,0,PROMO_SETTEMBRE_VIP,ATTIVO
aglio82@libero.it,Backup_sicurissimo Engine V1_2026-02-24_03-38 Estr,,Backup_sicurissimo Engine V1_2026-02-24_03-38 Estr,,SIC-ID-E6D3E9B0D354,,,SICUREZZA,0,PROMO_SETTEMBRE_VIP,ATTIVO
alex.melloni@gmail.com,Backup_sicurissimo Engine V1_2026-02-24_03-38 Estr,,Backup_sicurissimo Engine V1_2026-02-24_03-38 Estr,,SIC-ID-F43C747CCA1D,,,SICUREZZA,0,PROMO_SETTEMBRE_VIP,ATTIVO
armandosalerno1984@libero.it,Backup_sicurissimo Engine V1_2026-02-24_03-38 Estr,,Backup_sicurissimo Engine V1_2026-02-24_03-38 Estr,,SIC-ID-BC54E50F13A0,,,SICUREZZA,0,PROMO_SETTEMBRE_VIP,ATTIVO
ashraftiba8@gmail.com,Backup_sicurissimo Engine V1_2026-02-24_03-38 Estr,,Backup_sicurissimo Engine V1_2026-02-24_03-38 Estr,,SIC-ID-B11ED16BB0B1,,,SICUREZZA,0,PROMO_SETTEMBRE_VIP,ATTIVO
annagasparro04@virgilio.it,Backup_sicurissimo Engine V1_2026-02-24_03-38 Estr,,Backup_sicurissimo Engine V1_2026-02-24_03-38 Estr,,SIC-ID-A7BEBCA49E94,,,SICUREZZA,0,PROMO_SETTEMBRE_VIP,ATTIVO
architetto.bosi@gmail.com,Backup_sicurissimo Engine V1_2026-02-24_03-38 Estr,,Backup_sicurissimo Engine V1_2026-02-24_03-38 Estr,,SIC-ID-F4C749643290,,,SICUREZZA,0,PROMO_SETTEMBRE_VIP,ATTIVO
alessiodeluca.designer@gmail.com,Backup_sicurissimo Engine V1_2026-02-24_03-38 Estr,,Backup_sicurissimo Engine V1_2026-02-24_03-38 Estr,,SIC-ID-247E088D808B,,,SICUREZZA,0,PROMO_SETTEMBRE_VIP,ATTIVO
alemiaz@live.it,Backup_sicurissimo Engine V1_2026-02-24_03-38 Estr,,Backup_sicurissimo Engine V1_2026-02-24_03-38 Estr,,SIC-ID-C30F28B104B0,,,SICUREZZA,0,PROMO_SETTEMBRE_VIP,ATTIVO
alejandrosaorin@gmail.com,Backup_sicurissimo Engine V1_2026-02-24_03-38 Estr,,Backup_sicurissimo Engine V1_2026-02-24_03-38 Estr,,SIC-ID-7E2364E91E0A,,,SICUREZZA,0,PROMO_SETTEMBRE_VIP,ATTIVO
anna.campion@live.it,Backup_sicurissimo Engine V1_2026-02-24_03-38 Estr,,Backup_sicurissimo Engine V1_2026-02-24_03-38 Estr,,SIC-ID-FFCE3570CDDA,,,SICUREZZA,0,PROMO_SETTEMBRE_VIP,ATTIVO
angy.ake@gmail.com,Backup_sicurissimo Engine V1_2026-02-24_03-38 Estr,,Backup_sicurissimo Engine V1_2026-02-24_03-38 Estr,,SIC-ID-2C7A58664660,,,SICUREZZA,0,PROMO_SETTEMBRE_VIP,ATTIVO
ali.homayoni93@gmail.com,Backup_sicurissimo Engine V1_2026-02-24_03-38 Estr,,Backup_sicurissimo Engine V1_2026-02-24_03-38 Estr,,SIC-ID-EE4FD05CFB14,,,SICUREZZA,0,PROMO_SETTEMBRE_VIP,ATTIVO
arch.cappato@libero.it,,,Backup_sicurissimo Engine V1_2026-02-24_03-38 Estr,,SIC-ID-63D7F35FC9C3,,,SICUREZZA,0,PROMO_SETTEMBRE_VIP,ATTIVO
andreavettore@alice.it,Backup_sicurissimo Engine V1_2026-02-24_03-38 Estr,,Backup_sicurissimo Engine V1_2026-02-24_03-38 Estr,,SIC-ID-627977045161,,,SICUREZZA,0,PROMO_SETTEMBRE_VIP,ATTIVO
arch.augusti@studioarchitetturaleonardo.it,,,Backup_sicurissimo Engine V1_2026-02-24_03-38 Estr,,SIC-ID-8CD92BD55537,,,SICUREZZA,0,PROMO_SETTEMBRE_VIP,ATTIVO
aleing29@libero.it,Backup_sicurissimo Engine V1_2026-02-24_03-38 Estr,,Backup_sicurissimo Engine V1_2026-02-24_03-38 Estr,,SIC-ID-3AEBADFBBDF5,,,SICUREZZA,0,PROMO_SETTEMBRE_VIP,ATTIVO
arch.crepaldi@ambiterr.it,,,Backup_sicurissimo Engine V1_2026-02-24_03-38 Estr,,SIC-ID-3B5C14E5A553,,,SICUREZZA,0,PROMO_SETTEMBRE_VIP,ATTIVO
ale.pre81@gmail.com,Backup_sicurissimo Engine V1_2026-02-24_03-38 Estr,,Backup_sicurissimo Engine V1_2026-02-24_03-38 Estr,,SIC-ID-12464D7B10F7,,,SICUREZZA,0,PROMO_SETTEMBRE_VIP,ATTIVO
ale.calca@yahoo.it,Backup_sicurissimo Engine V1_2026-02-24_03-38 Estr,,Backup_sicurissimo Engine V1_2026-02-24_03-38 Estr,,SIC-ID-6BEA586B2AC9,,,SICUREZZA,0,PROMO_SETTEMBRE_VIP,ATTIVO
aldomassimo65@gmail.com,Backup_sicurissimo Engine V1_2026-02-24_03-38 Estr,,Backup_sicurissimo Engine V1_2026-02-24_03-38 Estr,,SIC-ID-7BF7861CF74B,,,SICUREZZA,0,PROMO_SETTEMBRE_VIP,ATTIVO
apveneziano@libero.it,Backup_sicurissimo Engine V1_2026-02-24_03-38 Estr,,Backup_sicurissimo Engine V1_2026-02-24_03-38 Estr,,SIC-ID-0E5A83FD919D,,,SICUREZZA,0,PROMO_SETTEMBRE_VIP,ATTIVO
anzolettimichele@gmail.com,Backup_sicurissimo Engine V1_2026-02-24_03-38 Estr,,Backup_sicurissimo Engine V1_2026-02-24_03-38 Estr,,SIC-ID-EC9E87317F2F,,,SICUREZZA,0,PROMO_SETTEMBRE_VIP,ATTIVO
arco_studio@tin.it,Backup_sicurissimo Engine V1_2026-02-24_03-38 Estr,,Backup_sicurissimo Engine V1_2026-02-24_03-38 Estr,,SIC-ID-34B57B27241B,,,SICUREZZA,0,PROMO_SETTEMBRE_VIP,ATTIVO
armigliato.andrea@libero.it,Backup_sicurissimo Engine V1_2026-02-24_03-38 Estr,,Backup_sicurissimo Engine V1_2026-02-24_03-38 Estr,,SIC-ID-B75E2DE8349D,,,SICUREZZA,0,PROMO_SETTEMBRE_VIP,ATTIVO
aromasrl@virgilio.it,Backup_sicurissimo Engine V1_2026-02-24_03-38 Estr,,Backup_sicurissimo Engine V1_2026-02-24_03-38 Estr,,SIC-ID-43337CC5CA82,,,SICUREZZA,0,PROMO_SETTEMBRE_VIP,ATTIVO
antwiisaac444@gmail.com,Backup_sicurissimo Engine V1_2026-02-24_03-38 Estr,,Backup_sicurissimo Engine V1_2026-02-24_03-38 Estr,,SIC-ID-5D2FEF2F3D96,,,SICUREZZA,0,PROMO_SETTEMBRE_VIP,ATTIVO
assistenza@sambin.com,Backup_sicurissimo Engine V1_2026-02-24_03-38 Estr,,Backup_sicurissimo Engine V1_2026-02-24_03-38 Estr,,SIC-ID-5FA4064D9CFB,,,SICUREZZA,0,PROMO_SETTEMBRE_VIP,ATTIVO
archvaleriogibin@libero.it,Backup_sicurissimo Engine V1_2026-02-24_03-38 Estr,,Backup_sicurissimo Engine V1_2026-02-24_03-38 Estr,,SIC-ID-3BA63135ABB9,,,SICUREZZA,0,PROMO_SETTEMBRE_VIP,ATTIVO
architettocalzavara@libero.it,Backup_sicurissimo Engine V1_2026-02-24_03-38 Estr,,Backup_sicurissimo Engine V1_2026-02-24_03-38 Estr,,SIC-ID-316C22B0E2EB,,,SICUREZZA,0,PROMO_SETTEMBRE_VIP,ATTIVO
allamyassin8@gmail.com,Backup_sicurissimo Engine V1_2026-02-24_03-38 Estr,,Backup_sicurissimo Engine V1_2026-02-24_03-38 Estr,,SIC-ID-ABB558DA6DC3,,,SICUREZZA,0,PROMO_SETTEMBRE_VIP,ATTIVO
assocfidi@libero.it,Backup_sicurissimo Engine V1_2026-02-24_03-38 Estr,,Backup_sicurissimo Engine V1_2026-02-24_03-38 Estr,,SIC-ID-BCBCD07BEEBF,,,SICUREZZA,0,PROMO_SETTEMBRE_VIP,ATTIVO
assistenza@sogert.it,Backup_sicurissimo Engine V1_2026-02-24_03-38 Estr,,Backup_sicurissimo Engine V1_2026-02-24_03-38 Estr,,SIC-ID-9FC32B214C53,,,SICUREZZA,0,PROMO_SETTEMBRE_VIP,ATTIVO
annasucato@gmail.com,Backup_sicurissimo Engine V1_2026-02-24_03-38 Estr,,Backup_sicurissimo Engine V1_2026-02-24_03-38 Estr,,SIC-ID-E10AF67639D2,,,SICUREZZA,0,PROMO_SETTEMBRE_VIP,ATTIVO
arseniorapeggia@libero.it,Backup_sicurissimo Engine V1_2026-02-24_03-38 Estr,,Backup_sicurissimo Engine V1_2026-02-24_03-38 Estr,,SIC-ID-5B804786F10C,,,SICUREZZA,0,PROMO_SETTEMBRE_VIP,ATTIVO
artigianato@ccsa-castelfranco.191.it,Backup_sicurissimo Engine V1_2026-02-24_03-38 Estr,,Backup_sicurissimo Engine V1_2026-02-24_03-38 Estr,,SIC-ID-CE27AEB3B2DF,,,SICUREZZA,0,PROMO_SETTEMBRE_VIP,ATTIVO
artimpianti.snc@libero.it,Backup_sicurissimo Engine V1_2026-02-24_03-38 Estr,,Backup_sicurissimo Engine V1_2026-02-24_03-38 Estr,,SIC-ID-B82163827ACF,,,SICUREZZA,0,PROMO_SETTEMBRE_VIP,ATTIVO
artisti.leonardo@studipozzato.it,Backup_sicurissimo Engine V1_2026-02-24_03-38 Estr,,Backup_sicurissimo Engine V1_2026-02-24_03-38 Estr,,SIC-ID-38144350202E,,,SICUREZZA,0,PROMO_SETTEMBRE_VIP,ATTIVO
armando.71cotugno@gmail.com,Backup_sicurissimo Engine V1_2026-02-24_03-38 Estr,,Backup_sicurissimo Engine V1_2026-02-24_03-38 Estr,,SIC-ID-9367B9FBAD1A,,,SICUREZZA,0,PROMO_SETTEMBRE_VIP,ATTIVO
alexthebig@hotmail.com,Backup_sicurissimo Engine V1_2026-02-24_03-38 Estr,,Backup_sicurissimo Engine V1_2026-02-24_03-38 Estr,,SIC-ID-53DE7FEA299A,,,SICUREZZA,0,PROMO_SETTEMBRE_VIP,ATTIVO
artur.karenych1995@gmail.com,Backup_sicurissimo Engine V1_2026-02-24_03-38 Estr,,Backup_sicurissimo Engine V1_2026-02-24_03-38 Estr,,SIC-ID-76BE93430E8C,,,SICUREZZA,0,PROMO_SETTEMBRE_VIP,ATTIVO
ascanioferrara1@virgilio.it,Backup_sicurissimo Engine V1_2026-02-24_03-38 Estr,,Backup_sicurissimo Engine V1_2026-02-24_03-38 Estr,,SIC-ID-DF2A733A9437,,,SICUREZZA,0,PROMO_SETTEMBRE_VIP,ATTIVO
asd.marlinone@libero.it,Backup_sicurissimo Engine V1_2026-02-24_03-38 Estr,,Backup_sicurissimo Engine V1_2026-02-24_03-38 Estr,,SIC-ID-CC172E83C152,,,SICUREZZA,0,PROMO_SETTEMBRE_VIP,ATTIVO
architetto.dargenio@gmail.com,Backup_sicurissimo Engine V1_2026-02-24_03-38 Estr,,Backup_sicurissimo Engine V1_2026-02-24_03-38 Estr,,SIC-ID-4618AA448215,,,SICUREZZA,0,PROMO_SETTEMBRE_VIP,ATTIVO
artlegno.giurgi@yahoo.it,Backup_sicurissimo Engine V1_2026-02-24_03-38 Estr,,Backup_sicurissimo Engine V1_2026-02-24_03-38 Estr,,SIC-ID-5E33D53D5A08,,,SICUREZZA,0,PROMO_SETTEMBRE_VIP,ATTIVO
antaro1964@libero.it,Backup_sicurissimo Engine V1_2026-02-24_03-38 Estr,,Backup_sicurissimo Engine V1_2026-02-24_03-38 Estr,,SIC-ID-789A6CF987D1,,,SICUREZZA,0,PROMO_SETTEMBRE_VIP,ATTIVO
assisten.studiobanin@libero.it,Backup_sicurissimo Engine V1_2026-02-24_03-38 Estr,,Backup_sicurissimo Engine V1_2026-02-24_03-38 Estr,,SIC-ID-E8ED3774669E,,,SICUREZZA,0,PROMO_SETTEMBRE_VIP,ATTIVO
assistenza@acca.it,Backup_sicurissimo Engine V1_2026-02-24_03-38 Estr,,Backup_sicurissimo Engine V1_2026-02-24_03-38 Estr,,SIC-ID-DEE4E5D8DC2F,,,SICUREZZA,0,PROMO_SETTEMBRE_VIP,ATTIVO
assistenza@alfiobardolla.com,Backup_sicurissimo Engine V1_2026-02-24_03-38 Estr,,Backup_sicurissimo Engine V1_2026-02-24_03-38 Estr,,SIC-ID-40B5B3909AB5,,,SICUREZZA,0,PROMO_SETTEMBRE_VIP,ATTIVO
assistenza@prontopro.it,Backup_sicurissimo Engine V1_2026-02-24_03-38 Estr,,Backup_sicurissimo Engine V1_2026-02-24_03-38 Estr,,SIC-ID-0D738561BB10,,,SICUREZZA,0,PROMO_SETTEMBRE_VIP,ATTIVO
camasrl@gmail.com,Casellato Francesco Rosolina,,Casellato Francesco Rosolina,+390426664937,SIC-ID-9BC50430E0A7,,,SICUREZZA,0,PROMO_SETTEMBRE_VIP,ATTIVO
commerciale@transistor.it,Commerciale,,Commerciale,,SIC-ID-1C65C27B94CE,,,SICUREZZA,0,PROMO_SETTEMBRE_VIP,ATTIVO
commerciale@sviluppoita.it,Commerciale,,Commerciale,,SIC-ID-53878414E779,,,SICUREZZA,0,PROMO_SETTEMBRE_VIP,ATTIVO
commerciale@benazzo.com,Commerciale,,Commerciale,,SIC-ID-03AC55647323,,,SICUREZZA,0,PROMO_SETTEMBRE_VIP,ATTIVO
info@crifill.it,Crifill Srl,,Crifill Srl,+390498839539,SIC-ID-2F400C366C3C,,,SICUREZZA,0,PROMO_SETTEMBRE_VIP,ATTIVO
davidmanzoli@gmail.com,Davidmanzoli,,Davidmanzoli,,SIC-ID-FF5ADE1C6E0B,,,SICUREZZA,0,PROMO_SETTEMBRE_VIP,ATTIVO
dileocostruzionisrl@tiscali.it,Di Leo Costruzioni S.r.l.,,Di Leo Costruzioni S.r.l.,,SIC-ID-33D0E40A8604,,,SICUREZZA,0,PROMO_SETTEMBRE_VIP,ATTIVO
direzione@hotelexpoverona.it,Direzione,,Direzione,,SIC-ID-1B47FB6CFA19,,,SICUREZZA,0,PROMO_SETTEMBRE_VIP,ATTIVO
direzione@giclasolar.com,Direzione,,Direzione,,SIC-ID-0456BAEDCB42,,,SICUREZZA,0,PROMO_SETTEMBRE_VIP,ATTIVO
direzione@centroimpresa.biz,Direzione,,Direzione,,SIC-ID-BF6BC46B236A,,,SICUREZZA,0,PROMO_SETTEMBRE_VIP,ATTIVO
duo.devid@gmail.com,Duo Engine V1_2026-02-24_03-38 Estr,,Duo Engine V1_2026-02-24_03-38 Estr,,SIC-ID-8E928D2EB172,,,SICUREZZA,0,PROMO_SETTEMBRE_VIP,ATTIVO
info@michelangelost.com,Enrico Bortolami,,Enrico Bortolami,+393477910017,SIC-ID-9160C03EC92F,,,SICUREZZA,0,PROMO_SETTEMBRE_VIP,ATTIVO
operationmanager@solo.sh,Francesco Arnone Pos,,Francesco Arnone Pos,+393480866502,SIC-ID-E28806025670,,,SICUREZZA,0,PROMO_SETTEMBRE_VIP,ATTIVO
guolo.patrick@gmail.com,Guolo Patrick,,Guolo Patrick,,SIC-ID-3429C1395EE7,,,SICUREZZA,0,PROMO_SETTEMBRE_VIP,ATTIVO
info@masierogiovanni.it,Impresa Edile Masiero S.r.l.,,Impresa Edile Masiero S.r.l.,+390498626166,SIC-ID-33259EEB10AE,,,SICUREZZA,0,PROMO_SETTEMBRE_VIP,ATTIVO
alex@gmail.com,Impresa Edile Milazzo Del Geom. Alex Milazzo,,Impresa Edile Milazzo Del Geom. Alex Milazzo,+393485114815,SIC-ID-EE79120ED6B3,,,SICUREZZA,0,PROMO_SETTEMBRE_VIP,ATTIVO
italy@lyconet.it,Italy,,Italy,,SIC-ID-7EC6DC4F59A2,,,SICUREZZA,0,PROMO_SETTEMBRE_VIP,ATTIVO
j.uriarte@aquilasurf.com,Jon Uriarte,,Jon Uriarte,34634555778,SIC-ID-FBAFE14154EC,,,SICUREZZA,0,PROMO_SETTEMBRE_VIP,ATTIVO
j.uriarte@onean.com,Jon Uriarte,,Jon Uriarte,34634555778,SIC-ID-5BEC1249F6B2,,,SICUREZZA,0,PROMO_SETTEMBRE_VIP,ATTIVO
luca@izzi.it,Luca,,Luca,,SIC-ID-29A8F73B91D4,,,SICUREZZA,0,PROMO_SETTEMBRE_VIP,ATTIVO
luca.santinpilu@gmail.com,Luca,,Luca,,SIC-ID-6AA78F72455F,,,SICUREZZA,0,PROMO_SETTEMBRE_VIP,ATTIVO
chiodiluca@libero.it,Luca,,Luca,,SIC-ID-083B9EE8F7D5,,,SICUREZZA,0,PROMO_SETTEMBRE_VIP,ATTIVO
caporaliluigi@gmail.com,Luigi,,Luigi,,SIC-ID-1EF0F9003481,,,SICUREZZA,0,PROMO_SETTEMBRE_VIP,ATTIVO
marangon.denis@alice.it,Marangon Denis,,Marangon Denis,,SIC-ID-18A70C244F56,,,SICUREZZA,0,PROMO_SETTEMBRE_VIP,ATTIVO
marilisascafati@gmail.com,Marilisascafati,,Marilisascafati,,SIC-ID-B532EC9376D3,,,SICUREZZA,0,PROMO_SETTEMBRE_VIP,ATTIVO
info@antonellosport.com,Nautica Antonello,,Nautica Antonello,+390423720355,SIC-ID-A893774EB39E,,,SICUREZZA,0,PROMO_SETTEMBRE_VIP,ATTIVO
ghelli.m@gmail.com,Nome Cognome Email Telefono Id Cliente Backup_sicu,,Nome Cognome Email Telefono Id Cliente Backup_sicu,,SIC-ID-0A26BFFE6736,,,SICUREZZA,0,PROMO_SETTEMBRE_VIP,ATTIVO
eddittica@tin.it,Nome Cognome Email Telefono Id Cliente Backup_sicu,,Nome Cognome Email Telefono Id Cliente Backup_sicu,,SIC-ID-B969C6EE0A89,,,SICUREZZA,0,PROMO_SETTEMBRE_VIP,ATTIVO
noemi.rita@venditoreadistanza.com,Nome Cognome Email Telefono Id Cliente Backup_sicu,,Nome Cognome Email Telefono Id Cliente Backup_sicu,,SIC-ID-2C053137523C,,,SICUREZZA,0,PROMO_SETTEMBRE_VIP,ATTIVO
mari.asaro62@gmail.com,Nome Cognome Email Telefono Id Cliente Backup_sicu,,Nome Cognome Email Telefono Id Cliente Backup_sicu,,SIC-ID-809687D2DA00,,,SICUREZZA,0,PROMO_SETTEMBRE_VIP,ATTIVO
michi.lazza@gmail.com,Nome Cognome Email Telefono Id Cliente Backup_sicu,,Nome Cognome Email Telefono Id Cliente Backup_sicu,,SIC-ID-8A5E162124C1,,,SICUREZZA,0,PROMO_SETTEMBRE_VIP,ATTIVO
alboino16@gmail.com,Nome Cognome Email Telefono Id Cliente Backup_sicu,,Nome Cognome Email Telefono Id Cliente Backup_sicu,,SIC-ID-353C6EF0E081,,,SICUREZZA,0,PROMO_SETTEMBRE_VIP,ATTIVO
agrytek@libero.it,Nome Cognome Email Telefono Id Cliente Backup_sicu,,Nome Cognome Email Telefono Id Cliente Backup_sicu,,SIC-ID-496E297908A5,,,SICUREZZA,0,PROMO_SETTEMBRE_VIP,ATTIVO
bitbuilding.online@gmail.com,Nome Cognome Email Telefono Id Cliente Backup_sicu,,Nome Cognome Email Telefono Id Cliente Backup_sicu,,SIC-ID-4CE4F59CC825,,,SICUREZZA,0,PROMO_SETTEMBRE_VIP,ATTIVO
bobisse@libero.it,Nome Cognome Email Telefono Id Cliente Backup_sicu,,Nome Cognome Email Telefono Id Cliente Backup_sicu,,SIC-ID-0D0AC735CDED,,,SICUREZZA,0,PROMO_SETTEMBRE_VIP,ATTIVO
gestione.partecipazioni@ivgspa.it,Nome Cognome Email Telefono Id Cliente Backup_sicu,,Nome Cognome Email Telefono Id Cliente Backup_sicu,,SIC-ID-4B581CADF786,,,SICUREZZA,0,PROMO_SETTEMBRE_VIP,ATTIVO
crivellari.f40@libero.it,Nome Cognome Email Telefono Id Cliente Backup_sicu,,Nome Cognome Email Telefono Id Cliente Backup_sicu,,SIC-ID-162DD35DEED3,,,SICUREZZA,0,PROMO_SETTEMBRE_VIP,ATTIVO
dario.renesto@libero.it,Nome Cognome Email Telefono Id Cliente Backup_sicu,,Nome Cognome Email Telefono Id Cliente Backup_sicu,,SIC-ID-F76B66D97D54,,,SICUREZZA,0,PROMO_SETTEMBRE_VIP,ATTIVO
marchesinigpaolo@libero.it,Paolo,,Paolo,,SIC-ID-E3DF3E324E61,,,SICUREZZA,0,PROMO_SETTEMBRE_VIP,ATTIVO
arvedapaolo@fe2000.it,Paolo,,Paolo,,SIC-ID-532C4D603225,,,SICUREZZA,0,PROMO_SETTEMBRE_VIP,ATTIVO
bernardipaolo@iisciprianicolombo.edu.it,Paolo,,Paolo,,SIC-ID-3EA1DE4C6F7E,,,SICUREZZA,0,PROMO_SETTEMBRE_VIP,ATTIVO
info@luxia.it,Poli Silvia,,Poli Silvia,+393356650323,SIC-ID-56AD1C37714F,,,SICUREZZA,0,PROMO_SETTEMBRE_VIP,ATTIVO
portoviro@gabetti.it,Portoviro,,Portoviro,,SIC-ID-CE33570AC997,,,SICUREZZA,0,PROMO_SETTEMBRE_VIP,ATTIVO
portoviro@sogert.it,Portoviro,,Portoviro,,SIC-ID-4F1E9CADBA57,,,SICUREZZA,0,PROMO_SETTEMBRE_VIP,ATTIVO
posta@evelinzubin.com,Posta,,Posta,,SIC-ID-38ACCAE0A2DE,,,SICUREZZA,0,PROMO_SETTEMBRE_VIP,ATTIVO
presidente@oasiservizi.com,Presidente,,Presidente,,SIC-ID-FD100AEF824F,,,SICUREZZA,0,PROMO_SETTEMBRE_VIP,ATTIVO
presidente@soccorsopero.it,Presidente,,Presidente,,SIC-ID-EACB2F96669F,,,SICUREZZA,0,PROMO_SETTEMBRE_VIP,ATTIVO
segreteria100m@gmail.com,Ready Room Srl,,Ready Room Srl,,SIC-ID-28E531CAA56F,,,SICUREZZA,0,PROMO_SETTEMBRE_VIP,ATTIVO
rovigo@indalo.it,Rovigo,,Rovigo,,SIC-ID-4EF149E16C8E,,,SICUREZZA,0,PROMO_SETTEMBRE_VIP,ATTIVO
hello@smndesign.net,"Smn Design | Interior Design & Brand Identity | Progettazione Boutique, Ristoranti, Bar, Hotel & Uffici",,"Smn Design | Interior Design & Brand Identity | Progettazione Boutique, Ristoranti, Bar, Hotel & Uffici",,SIC-ID-2B44F0E201D6,,,SICUREZZA,0,PROMO_SETTEMBRE_VIP,ATTIVO
idea@labotecnic.com,Sara Bellan,,Sara Bellan,+393408520549,SIC-ID-1E9F3403F64C,,,SICUREZZA,0,PROMO_SETTEMBRE_VIP,ATTIVO
sarotto@sarotto.it,Sarotto Group,,Sarotto Group,,SIC-ID-FE6C0E8BA4E4,,,SICUREZZA,0,PROMO_SETTEMBRE_VIP,ATTIVO
segreteria@ateneoimpresa.it,Segreteria,,Segreteria,,SIC-ID-197498D311A1,,,SICUREZZA,0,PROMO_SETTEMBRE_VIP,ATTIVO
sicurezza@tecnocrane.it,Sicurezza,,Sicurezza,,SIC-ID-3B05115BFF0F,,,SICUREZZA,0,PROMO_SETTEMBRE_VIP,ATTIVO
sinistri@lienar.it,Sinistri,,Sinistri,,SIC-ID-2D2265DA2F49,,,SICUREZZA,0,PROMO_SETTEMBRE_VIP,ATTIVO
studio@brvarchitetti.it,Studio,,Studio,,SIC-ID-810D6C42A5A8,,,SICUREZZA,0,PROMO_SETTEMBRE_VIP,ATTIVO
info@touchwindow.it,Touchwindows Touchwindows,,Touchwindows Touchwindows,,SIC-ID-D6E179638D88,,,SICUREZZA,0,PROMO_SETTEMBRE_VIP,ATTIVO
amministrazione@touchwindow.it,Touchwindows Touchwindows,,Touchwindows Touchwindows,,SIC-ID-5270283961E6,,,SICUREZZA,0,PROMO_SETTEMBRE_VIP,ATTIVO
info@fattoriedeldelta.it,Valentina,,Valentina,,SIC-ID-9A51F623043D,,,SICUREZZA,0,PROMO_SETTEMBRE_VIP,ATTIVO
info@etonghouses.com,Capsule Houses,,Capsule Houses,,SIC-ID-1C7D5DFB88B5,,,SICUREZZA,0,PROMO_SETTEMBRE_VIP,ATTIVO
.tommaso@gmail.com,Impresa Edile Bologna Pinto Tommaso,,Impresa Edile Bologna Pinto Tommaso,+39337861230,SIC-ID-CD868D86A1F8,,,SICUREZZA,0,PROMO_SETTEMBRE_VIP,ATTIVO
info@pipitonealberto.it,(da Completare),,(da Completare),+393286529828,SIC-ID-41E99BEAC909,,,SICUREZZA,0,L1_FREDDI_RIPERMISSIONING,ATTIVO
amministrazione.glenda@studipozzato.it,(da Completare),,(da Completare),,SIC-ID-9266CF339825,,,SICUREZZA,0,L1_FREDDI_RIPERMISSIONING,ATTIVO
amministrazione@baccaroshoes.it,(da Completare),,(da Completare),,SIC-ID-E55F5ABB3633,,,SICUREZZA,0,L1_FREDDI_RIPERMISSIONING,ATTIVO
amministrazione@costruzionidegiuli.it,(da Completare),,(da Completare),,SIC-ID-EC2866016CF3,,,SICUREZZA,0,L1_FREDDI_RIPERMISSIONING,ATTIVO
amministrazione@elettrofor.it,(da Completare),,(da Completare),,SIC-ID-347A6B2ABA23,,,SICUREZZA,0,L1_FREDDI_RIPERMISSIONING,ATTIVO
amministrazione@macmanagement.it,(da Completare),,(da Completare),,SIC-ID-D47087A132B9,,,SICUREZZA,0,L1_FREDDI_RIPERMISSIONING,ATTIVO
amministrazione@nuovatipografia.it,(da Completare),,(da Completare),,SIC-ID-AE541918A5E3,,,SICUREZZA,0,L1_FREDDI_RIPERMISSIONING,ATTIVO
amministrazione@padovaclima.it,(da Completare),,(da Completare),,SIC-ID-894B49A539D8,,,SICUREZZA,0,L1_FREDDI_RIPERMISSIONING,ATTIVO
amministrazione@studioaeditecne.it,(da Completare),,(da Completare),,SIC-ID-3A6384CBBCC4,,,SICUREZZA,0,L1_FREDDI_RIPERMISSIONING,ATTIVO
amministrazione@synthesis-srl.com,(da Completare),,(da Completare),,SIC-ID-44CE6B95C485,,,SICUREZZA,0,L1_FREDDI_RIPERMISSIONING,ATTIVO
amministrazione@zeta2000.it,(da Completare),,(da Completare),,SIC-ID-33B876226241,,,SICUREZZA,0,L1_FREDDI_RIPERMISSIONING,ATTIVO
contabilita@reef.it,(da Completare),,(da Completare),,SIC-ID-827C3B224E0D,,,SICUREZZA,0,L1_FREDDI_RIPERMISSIONING,ATTIVO
e.crepaldi@alpinaimmobiliare.it,(da Completare),,(da Completare),,SIC-ID-18CCC0FF0EDA,,,SICUREZZA,0,L1_FREDDI_RIPERMISSIONING,ATTIVO
e.romeo@calcestruzzi.it,(da Completare),,(da Completare),,SIC-ID-BEC760F20307,,,SICUREZZA,0,L1_FREDDI_RIPERMISSIONING,ATTIVO
f.scarabel@iesbiogas.it,(da Completare),,(da Completare),,SIC-ID-D6FB7BDCD769,,,SICUREZZA,0,L1_FREDDI_RIPERMISSIONING,ATTIVO
f.segato@ste-energy.com,(da Completare),,(da Completare),,SIC-ID-2FFB366F330C,,,SICUREZZA,0,L1_FREDDI_RIPERMISSIONING,ATTIVO
f.zanatta@calcestruzzi.it,(da Completare),,(da Completare),,SIC-ID-89F8C8774753,,,SICUREZZA,0,L1_FREDDI_RIPERMISSIONING,ATTIVO
info.biemme@libero.it,(da Completare),,(da Completare),,SIC-ID-580A843AEDDE,,,SICUREZZA,0,L1_FREDDI_RIPERMISSIONING,ATTIVO
info.emanuele.manzetti@gmail.com,(da Completare),,(da Completare),,SIC-ID-1859B94DF392,,,SICUREZZA,0,L1_FREDDI_RIPERMISSIONING,ATTIVO
info.lis.srl@gmail.com,(da Completare),,(da Completare),,SIC-ID-0D9AA55C95D7,,,SICUREZZA,0,L1_FREDDI_RIPERMISSIONING,ATTIVO
info.lucedesign@gmail.com,(da Completare),,(da Completare),,SIC-ID-1272AF224F0D,,,SICUREZZA,0,L1_FREDDI_RIPERMISSIONING,ATTIVO
info.paolobaglioni@gmail.com,(da Completare),,(da Completare),,SIC-ID-E9113F073257,,,SICUREZZA,0,L1_FREDDI_RIPERMISSIONING,ATTIVO
info.recordsrl@gmail.com,(da Completare),,(da Completare),,SIC-ID-77486E9374E6,,,SICUREZZA,0,L1_FREDDI_RIPERMISSIONING,ATTIVO
info.sergiobevilacqua@gmail.com,(da Completare),,(da Completare),,SIC-ID-FDDB2CF28931,,,SICUREZZA,0,L1_FREDDI_RIPERMISSIONING,ATTIVO
info.studiobanin@libero.it,(da Completare),,(da Completare),,SIC-ID-9DE46DA3E985,,,SICUREZZA,0,L1_FREDDI_RIPERMISSIONING,ATTIVO
info@a08.it,(da Completare),,(da Completare),,SIC-ID-A2B8A9A88910,,,SICUREZZA,0,L1_FREDDI_RIPERMISSIONING,ATTIVO
info@adriaticaimmobiliare.eu,(da Completare),,(da Completare),,SIC-ID-B34838F01F29,,,SICUREZZA,0,L1_FREDDI_RIPERMISSIONING,ATTIVO
info@agentidoma.it,(da Completare),,(da Completare),,SIC-ID-AA81E144B18B,,,SICUREZZA,0,L1_FREDDI_RIPERMISSIONING,ATTIVO
info@agenziaorizzonti.it,(da Completare),,(da Completare),,SIC-ID-7EF96AB6FC7C,,,SICUREZZA,0,L1_FREDDI_RIPERMISSIONING,ATTIVO
info@agriturismoilleccio.it,,,,,SIC-ID-2F7C057EFE34,,,SICUREZZA,0,L1_FREDDI_RIPERMISSIONING,ATTIVO
info@aifos.it,(da Completare),,(da Completare),,SIC-ID-D478F8808776,,,SICUREZZA,0,L1_FREDDI_RIPERMISSIONING,ATTIVO
info@aistardigital.it,(da Completare),,(da Completare),,SIC-ID-F70116ED9D7C,,,SICUREZZA,0,L1_FREDDI_RIPERMISSIONING,ATTIVO
info@allesfisch.it,(da Completare),,(da Completare),,SIC-ID-95D3F80C7C7B,,,SICUREZZA,0,L1_FREDDI_RIPERMISSIONING,ATTIVO
info@alpenboys.it,(da Completare),,(da Completare),,SIC-ID-EF768534274D,,,SICUREZZA,0,L1_FREDDI_RIPERMISSIONING,ATTIVO
info@altoadriatiko.it,(da Completare),,(da Completare),,SIC-ID-92A2184E58FE,,,SICUREZZA,0,L1_FREDDI_RIPERMISSIONING,ATTIVO
info@angeloruggeri.it,(da Completare),,(da Completare),,SIC-ID-FDE0F616A840,,,SICUREZZA,0,L1_FREDDI_RIPERMISSIONING,ATTIVO
info@aqua-consult.it,(da Completare),,(da Completare),,SIC-ID-FEC2F97CECBC,,,SICUREZZA,0,L1_FREDDI_RIPERMISSIONING,ATTIVO
info@arcleonardo.com,(da Completare),,(da Completare),,SIC-ID-0B9A509DC751,,,SICUREZZA,0,L1_FREDDI_RIPERMISSIONING,ATTIVO
info@artigianatopadovano.it,(da Completare),,(da Completare),,SIC-ID-5B71034310F8,,,SICUREZZA,0,L1_FREDDI_RIPERMISSIONING,ATTIVO
info@assistedil.it,(da Completare),,(da Completare),,SIC-ID-99B7C6AB6114,,,SICUREZZA,0,L1_FREDDI_RIPERMISSIONING,ATTIVO
info@begossistudio.com,(da Completare),,(da Completare),,SIC-ID-2EB4C06C78E7,,,SICUREZZA,0,L1_FREDDI_RIPERMISSIONING,ATTIVO
info@beltramebevande.it,(da Completare),,(da Completare),,SIC-ID-DA0E33723C56,,,SICUREZZA,0,L1_FREDDI_RIPERMISSIONING,ATTIVO
info@blue-tomato.com,(da Completare),,(da Completare),,SIC-ID-590F9AB3248E,,,SICUREZZA,0,L1_FREDDI_RIPERMISSIONING,ATTIVO
info@bountyrimini.it,(da Completare),,(da Completare),,SIC-ID-E27697E3C7A9,,,SICUREZZA,0,L1_FREDDI_RIPERMISSIONING,ATTIVO
info@braviassociati.com,(da Completare),,(da Completare),,SIC-ID-120442D3E484,,,SICUREZZA,0,L1_FREDDI_RIPERMISSIONING,ATTIVO
info@bridgman.it,(da Completare),,(da Completare),,SIC-ID-A0AE6847E13D,,,SICUREZZA,0,L1_FREDDI_RIPERMISSIONING,ATTIVO
info@brimar.it,(da Completare),,(da Completare),,SIC-ID-61DFEE6C159B,,,SICUREZZA,0,L1_FREDDI_RIPERMISSIONING,ATTIVO
info@brixiamoto.it,(da Completare),,(da Completare),,SIC-ID-9DAE0B5F59B2,,,SICUREZZA,0,L1_FREDDI_RIPERMISSIONING,ATTIVO
info@caa-srl.com,(da Completare),,(da Completare),,SIC-ID-66C23893A2D9,,,SICUREZZA,0,L1_FREDDI_RIPERMISSIONING,ATTIVO
info@campanellicostruzioni.it,(da Completare),,(da Completare),,SIC-ID-50DC0D8A08D6,,,SICUREZZA,0,L1_FREDDI_RIPERMISSIONING,ATTIVO
info@carloegiorgio.it,(da Completare),,(da Completare),,SIC-ID-DF08847BBAFE,,,SICUREZZA,0,L1_FREDDI_RIPERMISSIONING,ATTIVO
info@carpenterieferrari.com,(da Completare),,(da Completare),,SIC-ID-4BF520C974C4,,,SICUREZZA,0,L1_FREDDI_RIPERMISSIONING,ATTIVO
info@carservicelusia.it,(da Completare),,(da Completare),,SIC-ID-57FA5F144793,,,SICUREZZA,0,L1_FREDDI_RIPERMISSIONING,ATTIVO
info@cecchettiningegneria.it,(da Completare),,(da Completare),,SIC-ID-C15CF2F6D4FD,,,SICUREZZA,0,L1_FREDDI_RIPERMISSIONING,ATTIVO
info@cerealdocks.it,(da Completare),,(da Completare),,SIC-ID-94696A9163E2,,,SICUREZZA,0,L1_FREDDI_RIPERMISSIONING,ATTIVO
info@cgtmarchitetti.it,(da Completare),,(da Completare),,SIC-ID-C2740F8D9872,,,SICUREZZA,0,L1_FREDDI_RIPERMISSIONING,ATTIVO
info@chacarero.it,(da Completare),,(da Completare),,SIC-ID-3DA043EE5BF2,,,SICUREZZA,0,L1_FREDDI_RIPERMISSIONING,ATTIVO
info@chipcore.eu,(da Completare),,(da Completare),,SIC-ID-FAC997B8EC7B,,,SICUREZZA,0,L1_FREDDI_RIPERMISSIONING,ATTIVO
info@climoglass.com,(da Completare),,(da Completare),,SIC-ID-BF787608B90B,,,SICUREZZA,0,L1_FREDDI_RIPERMISSIONING,ATTIVO
info@clodiaforniture.it,(da Completare),,(da Completare),,SIC-ID-990BCAE771D2,,,SICUREZZA,0,L1_FREDDI_RIPERMISSIONING,ATTIVO
info@cmitalia.it,(da Completare),,(da Completare),,SIC-ID-CB429DA309C8,,,SICUREZZA,0,L1_FREDDI_RIPERMISSIONING,ATTIVO
info@containergroup.it,(da Completare),,(da Completare),,SIC-ID-E2F09DCAF97E,,,SICUREZZA,0,L1_FREDDI_RIPERMISSIONING,ATTIVO
info@coop-life.it,(da Completare),,(da Completare),,SIC-ID-64F0FF81D02F,,,SICUREZZA,0,L1_FREDDI_RIPERMISSIONING,ATTIVO
info@corona-ferrea.it,(da Completare),,(da Completare),,SIC-ID-A1672D414CCB,,,SICUREZZA,0,L1_FREDDI_RIPERMISSIONING,ATTIVO
info@corsicryptovalute.it,(da Completare),,(da Completare),,SIC-ID-B913C261E44A,,,SICUREZZA,0,L1_FREDDI_RIPERMISSIONING,ATTIVO
info@costruzioniedilferro.com,(da Completare),,(da Completare),,SIC-ID-CBC2856C9DD8,,,SICUREZZA,0,L1_FREDDI_RIPERMISSIONING,ATTIVO
info@costruzioniedilferro.it,(da Completare),,(da Completare),,SIC-ID-C6C44A1F0DA5,,,SICUREZZA,0,L1_FREDDI_RIPERMISSIONING,ATTIVO
info@covolo.it,(da Completare),,(da Completare),,SIC-ID-AE5390476735,,,SICUREZZA,0,L1_FREDDI_RIPERMISSIONING,ATTIVO
info@cpmshop.it,(da Completare),,(da Completare),,SIC-ID-E78926F714F1,,,SICUREZZA,0,L1_FREDDI_RIPERMISSIONING,ATTIVO
info@ctstrasporti.it,(da Completare),,(da Completare),,SIC-ID-EA22E2798ED3,,,SICUREZZA,0,L1_FREDDI_RIPERMISSIONING,ATTIVO
info@cuoreiberico.it,(da Completare),,(da Completare),,SIC-ID-132BA91CF214,,,SICUREZZA,0,L1_FREDDI_RIPERMISSIONING,ATTIVO
info@danieliecurto.it,(da Completare),,(da Completare),,SIC-ID-D0D65504F16E,,,SICUREZZA,0,L1_FREDDI_RIPERMISSIONING,ATTIVO
info@dbarchitetto.com,(da Completare),,(da Completare),,SIC-ID-92527299A07D,,,SICUREZZA,0,L1_FREDDI_RIPERMISSIONING,ATTIVO
info@deltaconsulting.it,(da Completare),,(da Completare),,SIC-ID-ADE6D54995EA,,,SICUREZZA,0,L1_FREDDI_RIPERMISSIONING,ATTIVO
info@diegoinmusica.it,(da Completare),,(da Completare),,SIC-ID-3B49F36FDB3D,,,SICUREZZA,0,L1_FREDDI_RIPERMISSIONING,ATTIVO
info@dima-ve.com,(da Completare),,(da Completare),,SIC-ID-19A976AE99A6,,,SICUREZZA,0,L1_FREDDI_RIPERMISSIONING,ATTIVO
info@dimensionemoto.net,(da Completare),,(da Completare),,SIC-ID-09B5CEB45270,,,SICUREZZA,0,L1_FREDDI_RIPERMISSIONING,ATTIVO
info@dipiustudio.com,(da Completare),,(da Completare),,SIC-ID-5455D35E1516,,,SICUREZZA,0,L1_FREDDI_RIPERMISSIONING,ATTIVO
info@distilleriemantovani.it,(da Completare),,(da Completare),,SIC-ID-E2204B93A297,,,SICUREZZA,0,L1_FREDDI_RIPERMISSIONING,ATTIVO
info@dittabrignoli.it,(da Completare),,(da Completare),,SIC-ID-4A5C50FEBE83,,,SICUREZZA,0,L1_FREDDI_RIPERMISSIONING,ATTIVO
info@donegacostruzioni.it,(da Completare),,(da Completare),,SIC-ID-57A835F4C267,,,SICUREZZA,0,L1_FREDDI_RIPERMISSIONING,ATTIVO
info@ebvenetofvg.it,(da Completare),,(da Completare),,SIC-ID-988FD9B2E4E7,,,SICUREZZA,0,L1_FREDDI_RIPERMISSIONING,ATTIVO
info@ecovie.it,(da Completare),,(da Completare),,SIC-ID-15BC0B8853E1,,,SICUREZZA,0,L1_FREDDI_RIPERMISSIONING,ATTIVO
info@edilfuturosnc.it,(da Completare),,(da Completare),,SIC-ID-E033863CFE0D,,,SICUREZZA,0,L1_FREDDI_RIPERMISSIONING,ATTIVO
info@egointernational.it,(da Completare),,(da Completare),,SIC-ID-83A24D88FE4A,,,SICUREZZA,0,L1_FREDDI_RIPERMISSIONING,ATTIVO
info@ekoore.com,(da Completare),,(da Completare),,SIC-ID-7A21E259B18A,,,SICUREZZA,0,L1_FREDDI_RIPERMISSIONING,ATTIVO
info@elearningsicurezza.com,(da Completare),,(da Completare),,SIC-ID-D2D2EA996EE9,,,SICUREZZA,0,L1_FREDDI_RIPERMISSIONING,ATTIVO
info@electrolight.it,(da Completare),,(da Completare),,SIC-ID-21B85AF01ABB,,,SICUREZZA,0,L1_FREDDI_RIPERMISSIONING,ATTIVO
info@elegantgift.it,(da Completare),,(da Completare),,SIC-ID-D88C96B10D40,,,SICUREZZA,0,L1_FREDDI_RIPERMISSIONING,ATTIVO
info@emanueleferrarese.it,(da Completare),,(da Completare),,SIC-ID-4C6BBEF04365,,,SICUREZZA,0,L1_FREDDI_RIPERMISSIONING,ATTIVO
info@emmegirisarcimenti.com,(da Completare),,(da Completare),,SIC-ID-2B400F5A3C86,,,SICUREZZA,0,L1_FREDDI_RIPERMISSIONING,ATTIVO
info@energeticosrl.it,(da Completare),,(da Completare),,SIC-ID-96653DEED1DE,,,SICUREZZA,0,L1_FREDDI_RIPERMISSIONING,ATTIVO
info@eredirossini.it,(da Completare),,(da Completare),,SIC-ID-04321E838B0C,,,SICUREZZA,0,L1_FREDDI_RIPERMISSIONING,ATTIVO
info@eridania.191.it,(da Completare),,(da Completare),,SIC-ID-05F70DA302BD,,,SICUREZZA,0,L1_FREDDI_RIPERMISSIONING,ATTIVO
info@erreservices.it,(da Completare),,(da Completare),,SIC-ID-44F1AB4A9959,,,SICUREZZA,0,L1_FREDDI_RIPERMISSIONING,ATTIVO
info@eshirt.it,(da Completare),,(da Completare),,SIC-ID-EE9748658FA7,,,SICUREZZA,0,L1_FREDDI_RIPERMISSIONING,ATTIVO
info@essecimultiservice.com,(da Completare),,(da Completare),,SIC-ID-5C504396DF40,,,SICUREZZA,0,L1_FREDDI_RIPERMISSIONING,ATTIVO
info@esteticamente.eu,(da Completare),,(da Completare),,SIC-ID-E5EF86C89A9D,,,SICUREZZA,0,L1_FREDDI_RIPERMISSIONING,ATTIVO
info@esteticanadia.it,(da Completare),,(da Completare),,SIC-ID-7C171053C15B,,,SICUREZZA,0,L1_FREDDI_RIPERMISSIONING,ATTIVO
info@euromusicart.com,(da Completare),,(da Completare),,SIC-ID-CA2EE0B191F4,,,SICUREZZA,0,L1_FREDDI_RIPERMISSIONING,ATTIVO
info@evolutionforum.sm,(da Completare),,(da Completare),,SIC-ID-3590DE86D343,,,SICUREZZA,0,L1_FREDDI_RIPERMISSIONING,ATTIVO
info@evomatic.it,(da Completare),,(da Completare),,SIC-ID-9D7E0BC8F50E,,,SICUREZZA,0,L1_FREDDI_RIPERMISSIONING,ATTIVO
info@faenaedilizia.it,(da Completare),,(da Completare),,SIC-ID-FFC46F246071,,,SICUREZZA,0,L1_FREDDI_RIPERMISSIONING,ATTIVO
info@fanchinsrl.it,(da Completare),,(da Completare),,SIC-ID-83F8BCEA158D,,,SICUREZZA,0,L1_FREDDI_RIPERMISSIONING,ATTIVO
info@fastweb.it,(da Completare),,(da Completare),,SIC-ID-531C8E52FD90,,,SICUREZZA,0,L1_FREDDI_RIPERMISSIONING,ATTIVO
info@fdastrutture.com,(da Completare),,(da Completare),,SIC-ID-37C08261151B,,,SICUREZZA,0,L1_FREDDI_RIPERMISSIONING,ATTIVO
info@federicodigiorgi.it,(da Completare),,(da Completare),,SIC-ID-098E22F482C4,,,SICUREZZA,0,L1_FREDDI_RIPERMISSIONING,ATTIVO
info@fnaantincendio.it,(da Completare),,(da Completare),,SIC-ID-E3C67CBED87E,,,SICUREZZA,0,L1_FREDDI_RIPERMISSIONING,ATTIVO
info@franceschetti-pulizie.it,(da Completare),,(da Completare),,SIC-ID-E648D13FDA23,,,SICUREZZA,0,L1_FREDDI_RIPERMISSIONING,ATTIVO
info@frankcadillacmagic.it,(da Completare),,(da Completare),,SIC-ID-930AF2EE1F06,,,SICUREZZA,0,L1_FREDDI_RIPERMISSIONING,ATTIVO
info@fuenteflamenca.com,(da Completare),,(da Completare),,SIC-ID-2F4E42006613,,,SICUREZZA,0,L1_FREDDI_RIPERMISSIONING,ATTIVO
info@gardacarpentieri.it,(da Completare),,(da Completare),,SIC-ID-37898022C941,,,SICUREZZA,0,L1_FREDDI_RIPERMISSIONING,ATTIVO
info@geometrapuozzo.it,,,,,SIC-ID-CAC8DA11E9F6,,,SICUREZZA,0,L1_FREDDI_RIPERMISSIONING,ATTIVO
info@geopalitalia.com,(da Completare),,(da Completare),,SIC-ID-950871187A4C,,,SICUREZZA,0,L1_FREDDI_RIPERMISSIONING,ATTIVO
info@girotto.it,(da Completare),,(da Completare),,SIC-ID-B8BBFAE351EE,,,SICUREZZA,0,L1_FREDDI_RIPERMISSIONING,ATTIVO
info@giustiniani.net,(da Completare),,(da Completare),,SIC-ID-B81A386F4A21,,,SICUREZZA,0,L1_FREDDI_RIPERMISSIONING,ATTIVO
info@grafi-cartsrl.com,(da Completare),,(da Completare),,SIC-ID-51AC1B0112A7,,,SICUREZZA,0,L1_FREDDI_RIPERMISSIONING,ATTIVO
info@groupsgvcaminetti.it,(da Completare),,(da Completare),,SIC-ID-598CB1E177D9,,,SICUREZZA,0,L1_FREDDI_RIPERMISSIONING,ATTIVO
info@gruppomedis.com,(da Completare),,(da Completare),,SIC-ID-DE204D87FE0F,,,SICUREZZA,0,L1_FREDDI_RIPERMISSIONING,ATTIVO
info@gtridello.it,(da Completare),,(da Completare),,SIC-ID-DA7D06CE4FE0,,,SICUREZZA,0,L1_FREDDI_RIPERMISSIONING,ATTIVO
info@guardianservice.com,(da Completare),,(da Completare),,SIC-ID-59C42270413A,,,SICUREZZA,0,L1_FREDDI_RIPERMISSIONING,ATTIVO
info@guardianservizi.com,(da Completare),,(da Completare),,SIC-ID-18D44C33F2A7,,,SICUREZZA,0,L1_FREDDI_RIPERMISSIONING,ATTIVO
info@gumpab.com,(da Completare),,(da Completare),,SIC-ID-6C844497DD21,,,SICUREZZA,0,L1_FREDDI_RIPERMISSIONING,ATTIVO
info@ham-burger.it,(da Completare),,(da Completare),,SIC-ID-2552015F10FE,,,SICUREZZA,0,L1_FREDDI_RIPERMISSIONING,ATTIVO
info@hastudio.it,(da Completare),,(da Completare),,SIC-ID-82C40FC18F89,,,SICUREZZA,0,L1_FREDDI_RIPERMISSIONING,ATTIVO
info@henriette-gioielli.com,(da Completare),,(da Completare),,SIC-ID-21CA5B19A9A9,,,SICUREZZA,0,L1_FREDDI_RIPERMISSIONING,ATTIVO
info@hiperformance.it,(da Completare),,(da Completare),,SIC-ID-5C3E28F0B443,,,SICUREZZA,0,L1_FREDDI_RIPERMISSIONING,ATTIVO
info@homefenster.it,(da Completare),,(da Completare),,SIC-ID-C3D2D3546F14,,,SICUREZZA,0,L1_FREDDI_RIPERMISSIONING,ATTIVO
info@hotelbaiaflaminia.com,(da Completare),,(da Completare),,SIC-ID-3265645555BF,,,SICUREZZA,0,L1_FREDDI_RIPERMISSIONING,ATTIVO
info@hotelesagono.com,(da Completare),,(da Completare),,SIC-ID-C73DAB241842,,,SICUREZZA,0,L1_FREDDI_RIPERMISSIONING,ATTIVO
info@hoteleuropa.rn.it,(da Completare),,(da Completare),,SIC-ID-04DE8EA13572,,,SICUREZZA,0,L1_FREDDI_RIPERMISSIONING,ATTIVO
info@hotelgrisu.com,(da Completare),,(da Completare),,SIC-ID-D9925CDB443F,,,SICUREZZA,0,L1_FREDDI_RIPERMISSIONING,ATTIVO
info@hotelolympia.ro.it,(da Completare),,(da Completare),,SIC-ID-1D7E3032297B,,,SICUREZZA,0,L1_FREDDI_RIPERMISSIONING,ATTIVO
info@hotelumbertorosolina.com,(da Completare),,(da Completare),,SIC-ID-C2A9AC3184CC,,,SICUREZZA,0,L1_FREDDI_RIPERMISSIONING,ATTIVO
info@hotrodgrills.eu,(da Completare),,(da Completare),,SIC-ID-83C2A7EC86CC,,,SICUREZZA,0,L1_FREDDI_RIPERMISSIONING,ATTIVO
info@immobiliare-mediocasa.it,(da Completare),,(da Completare),,SIC-ID-70A2F586C827,,,SICUREZZA,0,L1_FREDDI_RIPERMISSIONING,ATTIVO
info@immobiliarecasini.it,,,,,SIC-ID-717371599665,,,SICUREZZA,0,L1_FREDDI_RIPERMISSIONING,ATTIVO
info@immobiliareexcelsior.it,(da Completare),,(da Completare),,SIC-ID-C56BAB9D8C0B,,,SICUREZZA,0,L1_FREDDI_RIPERMISSIONING,ATTIVO
info@ioparomatiche.it,(da Completare),,(da Completare),,SIC-ID-538739B90EBF,,,SICUREZZA,0,L1_FREDDI_RIPERMISSIONING,ATTIVO
info@iptonline.it,(da Completare),,(da Completare),,SIC-ID-5FC856390B82,,,SICUREZZA,0,L1_FREDDI_RIPERMISSIONING,ATTIVO
info@irseuropa.it,(da Completare),,(da Completare),,SIC-ID-EA3549AAE03A,,,SICUREZZA,0,L1_FREDDI_RIPERMISSIONING,ATTIVO
info@islem.it,(da Completare),,(da Completare),,SIC-ID-60312CB792D9,,,SICUREZZA,0,L1_FREDDI_RIPERMISSIONING,ATTIVO
info@ivoavidhold.com,(da Completare),,(da Completare),,SIC-ID-820D3024A78D,,,SICUREZZA,0,L1_FREDDI_RIPERMISSIONING,ATTIVO
info@keepitsimple.it,(da Completare),,(da Completare),,SIC-ID-20ECA5AAB85C,,,SICUREZZA,0,L1_FREDDI_RIPERMISSIONING,ATTIVO
info@khe-sc.com,(da Completare),,(da Completare),,SIC-ID-5ABA124BC527,,,SICUREZZA,0,L1_FREDDI_RIPERMISSIONING,ATTIVO
info@laboclodia.com,(da Completare),,(da Completare),,SIC-ID-17B217444885,,,SICUREZZA,0,L1_FREDDI_RIPERMISSIONING,ATTIVO
info@labotecnic.com,(da Completare),,(da Completare),,SIC-ID-3A89213BE6F1,,,SICUREZZA,0,L1_FREDDI_RIPERMISSIONING,ATTIVO
info@lacasadelviaggio.it,(da Completare),,(da Completare),,SIC-ID-9E92A83739C8,,,SICUREZZA,0,L1_FREDDI_RIPERMISSIONING,ATTIVO
info@lagentile.eu,(da Completare),,(da Completare),,SIC-ID-46BED00CB829,,,SICUREZZA,0,L1_FREDDI_RIPERMISSIONING,ATTIVO
info@lakegardawind.com,(da Completare),,(da Completare),,SIC-ID-404A594EAEB0,,,SICUREZZA,0,L1_FREDDI_RIPERMISSIONING,ATTIVO
info@ledscreenstore.it,(da Completare),,(da Completare),,SIC-ID-4D552662E8B0,,,SICUREZZA,0,L1_FREDDI_RIPERMISSIONING,ATTIVO
info@leonefell.com,(da Completare),,(da Completare),,SIC-ID-4D4970208650,,,SICUREZZA,0,L1_FREDDI_RIPERMISSIONING,ATTIVO
info@lisandri.it,(da Completare),,(da Completare),,SIC-ID-6EBA98544839,,,SICUREZZA,0,L1_FREDDI_RIPERMISSIONING,ATTIVO
info@lmalimentare.it,(da Completare),,(da Completare),,SIC-ID-E036D7B5BFF6,,,SICUREZZA,0,L1_FREDDI_RIPERMISSIONING,ATTIVO
info@lorcastyle.it,(da Completare),,(da Completare),,SIC-ID-F9032AB901B7,,,SICUREZZA,0,L1_FREDDI_RIPERMISSIONING,ATTIVO
info@lucamantovani.it,(da Completare),,(da Completare),,SIC-ID-EAE7A4920004,,,SICUREZZA,0,L1_FREDDI_RIPERMISSIONING,ATTIVO
info@lycloud.info,(da Completare),,(da Completare),,SIC-ID-080B2800D858,,,SICUREZZA,0,L1_FREDDI_RIPERMISSIONING,ATTIVO
info@maciprevenzione.it,(da Completare),,(da Completare),,SIC-ID-0979239B258A,,,SICUREZZA,0,L1_FREDDI_RIPERMISSIONING,ATTIVO
info@magdaconfezioni.com,(da Completare),,(da Completare),,SIC-ID-8D14D31B84D8,,,SICUREZZA,0,L1_FREDDI_RIPERMISSIONING,ATTIVO
info@magoandrea.it,(da Completare),,(da Completare),,SIC-ID-EC9BABB06B7E,,,SICUREZZA,0,L1_FREDDI_RIPERMISSIONING,ATTIVO
info@marazambon.it,(da Completare),,(da Completare),,SIC-ID-68EB2B45B77A,,,SICUREZZA,0,L1_FREDDI_RIPERMISSIONING,ATTIVO
info@masterbdesign.it,(da Completare),,(da Completare),,SIC-ID-C23688A2F739,,,SICUREZZA,0,L1_FREDDI_RIPERMISSIONING,ATTIVO
info@mbtectum.it,(da Completare),,(da Completare),,SIC-ID-30CDCE16ADB8,,,SICUREZZA,0,L1_FREDDI_RIPERMISSIONING,ATTIVO
info@mentalitamilionariand.com,(da Completare),,(da Completare),,SIC-ID-63ADFBB080BF,,,SICUREZZA,0,L1_FREDDI_RIPERMISSIONING,ATTIVO
info@mgrpavimenti.eu,(da Completare),,(da Completare),,SIC-ID-7E6936448A9A,,,SICUREZZA,0,L1_FREDDI_RIPERMISSIONING,ATTIVO
info@michelebonivento.com,(da Completare),,(da Completare),,SIC-ID-43566466912E,,,SICUREZZA,0,L1_FREDDI_RIPERMISSIONING,ATTIVO
info@miguelteam.com,(da Completare),,(da Completare),,SIC-ID-90E1C8CDC532,,,SICUREZZA,0,L1_FREDDI_RIPERMISSIONING,ATTIVO
info@misureacustiche.it,(da Completare),,(da Completare),,SIC-ID-48846165F111,,,SICUREZZA,0,L1_FREDDI_RIPERMISSIONING,ATTIVO
info@modena-antonio.it,(da Completare),,(da Completare),,SIC-ID-CDA00CB2746D,,,SICUREZZA,0,L1_FREDDI_RIPERMISSIONING,ATTIVO
info@motofactory.it,(da Completare),,(da Completare),,SIC-ID-C478DAD79CDC,,,SICUREZZA,0,L1_FREDDI_RIPERMISSIONING,ATTIVO
info@motorfactory.it,(da Completare),,(da Completare),,SIC-ID-F60345A8637A,,,SICUREZZA,0,L1_FREDDI_RIPERMISSIONING,ATTIVO
info@multimed.it,(da Completare),,(da Completare),,SIC-ID-F87A9308E389,,,SICUREZZA,0,L1_FREDDI_RIPERMISSIONING,ATTIVO
info@murercommercialisti.it,(da Completare),,(da Completare),,SIC-ID-88A21128F160,,,SICUREZZA,0,L1_FREDDI_RIPERMISSIONING,ATTIVO
info@mycashbackbot.com,(da Completare),,(da Completare),,SIC-ID-323E689B1E49,,,SICUREZZA,0,L1_FREDDI_RIPERMISSIONING,ATTIVO
info@navarriniarchitetti.it,(da Completare),,(da Completare),,SIC-ID-784B4DCBCFDB,,,SICUREZZA,0,L1_FREDDI_RIPERMISSIONING,ATTIVO
info@negriricevimenti.com,(da Completare),,(da Completare),,SIC-ID-4BC8FD1ED42D,,,SICUREZZA,0,L1_FREDDI_RIPERMISSIONING,ATTIVO
info@newcalorsystem.it,(da Completare),,(da Completare),,SIC-ID-724E90255519,,,SICUREZZA,0,L1_FREDDI_RIPERMISSIONING,ATTIVO
info@nuovacasadellosterzo.com,(da Completare),,(da Completare),,SIC-ID-42BC27E8A127,,,SICUREZZA,0,L1_FREDDI_RIPERMISSIONING,ATTIVO
info@nuovamarinasirenella.it,(da Completare),,(da Completare),,SIC-ID-E27C6CCC5E7E,,,SICUREZZA,0,L1_FREDDI_RIPERMISSIONING,ATTIVO
info@obmsrl.com,(da Completare),,(da Completare),,SIC-ID-036F78AE222F,,,SICUREZZA,0,L1_FREDDI_RIPERMISSIONING,ATTIVO
info@officeteamsrl.com,(da Completare),,(da Completare),,SIC-ID-E08F0514959E,,,SICUREZZA,0,L1_FREDDI_RIPERMISSIONING,ATTIVO
info@officine-parenti.it,(da Completare),,(da Completare),,SIC-ID-ADF4D7CF08A9,,,SICUREZZA,0,L1_FREDDI_RIPERMISSIONING,ATTIVO
info@olivatoassociati.it,(da Completare),,(da Completare),,SIC-ID-1931284E33EA,,,SICUREZZA,0,L1_FREDDI_RIPERMISSIONING,ATTIVO
info@one-fiber.it,(da Completare),,(da Completare),,SIC-ID-9AA3E528C7B6,,,SICUREZZA,0,L1_FREDDI_RIPERMISSIONING,ATTIVO
info@or-service.biz,(da Completare),,(da Completare),,SIC-ID-E28762AEAA6A,,,SICUREZZA,0,L1_FREDDI_RIPERMISSIONING,ATTIVO
info@pellicciasrl.it,(da Completare),,(da Completare),,SIC-ID-3343E28DC43E,,,SICUREZZA,0,L1_FREDDI_RIPERMISSIONING,ATTIVO
info@petraimpianti.it,(da Completare),,(da Completare),,SIC-ID-061C9AC0C78E,,,SICUREZZA,0,L1_FREDDI_RIPERMISSIONING,ATTIVO
info@pirotecnicaarquatese.it,(da Completare),,(da Completare),,SIC-ID-D951A354DD7E,,,SICUREZZA,0,L1_FREDDI_RIPERMISSIONING,ATTIVO
info@playadelsol.eu,(da Completare),,(da Completare),,SIC-ID-98D80597AD06,,,SICUREZZA,0,L1_FREDDI_RIPERMISSIONING,ATTIVO
info@promofiereverona.com,(da Completare),,(da Completare),,SIC-ID-42984175C0DD,,,SICUREZZA,0,L1_FREDDI_RIPERMISSIONING,ATTIVO
info@pubblifest.com,(da Completare),,(da Completare),,SIC-ID-C77075690440,,,SICUREZZA,0,L1_FREDDI_RIPERMISSIONING,ATTIVO
info@punto3arredamenti.it,(da Completare),,(da Completare),,SIC-ID-E1AE117ACED1,,,SICUREZZA,0,L1_FREDDI_RIPERMISSIONING,ATTIVO
info@recostruzioni.it,(da Completare),,(da Completare),,SIC-ID-BDA261567E5F,,,SICUREZZA,0,L1_FREDDI_RIPERMISSIONING,ATTIVO
info@reef.it,(da Completare),,(da Completare),,SIC-ID-87847A085B9A,,,SICUREZZA,0,L1_FREDDI_RIPERMISSIONING,ATTIVO
info@rendimentoetico.it,(da Completare),,(da Completare),,SIC-ID-EB799A085048,,,SICUREZZA,0,L1_FREDDI_RIPERMISSIONING,ATTIVO
info@ri-carica.com,(da Completare),,(da Completare),,SIC-ID-E3B2EE13AC44,,,SICUREZZA,0,L1_FREDDI_RIPERMISSIONING,ATTIVO
info@rigato.net,(da Completare),,(da Completare),,SIC-ID-37FDC6E1D5D8,,,SICUREZZA,0,L1_FREDDI_RIPERMISSIONING,ATTIVO
info@romeagraf.it,(da Completare),,(da Completare),,SIC-ID-4284637FA49A,,,SICUREZZA,0,L1_FREDDI_RIPERMISSIONING,ATTIVO
info@rossante.it,(da Completare),,(da Completare),,SIC-ID-DBABAD09898E,,,SICUREZZA,0,L1_FREDDI_RIPERMISSIONING,ATTIVO
info@rotoinfissioni.it,(da Completare),,(da Completare),,SIC-ID-226642417C70,,,SICUREZZA,0,L1_FREDDI_RIPERMISSIONING,ATTIVO
info@sabbatinisrl.com,(da Completare),,(da Completare),,SIC-ID-F6BADB1DD7A0,,,SICUREZZA,0,L1_FREDDI_RIPERMISSIONING,ATTIVO
info@salataglio-teamgreen.com,(da Completare),,(da Completare),,SIC-ID-AC976D349B37,,,SICUREZZA,0,L1_FREDDI_RIPERMISSIONING,ATTIVO
info@sanadent.it,(da Completare),,(da Completare),,SIC-ID-4CD9795B7694,,,SICUREZZA,0,L1_FREDDI_RIPERMISSIONING,ATTIVO
info@sangiulianocompany.it,(da Completare),,(da Completare),,SIC-ID-C09F237BFA6B,,,SICUREZZA,0,L1_FREDDI_RIPERMISSIONING,ATTIVO
info@schiesaricatering.it,(da Completare),,(da Completare),,SIC-ID-0C9194200F41,,,SICUREZZA,0,L1_FREDDI_RIPERMISSIONING,ATTIVO
info@serramenticasaservice.it,(da Completare),,(da Completare),,SIC-ID-A08C14C2F43A,,,SICUREZZA,0,L1_FREDDI_RIPERMISSIONING,ATTIVO
info@serramentitomasini.it,(da Completare),,(da Completare),,SIC-ID-F7262B71EC5B,,,SICUREZZA,0,L1_FREDDI_RIPERMISSIONING,ATTIVO
info@sgrace.it,(da Completare),,(da Completare),,SIC-ID-645BF116E0DE,,,SICUREZZA,0,L1_FREDDI_RIPERMISSIONING,ATTIVO
info@sixte.it,(da Completare),,(da Completare),,SIC-ID-829B47B5C754,,,SICUREZZA,0,L1_FREDDI_RIPERMISSIONING,ATTIVO
info@skaj.it,(da Completare),,(da Completare),,SIC-ID-6C1104EF4A05,,,SICUREZZA,0,L1_FREDDI_RIPERMISSIONING,ATTIVO
info@sotecasrl.it,(da Completare),,(da Completare),,SIC-ID-CB3165658470,,,SICUREZZA,0,L1_FREDDI_RIPERMISSIONING,ATTIVO
info@spaziaperti.com,(da Completare),,(da Completare),,SIC-ID-1B9C8929D3F9,,,SICUREZZA,0,L1_FREDDI_RIPERMISSIONING,ATTIVO
info@stereocarpd.it,(da Completare),,(da Completare),,SIC-ID-DC76DDE523BD,,,SICUREZZA,0,L1_FREDDI_RIPERMISSIONING,ATTIVO
info@strikesurfshop.it,(da Completare),,(da Completare),,SIC-ID-36C3431CD286,,,SICUREZZA,0,L1_FREDDI_RIPERMISSIONING,ATTIVO
info@studio-facco.it,(da Completare),,(da Completare),,SIC-ID-9DF0460AE7EB,,,SICUREZZA,0,L1_FREDDI_RIPERMISSIONING,ATTIVO
info@studioa2.org,(da Completare),,(da Completare),,SIC-ID-678BF66916DE,,,SICUREZZA,0,L1_FREDDI_RIPERMISSIONING,ATTIVO
info@studioagm.eu,(da Completare),,(da Completare),,SIC-ID-D4BFF6E17C09,,,SICUREZZA,0,L1_FREDDI_RIPERMISSIONING,ATTIVO
info@studioazzi.it,(da Completare),,(da Completare),,SIC-ID-026D13630907,,,SICUREZZA,0,L1_FREDDI_RIPERMISSIONING,ATTIVO
info@studiobaruffaldi.com,(da Completare),,(da Completare),,SIC-ID-05564FD6262C,,,SICUREZZA,0,L1_FREDDI_RIPERMISSIONING,ATTIVO
info@studiobertibizzotto.it,(da Completare),,(da Completare),,SIC-ID-48C25A6B3F6F,,,SICUREZZA,0,L1_FREDDI_RIPERMISSIONING,ATTIVO
info@studioborille.it,(da Completare),,(da Completare),,SIC-ID-02ED8B8ED0E7,,,SICUREZZA,0,L1_FREDDI_RIPERMISSIONING,ATTIVO
info@studiocostanzo.com,(da Completare),,(da Completare),,SIC-ID-FF3C260E425C,,,SICUREZZA,0,L1_FREDDI_RIPERMISSIONING,ATTIVO
info@studiodallamutta.it,(da Completare),,(da Completare),,SIC-ID-97A847958CFA,,,SICUREZZA,0,L1_FREDDI_RIPERMISSIONING,ATTIVO
info@studiofimi.it,(da Completare),,(da Completare),,SIC-ID-15D32826231A,,,SICUREZZA,0,L1_FREDDI_RIPERMISSIONING,ATTIVO
info@studiofiorinibarbara.it,,,,,SIC-ID-14C0FED9964D,,,SICUREZZA,0,L1_FREDDI_RIPERMISSIONING,ATTIVO
info@studiofurlandebora.it,(da Completare),,(da Completare),,SIC-ID-56AB2A256D58,,,SICUREZZA,0,L1_FREDDI_RIPERMISSIONING,ATTIVO
info@studiogigli.it,(da Completare),,(da Completare),,SIC-ID-E56543733ADD,,,SICUREZZA,0,L1_FREDDI_RIPERMISSIONING,ATTIVO
info@studiolegalefois.it,(da Completare),,(da Completare),,SIC-ID-3D37B4D3E4D5,,,SICUREZZA,0,L1_FREDDI_RIPERMISSIONING,ATTIVO
info@studiolippiassociato.com,(da Completare),,(da Completare),,SIC-ID-586341DEABD8,,,SICUREZZA,0,L1_FREDDI_RIPERMISSIONING,ATTIVO
info@studiom6.it,(da Completare),,(da Completare),,SIC-ID-758712473CA9,,,SICUREZZA,0,L1_FREDDI_RIPERMISSIONING,ATTIVO
info@studiomassarotto.191.it,(da Completare),,(da Completare),,SIC-ID-3CDC9BB0874D,,,SICUREZZA,0,L1_FREDDI_RIPERMISSIONING,ATTIVO
info@studiomicucciebonello.it,(da Completare),,(da Completare),,SIC-ID-E2226E960BCF,,,SICUREZZA,0,L1_FREDDI_RIPERMISSIONING,ATTIVO
info@studiopadovanefranchini.it,(da Completare),,(da Completare),,SIC-ID-3428AAC51B77,,,SICUREZZA,0,L1_FREDDI_RIPERMISSIONING,ATTIVO
info@studiopram.ve.it,(da Completare),,(da Completare),,SIC-ID-C73B5A57B8EE,,,SICUREZZA,0,L1_FREDDI_RIPERMISSIONING,ATTIVO
info@studiotognin.it,(da Completare),,(da Completare),,SIC-ID-A1A3875F6F7B,,,SICUREZZA,0,L1_FREDDI_RIPERMISSIONING,ATTIVO
info@studiotomasello.com,(da Completare),,(da Completare),,SIC-ID-8093D3B69C7F,,,SICUREZZA,0,L1_FREDDI_RIPERMISSIONING,ATTIVO
info@studiotonon.com,(da Completare),,(da Completare),,SIC-ID-2E5C9D22C049,,,SICUREZZA,0,L1_FREDDI_RIPERMISSIONING,ATTIVO
info@surftolive.com,(da Completare),,(da Completare),,SIC-ID-96D1AE9ECC21,,,SICUREZZA,0,L1_FREDDI_RIPERMISSIONING,ATTIVO
info@svmedicalservice.it,(da Completare),,(da Completare),,SIC-ID-EC2689A542E1,,,SICUREZZA,0,L1_FREDDI_RIPERMISSIONING,ATTIVO
info@synthesis-srl.com,(da Completare),,(da Completare),,SIC-ID-29A086274E86,,,SICUREZZA,0,L1_FREDDI_RIPERMISSIONING,ATTIVO
info@techneprogetti.com,(da Completare),,(da Completare),,SIC-ID-F54859D816E1,,,SICUREZZA,0,L1_FREDDI_RIPERMISSIONING,ATTIVO
info@tecnoclimap.com,(da Completare),,(da Completare),,SIC-ID-074B03FDA2DC,,,SICUREZZA,0,L1_FREDDI_RIPERMISSIONING,ATTIVO
info@tecnocopy.eu,(da Completare),,(da Completare),,SIC-ID-57B19C18AE80,,,SICUREZZA,0,L1_FREDDI_RIPERMISSIONING,ATTIVO
info@tettolares.com,(da Completare),,(da Completare),,SIC-ID-2135057D615A,,,SICUREZZA,0,L1_FREDDI_RIPERMISSIONING,ATTIVO
info@tfeingegneria.it,(da Completare),,(da Completare),,SIC-ID-E93A64AD2D32,,,SICUREZZA,0,L1_FREDDI_RIPERMISSIONING,ATTIVO
info@thehypergame.com,(da Completare),,(da Completare),,SIC-ID-2151D0A53FF3,,,SICUREZZA,0,L1_FREDDI_RIPERMISSIONING,ATTIVO
info@tiepoloviaggi.com,(da Completare),,(da Completare),,SIC-ID-7B728E1A8065,,,SICUREZZA,0,L1_FREDDI_RIPERMISSIONING,ATTIVO
info@tommycar.it,(da Completare),,(da Completare),,SIC-ID-22D61B65A8B2,,,SICUREZZA,0,L1_FREDDI_RIPERMISSIONING,ATTIVO
info@toscanocostruzioni.it,(da Completare),,(da Completare),,SIC-ID-825DE88079A9,,,SICUREZZA,0,L1_FREDDI_RIPERMISSIONING,ATTIVO
info@trasecosrl.com,(da Completare),,(da Completare),,SIC-ID-9A71E6A87E29,,,SICUREZZA,0,L1_FREDDI_RIPERMISSIONING,ATTIVO
info@tutto-vacanze.it,(da Completare),,(da Completare),,SIC-ID-E72B293000AA,,,SICUREZZA,0,L1_FREDDI_RIPERMISSIONING,ATTIVO
info@venditaautomatica.com,(da Completare),,(da Completare),,SIC-ID-914313ED6176,,,SICUREZZA,0,L1_FREDDI_RIPERMISSIONING,ATTIVO
info@venetamassettisnc.it,(da Completare),,(da Completare),,SIC-ID-3521EEC20CC4,,,SICUREZZA,0,L1_FREDDI_RIPERMISSIONING,ATTIVO
info@videofotochinaglia.it,(da Completare),,(da Completare),,SIC-ID-B78074D45EE4,,,SICUREZZA,0,L1_FREDDI_RIPERMISSIONING,ATTIVO
info@vienocnc.com,(da Completare),,(da Completare),,SIC-ID-3B6B153D8B7C,,,SICUREZZA,0,L1_FREDDI_RIPERMISSIONING,ATTIVO
info@waltercragnolin.it,(da Completare),,(da Completare),,SIC-ID-06E86D1C07CA,,,SICUREZZA,0,L1_FREDDI_RIPERMISSIONING,ATTIVO
info@xharredocasa.it,(da Completare),,(da Completare),,SIC-ID-F02F48E7A3A4,,,SICUREZZA,0,L1_FREDDI_RIPERMISSIONING,ATTIVO
info@yeehaw3d.com,(da Completare),,(da Completare),,SIC-ID-383A21F95252,,,SICUREZZA,0,L1_FREDDI_RIPERMISSIONING,ATTIVO
info@zetaservice.net,(da Completare),,(da Completare),,SIC-ID-185DF71E4318,,,SICUREZZA,0,L1_FREDDI_RIPERMISSIONING,ATTIVO
l.battan@avvecomm.it,(da Completare),,(da Completare),,SIC-ID-BE0041908D2F,,,SICUREZZA,0,L1_FREDDI_RIPERMISSIONING,ATTIVO
pav_2000@libero.it,(da Completare),,(da Completare),,SIC-ID-971086E0887E,,,SICUREZZA,0,L1_FREDDI_RIPERMISSIONING,ATTIVO
roberto@drserviziufficio.it,(da Completare),,(da Completare),,SIC-ID-FD038C874508,,,SICUREZZA,0,L1_FREDDI_RIPERMISSIONING,ATTIVO
segreteria@agefis.it,(da Completare),,(da Completare),,SIC-ID-DF26D7CD3887,,,SICUREZZA,0,L1_FREDDI_RIPERMISSIONING,ATTIVO
segreteria@consorziocics.com,(da Completare),,(da Completare),,SIC-ID-1FD6CD95CB5B,,,SICUREZZA,0,L1_FREDDI_RIPERMISSIONING,ATTIVO
segreteria@itineragroup.it,(da Completare),,(da Completare),,SIC-ID-B42CC5997404,,,SICUREZZA,0,L1_FREDDI_RIPERMISSIONING,ATTIVO
segreteria@laboclodia.com,(da Completare),,(da Completare),,SIC-ID-1836F3ACE478,,,SICUREZZA,0,L1_FREDDI_RIPERMISSIONING,ATTIVO
segreteria@nservizi.it,(da Completare),,(da Completare),,SIC-ID-15060BD17ECA,,,SICUREZZA,0,L1_FREDDI_RIPERMISSIONING,ATTIVO
segreteria@reef.it,(da Completare),,(da Completare),,SIC-ID-DB5975B84F78,,,SICUREZZA,0,L1_FREDDI_RIPERMISSIONING,ATTIVO
servizioclienti@support.expedia.it,(da Completare),,(da Completare),,SIC-ID-443A9E90665D,,,SICUREZZA,0,L1_FREDDI_RIPERMISSIONING,ATTIVO
supporto@anfos.it,(da Completare),,(da Completare),,SIC-ID-C9DC112AE40B,,,SICUREZZA,0,L1_FREDDI_RIPERMISSIONING,ATTIVO
supporto@bbq4all.it,(da Completare),,(da Completare),,SIC-ID-1548D5568938,,,SICUREZZA,0,L1_FREDDI_RIPERMISSIONING,ATTIVO
supporto@omnia.video,(da Completare),,(da Completare),,SIC-ID-1547A93823F0,,,SICUREZZA,0,L1_FREDDI_RIPERMISSIONING,ATTIVO
depenalizzazione.pref_rovigo@interno.it,(da Completare),,(da Completare),,SIC-ID-8EEE4A0DC9E5,,,SICUREZZA,0,L1_FREDDI_RIPERMISSIONING,ATTIVO
falconi.marco95@gmail.com,(da Completare),,(da Completare),,SIC-ID-9CC3C53B99E4,,,SICUREZZA,0,L1_FREDDI_RIPERMISSIONING,ATTIVO
marco.bizziato@stema.it,(da Completare),,(da Completare),,SIC-ID-FDD53D1D577D,,,SICUREZZA,0,L1_FREDDI_RIPERMISSIONING,ATTIVO
marco.cesarato76@gmail.com,(da Completare),,(da Completare),,SIC-ID-259716690323,,,SICUREZZA,0,L1_FREDDI_RIPERMISSIONING,ATTIVO
marco.costa@euroansa.it,(da Completare),,(da Completare),,SIC-ID-6FDB701B060E,,,SICUREZZA,0,L1_FREDDI_RIPERMISSIONING,ATTIVO
marco.tiozzo@ferlintiozzo.com,(da Completare),,(da Completare),,SIC-ID-26B9769AA3E1,,,SICUREZZA,0,L1_FREDDI_RIPERMISSIONING,ATTIVO
marcobenini@ymail.com,(da Completare),,(da Completare),,SIC-ID-8BC2DCAD1AC3,,,SICUREZZA,0,L1_FREDDI_RIPERMISSIONING,ATTIVO
marcocastellanowork@gmail.com,(da Completare),,(da Completare),,SIC-ID-528F00CE414D,,,SICUREZZA,0,L1_FREDDI_RIPERMISSIONING,ATTIVO
marcoginapri71@gmail.com,(da Completare),,(da Completare),,SIC-ID-03E348971D8F,,,SICUREZZA,0,L1_FREDDI_RIPERMISSIONING,ATTIVO
marcotanduo@gmail.com,(da Completare),,(da Completare),,SIC-ID-533CA3BE4DA2,,,SICUREZZA,0,L1_FREDDI_RIPERMISSIONING,ATTIVO
marcovservizi@gmail.com,(da Completare),,(da Completare),,SIC-ID-D5EC1CEF4ACD,,,SICUREZZA,0,L1_FREDDI_RIPERMISSIONING,ATTIVO
martinaddance@gmail.com,(da Completare),,(da Completare),,SIC-ID-0A182C701E3E,,,SICUREZZA,0,L1_FREDDI_RIPERMISSIONING,ATTIVO
piersimonimarco1@gmail.com,(da Completare),,(da Completare),,SIC-ID-6FA7322D5CA7,,,SICUREZZA,0,L1_FREDDI_RIPERMISSIONING,ATTIVO
sottozerogelateria.pt@gmail.com,,,,,SIC-ID-BB3901A1F85D,,,SICUREZZA,0,L1_FREDDI_RIPERMISSIONING,ATTIVO
marketing.it@myworld.com,(da Completare),,(da Completare),,SIC-ID-583F1370812C,,,SICUREZZA,0,L1_FREDDI_RIPERMISSIONING,ATTIVO
marketing@lyoness.it,(da Completare),,(da Completare),,SIC-ID-AE535DAE983C,,,SICUREZZA,0,L1_FREDDI_RIPERMISSIONING,ATTIVO
eddytheor@gmail.com,(da Completare),,(da Completare),,SIC-ID-5E80CC8531CE,,,SICUREZZA,0,L1_FREDDI_RIPERMISSIONING,ATTIVO
casinialberto77@gmail.com,,,,,SIC-ID-6D720062A6B2,,,SICUREZZA,0,L1_FREDDI_RIPERMISSIONING,ATTIVO
commissione.patenti@aulss5.veneto.it,(da Completare),,(da Completare),,SIC-ID-37425952F0B2,,,SICUREZZA,0,L1_FREDDI_RIPERMISSIONING,ATTIVO
dipendenze.tagliodipo@aulss5.veneto.it,(da Completare),,(da Completare),,SIC-ID-DF57BA4B3027,,,SICUREZZA,0,L1_FREDDI_RIPERMISSIONING,ATTIVO
lombar_mzwp4329qg@members.ebay.it,(da Completare),,(da Completare),,SIC-ID-0330B7CF3F0D,,,SICUREZZA,0,L1_FREDDI_RIPERMISSIONING,ATTIVO
marco.pizza333@gmail.com,(da Completare),,(da Completare),,SIC-ID-E9270024E05F,,,SICUREZZA,0,L1_FREDDI_RIPERMISSIONING,ATTIVO
mfdq4xbmsvtny5s@marketplace.amazon.it,(da Completare),,(da Completare),,SIC-ID-C6EEA3FF1EE8,,,SICUREZZA,0,L1_FREDDI_RIPERMISSIONING,ATTIVO
mgnwkf18f57mkc9@marketplace.amazon.it,(da Completare),,(da Completare),,SIC-ID-90AD5861137B,,,SICUREZZA,0,L1_FREDDI_RIPERMISSIONING,ATTIVO
nkj95mtkl4bwc8l@marketplace.amazon.it,(da Completare),,(da Completare),,SIC-ID-338527BB7475,,,SICUREZZA,0,L1_FREDDI_RIPERMISSIONING,ATTIVO
qualificamarketingsrl@gmail.com,(da Completare),,(da Completare),,SIC-ID-C58BADAEBD27,,,SICUREZZA,0,L1_FREDDI_RIPERMISSIONING,ATTIVO
v4vpbckf2bwfdmd@marketplace.amazon.it,(da Completare),,(da Completare),,SIC-ID-536BB3628209,,,SICUREZZA,0,L1_FREDDI_RIPERMISSIONING,ATTIVO
vc0sxp2wds72cgz@marketplace.amazon.it,(da Completare),,(da Completare),,SIC-ID-02CDC1FC101E,,,SICUREZZA,0,L1_FREDDI_RIPERMISSIONING,ATTIVO
difrescopatrizia@virgilio.it,,,,,SIC-ID-94ED1CA46B03,,,SICUREZZA,0,L1_FREDDI_RIPERMISSIONING,ATTIVO
mauriziomarippi@gmail.com,(da Completare),,(da Completare),,SIC-ID-89C75D12CE55,,,SICUREZZA,0,L1_FREDDI_RIPERMISSIONING,ATTIVO
priorepatrizia72@gmail.com,,,,,SIC-ID-0D343F8116E5,,,SICUREZZA,0,L1_FREDDI_RIPERMISSIONING,ATTIVO
robertodegregorio69@gmail.com,,,,,SIC-ID-AFB62EA66F06,,,SICUREZZA,0,L1_FREDDI_RIPERMISSIONING,ATTIVO
antonella.pomarico@consfor.com,(da Completare),,(da Completare),,SIC-ID-8A4B5D8D3DE0,,,SICUREZZA,0,L1_FREDDI_RIPERMISSIONING,ATTIVO
marcodaurelio1@gmail.com,(da Completare),,(da Completare),,SIC-ID-2DB3C1FED362,,,SICUREZZA,0,L1_FREDDI_RIPERMISSIONING,ATTIVO
roccomarinoconslavoro@gmail.com,(da Completare),,(da Completare),,SIC-ID-F206961418B8,,,SICUREZZA,0,L1_FREDDI_RIPERMISSIONING,ATTIVO
pinapatrizia71@gmail.com,,,,,SIC-ID-C9B55FC5D374,,,SICUREZZA,0,L1_FREDDI_RIPERMISSIONING,ATTIVO
222giraffa@gmail.com,(da Completare),,(da Completare),,SIC-ID-B758F135EFC6,,,SICUREZZA,0,L1_FREDDI_RIPERMISSIONING,ATTIVO
94ale.b@gmail.com,(da Completare),,(da Completare),,SIC-ID-D293B360ED15,,,SICUREZZA,0,L1_FREDDI_RIPERMISSIONING,ATTIVO
aggio.ottavio@comune.portoviro.ro.it,,,,,SIC-ID-FF815D8FF1FD,,,SICUREZZA,0,L1_FREDDI_RIPERMISSIONING,ATTIVO
alberto@studioercolini.it,(da Completare),,(da Completare),,SIC-ID-FA897D0380E8,,,SICUREZZA,0,L1_FREDDI_RIPERMISSIONING,ATTIVO
amministrazione@studiotecnicoomega.it,(da Completare),,(da Completare),,SIC-ID-D1F1017DAB8D,,,SICUREZZA,0,L1_FREDDI_RIPERMISSIONING,ATTIVO
arkstudio.marzolla@libero.it,(da Completare),,(da Completare),,SIC-ID-F706DA2A9A86,,,SICUREZZA,0,L1_FREDDI_RIPERMISSIONING,ATTIVO
avv.giorgia.giannini@tiscali.it,,,,,SIC-ID-76055D67F9C8,,,SICUREZZA,0,L1_FREDDI_RIPERMISSIONING,ATTIVO
avv.marcopietropolli@gmail.com,,,,,SIC-ID-484663932FC7,,,SICUREZZA,0,L1_FREDDI_RIPERMISSIONING,ATTIVO
avvocati@marensi.it,(da Completare),,(da Completare),,SIC-ID-F70C93885600,,,SICUREZZA,0,L1_FREDDI_RIPERMISSIONING,ATTIVO
batt89@libero.it,(da Completare),,(da Completare),,SIC-ID-74C04AC3100A,,,SICUREZZA,0,L1_FREDDI_RIPERMISSIONING,ATTIVO
bellan_marco@hotmail.it,(da Completare),,(da Completare),,SIC-ID-73E90B066941,,,SICUREZZA,0,L1_FREDDI_RIPERMISSIONING,ATTIVO
bernardinello.marco@libero.it,(da Completare),,(da Completare),,SIC-ID-5BF743D4E2EC,,,SICUREZZA,0,L1_FREDDI_RIPERMISSIONING,ATTIVO
claudio.comaron@unipd.it,(da Completare),,(da Completare),,SIC-ID-8E2A2FD9106C,,,SICUREZZA,0,L1_FREDDI_RIPERMISSIONING,ATTIVO
drago.omar@libero.it,(da Completare),,(da Completare),,SIC-ID-9679DDD22FA4,,,SICUREZZA,0,L1_FREDDI_RIPERMISSIONING,ATTIVO
edilmoderna.primo@gmail.com,,,,,SIC-ID-CE8F6D5B4470,,,SICUREZZA,0,L1_FREDDI_RIPERMISSIONING,ATTIVO
enrico.greghi@hotmail.it,,,,,SIC-ID-99B147ECF524,,,SICUREZZA,0,L1_FREDDI_RIPERMISSIONING,ATTIVO
fabrismarcoimpianti@libero.it,(da Completare),,(da Completare),,SIC-ID-F89E8545A4AB,,,SICUREZZA,0,L1_FREDDI_RIPERMISSIONING,ATTIVO
frrmarco@yahoo.it,(da Completare),,(da Completare),,SIC-ID-ABE1113D208C,,,SICUREZZA,0,L1_FREDDI_RIPERMISSIONING,ATTIVO
garbellini.marco@gmail.com,(da Completare),,(da Completare),,SIC-ID-149D8FC8508A,,,SICUREZZA,0,L1_FREDDI_RIPERMISSIONING,ATTIVO
geomarcoleoni@tiscali.it,(da Completare),,(da Completare),,SIC-ID-BF43409175A0,,,SICUREZZA,0,L1_FREDDI_RIPERMISSIONING,ATTIVO
ggmarco@gmail.com,(da Completare),,(da Completare),,SIC-ID-3CA6AAAEAA58,,,SICUREZZA,0,L1_FREDDI_RIPERMISSIONING,ATTIVO
giurioli@comune.badiapolesine.ro.it,,,,,SIC-ID-8FB9CFD3BFF7,,,SICUREZZA,0,L1_FREDDI_RIPERMISSIONING,ATTIVO
gustame.sottomarina@gmail.com,(da Completare),,(da Completare),,SIC-ID-E6BAEB671E6B,,,SICUREZZA,0,L1_FREDDI_RIPERMISSIONING,ATTIVO
info@grandimolini.it,,,,,SIC-ID-BEBBA70596F5,,,SICUREZZA,0,L1_FREDDI_RIPERMISSIONING,ATTIVO
info@marcobizzotto.it,(da Completare),,(da Completare),,SIC-ID-F11F0F166BB0,,,SICUREZZA,0,L1_FREDDI_RIPERMISSIONING,ATTIVO
info@marcoepippo.com,(da Completare),,(da Completare),,SIC-ID-C40A6B3A4E67,,,SICUREZZA,0,L1_FREDDI_RIPERMISSIONING,ATTIVO
info@marcogavioli.com,(da Completare),,(da Completare),,SIC-ID-F1C771392E1B,,,SICUREZZA,0,L1_FREDDI_RIPERMISSIONING,ATTIVO
info@marcospanio.it,(da Completare),,(da Completare),,SIC-ID-AD16EF396492,,,SICUREZZA,0,L1_FREDDI_RIPERMISSIONING,ATTIVO
info@studiotecnico-elisaandreasi.it,(da Completare),,(da Completare),,SIC-ID-628B8352D220,,,SICUREZZA,0,L1_FREDDI_RIPERMISSIONING,ATTIVO
info@studiotecnicogpa.it,(da Completare),,(da Completare),,SIC-ID-4E6C38BF389F,,,SICUREZZA,0,L1_FREDDI_RIPERMISSIONING,ATTIVO
ingridgiomartini@yahoo.it,(da Completare),,(da Completare),,SIC-ID-8A3D25A4B100,,,SICUREZZA,0,L1_FREDDI_RIPERMISSIONING,ATTIVO
lggrandi@gmail.com,,,,,SIC-ID-0C2F92E4958C,,,SICUREZZA,0,L1_FREDDI_RIPERMISSIONING,ATTIVO
luigifreddo@gmail.com,(da Completare),,(da Completare),,SIC-ID-4329C993829E,,,SICUREZZA,0,L1_FREDDI_RIPERMISSIONING,ATTIVO
luigifreddo@studiofreddo.191.it,(da Completare),,(da Completare),,SIC-ID-3B474EC6923D,,,SICUREZZA,0,L1_FREDDI_RIPERMISSIONING,ATTIVO
marco.buriolo@libero.it,(da Completare),,(da Completare),,SIC-ID-D588C708BCCE,,,SICUREZZA,0,L1_FREDDI_RIPERMISSIONING,ATTIVO
marco.coletto@studioprofessionisti3lune.it,(da Completare),,(da Completare),,SIC-ID-D4AF709FB0E7,,,SICUREZZA,0,L1_FREDDI_RIPERMISSIONING,ATTIVO
marco.destro@anticimex.it,(da Completare),,(da Completare),,SIC-ID-C60AF5B7A971,,,SICUREZZA,0,L1_FREDDI_RIPERMISSIONING,ATTIVO
marco.marconi.mailbox@gmail.com,(da Completare),,(da Completare),,SIC-ID-DFFEC1AF7451,,,SICUREZZA,0,L1_FREDDI_RIPERMISSIONING,ATTIVO
marco.pietro@libero.it,(da Completare),,(da Completare),,SIC-ID-27397FEB4C85,,,SICUREZZA,0,L1_FREDDI_RIPERMISSIONING,ATTIVO
marco.siciliani@attivamenteonlus.it,(da Completare),,(da Completare),,SIC-ID-0C2A3D5FA593,,,SICUREZZA,0,L1_FREDDI_RIPERMISSIONING,ATTIVO
marco.testacci@bmautomazioni.com,(da Completare),,(da Completare),,SIC-ID-9C17F40F9AFE,,,SICUREZZA,0,L1_FREDDI_RIPERMISSIONING,ATTIVO
marco3sa@libero.it,(da Completare),,(da Completare),,SIC-ID-AE19480FBCB3,,,SICUREZZA,0,L1_FREDDI_RIPERMISSIONING,ATTIVO
marco@studiopaghesrl.it,(da Completare),,(da Completare),,SIC-ID-88CE8AFC22D9,,,SICUREZZA,0,L1_FREDDI_RIPERMISSIONING,ATTIVO
marco_finotto@alice.it,(da Completare),,(da Completare),,SIC-ID-7B84A1CC2E07,,,SICUREZZA,0,L1_FREDDI_RIPERMISSIONING,ATTIVO
mariocrespomartinez@libero.it,(da Completare),,(da Completare),,SIC-ID-BA278BF10BFB,,,SICUREZZA,0,L1_FREDDI_RIPERMISSIONING,ATTIVO
novita@comunicazione.intesasanpaolo.com,,,,,SIC-ID-8E9F4E1157BE,,,SICUREZZA,0,L1_FREDDI_RIPERMISSIONING,ATTIVO
omarcappelletto@gmail.com,(da Completare),,(da Completare),,SIC-ID-1E91A79A69DE,,,SICUREZZA,0,L1_FREDDI_RIPERMISSIONING,ATTIVO
patrizia67fer@gmail.com,,,,,SIC-ID-50DBB0AEB53D,,,SICUREZZA,0,L1_FREDDI_RIPERMISSIONING,ATTIVO
patriziafregugia@gmail.com,,,,,SIC-ID-A2B640DAE128,,,SICUREZZA,0,L1_FREDDI_RIPERMISSIONING,ATTIVO
ponzettomartino@alice.it,(da Completare),,(da Completare),,SIC-ID-604C8337EC07,,,SICUREZZA,0,L1_FREDDI_RIPERMISSIONING,ATTIVO
sandromarangoni83@gmail.com,(da Completare),,(da Completare),,SIC-ID-F16B01B06966,,,SICUREZZA,0,L1_FREDDI_RIPERMISSIONING,ATTIVO
silvia.casale@comune.preganziol.tv.it,,,,,SIC-ID-2AF6A9E682F1,,,SICUREZZA,0,L1_FREDDI_RIPERMISSIONING,ATTIVO
studio.arks@gmail.com,(da Completare),,(da Completare),,SIC-ID-DA054E4F3936,,,SICUREZZA,0,L1_FREDDI_RIPERMISSIONING,ATTIVO
studionaturarch@gmail.com,,,,,SIC-ID-93EDF73D240D,,,SICUREZZA,0,L1_FREDDI_RIPERMISSIONING,ATTIVO
tiozzomartina@libero.it,(da Completare),,(da Completare),,SIC-ID-CEAAD7D14FA8,,,SICUREZZA,0,L1_FREDDI_RIPERMISSIONING,ATTIVO
zeroarchitettura@gmail.com,,,,,SIC-ID-FB412D7219A5,,,SICUREZZA,0,L1_FREDDI_RIPERMISSIONING,ATTIVO
signorinomariannatp@gmail.com,(da Completare),,(da Completare),,SIC-ID-7CAA2BD0D204,,,SICUREZZA,0,L1_FREDDI_RIPERMISSIONING,ATTIVO
gloriataddei63@gmail.com,(da Completare),,(da Completare),,SIC-ID-ABFC509292F4,,,SICUREZZA,0,L1_FREDDI_RIPERMISSIONING,ATTIVO
bobymarkovic@gmail.com,(da Completare),,(da Completare),,SIC-ID-7DA77D09BB41,,,SICUREZZA,0,L1_FREDDI_RIPERMISSIONING,ATTIVO
avvsilviadinapoli@gmail.com,(da Completare),,(da Completare),,SIC-ID-3C6373DAB72E,,,SICUREZZA,0,L1_FREDDI_RIPERMISSIONING,ATTIVO
marco.anzini71@gmail.com,(da Completare),,(da Completare),,SIC-ID-0194DFB3C86A,,,SICUREZZA,0,L1_FREDDI_RIPERMISSIONING,ATTIVO
marco.lavagetto@freelance-studio.it,(da Completare),,(da Completare),,SIC-ID-F6E837ABC0E4,,,SICUREZZA,0,L1_FREDDI_RIPERMISSIONING,ATTIVO
mmgzc@libero.it,(da Completare),,(da Completare),,SIC-ID-DDE14C6E94EA,,,SICUREZZA,0,L1_FREDDI_RIPERMISSIONING,ATTIVO
avv.girardello@libero.it,,,,,SIC-ID-7C235860269C,,,SICUREZZA,0,L1_FREDDI_RIPERMISSIONING,ATTIVO
info@marcocastelli.org,Marcocastelli,,Marcocastelli,,SIC-ID-ACE423BAAB65,,,SICUREZZA,0,PROMO_SETTEMBRE_VIP,ATTIVO
relishemuni97@libero.it,(da Completare),,(da Completare),,SIC-ID-D67A33E114C7,,,SICUREZZA,0,L1_FREDDI_RIPERMISSIONING,ATTIVO
mikygirardello@libero.it,(da Completare),,(da Completare),,SIC-ID-E8BCE6ABDE81,,,SICUREZZA,0,L1_FREDDI_RIPERMISSIONING,ATTIVO
pizzeria_la_favorita@yahoo.it,(da Completare),,(da Completare),,SIC-ID-3D437FD8FD65,,,SICUREZZA,0,L1_FREDDI_RIPERMISSIONING,ATTIVO
info@ladonada.it,Ladonada,,Ladonada,,SIC-ID-AEBBC8AB7D9F,,,SICUREZZA,0,PROMO_SETTEMBRE_VIP,ATTIVO
info@studiocla.it,Studiocla,,Studiocla,,SIC-ID-611E0312AB72,,,SICUREZZA,0,PROMO_SETTEMBRE_VIP,ATTIVO
ortofruit@libero.it,(da Completare),,(da Completare),,SIC-ID-7E4B0CA0860E,,,SICUREZZA,0,L1_FREDDI_RIPERMISSIONING,ATTIVO
info@nautigi.it,Nautigi,,Nautigi,,SIC-ID-D73687BDFAB6,,,SICUREZZA,0,PROMO_SETTEMBRE_VIP,ATTIVO
portoviro@tecnoservicesrl.eu,Tecnoservicesrl,,Tecnoservicesrl,,SIC-ID-416CAA47D839,,,SICUREZZA,0,PROMO_SETTEMBRE_VIP,ATTIVO
info@venetapesca.it,Venetapesca,,Venetapesca,,SIC-ID-950DA7DCF8F8,,,SICUREZZA,0,PROMO_SETTEMBRE_VIP,ATTIVO
info@casadicuraportoviro.it,Casadicuraportoviro,,Casadicuraportoviro,,SIC-ID-7F0BBD7F7A92,,,SICUREZZA,0,PROMO_SETTEMBRE_VIP,ATTIVO
assistenza@alvainox.com,Alvainox,,Alvainox,,SIC-ID-0E83DFE4D44E,,,SICUREZZA,0,PROMO_SETTEMBRE_VIP,ATTIVO
info@mazzoccotrasporti.com,Mazzoccotrasporti,,Mazzoccotrasporti,,SIC-ID-6DD53DF02B52,,,SICUREZZA,0,PROMO_SETTEMBRE_VIP,ATTIVO
info@tumiatiimpianti.it,Tumiatiimpianti,,Tumiatiimpianti,,SIC-ID-3C2234C9D798,,,SICUREZZA,0,PROMO_SETTEMBRE_VIP,ATTIVO
info@finpesca.it,Finpesca,,Finpesca,,SIC-ID-26E0A04799AE,,,SICUREZZA,0,PROMO_SETTEMBRE_VIP,ATTIVO
info@salumificiobrugnolo.it,Salumificiobrugnolo,,Salumificiobrugnolo,,SIC-ID-ACA36C9927D5,,,SICUREZZA,0,PROMO_SETTEMBRE_VIP,ATTIVO
servizidedicati@ecoambienterovigo.it,Ecoambienterovigo,,Ecoambienterovigo,,SIC-ID-510DABDB983D,,,SICUREZZA,0,PROMO_SETTEMBRE_VIP,ATTIVO
agriverdesnc.salvagnini@gmail.com,,,,,SIC-ID-F4FC14607E14,,,SICUREZZA,0,L1_FREDDI_RIPERMISSIONING,ATTIVO
zainaghicostruzioni@libero.it,(da Completare),,(da Completare),,SIC-ID-33DCCC38F49A,,,SICUREZZA,0,L1_FREDDI_RIPERMISSIONING,ATTIVO
cartadeltasrl@gmail.com,(da Completare),,(da Completare),,SIC-ID-29425C69376D,,,SICUREZZA,0,L1_FREDDI_RIPERMISSIONING,ATTIVO
info@friov.it,Friov,,Friov,,SIC-ID-64856BF64D9F,,,SICUREZZA,0,PROMO_SETTEMBRE_VIP,ATTIVO
posta@2emmeservice.it,2emmeservice,,2emmeservice,,SIC-ID-FA8C1A859347,,,SICUREZZA,0,PROMO_SETTEMBRE_VIP,ATTIVO
impresa.rossi@virgilio.it,(da Completare),,(da Completare),,SIC-ID-CD05BC1A7DD3,,,SICUREZZA,0,L1_FREDDI_RIPERMISSIONING,ATTIVO
info@edilcoperturesnc.it,Edilcoperturesnc,,Edilcoperturesnc,,SIC-ID-8DCA3F520A60,,,SICUREZZA,0,PROMO_SETTEMBRE_VIP,ATTIVO
info@mantovansrl.it,Mantovansrl,,Mantovansrl,,SIC-ID-0EC84B8BBBEE,,,SICUREZZA,0,PROMO_SETTEMBRE_VIP,ATTIVO
info@commedil.it,Commedil,,Commedil,,SIC-ID-511CE4E0274D,,,SICUREZZA,0,PROMO_SETTEMBRE_VIP,ATTIVO
info@costruzionixodo.it,Costruzionixodo,,Costruzionixodo,,SIC-ID-6ADFF3D8827C,,,SICUREZZA,0,PROMO_SETTEMBRE_VIP,ATTIVO
giorgiobeccheri@libero.it,(da Completare),,(da Completare),,SIC-ID-11BF0AFC8CA0,,,SICUREZZA,0,L1_FREDDI_RIPERMISSIONING,ATTIVO
ederlecarlo@gmail.com,(da Completare),,(da Completare),,SIC-ID-B2A8910D7DD2,,,SICUREZZA,0,L1_FREDDI_RIPERMISSIONING,ATTIVO
marchioricdl.rossana@libero.it,(da Completare),,(da Completare),,SIC-ID-5CDEDDB35C04,,,SICUREZZA,0,L1_FREDDI_RIPERMISSIONING,ATTIVO
10820712+cq4ks@tickets.livechatinc.com,,,,,SIC-398347,,,SICUREZZA,0,L1_FREDDI_RIPERMISSIONING,ATTIVO
2394647009-fyqj.mv9z.rtjw.9drs@property.booking.com,,,,,SIC-298328,,,SICUREZZA,0,L1_FREDDI_RIPERMISSIONING,ATTIVO
2morearchitects@gmail.com,,,,,SIC-591747,,,SICUREZZA,0,L1_FREDDI_RIPERMISSIONING,ATTIVO
3388389343m@gmail.com,,,,,SIC-761827,,,SICUREZZA,0,L1_FREDDI_RIPERMISSIONING,ATTIVO
5108angelo@gmail.com,,,,,SIC-185870,,,SICUREZZA,0,L1_FREDDI_RIPERMISSIONING,ATTIVO
605a7baede844d278b89dc95ae0a9123@sentry-next.wixpress.com,,,,,SIC-007586,,,SICUREZZA,0,L1_FREDDI_RIPERMISSIONING,ATTIVO
abimpiantielettrici@tiscali.it,,,,,SIC-771854,,,SICUREZZA,0,L1_FREDDI_RIPERMISSIONING,ATTIVO
acireale@iconpalestre.it,,,,,SIC-412447,,,SICUREZZA,0,L1_FREDDI_RIPERMISSIONING,ATTIVO
adriana.giorgi@milano.pecavvocati.it,,,,,SIC-081573,,,SICUREZZA,0,L1_FREDDI_RIPERMISSIONING,ATTIVO
agrigento@inal.it,,,,,SIC-631338,,,SICUREZZA,0,L1_FREDDI_RIPERMISSIONING,ATTIVO
agritagliente@libero.it,,,,,SIC-135042,,,SICUREZZA,0,L1_FREDDI_RIPERMISSIONING,ATTIVO
agriturismo.gelso@gmail.com,,,,,SIC-138631,,,SICUREZZA,0,L1_FREDDI_RIPERMISSIONING,ATTIVO
agriturismo@agriturismoivaleriani.com,,,,,SIC-450646,,,SICUREZZA,0,L1_FREDDI_RIPERMISSIONING,ATTIVO
albergo@lemura.net,,,,,SIC-499535,,,SICUREZZA,0,L1_FREDDI_RIPERMISSIONING,ATTIVO
albergolosaros@gmail.com,,,,,SIC-116873,,,SICUREZZA,0,L1_FREDDI_RIPERMISSIONING,ATTIVO
albergovecchioponte@tiscali.it,,,,,SIC-645495,,,SICUREZZA,0,L1_FREDDI_RIPERMISSIONING,ATTIVO
alberto.fallini@monza.pecavvocati.it,,,,,SIC-715346,,,SICUREZZA,0,L1_FREDDI_RIPERMISSIONING,ATTIVO
albertor@rivadati.com,,,,,SIC-360809,,,SICUREZZA,0,L1_FREDDI_RIPERMISSIONING,ATTIVO
alessio.modesto@gmail.com,,,,,SIC-085530,,,SICUREZZA,0,L1_FREDDI_RIPERMISSIONING,ATTIVO
amministrazione@apgconsulting.it,,,,,SIC-511564,,,SICUREZZA,0,L1_FREDDI_RIPERMISSIONING,ATTIVO
amministrazione@cdsbrescia.com,,,,,SIC-749352,,,SICUREZZA,0,L1_FREDDI_RIPERMISSIONING,ATTIVO
amministrazione@idea-grafica.it,,,,,SIC-295374,,,SICUREZZA,0,L1_FREDDI_RIPERMISSIONING,ATTIVO
amministrazione@navitora.it,,,,,SIC-647181,,,SICUREZZA,0,L1_FREDDI_RIPERMISSIONING,ATTIVO
amministrazione@sbsgroup.it,,,,,SIC-359441,,,SICUREZZA,0,L1_FREDDI_RIPERMISSIONING,ATTIVO
amministrazione@vasicuro.it,,,,,SIC-601895,,,SICUREZZA,0,L1_FREDDI_RIPERMISSIONING,ATTIVO
andrea.caloro@libero.it,,,,,SIC-504566,,,SICUREZZA,0,L1_FREDDI_RIPERMISSIONING,ATTIVO
andrea@cdsbrescia.com,,,,,SIC-099546,,,SICUREZZA,0,L1_FREDDI_RIPERMISSIONING,ATTIVO
angelina.giacometti@istruzione.it,,,,,SIC-293474,,,SICUREZZA,0,L1_FREDDI_RIPERMISSIONING,ATTIVO
angolanacarburanti@gmail.com,,,,,SIC-612960,,,SICUREZZA,0,L1_FREDDI_RIPERMISSIONING,ATTIVO
anna.moretti@hotmail.it,,,,,SIC-439641,,,SICUREZZA,0,L1_FREDDI_RIPERMISSIONING,ATTIVO
anna.moretti@milano.pecavvocati.it,,,,,SIC-329395,,,SICUREZZA,0,L1_FREDDI_RIPERMISSIONING,ATTIVO
antonella.crippa@monza.pecavvocati.it,,,,,SIC-017578,,,SICUREZZA,0,L1_FREDDI_RIPERMISSIONING,ATTIVO
antonino.calderone59@gmail.com,,,,,SIC-669141,,,SICUREZZA,0,L1_FREDDI_RIPERMISSIONING,ATTIVO
aosta@oldwildwest.it,,,,,SIC-994645,,,SICUREZZA,0,L1_FREDDI_RIPERMISSIONING,ATTIVO
archidambrosio2039@gmail.com,,,,,SIC-792245,,,SICUREZZA,0,L1_FREDDI_RIPERMISSIONING,ATTIVO
arco.powell@adecco.it,,,,,SIC-629152,,,SICUREZZA,0,L1_FREDDI_RIPERMISSIONING,ATTIVO
arcospedizioni@arco.it,,,,,SIC-906269,,,SICUREZZA,0,L1_FREDDI_RIPERMISSIONING,ATTIVO
asdidem@hotmail.it,,,,,SIC-873323,,,SICUREZZA,0,L1_FREDDI_RIPERMISSIONING,ATTIVO
asiasnc259@gmail.com,,,,,SIC-930803,,,SICUREZZA,0,L1_FREDDI_RIPERMISSIONING,ATTIVO
ask@oacp.it,,,,,SIC-803167,,,SICUREZZA,0,L1_FREDDI_RIPERMISSIONING,ATTIVO
associazione.resnullius@gmail.com,,,,,SIC-455164,,,SICUREZZA,0,L1_FREDDI_RIPERMISSIONING,ATTIVO
attilio.giulio@milano.pecavvocati.it,,,,,SIC-476626,,,SICUREZZA,0,L1_FREDDI_RIPERMISSIONING,ATTIVO
avpludachatillon_p502829b@di-net.it,,,,,SIC-764483,,,SICUREZZA,0,L1_FREDDI_RIPERMISSIONING,ATTIVO
avpludasarrenuovo_p502863b@di-net.it,,,,,SIC-722385,,,SICUREZZA,0,L1_FREDDI_RIPERMISSIONING,ATTIVO
avt.asi@avt.at,,,,,SIC-218590,,,SICUREZZA,0,L1_FREDDI_RIPERMISSIONING,ATTIVO
avv.benedetto.adorno@hotmail.com,,,,,SIC-422081,,,SICUREZZA,0,L1_FREDDI_RIPERMISSIONING,ATTIVO
avv.caterinadidomenico@gmail.com,,,,,SIC-954294,,,SICUREZZA,0,L1_FREDDI_RIPERMISSIONING,ATTIVO
avv.cilmi@studiocilmi.it,,,,,SIC-650756,,,SICUREZZA,0,L1_FREDDI_RIPERMISSIONING,ATTIVO
avv.demarcoesoci@virgilio.it,,,,,SIC-001327,,,SICUREZZA,0,L1_FREDDI_RIPERMISSIONING,ATTIVO
avv.francesca.brambilla@gmail.com,,,,,SIC-078335,,,SICUREZZA,0,L1_FREDDI_RIPERMISSIONING,ATTIVO
avv.francescofrezza@gmail.com,,,,,SIC-571451,,,SICUREZZA,0,L1_FREDDI_RIPERMISSIONING,ATTIVO
avv.martinoli@studiomartinoli.it,,,,,SIC-745193,,,SICUREZZA,0,L1_FREDDI_RIPERMISSIONING,ATTIVO
avv.reggiani@avvreggiani.it,,,,,SIC-207229,,,SICUREZZA,0,L1_FREDDI_RIPERMISSIONING,ATTIVO
avv.rgalli@gmail.com,,,,,SIC-347402,,,SICUREZZA,0,L1_FREDDI_RIPERMISSIONING,ATTIVO
avv.stefaniapellegatta@gmail.com,,,,,SIC-146693,,,SICUREZZA,0,L1_FREDDI_RIPERMISSIONING,ATTIVO
avvocato@lexalberti.it,,,,,SIC-936751,,,SICUREZZA,0,L1_FREDDI_RIPERMISSIONING,ATTIVO
avvocatocrippa@gmail.com,,,,,SIC-014299,,,SICUREZZA,0,L1_FREDDI_RIPERMISSIONING,ATTIVO
avvocatofoscarini@libero.it,,,,,SIC-612003,,,SICUREZZA,0,L1_FREDDI_RIPERMISSIONING,ATTIVO
avvocatogiulio@libero.it,,,,,SIC-193271,,,SICUREZZA,0,L1_FREDDI_RIPERMISSIONING,ATTIVO
avvre@lexre.it,,,,,SIC-188748,,,SICUREZZA,0,L1_FREDDI_RIPERMISSIONING,ATTIVO
az.agr.blasizza@gmail.com,,,,,SIC-690357,,,SICUREZZA,0,L1_FREDDI_RIPERMISSIONING,ATTIVO
aziendaagricolascernaalberto@gmail.com,,,,,SIC-789443,,,SICUREZZA,0,L1_FREDDI_RIPERMISSIONING,ATTIVO
azzurraservice27@legalmail.it,,,,,SIC-275154,,,SICUREZZA,0,L1_FREDDI_RIPERMISSIONING,ATTIVO
bagni_clodia@legalmail.it,,,,,SIC-825676,,,SICUREZZA,0,L1_FREDDI_RIPERMISSIONING,ATTIVO
baldassarreantonio@tiscali.it,,,,,SIC-202584,,,SICUREZZA,0,L1_FREDDI_RIPERMISSIONING,ATTIVO
balzanti.lentini@libero.it,,,,,SIC-547729,,,SICUREZZA,0,L1_FREDDI_RIPERMISSIONING,ATTIVO
bari@fmtslavoro.it,,,,,SIC-129158,,,SICUREZZA,0,L1_FREDDI_RIPERMISSIONING,ATTIVO
barletta.daragona@cabtutela.it,,,,,SIC-085945,,,SICUREZZA,0,L1_FREDDI_RIPERMISSIONING,ATTIVO
barmontanucci@libero.it,,,,,SIC-390714,,,SICUREZZA,0,L1_FREDDI_RIPERMISSIONING,ATTIVO
basilioantoci@gmail.com,,,,,SIC-140122,,,SICUREZZA,0,L1_FREDDI_RIPERMISSIONING,ATTIVO
basilioantoci@gmil.com,,,,,SIC-820356,,,SICUREZZA,0,L1_FREDDI_RIPERMISSIONING,ATTIVO
bebmarilu@libero.it,,,,,SIC-840662,,,SICUREZZA,0,L1_FREDDI_RIPERMISSIONING,ATTIVO
benedetto.adorno@monza.pecavvocati.it,,,,,SIC-621244,,,SICUREZZA,0,L1_FREDDI_RIPERMISSIONING,ATTIVO
benvenuti@rirelettronica.com,,,,,SIC-933107,,,SICUREZZA,0,L1_FREDDI_RIPERMISSIONING,ATTIVO
berdonboris@gmail.com,,,,,SIC-880825,,,SICUREZZA,0,L1_FREDDI_RIPERMISSIONING,ATTIVO
berti@fregugliasrl.it,,,,,SIC-846350,,,SICUREZZA,0,L1_FREDDI_RIPERMISSIONING,ATTIVO
biertempelpub@gmail.com,,,,,SIC-345416,,,SICUREZZA,0,L1_FREDDI_RIPERMISSIONING,ATTIVO
birfoot@gmail.com,,,,,SIC-269822,,,SICUREZZA,0,L1_FREDDI_RIPERMISSIONING,ATTIVO
birreriaamadeus1985@gmail.com,,,,,SIC-990903,,,SICUREZZA,0,L1_FREDDI_RIPERMISSIONING,ATTIVO
birreriasaintgeorge@gmail.com,,,,,SIC-548597,,,SICUREZZA,0,L1_FREDDI_RIPERMISSIONING,ATTIVO
bm1977@alice.it,,,,,SIC-141023,,,SICUREZZA,0,L1_FREDDI_RIPERMISSIONING,ATTIVO
boarbichl@schenna.com,,,,,SIC-177274,,,SICUREZZA,0,L1_FREDDI_RIPERMISSIONING,ATTIVO
bologna@marchingegno.info,,,,,SIC-661017,,,SICUREZZA,0,L1_FREDDI_RIPERMISSIONING,ATTIVO
bologna@zga.srl,,,,,SIC-353277,,,SICUREZZA,0,L1_FREDDI_RIPERMISSIONING,ATTIVO
booking@gardaland.it,,,,,SIC-625955,,,SICUREZZA,0,L1_FREDDI_RIPERMISSIONING,ATTIVO
booking@hotelgranditalia.it,,,,,SIC-339316,,,SICUREZZA,0,L1_FREDDI_RIPERMISSIONING,ATTIVO
booking@iyo-experience.com,,,,,SIC-166079,,,SICUREZZA,0,L1_FREDDI_RIPERMISSIONING,ATTIVO
booking@termedisirmione.com,,,,,SIC-370527,,,SICUREZZA,0,L1_FREDDI_RIPERMISSIONING,ATTIVO
boscaratoedilizia_sas@legalmail.it,,,,,SIC-624743,,,SICUREZZA,0,L1_FREDDI_RIPERMISSIONING,ATTIVO
bruna1962@tiscali.it,,,,,SIC-912876,,,SICUREZZA,0,L1_FREDDI_RIPERMISSIONING,ATTIVO
bubola@akfree.it,,,,,SIC-823343,,,SICUREZZA,0,L1_FREDDI_RIPERMISSIONING,ATTIVO
c.cappello@smrtax.it,,,,,SIC-908425,,,SICUREZZA,0,L1_FREDDI_RIPERMISSIONING,ATTIVO
caffeduomonufloor@aol.com,,,,,SIC-197120,,,SICUREZZA,0,L1_FREDDI_RIPERMISSIONING,ATTIVO
camillospadanofitness@gmail.com,,,,,SIC-438466,,,SICUREZZA,0,L1_FREDDI_RIPERMISSIONING,ATTIVO
cantina@canneto.com,,,,,SIC-603741,,,SICUREZZA,0,L1_FREDDI_RIPERMISSIONING,ATTIVO
cantina@fmach.it,,,,,SIC-183956,,,SICUREZZA,0,L1_FREDDI_RIPERMISSIONING,ATTIVO
capuanamarmi@libero.it,,,,,SIC-217596,,,SICUREZZA,0,L1_FREDDI_RIPERMISSIONING,ATTIVO
carburantiml@libero.it,,,,,SIC-444381,,,SICUREZZA,0,L1_FREDDI_RIPERMISSIONING,ATTIVO
carlaa231113@gmail.com,,,,,SIC-139548,,,SICUREZZA,0,L1_FREDDI_RIPERMISSIONING,ATTIVO
cartabiancaeditore@virgilio.it,,,,,SIC-193682,,,SICUREZZA,0,L1_FREDDI_RIPERMISSIONING,ATTIVO
catania@gls-italy.com,,,,,SIC-644605,,,SICUREZZA,0,L1_FREDDI_RIPERMISSIONING,ATTIVO
catelliorgano@gmail.com,,,,,SIC-788942,,,SICUREZZA,0,L1_FREDDI_RIPERMISSIONING,ATTIVO
caterina_albina_luciana.di_domenico@monza.pecavvocati.it,,,,,SIC-125329,,,SICUREZZA,0,L1_FREDDI_RIPERMISSIONING,ATTIVO
cefla.finishing@cefla.it,,,,,SIC-980528,,,SICUREZZA,0,L1_FREDDI_RIPERMISSIONING,ATTIVO
ceflaarr@cefla.it,,,,,SIC-782742,,,SICUREZZA,0,L1_FREDDI_RIPERMISSIONING,ATTIVO
cefladentale@cefla.it,,,,,SIC-191322,,,SICUREZZA,0,L1_FREDDI_RIPERMISSIONING,ATTIVO
ceflaimpianti@cefla.it,,,,,SIC-344344,,,SICUREZZA,0,L1_FREDDI_RIPERMISSIONING,ATTIVO
ceme@cemespa.it,,,,,SIC-346838,,,SICUREZZA,0,L1_FREDDI_RIPERMISSIONING,ATTIVO
centralecaffe@hotmail.it,,,,,SIC-860697,,,SICUREZZA,0,L1_FREDDI_RIPERMISSIONING,ATTIVO
centroservizi@tempimoderni.eu,,,,,SIC-330497,,,SICUREZZA,0,L1_FREDDI_RIPERMISSIONING,ATTIVO
cfm.impianti@liberi.it,,,,,SIC-706027,,,SICUREZZA,0,L1_FREDDI_RIPERMISSIONING,ATTIVO
chieti.agsamuil@gmail.com,,,,,SIC-984804,,,SICUREZZA,0,L1_FREDDI_RIPERMISSIONING,ATTIVO
christian.visintin@veeso.dev,,,,,SIC-966011,,,SICUREZZA,0,L1_FREDDI_RIPERMISSIONING,ATTIVO
ciavarellapaolo@virgilio.it,,,,,SIC-253939,,,SICUREZZA,0,L1_FREDDI_RIPERMISSIONING,ATTIVO
cislmatera2021@gmail.com,,,,,SIC-207055,,,SICUREZZA,0,L1_FREDDI_RIPERMISSIONING,ATTIVO
claudioburzio@virgilio.it,,,,,SIC-626776,,,SICUREZZA,0,L1_FREDDI_RIPERMISSIONING,ATTIVO
clconglomerati@legalmail.it,,,,,SIC-782480,,,SICUREZZA,0,L1_FREDDI_RIPERMISSIONING,ATTIVO
cli100303@reginasrl.com,,,,,SIC-812304,,,SICUREZZA,0,L1_FREDDI_RIPERMISSIONING,ATTIVO
colmar@colmaritalia.it,,,,,SIC-073262,,,SICUREZZA,0,L1_FREDDI_RIPERMISSIONING,ATTIVO
commerciale2@parrina.it,,,,,SIC-113688,,,SICUREZZA,0,L1_FREDDI_RIPERMISSIONING,ATTIVO
commerciale@alpenwald.it,,,,,SIC-983720,,,SICUREZZA,0,L1_FREDDI_RIPERMISSIONING,ATTIVO
commerciale@cnika.it,,,,,SIC-237592,,,SICUREZZA,0,L1_FREDDI_RIPERMISSIONING,ATTIVO
commerciale@elcora.com,,,,,SIC-402779,,,SICUREZZA,0,L1_FREDDI_RIPERMISSIONING,ATTIVO
commerciale@g8mobili.it,,,,,SIC-695971,,,SICUREZZA,0,L1_FREDDI_RIPERMISSIONING,ATTIVO
commerciale@lavitalia.it,,,,,SIC-734710,,,SICUREZZA,0,L1_FREDDI_RIPERMISSIONING,ATTIVO
commerciale@somei.it,,,,,SIC-467793,,,SICUREZZA,0,L1_FREDDI_RIPERMISSIONING,ATTIVO
confael.imperia@gmail.com,,,,,SIC-463585,,,SICUREZZA,0,L1_FREDDI_RIPERMISSIONING,ATTIVO
consorzioforestalematese@gmail.com,,,,,SIC-715308,,,SICUREZZA,0,L1_FREDDI_RIPERMISSIONING,ATTIVO
conta.gestimpresa@libero.it,,,,,SIC-465927,,,SICUREZZA,0,L1_FREDDI_RIPERMISSIONING,ATTIVO
contact@laborsa.it,,,,,SIC-541898,,,SICUREZZA,0,L1_FREDDI_RIPERMISSIONING,ATTIVO
contatti@fgacoperture.it,,,,,SIC-110567,,,SICUREZZA,0,L1_FREDDI_RIPERMISSIONING,ATTIVO
contatti@insidevideo.it,,,,,SIC-985218,,,SICUREZZA,0,L1_FREDDI_RIPERMISSIONING,ATTIVO
coop.airone@legalmail.it,,,,,SIC-347046,,,SICUREZZA,0,L1_FREDDI_RIPERMISSIONING,ATTIVO
corasistemi@elcora.com,,,,,SIC-792004,,,SICUREZZA,0,L1_FREDDI_RIPERMISSIONING,ATTIVO
corinne.buzzi@libero.it,,,,,SIC-617101,,,SICUREZZA,0,L1_FREDDI_RIPERMISSIONING,ATTIVO
corinne.buzzi@monza.pecavvocati.it,,,,,SIC-156637,,,SICUREZZA,0,L1_FREDDI_RIPERMISSIONING,ATTIVO
corposanosnc@legalmail.it,,,,,SIC-362358,,,SICUREZZA,0,L1_FREDDI_RIPERMISSIONING,ATTIVO
corrado.ottolina@monza.pecavvocati.it,,,,,SIC-052769,,,SICUREZZA,0,L1_FREDDI_RIPERMISSIONING,ATTIVO
corssoliberta259@yahoo.com,,,,,SIC-536365,,,SICUREZZA,0,L1_FREDDI_RIPERMISSIONING,ATTIVO
costasrl24@pec.it,,,,,SIC-739845,,,SICUREZZA,0,L1_FREDDI_RIPERMISSIONING,ATTIVO
costruzionigeneralichioggia@legalmail.it,,,,,SIC-117219,,,SICUREZZA,0,L1_FREDDI_RIPERMISSIONING,ATTIVO
cpi-rivadelgarda.adl@pec.provincia.tn.it,,,,,SIC-448721,,,SICUREZZA,0,L1_FREDDI_RIPERMISSIONING,ATTIVO
cpi.vercelli@pec.agenziapiemontelavoro.it,,,,,SIC-173879,,,SICUREZZA,0,L1_FREDDI_RIPERMISSIONING,ATTIVO
cpi.vercelli@provincia.vercelli.it,,,,,SIC-738358,,,SICUREZZA,0,L1_FREDDI_RIPERMISSIONING,ATTIVO
crifillsrl@legalmail.it,,,,,SIC-117578,,,SICUREZZA,0,L1_FREDDI_RIPERMISSIONING,ATTIVO
cristallo.ro@bestwestern.it,,,,,SIC-469828,,,SICUREZZA,0,L1_FREDDI_RIPERMISSIONING,ATTIVO
cristina.martinoli@monza.pecavvocati.it,,,,,SIC-539291,,,SICUREZZA,0,L1_FREDDI_RIPERMISSIONING,ATTIVO
cta@ctabenini.191.it,,,,,SIC-689972,,,SICUREZZA,0,L1_FREDDI_RIPERMISSIONING,ATTIVO
darioelettriko@gmail.com,,,,,SIC-113636,,,SICUREZZA,0,L1_FREDDI_RIPERMISSIONING,ATTIVO
defrancomaricamaria@hotmail.com,,,,,SIC-364886,,,SICUREZZA,0,L1_FREDDI_RIPERMISSIONING,ATTIVO
deltalavori@gmail.com,,,,,SIC-694413,,,SICUREZZA,0,L1_FREDDI_RIPERMISSIONING,ATTIVO
delu6060@tiscali.it,,,,,SIC-150260,,,SICUREZZA,0,L1_FREDDI_RIPERMISSIONING,ATTIVO
despina.zoura@gmail.com,,,,,SIC-360006,,,SICUREZZA,0,L1_FREDDI_RIPERMISSIONING,ATTIVO
diego_78@libero.it,,,,,SIC-173404,,,SICUREZZA,0,L1_FREDDI_RIPERMISSIONING,ATTIVO
dimarzio.francesco@pec.it,,,,,SIC-518924,,,SICUREZZA,0,L1_FREDDI_RIPERMISSIONING,ATTIVO
direzione@laecoamabile.it,,,,,SIC-926090,,,SICUREZZA,0,L1_FREDDI_RIPERMISSIONING,ATTIVO
direzione@viaggiramilli.it,,,,,SIC-945006,,,SICUREZZA,0,L1_FREDDI_RIPERMISSIONING,ATTIVO
distributori@deltaenergy.it,,,,,SIC-971523,,,SICUREZZA,0,L1_FREDDI_RIPERMISSIONING,ATTIVO
dolce_salato@alice.it,,,,,SIC-805335,,,SICUREZZA,0,L1_FREDDI_RIPERMISSIONING,ATTIVO
donatella.ianelli@legalpena.it,,,,,SIC-115608,,,SICUREZZA,0,L1_FREDDI_RIPERMISSIONING,ATTIVO
dos.srls@legalmail.it,,,,,SIC-932378,,,SICUREZZA,0,L1_FREDDI_RIPERMISSIONING,ATTIVO
doumbiasounga17061994sido@glail.com,,,,,SIC-954688,,,SICUREZZA,0,L1_FREDDI_RIPERMISSIONING,ATTIVO
doumbiasoungali17061994sido@gmail.com,,,,,SIC-926409,,,SICUREZZA,0,L1_FREDDI_RIPERMISSIONING,ATTIVO
doumbiasoungalo17061194sido@gmail.com,,,,,SIC-205412,,,SICUREZZA,0,L1_FREDDI_RIPERMISSIONING,ATTIVO
doumbiasoungalo17061994sido@gmail.com,,,,,SIC-501110,,,SICUREZZA,0,L1_FREDDI_RIPERMISSIONING,ATTIVO
doumbiasoungalo17061994sifo@gmail.com,,,,,SIC-374044,,,SICUREZZA,0,L1_FREDDI_RIPERMISSIONING,ATTIVO
doumbiasoungalo17061994soido@gmail.com,,,,,SIC-157439,,,SICUREZZA,0,L1_FREDDI_RIPERMISSIONING,ATTIVO
doumbiasoungalo17061994sudo@gmail.com,,,,,SIC-900712,,,SICUREZZA,0,L1_FREDDI_RIPERMISSIONING,ATTIVO
doumbiasoungalo17061995sido@gmail.com,,,,,SIC-374219,,,SICUREZZA,0,L1_FREDDI_RIPERMISSIONING,ATTIVO
doumbiasoungla17061994sido@gmail.com,,,,,SIC-192607,,,SICUREZZA,0,L1_FREDDI_RIPERMISSIONING,ATTIVO
doumbiasounglo17061994sido@gmail.com,,,,,SIC-995891,,,SICUREZZA,0,L1_FREDDI_RIPERMISSIONING,ATTIVO
duclydavide@gmail.com,,,,,SIC-986467,,,SICUREZZA,0,L1_FREDDI_RIPERMISSIONING,ATTIVO
dunarossa@dunarossa.com,,,,,SIC-243248,,,SICUREZZA,0,L1_FREDDI_RIPERMISSIONING,ATTIVO
e.orlando@ogcostruzioni.it,,,,,SIC-377006,,,SICUREZZA,0,L1_FREDDI_RIPERMISSIONING,ATTIVO
ele8327@libero.it,,,,,SIC-680669,,,SICUREZZA,0,L1_FREDDI_RIPERMISSIONING,ATTIVO
elek.noggler@rolmail.net,,,,,SIC-277513,,,SICUREZZA,0,L1_FREDDI_RIPERMISSIONING,ATTIVO
elektro.almberger@dnet.it,,,,,SIC-214869,,,SICUREZZA,0,L1_FREDDI_RIPERMISSIONING,ATTIVO
elektro@kuewo.it,,,,,SIC-820601,,,SICUREZZA,0,L1_FREDDI_RIPERMISSIONING,ATTIVO
elena.mapelli@monza.pecavvocati.it,,,,,SIC-008597,,,SICUREZZA,0,L1_FREDDI_RIPERMISSIONING,ATTIVO
elenamapelli@virgilio.it,,,,,SIC-849011,,,SICUREZZA,0,L1_FREDDI_RIPERMISSIONING,ATTIVO
emilio.bonvecchio@gmail.com,,,,,SIC-594746,,,SICUREZZA,0,L1_FREDDI_RIPERMISSIONING,ATTIVO
endi.mar@hotmail.it,,,,,SIC-862188,,,SICUREZZA,0,L1_FREDDI_RIPERMISSIONING,ATTIVO
energymsport@outlook.com,,,,,SIC-825997,,,SICUREZZA,0,L1_FREDDI_RIPERMISSIONING,ATTIVO
enrico.villani@studiovillani.it,,,,,SIC-239275,,,SICUREZZA,0,L1_FREDDI_RIPERMISSIONING,ATTIVO
eurobrico@eurobrico.com,,,,,SIC-691809,,,SICUREZZA,0,L1_FREDDI_RIPERMISSIONING,ATTIVO
f.brambilla@monza.pecavvocati.it,,,,,SIC-876348,,,SICUREZZA,0,L1_FREDDI_RIPERMISSIONING,ATTIVO
f.nicolussi@ggalli-avvocato.it,,,,,SIC-655775,,,SICUREZZA,0,L1_FREDDI_RIPERMISSIONING,ATTIVO
f.nicolussi@monza.pecavvocati.it,,,,,SIC-800406,,,SICUREZZA,0,L1_FREDDI_RIPERMISSIONING,ATTIVO
fabriano@iconpalestre.it,,,,,SIC-495987,,,SICUREZZA,0,L1_FREDDI_RIPERMISSIONING,ATTIVO
falegnameriacoral@gmail.com,,,,,SIC-432168,,,SICUREZZA,0,L1_FREDDI_RIPERMISSIONING,ATTIVO
falko.rosso@libero.it,,,,,SIC-301540,,,SICUREZZA,0,L1_FREDDI_RIPERMISSIONING,ATTIVO
fallini129@gmail.com,,,,,SIC-425753,,,SICUREZZA,0,L1_FREDDI_RIPERMISSIONING,ATTIVO
fano@randstad.it,,,,,SIC-831146,,,SICUREZZA,0,L1_FREDDI_RIPERMISSIONING,ATTIVO
fattoria@lavialla.it,,,,,SIC-177265,,,SICUREZZA,0,L1_FREDDI_RIPERMISSIONING,ATTIVO
fattoriabellosguardo@gmail.com,,,,,SIC-980953,,,SICUREZZA,0,L1_FREDDI_RIPERMISSIONING,ATTIVO
fdf@pixelefoto.it,,,,,SIC-199655,,,SICUREZZA,0,L1_FREDDI_RIPERMISSIONING,ATTIVO
federica.alberti@monza.pecavvocati.it,,,,,SIC-668417,,,SICUREZZA,0,L1_FREDDI_RIPERMISSIONING,ATTIVO
fefe7330@gmail.com,,,,,SIC-213086,,,SICUREZZA,0,L1_FREDDI_RIPERMISSIONING,ATTIVO
felixch@tiscali.it,,,,,SIC-168111,,,SICUREZZA,0,L1_FREDDI_RIPERMISSIONING,ATTIVO
fidart@fidart.it,,,,,SIC-106143,,,SICUREZZA,0,L1_FREDDI_RIPERMISSIONING,ATTIVO
filippo.cristoni@gmail.com,,,,,SIC-683008,,,SICUREZZA,0,L1_FREDDI_RIPERMISSIONING,ATTIVO
fink@finktools.com,,,,,SIC-509958,,,SICUREZZA,0,L1_FREDDI_RIPERMISSIONING,ATTIVO
fit.well@libero.it,,,,,SIC-868675,,,SICUREZZA,0,L1_FREDDI_RIPERMISSIONING,ATTIVO
flafolg76@libero.it,,,,,SIC-591112,,,SICUREZZA,0,L1_FREDDI_RIPERMISSIONING,ATTIVO
formazione@collegio.geometri.ro.it,,,,,SIC-639036,,,SICUREZZA,0,L1_FREDDI_RIPERMISSIONING,ATTIVO
francescomorisrl@gmail.com,,,,,SIC-485308,,,SICUREZZA,0,L1_FREDDI_RIPERMISSIONING,ATTIVO
fratellicherchi@fratellicherchi.it,,,,,SIC-301440,,,SICUREZZA,0,L1_FREDDI_RIPERMISSIONING,ATTIVO
fregugliajuri@gmail.com,,,,,SIC-347737,,,SICUREZZA,0,L1_FREDDI_RIPERMISSIONING,ATTIVO
friulivg@coldiretti.it,,,,,SIC-195198,,,SICUREZZA,0,L1_FREDDI_RIPERMISSIONING,ATTIVO
frontoffice@hearthotelmilano.it,,,,,SIC-093232,,,SICUREZZA,0,L1_FREDDI_RIPERMISSIONING,ATTIVO
fy2672@gmail.com,,,,,SIC-314620,,,SICUREZZA,0,L1_FREDDI_RIPERMISSIONING,ATTIVO
g.fiorenzato@ispettorato.gov.it,,,,,SIC-956252,,,SICUREZZA,0,L1_FREDDI_RIPERMISSIONING,ATTIVO
g.galli@ggalli-avvocato.it,,,,,SIC-374919,,,SICUREZZA,0,L1_FREDDI_RIPERMISSIONING,ATTIVO
g.galli@monza.pecavvocati.it,,,,,SIC-649289,,,SICUREZZA,0,L1_FREDDI_RIPERMISSIONING,ATTIVO
gabriele.minoggio@gmail.com,,,,,SIC-992638,,,SICUREZZA,0,L1_FREDDI_RIPERMISSIONING,ATTIVO
galileo.pd@bestwestern.it,,,,,SIC-360506,,,SICUREZZA,0,L1_FREDDI_RIPERMISSIONING,ATTIVO
gardena@studio-datafin.it,,,,,SIC-895998,,,SICUREZZA,0,L1_FREDDI_RIPERMISSIONING,ATTIVO
gc28722@gmail.com,,,,,SIC-949099,,,SICUREZZA,0,L1_FREDDI_RIPERMISSIONING,ATTIVO
gcab5197@gmail.com,,,,,SIC-923513,,,SICUREZZA,0,L1_FREDDI_RIPERMISSIONING,ATTIVO
geodesign@geodesignassociati.it,,,,,SIC-073987,,,SICUREZZA,0,L1_FREDDI_RIPERMISSIONING,ATTIVO
geomsosic@libero.it,,,,,SIC-538022,,,SICUREZZA,0,L1_FREDDI_RIPERMISSIONING,ATTIVO
gerhard.hellrigl@rolmail.net,,,,,SIC-185495,,,SICUREZZA,0,L1_FREDDI_RIPERMISSIONING,ATTIVO
gestionedico@gmail.com,,,,,SIC-059916,,,SICUREZZA,0,L1_FREDDI_RIPERMISSIONING,ATTIVO
gestionedocumenticlientimerciaida@posteitaliane.it,,,,,SIC-867202,,,SICUREZZA,0,L1_FREDDI_RIPERMISSIONING,ATTIVO
gestsdbviaairenti_l492245a@di-net.it,,,,,SIC-255485,,,SICUREZZA,0,L1_FREDDI_RIPERMISSIONING,ATTIVO
gesu2406@gmail.com,,,,,SIC-926892,,,SICUREZZA,0,L1_FREDDI_RIPERMISSIONING,ATTIVO
gianpierocatelli@gmail.com,,,,,SIC-163609,,,SICUREZZA,0,L1_FREDDI_RIPERMISSIONING,ATTIVO
giovannipetr@hotmail.it,,,,,SIC-258985,,,SICUREZZA,0,L1_FREDDI_RIPERMISSIONING,ATTIVO
giuseppe.grisorio@gmail.com,,,,,SIC-582603,,,SICUREZZA,0,L1_FREDDI_RIPERMISSIONING,ATTIVO
giuseppe.voto@alice.it,,,,,SIC-637817,,,SICUREZZA,0,L1_FREDDI_RIPERMISSIONING,ATTIVO
gmc_l400240b@di-net.it,,,,,SIC-609597,,,SICUREZZA,0,L1_FREDDI_RIPERMISSIONING,ATTIVO
goasa_hotel@hilton.com,,,,,SIC-224789,,,SICUREZZA,0,L1_FREDDI_RIPERMISSIONING,ATTIVO
herbae@agrisauch.com,,,,,SIC-117905,,,SICUREZZA,0,L1_FREDDI_RIPERMISSIONING,ATTIVO
hesa@hesa.com,,,,,SIC-069753,,,SICUREZZA,0,L1_FREDDI_RIPERMISSIONING,ATTIVO
hm@hotelmiage.it,,,,,SIC-759040,,,SICUREZZA,0,L1_FREDDI_RIPERMISSIONING,ATTIVO
hotel@arenzano.org,,,,,SIC-483743,,,SICUREZZA,0,L1_FREDDI_RIPERMISSIONING,ATTIVO
hotelbalbi@inwind.it,,,,,SIC-768527,,,SICUREZZA,0,L1_FREDDI_RIPERMISSIONING,ATTIVO
hotelsavoy@hotelsavoy.it,,,,,SIC-191285,,,SICUREZZA,0,L1_FREDDI_RIPERMISSIONING,ATTIVO
hotelsilla@hotelsilla.it,,,,,SIC-342725,,,SICUREZZA,0,L1_FREDDI_RIPERMISSIONING,ATTIVO
hub@dolomeet.com,,,,,SIC-236134,,,SICUREZZA,0,L1_FREDDI_RIPERMISSIONING,ATTIVO
iannoneandpartners@gmail.com,,,,,SIC-295715,,,SICUREZZA,0,L1_FREDDI_RIPERMISSIONING,ATTIVO
idroclimatica@hotmail.com,,,,,SIC-052239,,,SICUREZZA,0,L1_FREDDI_RIPERMISSIONING,ATTIVO
idrotermica.effepi@libero.it,,,,,SIC-658097,,,SICUREZZA,0,L1_FREDDI_RIPERMISSIONING,ATTIVO
ilchiosco.senigallia@gmail.com,,,,,SIC-412840,,,SICUREZZA,0,L1_FREDDI_RIPERMISSIONING,ATTIVO
ilyb1982@libero.it,,,,,SIC-708318,,,SICUREZZA,0,L1_FREDDI_RIPERMISSIONING,ATTIVO
imola.lamalfa@gigroup.com,,,,,SIC-811962,,,SICUREZZA,0,L1_FREDDI_RIPERMISSIONING,ATTIVO
imola@iconpalestre.it,,,,,SIC-740665,,,SICUREZZA,0,L1_FREDDI_RIPERMISSIONING,ATTIVO
imperia.repubblica@adecco.it,,,,,SIC-553641,,,SICUREZZA,0,L1_FREDDI_RIPERMISSIONING,ATTIVO
imperia@anmil.it,,,,,SIC-094743,,,SICUREZZA,0,L1_FREDDI_RIPERMISSIONING,ATTIVO
imperia@ristrutturapoint.it,,,,,SIC-769778,,,SICUREZZA,0,L1_FREDDI_RIPERMISSIONING,ATTIVO
info.cpi.vercelli@provincia.vercelli.it,,,,,SIC-683639,,,SICUREZZA,0,L1_FREDDI_RIPERMISSIONING,ATTIVO
info.doriagrandhotel@adihotels.com,,,,,SIC-518117,,,SICUREZZA,0,L1_FREDDI_RIPERMISSIONING,ATTIVO
info.fbs.srl@gmail.com,,,,,SIC-960088,,,SICUREZZA,0,L1_FREDDI_RIPERMISSIONING,ATTIVO
info.tec@impresagalbiati.it,,,,,SIC-728082,,,SICUREZZA,0,L1_FREDDI_RIPERMISSIONING,ATTIVO
info089@brt.it,,,,,SIC-951359,,,SICUREZZA,0,L1_FREDDI_RIPERMISSIONING,ATTIVO
info128@brt.it,,,,,SIC-388794,,,SICUREZZA,0,L1_FREDDI_RIPERMISSIONING,ATTIVO
info@3cpowersrl.com,,,,,SIC-671603,,,SICUREZZA,0,L1_FREDDI_RIPERMISSIONING,ATTIVO
info@59sportvillage.com,,,,,SIC-330717,,,SICUREZZA,0,L1_FREDDI_RIPERMISSIONING,ATTIVO
info@aakon.it,,,,,SIC-230050,,,SICUREZZA,0,L1_FREDDI_RIPERMISSIONING,ATTIVO
info@abretiodesign.it,,,,,SIC-536380,,,SICUREZZA,0,L1_FREDDI_RIPERMISSIONING,ATTIVO
info@acritech.it,,,,,SIC-032261,,,SICUREZZA,0,L1_FREDDI_RIPERMISSIONING,ATTIVO
info@acrobatica.it,,,,,SIC-261284,,,SICUREZZA,0,L1_FREDDI_RIPERMISSIONING,ATTIVO
info@aeromodellismofano.net,,,,,SIC-846526,,,SICUREZZA,0,L1_FREDDI_RIPERMISSIONING,ATTIVO
info@aftmult.com,,,,,SIC-786425,,,SICUREZZA,0,L1_FREDDI_RIPERMISSIONING,ATTIVO
info@ageagomma.it,,,,,SIC-749783,,,SICUREZZA,0,L1_FREDDI_RIPERMISSIONING,ATTIVO
info@agrie.it,,,,,SIC-442062,,,SICUREZZA,0,L1_FREDDI_RIPERMISSIONING,ATTIVO
info@agriturismoguadocannavina.net,,,,,SIC-935587,,,SICUREZZA,0,L1_FREDDI_RIPERMISSIONING,ATTIVO
info@agriturismovilladellerose.it,,,,,SIC-507109,,,SICUREZZA,0,L1_FREDDI_RIPERMISSIONING,ATTIVO
info@airnet.it,,,,,SIC-102023,,,SICUREZZA,0,L1_FREDDI_RIPERMISSIONING,ATTIVO
info@albergoarena.com,,,,,SIC-706114,,,SICUREZZA,0,L1_FREDDI_RIPERMISSIONING,ATTIVO
info@albergoboscomagnano.it,,,,,SIC-775331,,,SICUREZZA,0,L1_FREDDI_RIPERMISSIONING,ATTIVO
info@albergocantiani.it,,,,,SIC-275441,,,SICUREZZA,0,L1_FREDDI_RIPERMISSIONING,ATTIVO
info@albergocarla.it,,,,,SIC-785427,,,SICUREZZA,0,L1_FREDDI_RIPERMISSIONING,ATTIVO
info@albergolaprimula.it,,,,,SIC-058873,,,SICUREZZA,0,L1_FREDDI_RIPERMISSIONING,ATTIVO
info@albergonovecento.com,,,,,SIC-352523,,,SICUREZZA,0,L1_FREDDI_RIPERMISSIONING,ATTIVO
info@albergosantemidio.it,,,,,SIC-903542,,,SICUREZZA,0,L1_FREDDI_RIPERMISSIONING,ATTIVO
info@aleambiente.it,,,,,SIC-407421,,,SICUREZZA,0,L1_FREDDI_RIPERMISSIONING,ATTIVO
info@alessandropoliti.com,,,,,SIC-069271,,,SICUREZZA,0,L1_FREDDI_RIPERMISSIONING,ATTIVO
info@alljollisports.com,,,,,SIC-558046,,,SICUREZZA,0,L1_FREDDI_RIPERMISSIONING,ATTIVO
info@alpenfood.it,,,,,SIC-996875,,,SICUREZZA,0,L1_FREDDI_RIPERMISSIONING,ATTIVO
info@alpescatore.org,,,,,SIC-012705,,,SICUREZZA,0,L1_FREDDI_RIPERMISSIONING,ATTIVO
info@alpsfloor.com,,,,,SIC-641740,,,SICUREZZA,0,L1_FREDDI_RIPERMISSIONING,ATTIVO
info@amadeiautomation.it,,,,,SIC-635078,,,SICUREZZA,0,L1_FREDDI_RIPERMISSIONING,ATTIVO
info@ambientegrumei.it,,,,,SIC-818958,,,SICUREZZA,0,L1_FREDDI_RIPERMISSIONING,ATTIVO
info@amerigo1934.it,,,,,SIC-171649,,,SICUREZZA,0,L1_FREDDI_RIPERMISSIONING,ATTIVO
info@amicidelnuoto.it,,,,,SIC-342817,,,SICUREZZA,0,L1_FREDDI_RIPERMISSIONING,ATTIVO
info@anjoka.it,,,,,SIC-551954,,,SICUREZZA,0,L1_FREDDI_RIPERMISSIONING,ATTIVO
info@annahotel.com,,,,,SIC-208744,,,SICUREZZA,0,L1_FREDDI_RIPERMISSIONING,ATTIVO
info@antemotion.com,,,,,SIC-952450,,,SICUREZZA,0,L1_FREDDI_RIPERMISSIONING,ATTIVO
info@anticatavernadelprincipe.com,,,,,SIC-312083,,,SICUREZZA,0,L1_FREDDI_RIPERMISSIONING,ATTIVO
info@apamravenna.it,,,,,SIC-710512,,,SICUREZZA,0,L1_FREDDI_RIPERMISSIONING,ATTIVO
info@apparita.it,,,,,SIC-124927,,,SICUREZZA,0,L1_FREDDI_RIPERMISSIONING,ATTIVO
info@arbaree.com,,,,,SIC-253378,,,SICUREZZA,0,L1_FREDDI_RIPERMISSIONING,ATTIVO
info@archeoutdoordesign.it,,,,,SIC-101800,,,SICUREZZA,0,L1_FREDDI_RIPERMISSIONING,ATTIVO
info@architekt-fritz.com,,,,,SIC-340168,,,SICUREZZA,0,L1_FREDDI_RIPERMISSIONING,ATTIVO
info@arnaboldimarmi.it,,,,,SIC-464557,,,SICUREZZA,0,L1_FREDDI_RIPERMISSIONING,ATTIVO
info@ars-manufactorea.com,,,,,SIC-723964,,,SICUREZZA,0,L1_FREDDI_RIPERMISSIONING,ATTIVO
info@arteferrosrl.it,,,,,SIC-006112,,,SICUREZZA,0,L1_FREDDI_RIPERMISSIONING,ATTIVO
info@ascolicalcio1898.it,,,,,SIC-822911,,,SICUREZZA,0,L1_FREDDI_RIPERMISSIONING,ATTIVO
info@athleticclubpesaro.it,,,,,SIC-301753,,,SICUREZZA,0,L1_FREDDI_RIPERMISSIONING,ATTIVO
info@augustahotel.it,,,,,SIC-750119,,,SICUREZZA,0,L1_FREDDI_RIPERMISSIONING,ATTIVO
info@autoepi.com,,,,,SIC-255778,,,SICUREZZA,0,L1_FREDDI_RIPERMISSIONING,ATTIVO
info@autofficinaciolli.it,,,,,SIC-178301,,,SICUREZZA,0,L1_FREDDI_RIPERMISSIONING,ATTIVO
info@autoricambicolantuono.it,,,,,SIC-427409,,,SICUREZZA,0,L1_FREDDI_RIPERMISSIONING,ATTIVO
info@auxesiavillage.it,,,,,SIC-673267,,,SICUREZZA,0,L1_FREDDI_RIPERMISSIONING,ATTIVO
info@avvocatorobertaresta.com,,,,,SIC-989664,,,SICUREZZA,0,L1_FREDDI_RIPERMISSIONING,ATTIVO
info@aziendaagricolahortus.com,,,,,SIC-625394,,,SICUREZZA,0,L1_FREDDI_RIPERMISSIONING,ATTIVO
info@aziendaagricolarizza.it,,,,,SIC-183008,,,SICUREZZA,0,L1_FREDDI_RIPERMISSIONING,ATTIVO
info@bachamp1826.com,,,,,SIC-366513,,,SICUREZZA,0,L1_FREDDI_RIPERMISSIONING,ATTIVO
info@badiailvingone.it,,,,,SIC-698037,,,SICUREZZA,0,L1_FREDDI_RIPERMISSIONING,ATTIVO
info@bajta.it,,,,,SIC-943330,,,SICUREZZA,0,L1_FREDDI_RIPERMISSIONING,ATTIVO
info@baldauf-bau.com,,,,,SIC-971303,,,SICUREZZA,0,L1_FREDDI_RIPERMISSIONING,ATTIVO
info@banfisrl.com,,,,,SIC-789974,,,SICUREZZA,0,L1_FREDDI_RIPERMISSIONING,ATTIVO
info@barberistufe.com,,,,,SIC-971378,,,SICUREZZA,0,L1_FREDDI_RIPERMISSIONING,ATTIVO
info@barmagenta.it,,,,,SIC-666411,,,SICUREZZA,0,L1_FREDDI_RIPERMISSIONING,ATTIVO
info@bblucy.it,,,,,SIC-579744,,,SICUREZZA,0,L1_FREDDI_RIPERMISSIONING,ATTIVO
info@beltcostruzioni.it,,,,,SIC-034428,,,SICUREZZA,0,L1_FREDDI_RIPERMISSIONING,ATTIVO
info@benesserelaviola.it,,,,,SIC-487150,,,SICUREZZA,0,L1_FREDDI_RIPERMISSIONING,ATTIVO
info@beratungsring.org,,,,,SIC-984942,,,SICUREZZA,0,L1_FREDDI_RIPERMISSIONING,ATTIVO
info@bermartec.com,,,,,SIC-029789,,,SICUREZZA,0,L1_FREDDI_RIPERMISSIONING,ATTIVO
info@besolutions.it,,,,,SIC-036629,,,SICUREZZA,0,L1_FREDDI_RIPERMISSIONING,ATTIVO
info@biancobluviaggi.com,,,,,SIC-814437,,,SICUREZZA,0,L1_FREDDI_RIPERMISSIONING,ATTIVO
info@bistrotramet.com,,,,,SIC-347131,,,SICUREZZA,0,L1_FREDDI_RIPERMISSIONING,ATTIVO
info@bmpcomed.com,,,,,SIC-077517,,,SICUREZZA,0,L1_FREDDI_RIPERMISSIONING,ATTIVO
info@bolognapaintball.it,,,,,SIC-735957,,,SICUREZZA,0,L1_FREDDI_RIPERMISSIONING,ATTIVO
info@boomerangcharter.com,,,,,SIC-278372,,,SICUREZZA,0,L1_FREDDI_RIPERMISSIONING,ATTIVO
info@brandnamic.com,,,,,SIC-681378,,,SICUREZZA,0,L1_FREDDI_RIPERMISSIONING,ATTIVO
info@brondolin.it,,,,,SIC-947063,,,SICUREZZA,0,L1_FREDDI_RIPERMISSIONING,ATTIVO
info@busmiccolis.it,,,,,SIC-188261,,,SICUREZZA,0,L1_FREDDI_RIPERMISSIONING,ATTIVO
info@cadeven.it,,,,,SIC-962772,,,SICUREZZA,0,L1_FREDDI_RIPERMISSIONING,ATTIVO
info@cadlalevra.it,,,,,SIC-032732,,,SICUREZZA,0,L1_FREDDI_RIPERMISSIONING,ATTIVO
info@caen.it,,,,,SIC-255821,,,SICUREZZA,0,L1_FREDDI_RIPERMISSIONING,ATTIVO
info@caffemeletti.it,,,,,SIC-471753,,,SICUREZZA,0,L1_FREDDI_RIPERMISSIONING,ATTIVO
info@caffesicilia.it,,,,,SIC-277629,,,SICUREZZA,0,L1_FREDDI_RIPERMISSIONING,ATTIVO
info@calandrini.it,,,,,SIC-678406,,,SICUREZZA,0,L1_FREDDI_RIPERMISSIONING,ATTIVO
info@caleffionoranzefunebri.com,,,,,SIC-699000,,,SICUREZZA,0,L1_FREDDI_RIPERMISSIONING,ATTIVO
info@calicerosso.it,,,,,SIC-970196,,,SICUREZZA,0,L1_FREDDI_RIPERMISSIONING,ATTIVO
info@californiaclub.eu,,,,,SIC-736589,,,SICUREZZA,0,L1_FREDDI_RIPERMISSIONING,ATTIVO
info@cantinatramin.it,,,,,SIC-902907,,,SICUREZZA,0,L1_FREDDI_RIPERMISSIONING,ATTIVO
info@cantinedelisio.com,,,,,SIC-335574,,,SICUREZZA,0,L1_FREDDI_RIPERMISSIONING,ATTIVO
info@cantinezanchi.it,,,,,SIC-503230,,,SICUREZZA,0,L1_FREDDI_RIPERMISSIONING,ATTIVO
info@capaccioli.net,,,,,SIC-973990,,,SICUREZZA,0,L1_FREDDI_RIPERMISSIONING,ATTIVO
info@capitoloriviera.com,,,,,SIC-770352,,,SICUREZZA,0,L1_FREDDI_RIPERMISSIONING,ATTIVO
info@carenproject.com,,,,,SIC-121096,,,SICUREZZA,0,L1_FREDDI_RIPERMISSIONING,ATTIVO
info@carlafailela.it,,,,,SIC-757334,,,SICUREZZA,0,L1_FREDDI_RIPERMISSIONING,ATTIVO
info@carlodelfinoeditore.it,,,,,SIC-088451,,,SICUREZZA,0,L1_FREDDI_RIPERMISSIONING,ATTIVO
info@caroppo.com,,,,,SIC-293004,,,SICUREZZA,0,L1_FREDDI_RIPERMISSIONING,ATTIVO
info@casadellorso.it,,,,,SIC-284514,,,SICUREZZA,0,L1_FREDDI_RIPERMISSIONING,ATTIVO
info@casadorsi.com,,,,,SIC-815190,,,SICUREZZA,0,L1_FREDDI_RIPERMISSIONING,ATTIVO
info@castagnetodelcasone.it,,,,,SIC-119700,,,SICUREZZA,0,L1_FREDDI_RIPERMISSIONING,ATTIVO
info@castellegno.it,,,,,SIC-690533,,,SICUREZZA,0,L1_FREDDI_RIPERMISSIONING,ATTIVO
info@ccode.net,,,,,SIC-979685,,,SICUREZZA,0,L1_FREDDI_RIPERMISSIONING,ATTIVO
info@cdsbrescia.com,,,,,SIC-321001,,,SICUREZZA,0,L1_FREDDI_RIPERMISSIONING,ATTIVO
info@centotorri.it,,,,,SIC-340146,,,SICUREZZA,0,L1_FREDDI_RIPERMISSIONING,ATTIVO
info@centrosportivolapineta.com,,,,,SIC-666052,,,SICUREZZA,0,L1_FREDDI_RIPERMISSIONING,ATTIVO
info@chellitaliana.it,,,,,SIC-546014,,,SICUREZZA,0,L1_FREDDI_RIPERMISSIONING,ATTIVO
info@ciemme-noleggio.it,,,,,SIC-894375,,,SICUREZZA,0,L1_FREDDI_RIPERMISSIONING,ATTIVO
info@circolomazzini.it,,,,,SIC-376039,,,SICUREZZA,0,L1_FREDDI_RIPERMISSIONING,ATTIVO
info@circolotennismatera.it,,,,,SIC-040483,,,SICUREZZA,0,L1_FREDDI_RIPERMISSIONING,ATTIVO
info@circuitointernazionaledabruzzo.it,,,,,SIC-052076,,,SICUREZZA,0,L1_FREDDI_RIPERMISSIONING,ATTIVO
info@cirionitrasporti.it,,,,,SIC-570356,,,SICUREZZA,0,L1_FREDDI_RIPERMISSIONING,ATTIVO
info@cmsbuilt.it,,,,,SIC-692582,,,SICUREZZA,0,L1_FREDDI_RIPERMISSIONING,ATTIVO
info@cnasicurezza.it,,,,,SIC-325988,,,SICUREZZA,0,L1_FREDDI_RIPERMISSIONING,ATTIVO
info@codever.it,,,,,SIC-970772,,,SICUREZZA,0,L1_FREDDI_RIPERMISSIONING,ATTIVO
info@colorandmore.it,,,,,SIC-980038,,,SICUREZZA,0,L1_FREDDI_RIPERMISSIONING,ATTIVO
info@comped.it,,,,,SIC-384325,,,SICUREZZA,0,L1_FREDDI_RIPERMISSIONING,ATTIVO
info@condaghes.it,,,,,SIC-508265,,,SICUREZZA,0,L1_FREDDI_RIPERMISSIONING,ATTIVO
info@conduk.com,,,,,SIC-204612,,,SICUREZZA,0,L1_FREDDI_RIPERMISSIONING,ATTIVO
info@consisto.it,,,,,SIC-740346,,,SICUREZZA,0,L1_FREDDI_RIPERMISSIONING,ATTIVO
info@cooperativalagorai.it,,,,,SIC-554300,,,SICUREZZA,0,L1_FREDDI_RIPERMISSIONING,ATTIVO
info@coopportabagagli.it,,,,,SIC-825426,,,SICUREZZA,0,L1_FREDDI_RIPERMISSIONING,ATTIVO
info@cosmetinfissi.it,,,,,SIC-631952,,,SICUREZZA,0,L1_FREDDI_RIPERMISSIONING,ATTIVO
info@cozzarolo.it,,,,,SIC-122342,,,SICUREZZA,0,L1_FREDDI_RIPERMISSIONING,ATTIVO
info@cruisingcharter.it,,,,,SIC-589561,,,SICUREZZA,0,L1_FREDDI_RIPERMISSIONING,ATTIVO
info@csaenergy.it,,,,,SIC-320312,,,SICUREZZA,0,L1_FREDDI_RIPERMISSIONING,ATTIVO
info@d4life.it,,,,,SIC-887295,,,SICUREZZA,0,L1_FREDDI_RIPERMISSIONING,ATTIVO
info@dalbacostruzioni.it,,,,,SIC-857300,,,SICUREZZA,0,L1_FREDDI_RIPERMISSIONING,ATTIVO
info@danceworks.it,,,,,SIC-050746,,,SICUREZZA,0,L1_FREDDI_RIPERMISSIONING,ATTIVO
info@dancingtris.it,,,,,SIC-517848,,,SICUREZZA,0,L1_FREDDI_RIPERMISSIONING,ATTIVO
info@datasapiens.online,,,,,SIC-450733,,,SICUREZZA,0,L1_FREDDI_RIPERMISSIONING,ATTIVO
info@datef.it,,,,,SIC-121647,,,SICUREZZA,0,L1_FREDDI_RIPERMISSIONING,ATTIVO
info@degiorgioint.it,,,,,SIC-424221,,,SICUREZZA,0,L1_FREDDI_RIPERMISSIONING,ATTIVO
info@dekostudio.it,,,,,SIC-468968,,,SICUREZZA,0,L1_FREDDI_RIPERMISSIONING,ATTIVO
info@develer.com,,,,,SIC-431829,,,SICUREZZA,0,L1_FREDDI_RIPERMISSIONING,ATTIVO
info@dimesrl.com,,,,,SIC-571396,,,SICUREZZA,0,L1_FREDDI_RIPERMISSIONING,ATTIVO
info@divus.eu,,,,,SIC-127086,,,SICUREZZA,0,L1_FREDDI_RIPERMISSIONING,ATTIVO
info@dojokenshiroabbe.it,,,,,SIC-648282,,,SICUREZZA,0,L1_FREDDI_RIPERMISSIONING,ATTIVO
info@domushotelbagnoli.it,,,,,SIC-908765,,,SICUREZZA,0,L1_FREDDI_RIPERMISSIONING,ATTIVO
info@dp-dental.it,,,,,SIC-832792,,,SICUREZZA,0,L1_FREDDI_RIPERMISSIONING,ATTIVO
info@dubbini.it,,,,,SIC-140675,,,SICUREZZA,0,L1_FREDDI_RIPERMISSIONING,ATTIVO
info@ecoce.it,,,,,SIC-297356,,,SICUREZZA,0,L1_FREDDI_RIPERMISSIONING,ATTIVO
info@ecorecupero.it,,,,,SIC-795712,,,SICUREZZA,0,L1_FREDDI_RIPERMISSIONING,ATTIVO
info@ediliziacrobatica.com,,,,,SIC-568215,,,SICUREZZA,0,L1_FREDDI_RIPERMISSIONING,ATTIVO
info@elektro-winkler.it,,,,,SIC-816607,,,SICUREZZA,0,L1_FREDDI_RIPERMISSIONING,ATTIVO
info@elektrokainz.com,,,,,SIC-141976,,,SICUREZZA,0,L1_FREDDI_RIPERMISSIONING,ATTIVO
info@elektromarschall.it,,,,,SIC-802502,,,SICUREZZA,0,L1_FREDDI_RIPERMISSIONING,ATTIVO
info@eletec.bz.it,,,,,SIC-760395,,,SICUREZZA,0,L1_FREDDI_RIPERMISSIONING,ATTIVO
info@elettromega.it,,,,,SIC-142392,,,SICUREZZA,0,L1_FREDDI_RIPERMISSIONING,ATTIVO
info@elettropiemme.it,,,,,SIC-777172,,,SICUREZZA,0,L1_FREDDI_RIPERMISSIONING,ATTIVO
info@empiregym.it,,,,,SIC-776375,,,SICUREZZA,0,L1_FREDDI_RIPERMISSIONING,ATTIVO
info@enahotel.it,,,,,SIC-006777,,,SICUREZZA,0,L1_FREDDI_RIPERMISSIONING,ATTIVO
info@energyclubwellness.it,,,,,SIC-772069,,,SICUREZZA,0,L1_FREDDI_RIPERMISSIONING,ATTIVO
info@engineer-baldauf.com,,,,,SIC-186550,,,SICUREZZA,0,L1_FREDDI_RIPERMISSIONING,ATTIVO
info@enobaccanti.com,,,,,SIC-070835,,,SICUREZZA,0,L1_FREDDI_RIPERMISSIONING,ATTIVO
info@enterprisehotel.com,,,,,SIC-215078,,,SICUREZZA,0,L1_FREDDI_RIPERMISSIONING,ATTIVO
info@esseticonsulting.it,,,,,SIC-400511,,,SICUREZZA,0,L1_FREDDI_RIPERMISSIONING,ATTIVO
info@excelsiorpalacepalermo.com,,,,,SIC-880562,,,SICUREZZA,0,L1_FREDDI_RIPERMISSIONING,ATTIVO
info@exvitt.it,,,,,SIC-636376,,,SICUREZZA,0,L1_FREDDI_RIPERMISSIONING,ATTIVO
info@fanellienergia.it,,,,,SIC-872112,,,SICUREZZA,0,L1_FREDDI_RIPERMISSIONING,ATTIVO
info@fattoriabucanuova.it,,,,,SIC-968095,,,SICUREZZA,0,L1_FREDDI_RIPERMISSIONING,ATTIVO
info@fedelicashmere.com,,,,,SIC-387924,,,SICUREZZA,0,L1_FREDDI_RIPERMISSIONING,ATTIVO
info@ffsporteventi.it,,,,,SIC-078566,,,SICUREZZA,0,L1_FREDDI_RIPERMISSIONING,ATTIVO
info@fgtcostruzioni.com,,,,,SIC-705858,,,SICUREZZA,0,L1_FREDDI_RIPERMISSIONING,ATTIVO
info@fisicodaurlo.com,,,,,SIC-499578,,,SICUREZZA,0,L1_FREDDI_RIPERMISSIONING,ATTIVO
info@fleischmann.bz,,,,,SIC-379509,,,SICUREZZA,0,L1_FREDDI_RIPERMISSIONING,ATTIVO
info@flyby.it,,,,,SIC-317180,,,SICUREZZA,0,L1_FREDDI_RIPERMISSIONING,ATTIVO
info@fourfit.it,,,,,SIC-351113,,,SICUREZZA,0,L1_FREDDI_RIPERMISSIONING,ATTIVO
info@fratellisarti.it,,,,,SIC-836697,,,SICUREZZA,0,L1_FREDDI_RIPERMISSIONING,ATTIVO
info@freeweight.it,,,,,SIC-186735,,,SICUREZZA,0,L1_FREDDI_RIPERMISSIONING,ATTIVO
info@funghivalentina.it,,,,,SIC-839430,,,SICUREZZA,0,L1_FREDDI_RIPERMISSIONING,ATTIVO
info@gabriellispa.it,,,,,SIC-814623,,,SICUREZZA,0,L1_FREDDI_RIPERMISSIONING,ATTIVO
info@gazzini.it,,,,,SIC-909584,,,SICUREZZA,0,L1_FREDDI_RIPERMISSIONING,ATTIVO
info@gegauto.it,,,,,SIC-375237,,,SICUREZZA,0,L1_FREDDI_RIPERMISSIONING,ATTIVO
info@gimfive.com,,,,,SIC-597727,,,SICUREZZA,0,L1_FREDDI_RIPERMISSIONING,ATTIVO
info@globogis.it,,,,,SIC-043259,,,SICUREZZA,0,L1_FREDDI_RIPERMISSIONING,ATTIVO
info@goegele.eu,,,,,SIC-822343,,,SICUREZZA,0,L1_FREDDI_RIPERMISSIONING,ATTIVO
info@graber-partner.com,,,,,SIC-237109,,,SICUREZZA,0,L1_FREDDI_RIPERMISSIONING,ATTIVO
info@gramagli.it,,,,,SIC-403821,,,SICUREZZA,0,L1_FREDDI_RIPERMISSIONING,ATTIVO
info@grecocarni.it,,,,,SIC-224740,,,SICUREZZA,0,L1_FREDDI_RIPERMISSIONING,ATTIVO
info@grisendicostruzioni.com,,,,,SIC-410157,,,SICUREZZA,0,L1_FREDDI_RIPERMISSIONING,ATTIVO
info@gruppopaterno.it,,,,,SIC-620258,,,SICUREZZA,0,L1_FREDDI_RIPERMISSIONING,ATTIVO
info@grupposimm.it,,,,,SIC-683932,,,SICUREZZA,0,L1_FREDDI_RIPERMISSIONING,ATTIVO
info@gsmsrl.it,,,,,SIC-005425,,,SICUREZZA,0,L1_FREDDI_RIPERMISSIONING,ATTIVO
info@gter.it,,,,,SIC-735538,,,SICUREZZA,0,L1_FREDDI_RIPERMISSIONING,ATTIVO
info@habitu.it,,,,,SIC-315862,,,SICUREZZA,0,L1_FREDDI_RIPERMISSIONING,ATTIVO
info@hallerdesign.it,,,,,SIC-917715,,,SICUREZZA,0,L1_FREDDI_RIPERMISSIONING,ATTIVO
info@hesa.com,,,,,SIC-974747,,,SICUREZZA,0,L1_FREDDI_RIPERMISSIONING,ATTIVO
info@hi-logic.it,,,,,SIC-099063,,,SICUREZZA,0,L1_FREDDI_RIPERMISSIONING,ATTIVO
info@hosterialuvicpdent.it,,,,,SIC-032452,,,SICUREZZA,0,L1_FREDDI_RIPERMISSIONING,ATTIVO
info@hotel-caravelle.net,,,,,SIC-962123,,,SICUREZZA,0,L1_FREDDI_RIPERMISSIONING,ATTIVO
info@hotel-negretto.com,,,,,SIC-194688,,,SICUREZZA,0,L1_FREDDI_RIPERMISSIONING,ATTIVO
info@hotel-umbria.com,,,,,SIC-978261,,,SICUREZZA,0,L1_FREDDI_RIPERMISSIONING,ATTIVO
info@hotelabbate.it,,,,,SIC-508376,,,SICUREZZA,0,L1_FREDDI_RIPERMISSIONING,ATTIVO
info@hotelaltamurgia.it,,,,,SIC-684033,,,SICUREZZA,0,L1_FREDDI_RIPERMISSIONING,ATTIVO
info@hotelaresmilano.it,,,,,SIC-472251,,,SICUREZZA,0,L1_FREDDI_RIPERMISSIONING,ATTIVO
info@hotelbellarrivo.it,,,,,SIC-352054,,,SICUREZZA,0,L1_FREDDI_RIPERMISSIONING,ATTIVO
info@hotelbontadosi.com,,,,,SIC-975353,,,SICUREZZA,0,L1_FREDDI_RIPERMISSIONING,ATTIVO
info@hotelboutondor.it,,,,,SIC-925239,,,SICUREZZA,0,L1_FREDDI_RIPERMISSIONING,ATTIVO
info@hotelcorso.net,,,,,SIC-994646,,,SICUREZZA,0,L1_FREDDI_RIPERMISSIONING,ATTIVO
info@hoteldellarosa.com,,,,,SIC-571630,,,SICUREZZA,0,L1_FREDDI_RIPERMISSIONING,ATTIVO
info@hoteldellenazioni.net,,,,,SIC-790677,,,SICUREZZA,0,L1_FREDDI_RIPERMISSIONING,ATTIVO
info@hoteldianomarina.eu,,,,,SIC-916960,,,SICUREZZA,0,L1_FREDDI_RIPERMISSIONING,ATTIVO
info@hoteldonatellofirenze.com,,,,,SIC-798397,,,SICUREZZA,0,L1_FREDDI_RIPERMISSIONING,ATTIVO
info@hoteldoriguzzi.it,,,,,SIC-700759,,,SICUREZZA,0,L1_FREDDI_RIPERMISSIONING,ATTIVO
info@hoteledenparkversilia.it,,,,,SIC-997429,,,SICUREZZA,0,L1_FREDDI_RIPERMISSIONING,ATTIVO
info@hotelesplanade.com,,,,,SIC-338825,,,SICUREZZA,0,L1_FREDDI_RIPERMISSIONING,ATTIVO
info@hotelezzelino.com,,,,,SIC-800754,,,SICUREZZA,0,L1_FREDDI_RIPERMISSIONING,ATTIVO
info@hotelfiume.com,,,,,SIC-960264,,,SICUREZZA,0,L1_FREDDI_RIPERMISSIONING,ATTIVO
info@hotelfortuna.it,,,,,SIC-061065,,,SICUREZZA,0,L1_FREDDI_RIPERMISSIONING,ATTIVO
info@hotelgenzianella.it,,,,,SIC-723091,,,SICUREZZA,0,L1_FREDDI_RIPERMISSIONING,ATTIVO
info@hotelghironi.it,,,,,SIC-884510,,,SICUREZZA,0,L1_FREDDI_RIPERMISSIONING,ATTIVO
info@hotelhelvetiagenova.it,,,,,SIC-455378,,,SICUREZZA,0,L1_FREDDI_RIPERMISSIONING,ATTIVO
info@hotelimperial.info,,,,,SIC-110747,,,SICUREZZA,0,L1_FREDDI_RIPERMISSIONING,ATTIVO
info@hotelitaliafoligno.com,,,,,SIC-109133,,,SICUREZZA,0,L1_FREDDI_RIPERMISSIONING,ATTIVO
info@hotellapace.it,,,,,SIC-790450,,,SICUREZZA,0,L1_FREDDI_RIPERMISSIONING,ATTIVO
info@hotelleriedemascognaz.com,,,,,SIC-001899,,,SICUREZZA,0,L1_FREDDI_RIPERMISSIONING,ATTIVO
info@hotelmennini.com,,,,,SIC-562449,,,SICUREZZA,0,L1_FREDDI_RIPERMISSIONING,ATTIVO
info@hotelmeridiana.it,,,,,SIC-711161,,,SICUREZZA,0,L1_FREDDI_RIPERMISSIONING,ATTIVO
info@hotelmonteconero.it,,,,,SIC-613900,,,SICUREZZA,0,L1_FREDDI_RIPERMISSIONING,ATTIVO
info@hotelmorfeomilano.com,,,,,SIC-017946,,,SICUREZZA,0,L1_FREDDI_RIPERMISSIONING,ATTIVO
info@hotelmorlacchi.it,,,,,SIC-214407,,,SICUREZZA,0,L1_FREDDI_RIPERMISSIONING,ATTIVO
info@hotelnapoleonlucca.com,,,,,SIC-094245,,,SICUREZZA,0,L1_FREDDI_RIPERMISSIONING,ATTIVO
info@hotelnapoleonpesaro.it,,,,,SIC-405266,,,SICUREZZA,0,L1_FREDDI_RIPERMISSIONING,ATTIVO
info@hoteloasieste.it,,,,,SIC-211542,,,SICUREZZA,0,L1_FREDDI_RIPERMISSIONING,ATTIVO
info@hotelpalaceonline.it,,,,,SIC-388246,,,SICUREZZA,0,L1_FREDDI_RIPERMISSIONING,ATTIVO
info@hotelpassetto.it,,,,,SIC-222642,,,SICUREZZA,0,L1_FREDDI_RIPERMISSIONING,ATTIVO
info@hotelpierfaone.it,,,,,SIC-381755,,,SICUREZZA,0,L1_FREDDI_RIPERMISSIONING,ATTIVO
info@hotelraffaellocaorle.com,,,,,SIC-251737,,,SICUREZZA,0,L1_FREDDI_RIPERMISSIONING,ATTIVO
info@hotelrepubblicamilano.com,,,,,SIC-076839,,,SICUREZZA,0,L1_FREDDI_RIPERMISSIONING,ATTIVO
info@hotelsabbiedoro.it,,,,,SIC-491196,,,SICUREZZA,0,L1_FREDDI_RIPERMISSIONING,ATTIVO
info@hotelsanclaudio.it,,,,,SIC-798403,,,SICUREZZA,0,L1_FREDDI_RIPERMISSIONING,ATTIVO
info@hotelscapolatiello.it,,,,,SIC-887764,,,SICUREZZA,0,L1_FREDDI_RIPERMISSIONING,ATTIVO
info@hotelserena-ge.it,,,,,SIC-814805,,,SICUREZZA,0,L1_FREDDI_RIPERMISSIONING,ATTIVO
info@hoteltrerose-caorle.it,,,,,SIC-863079,,,SICUREZZA,0,L1_FREDDI_RIPERMISSIONING,ATTIVO
info@hotelvillareginamargherita.it,,,,,SIC-736911,,,SICUREZZA,0,L1_FREDDI_RIPERMISSIONING,ATTIVO
info@hotelvittoriapz.it,,,,,SIC-936068,,,SICUREZZA,0,L1_FREDDI_RIPERMISSIONING,ATTIVO
info@hubandspoke.it,,,,,SIC-808904,,,SICUREZZA,0,L1_FREDDI_RIPERMISSIONING,ATTIVO
info@humusnature.it,,,,,SIC-932069,,,SICUREZZA,0,L1_FREDDI_RIPERMISSIONING,ATTIVO
info@ianchem.it,,,,,SIC-286238,,,SICUREZZA,0,L1_FREDDI_RIPERMISSIONING,ATTIVO
info@iandellimarmi.it,,,,,SIC-775645,,,SICUREZZA,0,L1_FREDDI_RIPERMISSIONING,ATTIVO
info@iit.bz.it,,,,,SIC-403135,,,SICUREZZA,0,L1_FREDDI_RIPERMISSIONING,ATTIVO
info@iksen.it,,,,,SIC-305429,,,SICUREZZA,0,L1_FREDDI_RIPERMISSIONING,ATTIVO
info@ilisso.it,,,,,SIC-759115,,,SICUREZZA,0,L1_FREDDI_RIPERMISSIONING,ATTIVO
info@ilpiccologiardino.it,,,,,SIC-321680,,,SICUREZZA,0,L1_FREDDI_RIPERMISSIONING,ATTIVO
info@imeva.it,,,,,SIC-394273,,,SICUREZZA,0,L1_FREDDI_RIPERMISSIONING,ATTIVO
info@immaginails.it,,,,,SIC-554600,,,SICUREZZA,0,L1_FREDDI_RIPERMISSIONING,ATTIVO
info@impresagalbiati.it,,,,,SIC-734456,,,SICUREZZA,0,L1_FREDDI_RIPERMISSIONING,ATTIVO
info@impresasangalli.it,,,,,SIC-239570,,,SICUREZZA,0,L1_FREDDI_RIPERMISSIONING,ATTIVO
info@infortunisticatriangolo.it,,,,,SIC-689068,,,SICUREZZA,0,L1_FREDDI_RIPERMISSIONING,ATTIVO
info@innovami.it,,,,,SIC-124676,,,SICUREZZA,0,L1_FREDDI_RIPERMISSIONING,ATTIVO
info@insubriageo.it,,,,,SIC-375526,,,SICUREZZA,0,L1_FREDDI_RIPERMISSIONING,ATTIVO
info@interel-trading.eu,,,,,SIC-148199,,,SICUREZZA,0,L1_FREDDI_RIPERMISSIONING,ATTIVO
info@isaporideimonti.it,,,,,SIC-497909,,,SICUREZZA,0,L1_FREDDI_RIPERMISSIONING,ATTIVO
info@isaporidellanatura.com,,,,,SIC-278060,,,SICUREZZA,0,L1_FREDDI_RIPERMISSIONING,ATTIVO
info@isomand.it,,,,,SIC-012158,,,SICUREZZA,0,L1_FREDDI_RIPERMISSIONING,ATTIVO
info@istitutiraggruppati.eu,,,,,SIC-008268,,,SICUREZZA,0,L1_FREDDI_RIPERMISSIONING,ATTIVO
info@ivangarelli.com,,,,,SIC-399585,,,SICUREZZA,0,L1_FREDDI_RIPERMISSIONING,ATTIVO
info@ivies-spa.com,,,,,SIC-647903,,,SICUREZZA,0,L1_FREDDI_RIPERMISSIONING,ATTIVO
info@iyo-experience.com,,,,,SIC-052046,,,SICUREZZA,0,L1_FREDDI_RIPERMISSIONING,ATTIVO
info@jlabfaenza.it,,,,,SIC-917462,,,SICUREZZA,0,L1_FREDDI_RIPERMISSIONING,ATTIVO
info@juniorelectric.it,,,,,SIC-028895,,,SICUREZZA,0,L1_FREDDI_RIPERMISSIONING,ATTIVO
info@kart-ferrari.it,,,,,SIC-949119,,,SICUREZZA,0,L1_FREDDI_RIPERMISSIONING,ATTIVO
info@kinisia.it,,,,,SIC-957201,,,SICUREZZA,0,L1_FREDDI_RIPERMISSIONING,ATTIVO
info@kireco.eu,,,,,SIC-974382,,,SICUREZZA,0,L1_FREDDI_RIPERMISSIONING,ATTIVO
info@kirnig.com,,,,,SIC-673488,,,SICUREZZA,0,L1_FREDDI_RIPERMISSIONING,ATTIVO
info@kleinstahl.com,,,,,SIC-346953,,,SICUREZZA,0,L1_FREDDI_RIPERMISSIONING,ATTIVO
info@knowaysystems.it,,,,,SIC-426540,,,SICUREZZA,0,L1_FREDDI_RIPERMISSIONING,ATTIVO
info@ksolutionssrl.com,,,,,SIC-404699,,,SICUREZZA,0,L1_FREDDI_RIPERMISSIONING,ATTIVO
info@kuenwalter.it,,,,,SIC-278777,,,SICUREZZA,0,L1_FREDDI_RIPERMISSIONING,ATTIVO
info@labalerafollonica.it,,,,,SIC-693661,,,SICUREZZA,0,L1_FREDDI_RIPERMISSIONING,ATTIVO
info@lacutura.it,,,,,SIC-154191,,,SICUREZZA,0,L1_FREDDI_RIPERMISSIONING,ATTIVO
info@laforesteria.it,,,,,SIC-109790,,,SICUREZZA,0,L1_FREDDI_RIPERMISSIONING,ATTIVO
info@lamafer.com,,,,,SIC-314806,,,SICUREZZA,0,L1_FREDDI_RIPERMISSIONING,ATTIVO
info@landhandel-ulten.com,,,,,SIC-382648,,,SICUREZZA,0,L1_FREDDI_RIPERMISSIONING,ATTIVO
info@laraquette.it,,,,,SIC-339016,,,SICUREZZA,0,L1_FREDDI_RIPERMISSIONING,ATTIVO
info@lavachey.com,,,,,SIC-249123,,,SICUREZZA,0,L1_FREDDI_RIPERMISSIONING,ATTIVO
info@lavalledellapescara.it,,,,,SIC-239080,,,SICUREZZA,0,L1_FREDDI_RIPERMISSIONING,ATTIVO
info@lavallefidenza.it,,,,,SIC-113262,,,SICUREZZA,0,L1_FREDDI_RIPERMISSIONING,ATTIVO
info@lavanderialavabene.it,,,,,SIC-858388,,,SICUREZZA,0,L1_FREDDI_RIPERMISSIONING,ATTIVO
info@lavesan.com,,,,,SIC-832393,,,SICUREZZA,0,L1_FREDDI_RIPERMISSIONING,ATTIVO
info@lecoindesmelezes.it,,,,,SIC-808224,,,SICUREZZA,0,L1_FREDDI_RIPERMISSIONING,ATTIVO
info@ledimarclub.com,,,,,SIC-363951,,,SICUREZZA,0,L1_FREDDI_RIPERMISSIONING,ATTIVO
info@lenkhof.com,,,,,SIC-965558,,,SICUREZZA,0,L1_FREDDI_RIPERMISSIONING,ATTIVO
info@lescupoles.com,,,,,SIC-082722,,,SICUREZZA,0,L1_FREDDI_RIPERMISSIONING,ATTIVO
info@letorripasticceriabianchi.it,,,,,SIC-142444,,,SICUREZZA,0,L1_FREDDI_RIPERMISSIONING,ATTIVO
info@lievre.it,,,,,SIC-187716,,,SICUREZZA,0,L1_FREDDI_RIPERMISSIONING,ATTIVO
info@limitis.com,,,,,SIC-969880,,,SICUREZZA,0,L1_FREDDI_RIPERMISSIONING,ATTIVO
info@liuni.com,,,,,SIC-539012,,,SICUREZZA,0,L1_FREDDI_RIPERMISSIONING,ATTIVO
info@locanda-lacplacemoulin.it,,,,,SIC-679795,,,SICUREZZA,0,L1_FREDDI_RIPERMISSIONING,ATTIVO
info@locanda-sangiorgio.it,,,,,SIC-606117,,,SICUREZZA,0,L1_FREDDI_RIPERMISSIONING,ATTIVO
info@longobardohotel.com,,,,,SIC-762334,,,SICUREZZA,0,L1_FREDDI_RIPERMISSIONING,ATTIVO
info@lorenzcafe.it,,,,,SIC-025613,,,SICUREZZA,0,L1_FREDDI_RIPERMISSIONING,ATTIVO
info@luedepincia.it,,,,,SIC-105087,,,SICUREZZA,0,L1_FREDDI_RIPERMISSIONING,ATTIVO
info@luner.it,,,,,SIC-018161,,,SICUREZZA,0,L1_FREDDI_RIPERMISSIONING,ATTIVO
info@magistrocreativiassociati.it,,,,,SIC-839493,,,SICUREZZA,0,L1_FREDDI_RIPERMISSIONING,ATTIVO
info@mahlknechtbau.com,,,,,SIC-693773,,,SICUREZZA,0,L1_FREDDI_RIPERMISSIONING,ATTIVO
info@mairoesl.bz.it,,,,,SIC-948466,,,SICUREZZA,0,L1_FREDDI_RIPERMISSIONING,ATTIVO
info@maisonbovard.com,,,,,SIC-866444,,,SICUREZZA,0,L1_FREDDI_RIPERMISSIONING,ATTIVO
info@marinocarcenter.it,,,,,SIC-685546,,,SICUREZZA,0,L1_FREDDI_RIPERMISSIONING,ATTIVO
info@marmimarro.com,,,,,SIC-745814,,,SICUREZZA,0,L1_FREDDI_RIPERMISSIONING,ATTIVO
info@marseiler.bz,,,,,SIC-435485,,,SICUREZZA,0,L1_FREDDI_RIPERMISSIONING,ATTIVO
info@masozepp.it,,,,,SIC-106063,,,SICUREZZA,0,L1_FREDDI_RIPERMISSIONING,ATTIVO
info@massimocasiello.it,,,,,SIC-135799,,,SICUREZZA,0,L1_FREDDI_RIPERMISSIONING,ATTIVO
info@mastrilevigatori.it,,,,,SIC-501141,,,SICUREZZA,0,L1_FREDDI_RIPERMISSIONING,ATTIVO
info@meca.it,,,,,SIC-146805,,,SICUREZZA,0,L1_FREDDI_RIPERMISSIONING,ATTIVO
info@metalsomma.it,,,,,SIC-833159,,,SICUREZZA,0,L1_FREDDI_RIPERMISSIONING,ATTIVO
info@mfr-trade.it,,,,,SIC-659485,,,SICUREZZA,0,L1_FREDDI_RIPERMISSIONING,ATTIVO
info@mgr90.it,,,,,SIC-625346,,,SICUREZZA,0,L1_FREDDI_RIPERMISSIONING,ATTIVO
info@micropedia.it,,,,,SIC-056728,,,SICUREZZA,0,L1_FREDDI_RIPERMISSIONING,ATTIVO
info@moffautotrasporti.it,,,,,SIC-343898,,,SICUREZZA,0,L1_FREDDI_RIPERMISSIONING,ATTIVO
info@molinodeltorrone.com,,,,,SIC-266575,,,SICUREZZA,0,L1_FREDDI_RIPERMISSIONING,ATTIVO
info@moltenifratelli.it,,,,,SIC-743799,,,SICUREZZA,0,L1_FREDDI_RIPERMISSIONING,ATTIVO
info@moon-design.it,,,,,SIC-895571,,,SICUREZZA,0,L1_FREDDI_RIPERMISSIONING,ATTIVO
info@morganpub.com,,,,,SIC-644414,,,SICUREZZA,0,L1_FREDDI_RIPERMISSIONING,ATTIVO
info@moriggl.com,,,,,SIC-796254,,,SICUREZZA,0,L1_FREDDI_RIPERMISSIONING,ATTIVO
info@moveforlife.it,,,,,SIC-717659,,,SICUREZZA,0,L1_FREDDI_RIPERMISSIONING,ATTIVO
info@muccillogroup.it,,,,,SIC-009370,,,SICUREZZA,0,L1_FREDDI_RIPERMISSIONING,ATTIVO
info@muvlecce.it,,,,,SIC-858865,,,SICUREZZA,0,L1_FREDDI_RIPERMISSIONING,ATTIVO
info@newcrazycolors.it,,,,,SIC-644963,,,SICUREZZA,0,L1_FREDDI_RIPERMISSIONING,ATTIVO
info@newgimn.com,,,,,SIC-045165,,,SICUREZZA,0,L1_FREDDI_RIPERMISSIONING,ATTIVO
info@nicicostruzioni.it,,,,,SIC-535249,,,SICUREZZA,0,L1_FREDDI_RIPERMISSIONING,ATTIVO
info@nipe.it,,,,,SIC-022017,,,SICUREZZA,0,L1_FREDDI_RIPERMISSIONING,ATTIVO
info@nipedesign.it,,,,,SIC-537216,,,SICUREZZA,0,L1_FREDDI_RIPERMISSIONING,ATTIVO
info@nonsolofitnesspescara.it,,,,,SIC-303301,,,SICUREZZA,0,L1_FREDDI_RIPERMISSIONING,ATTIVO
info@nozone.it,,,,,SIC-636885,,,SICUREZZA,0,L1_FREDDI_RIPERMISSIONING,ATTIVO
info@oceaspa.it,,,,,SIC-903744,,,SICUREZZA,0,L1_FREDDI_RIPERMISSIONING,ATTIVO
info@officinedolce.it,,,,,SIC-228330,,,SICUREZZA,0,L1_FREDDI_RIPERMISSIONING,ATTIVO
info@officineiadr.com,,,,,SIC-301574,,,SICUREZZA,0,L1_FREDDI_RIPERMISSIONING,ATTIVO
info@oleificiovieste.com,,,,,SIC-940361,,,SICUREZZA,0,L1_FREDDI_RIPERMISSIONING,ATTIVO
info@olijfolie.it,,,,,SIC-496944,,,SICUREZZA,0,L1_FREDDI_RIPERMISSIONING,ATTIVO
info@oliobenza.it,,,,,SIC-511972,,,SICUREZZA,0,L1_FREDDI_RIPERMISSIONING,ATTIVO
info@olioclerici.com,,,,,SIC-124202,,,SICUREZZA,0,L1_FREDDI_RIPERMISSIONING,ATTIVO
info@omegaausili.it,,,,,SIC-857276,,,SICUREZZA,0,L1_FREDDI_RIPERMISSIONING,ATTIVO
info@omnitrack.com,,,,,SIC-356051,,,SICUREZZA,0,L1_FREDDI_RIPERMISSIONING,ATTIVO
info@opencontent.it,,,,,SIC-897835,,,SICUREZZA,0,L1_FREDDI_RIPERMISSIONING,ATTIVO
info@osteriadacesare.it,,,,,SIC-248477,,,SICUREZZA,0,L1_FREDDI_RIPERMISSIONING,ATTIVO
info@otaimpianti.it,,,,,SIC-047683,,,SICUREZZA,0,L1_FREDDI_RIPERMISSIONING,ATTIVO
info@oxygen.it,,,,,SIC-064036,,,SICUREZZA,0,L1_FREDDI_RIPERMISSIONING,ATTIVO
info@palestrabalance.it,,,,,SIC-524287,,,SICUREZZA,0,L1_FREDDI_RIPERMISSIONING,ATTIVO
info@palestrasinergybologna.it,,,,,SIC-206543,,,SICUREZZA,0,L1_FREDDI_RIPERMISSIONING,ATTIVO
info@pannelli.eu,,,,,SIC-989589,,,SICUREZZA,0,L1_FREDDI_RIPERMISSIONING,ATTIVO
info@parcoavventuramadonie.it,,,,,SIC-965173,,,SICUREZZA,0,L1_FREDDI_RIPERMISSIONING,ATTIVO
info@parcodeibriganti.it,,,,,SIC-602979,,,SICUREZZA,0,L1_FREDDI_RIPERMISSIONING,ATTIVO
info@parconaturalemajella.it,,,,,SIC-137500,,,SICUREZZA,0,L1_FREDDI_RIPERMISSIONING,ATTIVO
info@paternosterwine.it,,,,,SIC-945312,,,SICUREZZA,0,L1_FREDDI_RIPERMISSIONING,ATTIVO
info@pavesasrl.it,,,,,SIC-943130,,,SICUREZZA,0,L1_FREDDI_RIPERMISSIONING,ATTIVO
info@pavicentrosrl.it,,,,,SIC-853871,,,SICUREZZA,0,L1_FREDDI_RIPERMISSIONING,ATTIVO
info@peccatidigola.info,,,,,SIC-422449,,,SICUREZZA,0,L1_FREDDI_RIPERMISSIONING,ATTIVO
info@pensionemontecervino.it,,,,,SIC-946458,,,SICUREZZA,0,L1_FREDDI_RIPERMISSIONING,ATTIVO
info@petrol-airport.it,,,,,SIC-873878,,,SICUREZZA,0,L1_FREDDI_RIPERMISSIONING,ATTIVO
info@pfeiferpartners.it,,,,,SIC-951058,,,SICUREZZA,0,L1_FREDDI_RIPERMISSIONING,ATTIVO
info@pfoestl.com,,,,,SIC-178693,,,SICUREZZA,0,L1_FREDDI_RIPERMISSIONING,ATTIVO
info@piamfarmaceutici.com,,,,,SIC-717397,,,SICUREZZA,0,L1_FREDDI_RIPERMISSIONING,ATTIVO
info@pichlermartin.it,,,,,SIC-753806,,,SICUREZZA,0,L1_FREDDI_RIPERMISSIONING,ATTIVO
info@pinetapaducci.com,,,,,SIC-806153,,,SICUREZZA,0,L1_FREDDI_RIPERMISSIONING,ATTIVO
info@piscinavariney.it,,,,,SIC-845515,,,SICUREZZA,0,L1_FREDDI_RIPERMISSIONING,ATTIVO
info@pitieffecase.it,,,,,SIC-581610,,,SICUREZZA,0,L1_FREDDI_RIPERMISSIONING,ATTIVO
info@pitturazioni-gruden.com,,,,,SIC-778183,,,SICUREZZA,0,L1_FREDDI_RIPERMISSIONING,ATTIVO
info@pizzeriadatonino.it,,,,,SIC-961085,,,SICUREZZA,0,L1_FREDDI_RIPERMISSIONING,ATTIVO
info@pizzeriadesiderio.com,,,,,SIC-634156,,,SICUREZZA,0,L1_FREDDI_RIPERMISSIONING,ATTIVO
info@pizzirani.net,,,,,SIC-291430,,,SICUREZZA,0,L1_FREDDI_RIPERMISSIONING,ATTIVO
info@plauserbau.com,,,,,SIC-244182,,,SICUREZZA,0,L1_FREDDI_RIPERMISSIONING,ATTIVO
info@pluri-service.it,,,,,SIC-545500,,,SICUREZZA,0,L1_FREDDI_RIPERMISSIONING,ATTIVO
info@poderelavilletta.it,,,,,SIC-303943,,,SICUREZZA,0,L1_FREDDI_RIPERMISSIONING,ATTIVO
info@pollonispurghi.it,,,,,SIC-930942,,,SICUREZZA,0,L1_FREDDI_RIPERMISSIONING,ATTIVO
info@prenn.it,,,,,SIC-189222,,,SICUREZZA,0,L1_FREDDI_RIPERMISSIONING,ATTIVO
info@presac.it,,,,,SIC-117803,,,SICUREZZA,0,L1_FREDDI_RIPERMISSIONING,ATTIVO
info@progettolegnosas.net,,,,,SIC-536884,,,SICUREZZA,0,L1_FREDDI_RIPERMISSIONING,ATTIVO
info@projectd.it,,,,,SIC-156146,,,SICUREZZA,0,L1_FREDDI_RIPERMISSIONING,ATTIVO
info@projectteam.bz,,,,,SIC-235946,,,SICUREZZA,0,L1_FREDDI_RIPERMISSIONING,ATTIVO
info@prokitesardegna.com,,,,,SIC-862500,,,SICUREZZA,0,L1_FREDDI_RIPERMISSIONING,ATTIVO
info@pubblimania.com,,,,,SIC-723982,,,SICUREZZA,0,L1_FREDDI_RIPERMISSIONING,ATTIVO
info@puntatipa.it,,,,,SIC-517315,,,SICUREZZA,0,L1_FREDDI_RIPERMISSIONING,ATTIVO
info@puntazerbion.com,,,,,SIC-566079,,,SICUREZZA,0,L1_FREDDI_RIPERMISSIONING,ATTIVO
info@punto3c.com,,,,,SIC-090942,,,SICUREZZA,0,L1_FREDDI_RIPERMISSIONING,ATTIVO
info@q-bowellness.it,,,,,SIC-594109,,,SICUREZZA,0,L1_FREDDI_RIPERMISSIONING,ATTIVO
info@quattrocolonne.it,,,,,SIC-737428,,,SICUREZZA,0,L1_FREDDI_RIPERMISSIONING,ATTIVO
info@rabottiniprodottidicampagna.it,,,,,SIC-248470,,,SICUREZZA,0,L1_FREDDI_RIPERMISSIONING,ATTIVO
info@ravennarugby.it,,,,,SIC-017443,,,SICUREZZA,0,L1_FREDDI_RIPERMISSIONING,ATTIVO
info@relaisdufoyer.it,,,,,SIC-489225,,,SICUREZZA,0,L1_FREDDI_RIPERMISSIONING,ATTIVO
info@residencefiumicello.com,,,,,SIC-136366,,,SICUREZZA,0,L1_FREDDI_RIPERMISSIONING,ATTIVO
info@rhpositivosalsa.it,,,,,SIC-951123,,,SICUREZZA,0,L1_FREDDI_RIPERMISSIONING,ATTIVO
info@ri-legno.it,,,,,SIC-058563,,,SICUREZZA,0,L1_FREDDI_RIPERMISSIONING,ATTIVO
info@ribomolise.it,,,,,SIC-118061,,,SICUREZZA,0,L1_FREDDI_RIPERMISSIONING,ATTIVO
info@riccardocaffe.com,,,,,SIC-347461,,,SICUREZZA,0,L1_FREDDI_RIPERMISSIONING,ATTIVO
info@ridola.com,,,,,SIC-558162,,,SICUREZZA,0,L1_FREDDI_RIPERMISSIONING,ATTIVO
info@riedl.it,,,,,SIC-839396,,,SICUREZZA,0,L1_FREDDI_RIPERMISSIONING,ATTIVO
info@rifugiosella.com,,,,,SIC-418593,,,SICUREZZA,0,L1_FREDDI_RIPERMISSIONING,ATTIVO
info@rimas3d.com,,,,,SIC-364826,,,SICUREZZA,0,L1_FREDDI_RIPERMISSIONING,ATTIVO
info@ristorantedelcaveoso.it,,,,,SIC-285779,,,SICUREZZA,0,L1_FREDDI_RIPERMISSIONING,ATTIVO
info@ristorantemolinetto.it,,,,,SIC-164359,,,SICUREZZA,0,L1_FREDDI_RIPERMISSIONING,ATTIVO
info@rizzi-group.com,,,,,SIC-910153,,,SICUREZZA,0,L1_FREDDI_RIPERMISSIONING,ATTIVO
info@roosterrotisserie.com,,,,,SIC-908718,,,SICUREZZA,0,L1_FREDDI_RIPERMISSIONING,ATTIVO
info@rossitermoidraulica.it,,,,,SIC-624373,,,SICUREZZA,0,L1_FREDDI_RIPERMISSIONING,ATTIVO
info@rurinnova.com,,,,,SIC-063676,,,SICUREZZA,0,L1_FREDDI_RIPERMISSIONING,ATTIVO
info@s2spa.it,,,,,SIC-978563,,,SICUREZZA,0,L1_FREDDI_RIPERMISSIONING,ATTIVO
info@sacpetroli.it,,,,,SIC-842394,,,SICUREZZA,0,L1_FREDDI_RIPERMISSIONING,ATTIVO
info@sadesign.it,,,,,SIC-818843,,,SICUREZZA,0,L1_FREDDI_RIPERMISSIONING,ATTIVO
info@sadun.it,,,,,SIC-820317,,,SICUREZZA,0,L1_FREDDI_RIPERMISSIONING,ATTIVO
info@safestudio.it,,,,,SIC-179228,,,SICUREZZA,0,L1_FREDDI_RIPERMISSIONING,ATTIVO
info@sailegadi.com,,,,,SIC-350105,,,SICUREZZA,0,L1_FREDDI_RIPERMISSIONING,ATTIVO
info@saint-patrick.it,,,,,SIC-988647,,,SICUREZZA,0,L1_FREDDI_RIPERMISSIONING,ATTIVO
info@samsuffy.it,,,,,SIC-639197,,,SICUREZZA,0,L1_FREDDI_RIPERMISSIONING,ATTIVO
info@scipione.it,,,,,SIC-168146,,,SICUREZZA,0,L1_FREDDI_RIPERMISSIONING,ATTIVO
info@scottduff.it,,,,,SIC-922373,,,SICUREZZA,0,L1_FREDDI_RIPERMISSIONING,ATTIVO
info@sdmcom.it,,,,,SIC-364327,,,SICUREZZA,0,L1_FREDDI_RIPERMISSIONING,ATTIVO
info@seav.com,,,,,SIC-285937,,,SICUREZZA,0,L1_FREDDI_RIPERMISSIONING,ATTIVO
info@securpolice.eu,,,,,SIC-107758,,,SICUREZZA,0,L1_FREDDI_RIPERMISSIONING,ATTIVO
info@senbhotel.it,,,,,SIC-392416,,,SICUREZZA,0,L1_FREDDI_RIPERMISSIONING,ATTIVO
info@sg-group.eu,,,,,SIC-720586,,,SICUREZZA,0,L1_FREDDI_RIPERMISSIONING,ATTIVO
info@sgelettrica.com,,,,,SIC-369294,,,SICUREZZA,0,L1_FREDDI_RIPERMISSIONING,ATTIVO
info@shghotelverona.com,,,,,SIC-346357,,,SICUREZZA,0,L1_FREDDI_RIPERMISSIONING,ATTIVO
info@siag.it,,,,,SIC-318999,,,SICUREZZA,0,L1_FREDDI_RIPERMISSIONING,ATTIVO
info@sicurtar.it,,,,,SIC-742896,,,SICUREZZA,0,L1_FREDDI_RIPERMISSIONING,ATTIVO
info@sintechome.it,,,,,SIC-943435,,,SICUREZZA,0,L1_FREDDI_RIPERMISSIONING,ATTIVO
info@sisli.it,,,,,SIC-788285,,,SICUREZZA,0,L1_FREDDI_RIPERMISSIONING,ATTIVO
info@skydivesicilia.it,,,,,SIC-516596,,,SICUREZZA,0,L1_FREDDI_RIPERMISSIONING,ATTIVO
info@smdservice.it,,,,,SIC-161591,,,SICUREZZA,0,L1_FREDDI_RIPERMISSIONING,ATTIVO
info@sofinter.it,,,,,SIC-372514,,,SICUREZZA,0,L1_FREDDI_RIPERMISSIONING,ATTIVO
info@sottoboscopaoli.it,,,,,SIC-297890,,,SICUREZZA,0,L1_FREDDI_RIPERMISSIONING,ATTIVO
info@spaziocontatto.org,,,,,SIC-769177,,,SICUREZZA,0,L1_FREDDI_RIPERMISSIONING,ATTIVO
info@sportvillagepesaro.it,,,,,SIC-419077,,,SICUREZZA,0,L1_FREDDI_RIPERMISSIONING,ATTIVO
info@ssdevolutionfitness.it,,,,,SIC-261010,,,SICUREZZA,0,L1_FREDDI_RIPERMISSIONING,ATTIVO
info@ssdmtt.it,,,,,SIC-341002,,,SICUREZZA,0,L1_FREDDI_RIPERMISSIONING,ATTIVO
info@steinegger.it,,,,,SIC-652781,,,SICUREZZA,0,L1_FREDDI_RIPERMISSIONING,ATTIVO
info@stonetowncrossfit.com,,,,,SIC-572023,,,SICUREZZA,0,L1_FREDDI_RIPERMISSIONING,ATTIVO
info@stonitalia.it,,,,,SIC-820833,,,SICUREZZA,0,L1_FREDDI_RIPERMISSIONING,ATTIVO
info@stpirovano.it,,,,,SIC-663813,,,SICUREZZA,0,L1_FREDDI_RIPERMISSIONING,ATTIVO
info@strimmer.it,,,,,SIC-478711,,,SICUREZZA,0,L1_FREDDI_RIPERMISSIONING,ATTIVO
info@studioassociatoprevidi.it,,,,,SIC-008269,,,SICUREZZA,0,L1_FREDDI_RIPERMISSIONING,ATTIVO
info@studiobet.it,,,,,SIC-974967,,,SICUREZZA,0,L1_FREDDI_RIPERMISSIONING,ATTIVO
info@studiodiruggiero.it,,,,,SIC-496859,,,SICUREZZA,0,L1_FREDDI_RIPERMISSIONING,ATTIVO
info@studioguardiano.com,,,,,SIC-828467,,,SICUREZZA,0,L1_FREDDI_RIPERMISSIONING,ATTIVO
info@studioliberi.it,,,,,SIC-170259,,,SICUREZZA,0,L1_FREDDI_RIPERMISSIONING,ATTIVO
info@studiomecommercialisti.it,,,,,SIC-609457,,,SICUREZZA,0,L1_FREDDI_RIPERMISSIONING,ATTIVO
info@studiotarolli.it,,,,,SIC-060959,,,SICUREZZA,0,L1_FREDDI_RIPERMISSIONING,ATTIVO
info@studiotecnicosp.it,,,,,SIC-082743,,,SICUREZZA,0,L1_FREDDI_RIPERMISSIONING,ATTIVO
info@suite1906.it,,,,,SIC-447854,,,SICUREZZA,0,L1_FREDDI_RIPERMISSIONING,ATTIVO
info@svevia.it,,,,,SIC-247149,,,SICUREZZA,0,L1_FREDDI_RIPERMISSIONING,ATTIVO
info@swissar.eu,,,,,SIC-908501,,,SICUREZZA,0,L1_FREDDI_RIPERMISSIONING,ATTIVO
info@tamanini-nardelli.it,,,,,SIC-332265,,,SICUREZZA,0,L1_FREDDI_RIPERMISSIONING,ATTIVO
info@taxplanningsacile.com,,,,,SIC-404323,,,SICUREZZA,0,L1_FREDDI_RIPERMISSIONING,ATTIVO
info@tct-srl.it,,,,,SIC-355447,,,SICUREZZA,0,L1_FREDDI_RIPERMISSIONING,ATTIVO
info@teamware.eu,,,,,SIC-095388,,,SICUREZZA,0,L1_FREDDI_RIPERMISSIONING,ATTIVO
info@tecini.com,,,,,SIC-129269,,,SICUREZZA,0,L1_FREDDI_RIPERMISSIONING,ATTIVO
info@tecnisoft.it,,,,,SIC-817323,,,SICUREZZA,0,L1_FREDDI_RIPERMISSIONING,ATTIVO
info@tecnobase.it,,,,,SIC-560777,,,SICUREZZA,0,L1_FREDDI_RIPERMISSIONING,ATTIVO
info@tecnodata.it,,,,,SIC-314696,,,SICUREZZA,0,L1_FREDDI_RIPERMISSIONING,ATTIVO
info@teleischia.it,,,,,SIC-578433,,,SICUREZZA,0,L1_FREDDI_RIPERMISSIONING,ATTIVO
info@tenacegames.it,,,,,SIC-649647,,,SICUREZZA,0,L1_FREDDI_RIPERMISSIONING,ATTIVO
info@tenutacasciani.com,,,,,SIC-101184,,,SICUREZZA,0,L1_FREDDI_RIPERMISSIONING,ATTIVO
info@termecappetta.it,,,,,SIC-380918,,,SICUREZZA,0,L1_FREDDI_RIPERMISSIONING,ATTIVO
info@terramajura.it,,,,,SIC-992379,,,SICUREZZA,0,L1_FREDDI_RIPERMISSIONING,ATTIVO
info@tischlerei-kaserer.com,,,,,SIC-022667,,,SICUREZZA,0,L1_FREDDI_RIPERMISSIONING,ATTIVO
info@tischlerei-winkler.it,,,,,SIC-880191,,,SICUREZZA,0,L1_FREDDI_RIPERMISSIONING,ATTIVO
info@tmgym.it,,,,,SIC-194653,,,SICUREZZA,0,L1_FREDDI_RIPERMISSIONING,ATTIVO
info@touristhotelpotenza.com,,,,,SIC-200922,,,SICUREZZA,0,L1_FREDDI_RIPERMISSIONING,ATTIVO
info@traslochiercoletti.it,,,,,SIC-500690,,,SICUREZZA,0,L1_FREDDI_RIPERMISSIONING,ATTIVO
info@traslochipisanu.it,,,,,SIC-425308,,,SICUREZZA,0,L1_FREDDI_RIPERMISSIONING,ATTIVO
info@trattoriadicampagna.it,,,,,SIC-391192,,,SICUREZZA,0,L1_FREDDI_RIPERMISSIONING,ATTIVO
info@trentinoenergie.it,,,,,SIC-930794,,,SICUREZZA,0,L1_FREDDI_RIPERMISSIONING,ATTIVO
info@trentinovolley.it,,,,,SIC-672392,,,SICUREZZA,0,L1_FREDDI_RIPERMISSIONING,ATTIVO
info@ttengineering.it,,,,,SIC-353852,,,SICUREZZA,0,L1_FREDDI_RIPERMISSIONING,ATTIVO
info@turrisibar.it,,,,,SIC-437085,,,SICUREZZA,0,L1_FREDDI_RIPERMISSIONING,ATTIVO
info@upurbanclimbing.it,,,,,SIC-945743,,,SICUREZZA,0,L1_FREDDI_RIPERMISSIONING,ATTIVO
info@vacanzattiva.it,,,,,SIC-626077,,,SICUREZZA,0,L1_FREDDI_RIPERMISSIONING,ATTIVO
info@valentinhof.bio,,,,,SIC-015775,,,SICUREZZA,0,L1_FREDDI_RIPERMISSIONING,ATTIVO
info@valledeicavalieri.it,,,,,SIC-374791,,,SICUREZZA,0,L1_FREDDI_RIPERMISSIONING,ATTIVO
info@velacharter.it,,,,,SIC-630265,,,SICUREZZA,0,L1_FREDDI_RIPERMISSIONING,ATTIVO
info@verticalclimbingcenter.it,,,,,SIC-439941,,,SICUREZZA,0,L1_FREDDI_RIPERMISSIONING,ATTIVO
info@vicolonuovo.it,,,,,SIC-219022,,,SICUREZZA,0,L1_FREDDI_RIPERMISSIONING,ATTIVO
info@vigilanzaprestige.com,,,,,SIC-898429,,,SICUREZZA,0,L1_FREDDI_RIPERMISSIONING,ATTIVO
info@villaalrifugio.it,,,,,SIC-022211,,,SICUREZZA,0,L1_FREDDI_RIPERMISSIONING,ATTIVO
info@villaaltair.com,,,,,SIC-916121,,,SICUREZZA,0,L1_FREDDI_RIPERMISSIONING,ATTIVO
info@villafloraargentario.com,,,,,SIC-970145,,,SICUREZZA,0,L1_FREDDI_RIPERMISSIONING,ATTIVO
info@villahirschen.com,,,,,SIC-021516,,,SICUREZZA,0,L1_FREDDI_RIPERMISSIONING,ATTIVO
info@villanives.it,,,,,SIC-369245,,,SICUREZZA,0,L1_FREDDI_RIPERMISSIONING,ATTIVO
info@vinschgaumarketing.net,,,,,SIC-048984,,,SICUREZZA,0,L1_FREDDI_RIPERMISSIONING,ATTIVO
info@waltermeinrad.it,,,,,SIC-405773,,,SICUREZZA,0,L1_FREDDI_RIPERMISSIONING,ATTIVO
info@wavespaceaversa.it,,,,,SIC-248242,,,SICUREZZA,0,L1_FREDDI_RIPERMISSIONING,ATTIVO
info@weiskopf.it,,,,,SIC-160646,,,SICUREZZA,0,L1_FREDDI_RIPERMISSIONING,ATTIVO
info@wimonitor.it,,,,,SIC-007647,,,SICUREZZA,0,L1_FREDDI_RIPERMISSIONING,ATTIVO
info@wspace.it,,,,,SIC-553961,,,SICUREZZA,0,L1_FREDDI_RIPERMISSIONING,ATTIVO
info@xlamdolomiti.it,,,,,SIC-179741,,,SICUREZZA,0,L1_FREDDI_RIPERMISSIONING,ATTIVO
info@zenithc.com,,,,,SIC-337912,,,SICUREZZA,0,L1_FREDDI_RIPERMISSIONING,ATTIVO
info@zetabisrl.it,,,,,SIC-046991,,,SICUREZZA,0,L1_FREDDI_RIPERMISSIONING,ATTIVO
info@zimmerei-daverda.com,,,,,SIC-390865,,,SICUREZZA,0,L1_FREDDI_RIPERMISSIONING,ATTIVO
info@zimmerei-weithaler.it,,,,,SIC-355700,,,SICUREZZA,0,L1_FREDDI_RIPERMISSIONING,ATTIVO
info@zimmereifliri.com,,,,,SIC-106545,,,SICUREZZA,0,L1_FREDDI_RIPERMISSIONING,ATTIVO
info@zitturi.com,,,,,SIC-688412,,,SICUREZZA,0,L1_FREDDI_RIPERMISSIONING,ATTIVO
info_bari.it@schindler.com,,,,,SIC-417147,,,SICUREZZA,0,L1_FREDDI_RIPERMISSIONING,ATTIVO
infoeternodental@gmail.com,,,,,SIC-391882,,,SICUREZZA,0,L1_FREDDI_RIPERMISSIONING,ATTIVO
infogtf@libero.it,,,,,SIC-031389,,,SICUREZZA,0,L1_FREDDI_RIPERMISSIONING,ATTIVO
infomaggiore@navigazionelaghi.it,,,,,SIC-578380,,,SICUREZZA,0,L1_FREDDI_RIPERMISSIONING,ATTIVO
ionicaservizisrls@gmail.com,,,,,SIC-255064,,,SICUREZZA,0,L1_FREDDI_RIPERMISSIONING,ATTIVO
ioyifusionrestaurant@gmail.com,,,,,SIC-439246,,,SICUREZZA,0,L1_FREDDI_RIPERMISSIONING,ATTIVO
ipbacinello@alice.it,,,,,SIC-362504,,,SICUREZZA,0,L1_FREDDI_RIPERMISSIONING,ATTIVO
iron.fitness@yahoo.com,,,,,SIC-704587,,,SICUREZZA,0,L1_FREDDI_RIPERMISSIONING,ATTIVO
ischiasalus@gmail.com,,,,,SIC-768874,,,SICUREZZA,0,L1_FREDDI_RIPERMISSIONING,ATTIVO
italianfloordesign@legalmail.it,,,,,SIC-794076,,,SICUREZZA,0,L1_FREDDI_RIPERMISSIONING,ATTIVO
ivan9102@yahoo.it,,,,,SIC-699052,,,SICUREZZA,0,L1_FREDDI_RIPERMISSIONING,ATTIVO
juniorelectricsrl@pec.it,,,,,SIC-412620,,,SICUREZZA,0,L1_FREDDI_RIPERMISSIONING,ATTIVO
kswcalisthenicsstudio@gmail.com,,,,,SIC-475590,,,SICUREZZA,0,L1_FREDDI_RIPERMISSIONING,ATTIVO
kunomayr@gmail.com,,,,,SIC-188026,,,SICUREZZA,0,L1_FREDDI_RIPERMISSIONING,ATTIVO
laboratoriomartino@libero.it,,,,,SIC-865933,,,SICUREZZA,0,L1_FREDDI_RIPERMISSIONING,ATTIVO
lafocagna@gmail.com,,,,,SIC-244979,,,SICUREZZA,0,L1_FREDDI_RIPERMISSIONING,ATTIVO
lagundo@lavapiu.it,,,,,SIC-879113,,,SICUREZZA,0,L1_FREDDI_RIPERMISSIONING,ATTIVO
lamael00@lamael.it,,,,,SIC-754290,,,SICUREZZA,0,L1_FREDDI_RIPERMISSIONING,ATTIVO
lan@atd-bz.com,,,,,SIC-776042,,,SICUREZZA,0,L1_FREDDI_RIPERMISSIONING,ATTIVO
landosogna@gmail.com,,,,,SIC-878269,,,SICUREZZA,0,L1_FREDDI_RIPERMISSIONING,ATTIVO
laura11081968@gmail.com,,,,,SIC-592501,,,SICUREZZA,0,L1_FREDDI_RIPERMISSIONING,ATTIVO
lavorazionemarmi.srls@gmail.com,,,,,SIC-223454,,,SICUREZZA,0,L1_FREDDI_RIPERMISSIONING,ATTIVO
lavorazioniitaliasrl@gigapec.it,,,,,SIC-299309,,,SICUREZZA,0,L1_FREDDI_RIPERMISSIONING,ATTIVO
lazio@unioncasa.org,,,,,SIC-771304,,,SICUREZZA,0,L1_FREDDI_RIPERMISSIONING,ATTIVO
lazzarinoliviero@hotmail.com,,,,,SIC-692265,,,SICUREZZA,0,L1_FREDDI_RIPERMISSIONING,ATTIVO
leapiinvolo@gmail.com,,,,,SIC-131519,,,SICUREZZA,0,L1_FREDDI_RIPERMISSIONING,ATTIVO
lebarmedelours@libero.it,,,,,SIC-238345,,,SICUREZZA,0,L1_FREDDI_RIPERMISSIONING,ATTIVO
leopardi@sermetra.it,,,,,SIC-290133,,,SICUREZZA,0,L1_FREDDI_RIPERMISSIONING,ATTIVO
lesabliersnc@gmail.com,,,,,SIC-154141,,,SICUREZZA,0,L1_FREDDI_RIPERMISSIONING,ATTIVO
levalcelle@levalcelle.it,,,,,SIC-819075,,,SICUREZZA,0,L1_FREDDI_RIPERMISSIONING,ATTIVO
lidiadercole@hotmail.it,,,,,SIC-311300,,,SICUREZZA,0,L1_FREDDI_RIPERMISSIONING,ATTIVO
likoshotel@tiscali.it,,,,,SIC-781511,,,SICUREZZA,0,L1_FREDDI_RIPERMISSIONING,ATTIVO
lilianaantonietta.busnelli@monza.pecavvocati.it,,,,,SIC-496727,,,SICUREZZA,0,L1_FREDDI_RIPERMISSIONING,ATTIVO
lilianabusnelli@libero.it,,,,,SIC-072842,,,SICUREZZA,0,L1_FREDDI_RIPERMISSIONING,ATTIVO
lisa.danza_2007@libero.it,,,,,SIC-160580,,,SICUREZZA,0,L1_FREDDI_RIPERMISSIONING,ATTIVO
llponzettosrl@legalmail.it,,,,,SIC-976301,,,SICUREZZA,0,L1_FREDDI_RIPERMISSIONING,ATTIVO
lorenzo.zuliani97@gmail.com,,,,,SIC-499579,,,SICUREZZA,0,L1_FREDDI_RIPERMISSIONING,ATTIVO
lortovaincitta@gmail.com,,,,,SIC-995496,,,SICUREZZA,0,L1_FREDDI_RIPERMISSIONING,ATTIVO
loutchappe@dagest.it,,,,,SIC-413250,,,SICUREZZA,0,L1_FREDDI_RIPERMISSIONING,ATTIVO
luca.villani@studiovillani.it,,,,,SIC-051216,,,SICUREZZA,0,L1_FREDDI_RIPERMISSIONING,ATTIVO
luca6854@gmail.com,,,,,SIC-853214,,,SICUREZZA,0,L1_FREDDI_RIPERMISSIONING,ATTIVO
lucia.borgo@hotmail.it,,,,,SIC-001765,,,SICUREZZA,0,L1_FREDDI_RIPERMISSIONING,ATTIVO
luciacatapano@gmail.com,,,,,SIC-966747,,,SICUREZZA,0,L1_FREDDI_RIPERMISSIONING,ATTIVO
m.carli@cisl.it,,,,,SIC-525295,,,SICUREZZA,0,L1_FREDDI_RIPERMISSIONING,ATTIVO
m.d.costruzionisrls@legalmail.it,,,,,SIC-495952,,,SICUREZZA,0,L1_FREDDI_RIPERMISSIONING,ATTIVO
m.pirovano@stpirovano.it,,,,,SIC-799639,,,SICUREZZA,0,L1_FREDDI_RIPERMISSIONING,ATTIVO
mail@aessesoluzioni.it,,,,,SIC-290486,,,SICUREZZA,0,L1_FREDDI_RIPERMISSIONING,ATTIVO
mail@studiogiorgino.it,,,,,SIC-442885,,,SICUREZZA,0,L1_FREDDI_RIPERMISSIONING,ATTIVO
mail@studiovillani.it,,,,,SIC-636476,,,SICUREZZA,0,L1_FREDDI_RIPERMISSIONING,ATTIVO
maltolento@gmail.com,,,,,SIC-797881,,,SICUREZZA,0,L1_FREDDI_RIPERMISSIONING,ATTIVO
mantegna@savhotel.com,,,,,SIC-307882,,,SICUREZZA,0,L1_FREDDI_RIPERMISSIONING,ATTIVO
manuela08111976@gmail.com,,,,,SIC-409759,,,SICUREZZA,0,L1_FREDDI_RIPERMISSIONING,ATTIVO
mara.pellegatta@gmail.com,,,,,SIC-640852,,,SICUREZZA,0,L1_FREDDI_RIPERMISSIONING,ATTIVO
mara.pellegatta@monza.pecavvocati.it,,,,,SIC-946915,,,SICUREZZA,0,L1_FREDDI_RIPERMISSIONING,ATTIVO
marcenaroimpianti@vodafone.it,,,,,SIC-243484,,,SICUREZZA,0,L1_FREDDI_RIPERMISSIONING,ATTIVO
marco.dalpra@pec.trovarti.it,,,,,SIC-258645,,,SICUREZZA,0,L1_FREDDI_RIPERMISSIONING,ATTIVO
marco.delia+assistenzacaldaieroma24.com@gmail.com,,,,,SIC-529550,,,SICUREZZA,0,L1_FREDDI_RIPERMISSIONING,ATTIVO
marianocabras@legalmail.it,,,,,SIC-682751,,,SICUREZZA,0,L1_FREDDI_RIPERMISSIONING,ATTIVO
marketing@camisoft.it,,,,,SIC-649052,,,SICUREZZA,0,L1_FREDDI_RIPERMISSIONING,ATTIVO
marmifoti@tiscali.it,,,,,SIC-512276,,,SICUREZZA,0,L1_FREDDI_RIPERMISSIONING,ATTIVO
martina.penzo@euroports.it,,,,,SIC-589849,,,SICUREZZA,0,L1_FREDDI_RIPERMISSIONING,ATTIVO
massimo.ippoliti61@virgilio.it,,,,,SIC-760817,,,SICUREZZA,0,L1_FREDDI_RIPERMISSIONING,ATTIVO
matera@sextantio.it,,,,,SIC-777564,,,SICUREZZA,0,L1_FREDDI_RIPERMISSIONING,ATTIVO
matis010475@gmail.com,,,,,SIC-934019,,,SICUREZZA,0,L1_FREDDI_RIPERMISSIONING,ATTIVO
mauri050988@gmail.com,,,,,SIC-551615,,,SICUREZZA,0,L1_FREDDI_RIPERMISSIONING,ATTIVO
maurizio.pizzoferrato@gmail.com,,,,,SIC-736623,,,SICUREZZA,0,L1_FREDDI_RIPERMISSIONING,ATTIVO
meloncello@hotmail.it,,,,,SIC-459234,,,SICUREZZA,0,L1_FREDDI_RIPERMISSIONING,ATTIVO
mery3000@libero.it,,,,,SIC-742894,,,SICUREZZA,0,L1_FREDDI_RIPERMISSIONING,ATTIVO
mf7640@alice.it,,,,,SIC-306107,,,SICUREZZA,0,L1_FREDDI_RIPERMISSIONING,ATTIVO
mirage@gruppomirage.it,,,,,SIC-311235,,,SICUREZZA,0,L1_FREDDI_RIPERMISSIONING,ATTIVO
miriam.motter@gmail.com,,,,,SIC-170590,,,SICUREZZA,0,L1_FREDDI_RIPERMISSIONING,ATTIVO
molina85@molinarisas.191.it,,,,,SIC-390870,,,SICUREZZA,0,L1_FREDDI_RIPERMISSIONING,ATTIVO
molo71@pizzeriadesiderio.it,,,,,SIC-793213,,,SICUREZZA,0,L1_FREDDI_RIPERMISSIONING,ATTIVO
mordi-fuggi@hotmail.it,,,,,SIC-923838,,,SICUREZZA,0,L1_FREDDI_RIPERMISSIONING,ATTIVO
moustachesrl156@gmail.com,,,,,SIC-694616,,,SICUREZZA,0,L1_FREDDI_RIPERMISSIONING,ATTIVO
mozartcaffe.scarpato@gmail.com,,,,,SIC-840528,,,SICUREZZA,0,L1_FREDDI_RIPERMISSIONING,ATTIVO
mpcentrorevisione@gmail.com,,,,,SIC-313124,,,SICUREZZA,0,L1_FREDDI_RIPERMISSIONING,ATTIVO
mpizzi@lavoro.gov.it,,,,,SIC-742680,,,SICUREZZA,0,L1_FREDDI_RIPERMISSIONING,ATTIVO
mygymlaquila@gmail.com,,,,,SIC-697198,,,SICUREZZA,0,L1_FREDDI_RIPERMISSIONING,ATTIVO
mysuitefitnesslounge@gmail.com,,,,,SIC-931091,,,SICUREZZA,0,L1_FREDDI_RIPERMISSIONING,ATTIVO
na120@delegazioni.aci.it,,,,,SIC-172311,,,SICUREZZA,0,L1_FREDDI_RIPERMISSIONING,ATTIVO
napoli.verdi@randstad.it,,,,,SIC-827040,,,SICUREZZA,0,L1_FREDDI_RIPERMISSIONING,ATTIVO
nextbodycolleferro@gmail.com,,,,,SIC-300680,,,SICUREZZA,0,L1_FREDDI_RIPERMISSIONING,ATTIVO
nfo@kraeuterhof.it,,,,,SIC-141463,,,SICUREZZA,0,L1_FREDDI_RIPERMISSIONING,ATTIVO
nhpalermo@nh-hotels.com,,,,,SIC-071832,,,SICUREZZA,0,L1_FREDDI_RIPERMISSIONING,ATTIVO
nhvillasanmauro@nh-hotels.com,,,,,SIC-249012,,,SICUREZZA,0,L1_FREDDI_RIPERMISSIONING,ATTIVO
not-5967f403-9cbf-456f-8e79-cb86add5e9b7@expmessaging.tripadvisor.com,,,,,SIC-859463,,,SICUREZZA,0,L1_FREDDI_RIPERMISSIONING,ATTIVO
nucciasignorello@santaveneranda.it,,,,,SIC-183704,,,SICUREZZA,0,L1_FREDDI_RIPERMISSIONING,ATTIVO
ocma_basculanti@libero.it,,,,,SIC-227890,,,SICUREZZA,0,L1_FREDDI_RIPERMISSIONING,ATTIVO
officina@autoepi.com,,,,,SIC-023648,,,SICUREZZA,0,L1_FREDDI_RIPERMISSIONING,ATTIVO
officinedolceluigino@ticertifica.it,,,,,SIC-128627,,,SICUREZZA,0,L1_FREDDI_RIPERMISSIONING,ATTIVO
oldfoxpubmilano@gmail.com,,,,,SIC-960484,,,SICUREZZA,0,L1_FREDDI_RIPERMISSIONING,ATTIVO
oleificio.rosa@gmail.com,,,,,SIC-478726,,,SICUREZZA,0,L1_FREDDI_RIPERMISSIONING,ATTIVO
oliopretole@gmail.com,,,,,SIC-080473,,,SICUREZZA,0,L1_FREDDI_RIPERMISSIONING,ATTIVO
oriana.bianchini@legalmail.it,,,,,SIC-004691,,,SICUREZZA,0,L1_FREDDI_RIPERMISSIONING,ATTIVO
ornato@minihotel.it,,,,,SIC-346677,,,SICUREZZA,0,L1_FREDDI_RIPERMISSIONING,ATTIVO
ortodigiada@gmail.com,,,,,SIC-526590,,,SICUREZZA,0,L1_FREDDI_RIPERMISSIONING,ATTIVO
ortona.base@micoperi.com,,,,,SIC-091614,,,SICUREZZA,0,L1_FREDDI_RIPERMISSIONING,ATTIVO
osso9687@gmail.com,,,,,SIC-149950,,,SICUREZZA,0,L1_FREDDI_RIPERMISSIONING,ATTIVO
ottolina.avvocato@gmail.com,,,,,SIC-915874,,,SICUREZZA,0,L1_FREDDI_RIPERMISSIONING,ATTIVO
p.digiacomantonio@libero.it,,,,,SIC-387978,,,SICUREZZA,0,L1_FREDDI_RIPERMISSIONING,ATTIVO
palestraazzurra.fit@gmail.com,,,,,SIC-201342,,,SICUREZZA,0,L1_FREDDI_RIPERMISSIONING,ATTIVO
paolo.belletti@pitieffecase.it,,,,,SIC-429632,,,SICUREZZA,0,L1_FREDDI_RIPERMISSIONING,ATTIVO
paolo.re@monza.pecavvocati.it,,,,,SIC-107007,,,SICUREZZA,0,L1_FREDDI_RIPERMISSIONING,ATTIVO
paolotournour@pec.it,,,,,SIC-400376,,,SICUREZZA,0,L1_FREDDI_RIPERMISSIONING,ATTIVO
parcoavventuramontevergine@gmail.com,,,,,SIC-158566,,,SICUREZZA,0,L1_FREDDI_RIPERMISSIONING,ATTIVO
patanetraslochisrl@gmail.com,,,,,SIC-734589,,,SICUREZZA,0,L1_FREDDI_RIPERMISSIONING,ATTIVO
pegon_hotel@hilton.com,,,,,SIC-506924,,,SICUREZZA,0,L1_FREDDI_RIPERMISSIONING,ATTIVO
pesaro@charliehotels.it,,,,,SIC-688026,,,SICUREZZA,0,L1_FREDDI_RIPERMISSIONING,ATTIVO
pescara@leganavale.it,,,,,SIC-563695,,,SICUREZZA,0,L1_FREDDI_RIPERMISSIONING,ATTIVO
photolifewedding@hotmail.it,,,,,SIC-412057,,,SICUREZZA,0,L1_FREDDI_RIPERMISSIONING,ATTIVO
pierluigi@serafiniassociati.it,,,,,SIC-660983,,,SICUREZZA,0,L1_FREDDI_RIPERMISSIONING,ATTIVO
pieromazzeo83@gmail.com,,,,,SIC-828427,,,SICUREZZA,0,L1_FREDDI_RIPERMISSIONING,ATTIVO
pizzeriadicosimo@gmail.com,,,,,SIC-038134,,,SICUREZZA,0,L1_FREDDI_RIPERMISSIONING,ATTIVO
poggiolo@rifugioresistente.it,,,,,SIC-282701,,,SICUREZZA,0,L1_FREDDI_RIPERMISSIONING,ATTIVO
portoroca@portoroca.it,,,,,SIC-488554,,,SICUREZZA,0,L1_FREDDI_RIPERMISSIONING,ATTIVO
posta@servis.it,,,,,SIC-347008,,,SICUREZZA,0,L1_FREDDI_RIPERMISSIONING,ATTIVO
prenotazioni@coompany.it,,,,,SIC-350024,,,SICUREZZA,0,L1_FREDDI_RIPERMISSIONING,ATTIVO
prenotazioni@custorino.it,,,,,SIC-612570,,,SICUREZZA,0,L1_FREDDI_RIPERMISSIONING,ATTIVO
privacy.idrocentro@legalmail.it,,,,,SIC-299575,,,SICUREZZA,0,L1_FREDDI_RIPERMISSIONING,ATTIVO
produzione@elcora.com,,,,,SIC-450676,,,SICUREZZA,0,L1_FREDDI_RIPERMISSIONING,ATTIVO
progettoarredigracco@gmail.com,,,,,SIC-666116,,,SICUREZZA,0,L1_FREDDI_RIPERMISSIONING,ATTIVO
pubantichemura@gmail.com,,,,,SIC-051563,,,SICUREZZA,0,L1_FREDDI_RIPERMISSIONING,ATTIVO
radetzkycafe@libero.it,,,,,SIC-346716,,,SICUREZZA,0,L1_FREDDI_RIPERMISSIONING,ATTIVO
raffaelecubeddu@edilnuraghes.com,,,,,SIC-393963,,,SICUREZZA,0,L1_FREDDI_RIPERMISSIONING,ATTIVO
raniero.beber@gmail.com,,,,,SIC-984482,,,SICUREZZA,0,L1_FREDDI_RIPERMISSIONING,ATTIVO
ravanelli@legalmail.it,,,,,SIC-194164,,,SICUREZZA,0,L1_FREDDI_RIPERMISSIONING,ATTIVO
rebecca.tosatto@odcecvenezia.legalmail.it,,,,,SIC-174783,,,SICUREZZA,0,L1_FREDDI_RIPERMISSIONING,ATTIVO
regismagazine@gmail.com,,,,,SIC-957636,,,SICUREZZA,0,L1_FREDDI_RIPERMISSIONING,ATTIVO
reimsrl@autiero.legalmail.it,,,,,SIC-591087,,,SICUREZZA,0,L1_FREDDI_RIPERMISSIONING,ATTIVO
reply-fe5d1272706400747d14-200_html-477827634-10901677-81141@e.viator.com,,,,,SIC-942035,,,SICUREZZA,0,L1_FREDDI_RIPERMISSIONING,ATTIVO
reservation.gioia@ih-hotels.com,,,,,SIC-969934,,,SICUREZZA,0,L1_FREDDI_RIPERMISSIONING,ATTIVO
reservation@eurostarsresidenzacannaregio.com,,,,,SIC-405999,,,SICUREZZA,0,L1_FREDDI_RIPERMISSIONING,ATTIVO
reservations@himilangaribaldi.com,,,,,SIC-763971,,,SICUREZZA,0,L1_FREDDI_RIPERMISSIONING,ATTIVO
reservations@thebritannique.com,,,,,SIC-493655,,,SICUREZZA,0,L1_FREDDI_RIPERMISSIONING,ATTIVO
ricevimento@parkhotelpotenza.com,,,,,SIC-470642,,,SICUREZZA,0,L1_FREDDI_RIPERMISSIONING,ATTIVO
ristoranteallefornaci@virgilio.it,,,,,SIC-081483,,,SICUREZZA,0,L1_FREDDI_RIPERMISSIONING,ATTIVO
ristorantefedericoii@hotmail.it,,,,,SIC-857892,,,SICUREZZA,0,L1_FREDDI_RIPERMISSIONING,ATTIVO
ristoranteilborgo@gmail.com,,,,,SIC-635388,,,SICUREZZA,0,L1_FREDDI_RIPERMISSIONING,ATTIVO
ristorantesenafe@gmail.com,,,,,SIC-104459,,,SICUREZZA,0,L1_FREDDI_RIPERMISSIONING,ATTIVO
riva30@rivadati.com,,,,,SIC-249410,,,SICUREZZA,0,L1_FREDDI_RIPERMISSIONING,ATTIVO
roberto_dorico@yahoo.it,,,,,SIC-486439,,,SICUREZZA,0,L1_FREDDI_RIPERMISSIONING,ATTIVO
rois00200a@istruzione.it,,,,,SIC-375775,,,SICUREZZA,0,L1_FREDDI_RIPERMISSIONING,ATTIVO
rois011005@istruzione.it,,,,,SIC-729239,,,SICUREZZA,0,L1_FREDDI_RIPERMISSIONING,ATTIVO
rois01300r@istruzione.it,,,,,SIC-050979,,,SICUREZZA,0,L1_FREDDI_RIPERMISSIONING,ATTIVO
romanodepaola@gmail.com,,,,,SIC-439639,,,SICUREZZA,0,L1_FREDDI_RIPERMISSIONING,ATTIVO
romanosrlsch@libero.it,,,,,SIC-152580,,,SICUREZZA,0,L1_FREDDI_RIPERMISSIONING,ATTIVO
rosario.cilmi@monza.pecavvocati.it,,,,,SIC-977977,,,SICUREZZA,0,L1_FREDDI_RIPERMISSIONING,ATTIVO
rovigo-premi@inail.it,,,,,SIC-696682,,,SICUREZZA,0,L1_FREDDI_RIPERMISSIONING,ATTIVO
rovigo@inail.it,,,,,SIC-369803,,,SICUREZZA,0,L1_FREDDI_RIPERMISSIONING,ATTIVO
sales@parcol.com,,,,,SIC-775751,,,SICUREZZA,0,L1_FREDDI_RIPERMISSIONING,ATTIVO
salettarosaspina@libero.it,,,,,SIC-604250,,,SICUREZZA,0,L1_FREDDI_RIPERMISSIONING,ATTIVO
sandro.scavullo@email.it,,,,,SIC-164713,,,SICUREZZA,0,L1_FREDDI_RIPERMISSIONING,ATTIVO
sanelli@fregugliasrl.it,,,,,SIC-386389,,,SICUREZZA,0,L1_FREDDI_RIPERMISSIONING,ATTIVO
sarabosc80@virgilio.it,,,,,SIC-063309,,,SICUREZZA,0,L1_FREDDI_RIPERMISSIONING,ATTIVO
sarashida@yahoo.it,,,,,SIC-930020,,,SICUREZZA,0,L1_FREDDI_RIPERMISSIONING,ATTIVO
sc01c00@regione.sicilia.it,,,,,SIC-146138,,,SICUREZZA,0,L1_FREDDI_RIPERMISSIONING,ATTIVO
sc106815@coal.it,,,,,SIC-946318,,,SICUREZZA,0,L1_FREDDI_RIPERMISSIONING,ATTIVO
sc118801@coal.it,,,,,SIC-826794,,,SICUREZZA,0,L1_FREDDI_RIPERMISSIONING,ATTIVO
sc1193@coal.it,,,,,SIC-097861,,,SICUREZZA,0,L1_FREDDI_RIPERMISSIONING,ATTIVO
schettinonadia@legalmail.it,,,,,SIC-356452,,,SICUREZZA,0,L1_FREDDI_RIPERMISSIONING,ATTIVO
scuolagiadadance@gmail.com,,,,,SIC-265429,,,SICUREZZA,0,L1_FREDDI_RIPERMISSIONING,ATTIVO
scuolaguidasicura@gmail.com,,,,,SIC-935076,,,SICUREZZA,0,L1_FREDDI_RIPERMISSIONING,ATTIVO
seacspa@sicurezzapostale.it,,,,,SIC-413336,,,SICUREZZA,0,L1_FREDDI_RIPERMISSIONING,ATTIVO
sede@collegio.geometri.ro.it,,,,,SIC-132699,,,SICUREZZA,0,L1_FREDDI_RIPERMISSIONING,ATTIVO
segallafabio63@gmail.com,,,,,SIC-696033,,,SICUREZZA,0,L1_FREDDI_RIPERMISSIONING,ATTIVO
segreteria@cdacarpenteriesrl.com,,,,,SIC-845980,,,SICUREZZA,0,L1_FREDDI_RIPERMISSIONING,ATTIVO
segreteria@coopaltatoscana.it,,,,,SIC-314095,,,SICUREZZA,0,L1_FREDDI_RIPERMISSIONING,ATTIVO
segreteria@esalife.net,,,,,SIC-260878,,,SICUREZZA,0,L1_FREDDI_RIPERMISSIONING,ATTIVO
segreteria@ferroengineering.it,,,,,SIC-025466,,,SICUREZZA,0,L1_FREDDI_RIPERMISSIONING,ATTIVO
segreteria@istitutodocet.it,,,,,SIC-210338,,,SICUREZZA,0,L1_FREDDI_RIPERMISSIONING,ATTIVO
segreteria@ordineingegneri.ts.it,,,,,SIC-741199,,,SICUREZZA,0,L1_FREDDI_RIPERMISSIONING,ATTIVO
segreteria@sanav.it,,,,,SIC-819800,,,SICUREZZA,0,L1_FREDDI_RIPERMISSIONING,ATTIVO
segreteria@scambiologico.it,,,,,SIC-681062,,,SICUREZZA,0,L1_FREDDI_RIPERMISSIONING,ATTIVO
segreteria@schuster.pro,,,,,SIC-805213,,,SICUREZZA,0,L1_FREDDI_RIPERMISSIONING,ATTIVO
segreteria@stadiodelnuotobari.it,,,,,SIC-345944,,,SICUREZZA,0,L1_FREDDI_RIPERMISSIONING,ATTIVO
segreteria@studiolegalepelella.it,,,,,SIC-285440,,,SICUREZZA,0,L1_FREDDI_RIPERMISSIONING,ATTIVO
segreteriasicilia@custorino.it,,,,,SIC-441140,,,SICUREZZA,0,L1_FREDDI_RIPERMISSIONING,ATTIVO
servizioclienti@gruppopam.it,,,,,SIC-731351,,,SICUREZZA,0,L1_FREDDI_RIPERMISSIONING,ATTIVO
servizionline.milano@patronato.acli.it,,,,,SIC-263206,,,SICUREZZA,0,L1_FREDDI_RIPERMISSIONING,ATTIVO
sgaiola@lavoro.gov.it,,,,,SIC-710182,,,SICUREZZA,0,L1_FREDDI_RIPERMISSIONING,ATTIVO
sgfpontnuovo_p502880b@di-net.it,,,,,SIC-148163,,,SICUREZZA,0,L1_FREDDI_RIPERMISSIONING,ATTIVO
shop@akenaitaly.it,,,,,SIC-085140,,,SICUREZZA,0,L1_FREDDI_RIPERMISSIONING,ATTIVO
sicurezza@istitutosantandrea.org,,,,,SIC-475682,,,SICUREZZA,0,L1_FREDDI_RIPERMISSIONING,ATTIVO
silvia@ortodasporto.net,,,,,SIC-091783,,,SICUREZZA,0,L1_FREDDI_RIPERMISSIONING,ATTIVO
simona.buraschi@monza.pecavvocati.it,,,,,SIC-469473,,,SICUREZZA,0,L1_FREDDI_RIPERMISSIONING,ATTIVO
sinadelaville@sinahotels.com,,,,,SIC-677166,,,SICUREZZA,0,L1_FREDDI_RIPERMISSIONING,ATTIVO
siracusa@iconpalestre.it,,,,,SIC-087147,,,SICUREZZA,0,L1_FREDDI_RIPERMISSIONING,ATTIVO
sorrento.info@hilton.com,,,,,SIC-039653,,,SICUREZZA,0,L1_FREDDI_RIPERMISSIONING,ATTIVO
spazionu@gmail.com,,,,,SIC-160170,,,SICUREZZA,0,L1_FREDDI_RIPERMISSIONING,ATTIVO
sport.village@altairclub.it,,,,,SIC-876390,,,SICUREZZA,0,L1_FREDDI_RIPERMISSIONING,ATTIVO
stefania.pellegatta@monza.pecavvocati.it,,,,,SIC-642885,,,SICUREZZA,0,L1_FREDDI_RIPERMISSIONING,ATTIVO
studio@avvocatipacifico.it,,,,,SIC-251754,,,SICUREZZA,0,L1_FREDDI_RIPERMISSIONING,ATTIVO
studio@avvocatoadrianagiorgi.it,,,,,SIC-957083,,,SICUREZZA,0,L1_FREDDI_RIPERMISSIONING,ATTIVO
studiogtf@hotmail.it,,,,,SIC-739948,,,SICUREZZA,0,L1_FREDDI_RIPERMISSIONING,ATTIVO
studiolegale.buraschi.info@gmail.com,,,,,SIC-362013,,,SICUREZZA,0,L1_FREDDI_RIPERMISSIONING,ATTIVO
studiolegale@giammatteo.it,,,,,SIC-512330,,,SICUREZZA,0,L1_FREDDI_RIPERMISSIONING,ATTIVO
studiolegale@poniz.it,,,,,SIC-598824,,,SICUREZZA,0,L1_FREDDI_RIPERMISSIONING,ATTIVO
studiotutela@pec.it,,,,,SIC-579824,,,SICUREZZA,0,L1_FREDDI_RIPERMISSIONING,ATTIVO
studiotutelaim@gmail.com,,,,,SIC-266559,,,SICUREZZA,0,L1_FREDDI_RIPERMISSIONING,ATTIVO
studiovanaude@gmail.com,,,,,SIC-261953,,,SICUREZZA,0,L1_FREDDI_RIPERMISSIONING,ATTIVO
stufreg@gmail.com,,,,,SIC-625810,,,SICUREZZA,0,L1_FREDDI_RIPERMISSIONING,ATTIVO
sunriselab24@gmail.com,,,,,SIC-790663,,,SICUREZZA,0,L1_FREDDI_RIPERMISSIONING,ATTIVO
sunriserent@libero.it,,,,,SIC-274122,,,SICUREZZA,0,L1_FREDDI_RIPERMISSIONING,ATTIVO
superconadfuno_e000492b@di-net.it,,,,,SIC-948791,,,SICUREZZA,0,L1_FREDDI_RIPERMISSIONING,ATTIVO
supermarchesdesalpesverres_p502830b@di-net.it,,,,,SIC-227165,,,SICUREZZA,0,L1_FREDDI_RIPERMISSIONING,ATTIVO
supermercato.superemme@gmail.com,,,,,SIC-559993,,,SICUREZZA,0,L1_FREDDI_RIPERMISSIONING,ATTIVO
supermervillaregiaisnardi_l494286b@di-net.it,,,,,SIC-820078,,,SICUREZZA,0,L1_FREDDI_RIPERMISSIONING,ATTIVO
support+id178784@dubaicollin.zendesk.com,,,,,SIC-417041,,,SICUREZZA,0,L1_FREDDI_RIPERMISSIONING,ATTIVO
tangoinprogress@gmail.com,,,,,SIC-897633,,,SICUREZZA,0,L1_FREDDI_RIPERMISSIONING,ATTIVO
tecnico@cdacarpenteriesrl.com,,,,,SIC-468269,,,SICUREZZA,0,L1_FREDDI_RIPERMISSIONING,ATTIVO
tempormonza@tempor.it,,,,,SIC-409637,,,SICUREZZA,0,L1_FREDDI_RIPERMISSIONING,ATTIVO
terlan@heinrichhof.info,,,,,SIC-703502,,,SICUREZZA,0,L1_FREDDI_RIPERMISSIONING,ATTIVO
thomas@zmo.bz,,,,,SIC-035405,,,SICUREZZA,0,L1_FREDDI_RIPERMISSIONING,ATTIVO
tipicomodena@gmail.com,,,,,SIC-644793,,,SICUREZZA,0,L1_FREDDI_RIPERMISSIONING,ATTIVO
tpp@teatropubblicopugliese.it,,,,,SIC-184418,,,SICUREZZA,0,L1_FREDDI_RIPERMISSIONING,ATTIVO
trelicio2017@gmail.com,,,,,SIC-197845,,,SICUREZZA,0,L1_FREDDI_RIPERMISSIONING,ATTIVO
trento@openjob.it,,,,,SIC-858122,,,SICUREZZA,0,L1_FREDDI_RIPERMISSIONING,ATTIVO
trieste@ordineingegneri.legalmail.it,,,,,SIC-653883,,,SICUREZZA,0,L1_FREDDI_RIPERMISSIONING,ATTIVO
tsnbisceglie@gmail.com,,,,,SIC-332037,,,SICUREZZA,0,L1_FREDDI_RIPERMISSIONING,ATTIVO
tsvahrn@kostner.net,,,,,SIC-579477,,,SICUREZZA,0,L1_FREDDI_RIPERMISSIONING,ATTIVO
tudinihousing@legalmail.it,,,,,SIC-491601,,,SICUREZZA,0,L1_FREDDI_RIPERMISSIONING,ATTIVO
tuscanysnookeracademypisa@email.it,,,,,SIC-438925,,,SICUREZZA,0,L1_FREDDI_RIPERMISSIONING,ATTIVO
ucilsegreteria@comune.genova.it,,,,,SIC-175023,,,SICUREZZA,0,L1_FREDDI_RIPERMISSIONING,ATTIVO
udine@cafcislfvg.it,,,,,SIC-965116,,,SICUREZZA,0,L1_FREDDI_RIPERMISSIONING,ATTIVO
ughes@ughes.it,,,,,SIC-331457,,,SICUREZZA,0,L1_FREDDI_RIPERMISSIONING,ATTIVO
unionclub@hotmail.it,,,,,SIC-263565,,,SICUREZZA,0,L1_FREDDI_RIPERMISSIONING,ATTIVO
universal@francofiumana.it,,,,,SIC-627746,,,SICUREZZA,0,L1_FREDDI_RIPERMISSIONING,ATTIVO
urp@apss.tn.it,,,,,SIC-428980,,,SICUREZZA,0,L1_FREDDI_RIPERMISSIONING,ATTIVO
v.mazzoni@vincenzomazzoni.it,,,,,SIC-111941,,,SICUREZZA,0,L1_FREDDI_RIPERMISSIONING,ATTIVO
valicentifede@gmail.com,,,,,SIC-227424,,,SICUREZZA,0,L1_FREDDI_RIPERMISSIONING,ATTIVO
verdorfer@rolmail.net,,,,,SIC-008917,,,SICUREZZA,0,L1_FREDDI_RIPERMISSIONING,ATTIVO
vergarive@libero.it,,,,,SIC-347505,,,SICUREZZA,0,L1_FREDDI_RIPERMISSIONING,ATTIVO
vframe@tin.it,,,,,SIC-764290,,,SICUREZZA,0,L1_FREDDI_RIPERMISSIONING,ATTIVO
villacanapa@gmail.com,,,,,SIC-699462,,,SICUREZZA,0,L1_FREDDI_RIPERMISSIONING,ATTIVO
vincenzoporfilio@gmail.com,,,,,SIC-284948,,,SICUREZZA,0,L1_FREDDI_RIPERMISSIONING,ATTIVO
vision@helios.bz,,,,,SIC-935031,,,SICUREZZA,0,L1_FREDDI_RIPERMISSIONING,ATTIVO
vito60000@live.it,,,,,SIC-068201,,,SICUREZZA,0,L1_FREDDI_RIPERMISSIONING,ATTIVO
vitrifrigoarena@aspes.it,,,,,SIC-821828,,,SICUREZZA,0,L1_FREDDI_RIPERMISSIONING,ATTIVO
vkcscuolakite@libero.it,,,,,SIC-106601,,,SICUREZZA,0,L1_FREDDI_RIPERMISSIONING,ATTIVO
vobarno@fluidmec.it,,,,,SIC-485217,,,SICUREZZA,0,L1_FREDDI_RIPERMISSIONING,ATTIVO
web@gpmotors.net,,,,,SIC-492146,,,SICUREZZA,0,L1_FREDDI_RIPERMISSIONING,ATTIVO
weger.o@rolmail.net,,,,,SIC-745981,,,SICUREZZA,0,L1_FREDDI_RIPERMISSIONING,ATTIVO
welcome@ambassadorpesaro.it,,,,,SIC-984302,,,SICUREZZA,0,L1_FREDDI_RIPERMISSIONING,ATTIVO
williamsrl@legalmail.it,,,,,SIC-011743,,,SICUREZZA,0,L1_FREDDI_RIPERMISSIONING,ATTIVO
www.telefonia.business@gmail.com,,,,,SIC-230554,,,SICUREZZA,0,L1_FREDDI_RIPERMISSIONING,ATTIVO
your22242@gmail.com,,,,,SIC-315052,,,SICUREZZA,0,L1_FREDDI_RIPERMISSIONING,ATTIVO
zacluci@cheapnet.it,,,,,SIC-207532,,,SICUREZZA,0,L1_FREDDI_RIPERMISSIONING,ATTIVO
zeta2000s.r.l@legalmail.it,,,,,SIC-412431,,,SICUREZZA,0,L1_FREDDI_RIPERMISSIONING,ATTIVO
zoldana@dolomiti.it,,,,,SIC-160482,,,SICUREZZA,0,L1_FREDDI_RIPERMISSIONING,ATTIVO
