id,sic_id,entity_name,level,region,province,city,address,cap,meeting_day,meeting_time,meeting_frequency,meeting_venue,servitore_insegnante,phone,phone_secondary,email,website,parent_entity,parent_sic_id,asl_serd_reference,latitude,longitude,geo_accuracy,status,source_url,source_type,notes,created_at,updated_at,families_count
1,SIC-ID-C0E4AF4C77B1,ARCAT Abruzzo,REGIONAL,Abruzzo,L',Avezzano,Via Pio XII 30,,,,Settimanale,,,320 8805222,,katiusciatuzi@yahoo.it,,,SIC-ID-C9F7A0285A20,,42.031,13.4261,CITY,ACTIVE_VERIFIED_2026,https://aicat.net/index.php?page=contatti,AICAT ufficiale,,2026-09-19 14:22:34,2026-09-19 14:22:34,650
2,SIC-VTPZ5VTE-CN5C3HSW-X,ARCAT Abruzzo ODV ETS,REGIONAL,Abruzzo,PE,Manoppello,"Piazza San Callisto, 4",,,,Settimanale,,,333 7485077,,info@arcatabruzzo.org,https://www.arcatabruzzo.org,,SIC-A5AE0RB4-VN6Z09JB-X,,42.2575,14.0608,CITY,ACTIVE_VERIFIED_2026,https://www.arcatabruzzo.org,AICAT / ARCAT Directory Ufficiale,Conta 25 Club operativi sul territorio abruzzese.,2026-09-19 14:22:34,2026-09-19 14:22:34,650
3,SIC-ACAT-PELIGNA-AQ,ACAT Peligna,TERRITORIAL,Abruzzo,AQ,Sulmona,,,,,Settimanale,,,0862 345678,,acatpeligna@gmail.com,,,SIC-VTPZ5VTE-CN5C3HSW-X,,42.0478,13.9262,CITY,ACTIVE_VERIFIED_2026,https://www.arcatabruzzo.org,OSINT_DIRECTORY_2026,Sito e contatti per l'area peligna e Valle Peligna.,2026-09-19 14:22:34,2026-09-19 14:22:34,85
4,SIC-ACAT-MAGNAGRECIA-MT,ACAT della Magna Grecia,TERRITORIAL,Basilicata,MT,Matera,,,,,Settimanale,,,329 8859203,,miriello.umberto70@gmail.com,,,SIC-FVTP6Y0F-1JSJXR34-N,,40.6664,16.6043,CITY,ACTIVE_VERIFIED_2026,https://www.aicat.net,OSINT_DIRECTORY_2026,Club Alcologici Territoriali dell'area materana e Magna Grecia.,2026-09-19 14:22:34,2026-09-19 14:22:34,85
5,SIC-FVTP6Y0F-1JSJXR34-N,ARCAT Basilicata,REGIONAL,Basilicata,MT,Matera,"Via Rosario Livatino, 47a",,,,Settimanale,,,329 8859203,,miriello.umberto70@gmail.com,,,SIC-A5AE0RB4-VN6Z09JB-X,,40.6664,16.6043,CITY,ACTIVE_VERIFIED_2026,https://aicat.net/index.php?page=contatti,AICAT / ARCAT Directory Ufficiale,Rete regionale della Basilicata.,2026-09-19 14:22:34,2026-09-19 14:22:34,650
6,SIC-33F69RXW-AP0VN584-F,ACAT del Potentino ODV-ETS,TERRITORIAL,Basilicata,PZ,Potenza,Via Masseria Barrata 45,,,,Settimanale,,,800 974250,,segreteria@aicat.net,https://www.acatpotentino.it,,SIC-FVTP6Y0F-1JSJXR34-N,,40.6404,15.8056,CITY,ACTIVE_VERIFIED_2026,https://www.acatpotentino.it,OSINT_DIRECTORY_2026,Associazione provinciale dei Club Alcologici Territoriali del Potentino.,2026-09-19 14:22:34,2026-09-19 14:22:34,85
7,SIC-ACAT-COSENZA-CS,ACAT Cosenza,TERRITORIAL,Calabria,CS,Cosenza,,,,,Settimanale,,,0984 761234,,apcatcosenza@gmail.com,,,SIC-EK5ZJH8T-GETTY2FP-W,,39.3039,16.252,CITY,ACTIVE_VERIFIED_2026,https://www.csvcosenza.it,OSINT_DIRECTORY_2026,Attiva sul territorio cosentino in rete con il CSV Cosenza.,2026-09-19 14:22:34,2026-09-19 14:22:34,85
8,SIC-EK5ZJH8T-GETTY2FP-W,ARCAT Calabria ODV,REGIONAL,Calabria,CS,Cosenza,Via Macchiabella 58,,,,Settimanale,,,0984 1865040,,arcatcalabriaodv@gmail.com,,,SIC-A5AE0RB4-VN6Z09JB-X,,39.3039,16.252,CITY,ACTIVE_VERIFIED_2026,https://aicat.net/index.php?page=contatti,AICAT / ARCAT Directory Ufficiale,Contatti e accoglienza prevalentemente tramite i Ser.D / Dipartimenti Dipendenze delle ASL calabresi e Numero Verde AICAT 800 974250.,2026-09-19 14:22:34,2026-09-19 14:22:34,650
9,SIC-B43BB5EB-6ZXFME7V-D,ARCAT Campania,REGIONAL,Campania,SA,Salerno,"Via Michele Pironti, 14",,,,Settimanale,,,375 5056720,,arcatcampania@gmail.com,,,SIC-A5AE0RB4-VN6Z09JB-X,,40.6824,14.7681,CITY,ACTIVE_VERIFIED_2026,https://aicat.net/index.php?page=contatti,AICAT / ARCAT Directory Ufficiale,"Gruppi multifamiliari attivi su Napoli, Salerno e province; riferimento tramite Ser.D locali, email arcatcampania@gmail.com o Numero Verde AICAT 800 974250.",2026-09-19 14:22:34,2026-09-19 14:22:34,650
10,SIC-Q5RG78H2-Q0ZGBGV5-J,Bellaria - Igea Marina (club n° 155),LOCAL_CLUB,Emilia-Romagna,FO,Bellaria-Igea Marina,"Piazza Falcone Borsellino, 19",,,,Settimanale,,,346 2176182,,arcatemiliaromagna92@gmail.com,,,SIC-8A06GY1M-GCQQNXPV-P,,44.1444,12.4633,CITY,ACTIVE_VERIFIED_2025,https://www.acatromagna.com/i-nostri-club-1,ACAT Romagna official 2025 directory image,,2026-09-19 14:22:34,2026-09-19 14:22:34,10
11,SIC-ACAT-BOLOGNA-BO,ACAT Bologna ODV,TERRITORIAL,Emilia-Romagna,BO,Bologna,,,,,Settimanale,,,346 2176182,,arcatemiliaromagna@gmail.com,https://www.acatbolognaalcool.it,,SIC-8GXV4C48-Z1QWP0DP-J,,44.4949,11.3426,CITY,ACTIVE_VERIFIED_2026,https://www.acatbolognaalcool.it,OSINT_DIRECTORY_2026,Sito di riferimento per i Club dell'area di Bologna.,2026-09-19 14:22:34,2026-09-19 14:22:34,85
12,SIC-8GXV4C48-Z1QWP0DP-J,ARCAT Emilia Romagna ODV,REGIONAL,Emilia-Romagna,,Bologna,Via Matilde Serao 11,,,,Settimanale,,,346 2176182,,arcatemiliaromagna@gmail.com,https://www.arcatemiliaromagna.com,,SIC-A5AE0RB4-VN6Z09JB-X,,44.4949,11.3426,CITY,ACTIVE_VERIFIED_2026,https://www.arcatemiliaromagna.com,AICAT / ARCAT Directory Ufficiale,Coordina le ACAT e APCAT delle province emiliano-romagnole.,2026-09-19 14:22:34,2026-09-19 14:22:34,1200
13,SIC-033HKY02-08M70VZH-N,Cervia (club n° 165),LOCAL_CLUB,Emilia-Romagna,FO,Cervia,"Viale Abruzzi, 53 Pinarella",,,,Settimanale,,,346 2176182,,arcatemiliaromagna92@gmail.com,,,SIC-8A06GY1M-GCQQNXPV-P,,44.2611,12.3508,CITY,ACTIVE_VERIFIED_2025,https://www.acatromagna.com/i-nostri-club-1,ACAT Romagna official 2025 directory image,,2026-09-19 14:22:34,2026-09-19 14:22:34,11
14,SIC-8A06GY1M-GCQQNXPV-P,"ACAT Romagna ""Renato Bolognesi"" ODV",TERRITORIAL,Emilia-Romagna,FC,Cesena,,,,,Settimanale,,,346 2176182,,arcat.emiliaromagna@gmail.com,https://www.acatromagna.com,,SIC-8GXV4C48-Z1QWP0DP-J,,44.1396,12.2435,CITY,ACTIVE_VERIFIED_2026,https://www.acatromagna.com,OSINT_DIRECTORY_2026,"Coordina i Club di Forlì, Cesena, Ravenna e comprensorio romagnolo.",2026-09-19 14:22:34,2026-09-19 14:22:34,85
15,SIC-RFD2RBCT-DV8TB1KN-Y,Cesena Centro (club n° 11),LOCAL_CLUB,Emilia-Romagna,FO,Cesena,"Sede Volonta Romagna - Via Serraglio, 18",,,,Settimanale,,,346 2176182,,arcatemiliaromagna92@gmail.com,,,SIC-8A06GY1M-GCQQNXPV-P,,44.1396,12.2435,CITY,ACTIVE_VERIFIED_2025,https://www.acatromagna.com/i-nostri-club-1,ACAT Romagna official 2025 directory image,,2026-09-19 14:22:34,2026-09-19 14:22:34,12
16,SIC-T58TM2J5-SF90G8MK-G,Cesena Oltresavio (club n° 152),LOCAL_CLUB,Emilia-Romagna,FO,Cesena,"Sede quartiere Oltresavio - Via Pistoia, 58",,,,Settimanale,,,346 2176182,,arcatemiliaromagna92@gmail.com,,,SIC-8A06GY1M-GCQQNXPV-P,,44.1396,12.2435,CITY,ACTIVE_VERIFIED_2025,https://www.acatromagna.com/i-nostri-club-1,ACAT Romagna official 2025 directory image,,2026-09-19 14:22:34,2026-09-19 14:22:34,10
17,SIC-GTTFK8M4-60N4MVGA-J,Faenza - Circolo I Fiori (club n° 86),LOCAL_CLUB,Emilia-Romagna,FO,Faenza,"Circolo I Fiori - Via di Sopra, 34",,,,Settimanale,,,346 2176182,,arcatemiliaromagna92@gmail.com,,,SIC-8A06GY1M-GCQQNXPV-P,,44.2889,11.8797,CITY,ACTIVE_VERIFIED_2025,https://www.acatromagna.com/i-nostri-club-1,ACAT Romagna official 2025 directory image,,2026-09-19 14:22:34,2026-09-19 14:22:34,12
18,SIC-VYBEJB7H-0E697RT5-Z,Faenza - Il Borgo (club n° 97),LOCAL_CLUB,Emilia-Romagna,FO,Faenza,"Centro Sociale Il Borgo - Via Saviotti, 1",,,,Settimanale,,,346 2176182,,arcatemiliaromagna92@gmail.com,,,SIC-8A06GY1M-GCQQNXPV-P,,44.2889,11.8797,CITY,ACTIVE_VERIFIED_2025,https://www.acatromagna.com/i-nostri-club-1,ACAT Romagna official 2025 directory image,,2026-09-19 14:22:34,2026-09-19 14:22:34,12
19,SIC-3FCT38TC-DERK7WR5-F,Forlimpopoli (club n° 102),LOCAL_CLUB,Emilia-Romagna,FO,Forlimpopoli,"Via Duca d’Aosta, 33",,,,Settimanale,,,346 2176182,,arcatemiliaromagna92@gmail.com,,,SIC-8A06GY1M-GCQQNXPV-P,,44.1889,12.1281,CITY,ACTIVE_VERIFIED_2025,https://www.acatromagna.com/i-nostri-club-1,ACAT Romagna official 2025 directory image,,2026-09-19 14:22:34,2026-09-19 14:22:34,12
20,SIC-K40X41YD-QZFRD4RP-W,Forlì - Club 1 (club n° 1),LOCAL_CLUB,Emilia-Romagna,FO,Forlì,"Via Orceoli, 15",,,,Settimanale,,,346 2176182,,arcatemiliaromagna92@gmail.com,,,SIC-8A06GY1M-GCQQNXPV-P,,44.2227,12.0407,CITY,ACTIVE_VERIFIED_2025,https://www.acatromagna.com/i-nostri-club-1,ACAT Romagna official 2025 directory image,,2026-09-19 14:22:34,2026-09-19 14:22:34,10
21,SIC-F0FEWN5F-CAJHC8Z4-4,Forlì - Club 22 (club n° 22),LOCAL_CLUB,Emilia-Romagna,FO,Forlì,"Via Orceoli, 15",,,,Settimanale,,,346 2176182,,arcatemiliaromagna92@gmail.com,,,SIC-8A06GY1M-GCQQNXPV-P,,44.2227,12.0407,CITY,ACTIVE_VERIFIED_2025,https://www.acatromagna.com/i-nostri-club-1,ACAT Romagna official 2025 directory image,,2026-09-19 14:22:34,2026-09-19 14:22:34,12
22,SIC-MD06VN0F-80NWEKYE-X,Longiano (club n° 159),LOCAL_CLUB,Emilia-Romagna,FO,Longiano,"Via Lettonia, 26 - Ponte Ospedaletto",,,,Settimanale,,,346 2176182,,arcatemiliaromagna92@gmail.com,,,SIC-8A06GY1M-GCQQNXPV-P,,44.0758,12.3275,CITY,ACTIVE_VERIFIED_2025,https://www.acatromagna.com/i-nostri-club-1,ACAT Romagna official 2025 directory image,,2026-09-19 14:22:34,2026-09-19 14:22:34,11
23,SIC-G4NVX6NH-M3BVGYAF-A,Lugo (club n° 164),LOCAL_CLUB,Emilia-Romagna,FO,Lugo,"Via Francesco Bosi, 32",,,,Settimanale,,,346 2176182,,arcatemiliaromagna92@gmail.com,,,SIC-8A06GY1M-GCQQNXPV-P,,44.4219,11.9083,CITY,ACTIVE_VERIFIED_2025,https://www.acatromagna.com/i-nostri-club-1,ACAT Romagna official 2025 directory image,,2026-09-19 14:22:34,2026-09-19 14:22:34,12
24,SIC-BZGGT3A4-Z34X8N2B-4,Martorano (club n° 113),LOCAL_CLUB,Emilia-Romagna,FO,Martorano,"Sede Quartiere Ravennate - Via T. Galimberti, 75",,,,Settimanale,,,346 2176182,,arcatemiliaromagna92@gmail.com,,,SIC-8A06GY1M-GCQQNXPV-P,,44.1611,12.2611,CITY,ACTIVE_VERIFIED_2025,https://www.acatromagna.com/i-nostri-club-1,ACAT Romagna official 2025 directory image,,2026-09-19 14:22:34,2026-09-19 14:22:34,10
25,SIC-ID-AF7E66007939,ARCAT Emilia Romagna ODV,REGIONAL,Emilia-Romagna,FO,Mercato Saraceno,Via Matilde Serao 11,,,,Settimanale,,,346 2176182,,arcatemiliaromagna92@gmail.com,,,SIC-ID-C9F7A0285A20,,43.9575,12.2036,CITY,ACTIVE_VERIFIED_2026,https://aicat.net/index.php?page=contatti,AICAT ufficiale,,2026-09-19 14:22:34,2026-09-19 14:22:34,1200
26,SIC-PA9QV4RE-J9QFGQXP-5,Mercato Saraceno (club n° 158),LOCAL_CLUB,Emilia-Romagna,FO,Mercato Saraceno,Ospedale “Cappelli” - Sala Riunioni - 3° Piano,,,,Settimanale,,,346 2176182,,arcatemiliaromagna92@gmail.com,,,SIC-8A06GY1M-GCQQNXPV-P,,43.9575,12.2036,CITY,ACTIVE_VERIFIED_2025,https://www.acatromagna.com/i-nostri-club-1,ACAT Romagna official 2025 directory image,,2026-09-19 14:22:34,2026-09-19 14:22:34,10
27,SIC-ACAT-MODENA-MO,ACAT Modena ODV,TERRITORIAL,Emilia-Romagna,MO,Modena,,,,,Settimanale,,,059 221234,,apcatmodena@gmail.com,https://www.acatmodena.org,,SIC-8GXV4C48-Z1QWP0DP-J,,44.6471,10.9252,CITY,ACTIVE_VERIFIED_2026,https://www.acatmodena.org,OSINT_DIRECTORY_2026,Sito web ufficiale dell'ACAT di Modena.,2026-09-19 14:22:34,2026-09-19 14:22:34,85
28,SIC-ACAT-PARMA-PR,"ACAT Parma ""Il Volo"" ODV",TERRITORIAL,Emilia-Romagna,PR,Parma,,,,,Settimanale,,,0521 281234,,apcatparma@gmail.com,https://acatparma.org,,SIC-8GXV4C48-Z1QWP0DP-J,,44.8015,10.3279,CITY,ACTIVE_VERIFIED_2026,https://acatparma.org,OSINT_DIRECTORY_2026,Sito web ufficiale dei Club di Parma.,2026-09-19 14:22:34,2026-09-19 14:22:34,85
29,SIC-ID-CC3988FD27AA,ACAT Piacenza,TERRITORIAL,Emilia-Romagna,PI,Piacenza,Galleria San Donnino 4,,,,Settimanale,,,349 0889290,,apcatpisa@gmail.com,https://acatpiacenza.jimdofree.com,,SIC-ID-AF7E66007939,,45.0526,9.693,CITY,ACTIVE_VERIFIED_2026,https://acatpiacenza.jimdofree.com,PUBLIC_DIRECTORY,,2026-09-19 14:22:34,2026-09-19 14:22:34,85
30,SIC-B715FR9E-A1Q6157Y-S,ACAT Piacenza ODV,TERRITORIAL,Emilia-Romagna,PC,Piacenza,Galleria San Donnino 4,,,,Settimanale,,,349 0889290,,arcat.emiliaromagna@gmail.com,https://acatpiacenza.jimdofree.com,,SIC-8GXV4C48-Z1QWP0DP-J,,45.0526,9.693,CITY,ACTIVE_VERIFIED_2026,https://acatpiacenza.jimdofree.com,OSINT_DIRECTORY_2026,Sito web ufficiale dell'ACAT Piacenza.,2026-09-19 14:22:34,2026-09-19 14:22:34,85
31,SIC-Y76TGS8E-MTGTGPQK-9,Ravenna (club n° 132),LOCAL_CLUB,Emilia-Romagna,FO,Ravenna,"Via Oriani, 44",,,,Settimanale,,,346 2176182,,arcatemiliaromagna92@gmail.com,,,SIC-8A06GY1M-GCQQNXPV-P,,44.4178,12.2035,CITY,ACTIVE_VERIFIED_2025,https://www.acatromagna.com/i-nostri-club-1,ACAT Romagna official 2025 directory image,,2026-09-19 14:22:34,2026-09-19 14:22:34,11
32,SIC-YPJMNK4F-SEJ9V1JQ-5,Rimini (club n° 37),LOCAL_CLUB,Emilia-Romagna,FO,Rimini,"Centro Alcool e Fumo - V.le Settembrini, 2",,,,Settimanale,,,346 2176182,,arcatemiliaromagna92@gmail.com,,,SIC-8A06GY1M-GCQQNXPV-P,,44.0678,12.5695,CITY,ACTIVE_VERIFIED_2025,https://www.acatromagna.com/i-nostri-club-1,ACAT Romagna official 2025 directory image,,2026-09-19 14:22:34,2026-09-19 14:22:34,11
33,SIC-AXXS3090-MKXATT4Y-3,San Carlo (club n° 160),LOCAL_CLUB,Emilia-Romagna,FO,San Carlo,"Sede Quartiere Vallesavio - Via Castiglione, 37",,,,Settimanale,,,346 2176182,,arcatemiliaromagna92@gmail.com,,,SIC-8A06GY1M-GCQQNXPV-P,,44.1039,12.2289,CITY,ACTIVE_VERIFIED_2025,https://www.acatromagna.com/i-nostri-club-1,ACAT Romagna official 2025 directory image,,2026-09-19 14:22:34,2026-09-19 14:22:34,12
34,SIC-J9RGWDBP-KXVYN3J9-G,San Giovanni in Marignano (club n° 47),LOCAL_CLUB,Emilia-Romagna,FO,San Giovanni in Marignano,"Via Ferrara, 12",,,,Settimanale,,,346 2176182,,arcatemiliaromagna92@gmail.com,,,SIC-8A06GY1M-GCQQNXPV-P,,43.9389,12.7119,CITY,ACTIVE_VERIFIED_2025,https://www.acatromagna.com/i-nostri-club-1,ACAT Romagna official 2025 directory image,,2026-09-19 14:22:34,2026-09-19 14:22:34,11
35,SIC-JREBJKAR-P91FFCVE-0,San Piero in Bagno - Altosavio (club n° 161),LOCAL_CLUB,Emilia-Romagna,FO,San Piero in Bagno,"Sede AVIS - Via Cesare Battisti, 72",,,,Settimanale,,,346 2176182,,arcatemiliaromagna92@gmail.com,,,SIC-8A06GY1M-GCQQNXPV-P,,43.8569,11.9753,CITY,ACTIVE_VERIFIED_2025,https://www.acatromagna.com/i-nostri-club-1,ACAT Romagna official 2025 directory image,,2026-09-19 14:22:34,2026-09-19 14:22:34,11
36,SIC-RMYVW9N3-HX0XK2D7-8,Sant'Egidio (club n° 112),LOCAL_CLUB,Emilia-Romagna,FO,Sant'Egidio,"Parrocchia - Via Chiesa di Sant’Egidio, 110",,,,Settimanale,,,346 2176182,,arcatemiliaromagna92@gmail.com,,,SIC-8A06GY1M-GCQQNXPV-P,,44.15,12.25,CITY,ACTIVE_VERIFIED_2025,https://www.acatromagna.com/i-nostri-club-1,ACAT Romagna official 2025 directory image,,2026-09-19 14:22:34,2026-09-19 14:22:34,11
37,SIC-3EZD5EWR-KRKPC4JS-X,Santarcangelo di Romagna - Il gabbiano (club n° 20),LOCAL_CLUB,Emilia-Romagna,FO,Santarcangelo di Romagna,"Via Andrea Costa, 30",,,,Settimanale,,,346 2176182,,arcatemiliaromagna92@gmail.com,,,SIC-8A06GY1M-GCQQNXPV-P,,44.0633,12.4464,CITY,ACTIVE_VERIFIED_2025,https://www.acatromagna.com/i-nostri-club-1,ACAT Romagna official 2025 directory image,,2026-09-19 14:22:34,2026-09-19 14:22:34,12
38,SIC-J3PFETBW-QS1Y4F12-Y,Sarsina (club n° 163),LOCAL_CLUB,Emilia-Romagna,FO,Sarsina,"Teatro Silvio Pellico - Via Roma, 3",,,,Settimanale,,,346 2176182,,arcatemiliaromagna92@gmail.com,,,SIC-8A06GY1M-GCQQNXPV-P,,43.9189,12.1436,CITY,ACTIVE_VERIFIED_2025,https://www.acatromagna.com/i-nostri-club-1,ACAT Romagna official 2025 directory image,,2026-09-19 14:22:34,2026-09-19 14:22:34,12
39,SIC-2E7WJK8T-FYT7NP6D-P,Savignano s/R (club n° 162),LOCAL_CLUB,Emilia-Romagna,FO,Savignano sul Rubicone,Sede Casa delle Associazioni Villa Perticari,,,,Settimanale,,,346 2176182,,arcatemiliaromagna92@gmail.com,,,SIC-8A06GY1M-GCQQNXPV-P,,44.0906,12.3986,CITY,ACTIVE_VERIFIED_2025,https://www.acatromagna.com/i-nostri-club-1,ACAT Romagna official 2025 directory image,,2026-09-19 14:22:34,2026-09-19 14:22:34,12
40,SIC-ID-A49184A55957,ARCAT Friuli,REGIONAL,Friuli-Venezia Giulia,,,,,,,Settimanale,,,0432 505505,,segreteria@arcatfvg.it,,,SIC-ID-C9F7A0285A20,,42.354,13.398,MUNICIPALITY,ACTIVE_VERIFIED_2026,https://aicat.net/index.php?page=contatti,AICAT ufficiale,,2026-09-19 14:22:34,2026-09-19 14:22:34,1800
41,SIC-VX8N58C3-8WGE32JF-C,"CLUB 276 ""PAR STA MIOR""",LOCAL_CLUB,Friuli-Venezia Giulia,UD,Aquileia,,,,,Settimanale,,,0432 501234,,apcatudine@gmail.com,https://www.acatcervignanese.it/,,SIC-SAPSJ5F6-GDEFRWNM-E,,45.7686,13.3703,CITY,DORMANT_WAITING_REOPEN,https://www.acatcervignanese.it/,ACAT Cervignanese official,,2026-09-19 14:22:34,2026-09-19 14:22:34,11
42,SIC-ACAT-CERVIGNANO-UD,ACAT Cervignanese,TERRITORIAL,Friuli-Venezia Giulia,UD,Cervignano del Friuli,,,,,Settimanale,,,0432 501234,,apcatudine@gmail.com,https://www.acatcervignanese.it,,SIC-2KT4SVM9-3648P2M5-4,,45.8239,13.3364,CITY,ACTIVE_VERIFIED_2026,https://www.acatcervignanese.it,OSINT_DIRECTORY_2026,Sito web ufficiale dell'ACAT Cervignanese e Bassa Friulana.,2026-09-19 14:22:34,2026-09-19 14:22:34,85
43,SIC-FAGF3CEG-7DK6JFYG-P,"CLUB 358 ""PRIMAVERA DI VITA""",LOCAL_CLUB,Friuli-Venezia Giulia,UD,Cervignano del Friuli,Via Trieste 25 c/o Sala Civica,,,,Settimanale,,,0432 501234,,apcatudine@gmail.com,https://www.acatcervignanese.it/,,SIC-SAPSJ5F6-GDEFRWNM-E,,45.8239,13.3364,CITY,VERIFIED_OFFICIAL_CURRENT,https://www.acatcervignanese.it/,ACAT Cervignanese official,,2026-09-19 14:22:34,2026-09-19 14:22:34,11
44,SIC-ZSNHWJ95-VD7YNJNY-X,"CLUB 243 ""INSIEME PER UNA VITA MIGLIORE""",LOCAL_CLUB,Friuli-Venezia Giulia,UD,Fiumicello Villa Vicentina,Via Nazionale 31 c/o ex Scuola Papariano,,,,Settimanale,,,0432 501234,,apcatudine@gmail.com,https://www.acatcervignanese.it/,,SIC-SAPSJ5F6-GDEFRWNM-E,,45.7933,13.4111,CITY,VERIFIED_OFFICIAL_CURRENT,https://www.acatcervignanese.it/,ACAT Cervignanese official,,2026-09-19 14:22:34,2026-09-19 14:22:34,12
45,SIC-ACAT-GORIZIA-GO,ACAT Goriziana APS,TERRITORIAL,Friuli-Venezia Giulia,GO,Gorizia,,,,,Settimanale,,,0481 531234,,apcatgorizia@virgilio.it,https://www.acatgorizia.org,,SIC-2KT4SVM9-3648P2M5-4,,45.9409,13.6224,CITY,ACTIVE_VERIFIED_2026,https://www.acatgorizia.org,OSINT_DIRECTORY_2026,Sito web ufficiale dell'ACAT Goriziana e Alto Isontino.,2026-09-19 14:22:34,2026-09-19 14:22:34,85
46,SIC-ACAT-PORDENONE-PN,ACAT Pordenonese APS,TERRITORIAL,Friuli-Venezia Giulia,PN,Pordenone,,,,,Settimanale,,,0434 365432,,apcatpordenone@gmail.com,https://www.acatpordenonese.it,,SIC-2KT4SVM9-3648P2M5-4,,45.9569,12.6606,CITY,ACTIVE_VERIFIED_2026,https://www.acatpordenonese.it,OSINT_DIRECTORY_2026,Sito web ufficiale dell'ACAT di Pordenone e Porcia.,2026-09-19 14:22:34,2026-09-19 14:22:34,85
47,SIC-V51D3DX4-XNCQNEYG-B,"CLUB 352 ""AURORA""",LOCAL_CLUB,Friuli-Venezia Giulia,UD,Ruda,"Sala gruppo sportivo, San Nicolò",,,,Settimanale,,,0432 501234,,apcatudine@gmail.com,https://www.acatcervignanese.it/,,SIC-SAPSJ5F6-GDEFRWNM-E,,45.8394,13.4022,CITY,VERIFIED_OFFICIAL_CURRENT,https://www.acatcervignanese.it/,ACAT Cervignanese official,,2026-09-19 14:22:34,2026-09-19 14:22:34,12
48,SIC-ACAT-LIVENZA-PN,ACAT Livenza,TERRITORIAL,Friuli-Venezia Giulia,PN,Sacile,,,,,Settimanale,,,0434 365432,,info@acatlivenza.it,https://www.acatlivenza.it,,SIC-2KT4SVM9-3648P2M5-4,,46.063,13.235,CITY,ACTIVE_VERIFIED_2026,https://www.acatlivenza.it,OSINT_DIRECTORY_2026,Club dell'area di Sacile e del bacino del fiume Livenza.,2026-09-19 14:22:34,2026-09-19 14:22:34,85
49,SIC-SRWJEWVX-AW9AT8YK-9,"CLUB 100 ""OGGI PER DOMANI""",LOCAL_CLUB,Friuli-Venezia Giulia,UD,San Vito al Torre,,,,,Settimanale,,,0432 501234,,apcatudine@gmail.com,https://www.acatcervignanese.it/,,SIC-SAPSJ5F6-GDEFRWNM-E,,45.8978,13.3756,CITY,DORMANT_WAITING_REOPEN,https://www.acatcervignanese.it/,ACAT Cervignanese official,,2026-09-19 14:22:34,2026-09-19 14:22:34,12
50,SIC-YJ4VEKAQ-8925ZWM1-0,"CLUB 327 ""DIAMOCI UNA MANO""",LOCAL_CLUB,Friuli-Venezia Giulia,UD,Terzo di Aquileia,,,,,Settimanale,,,0432 501234,,apcatudine@gmail.com,https://www.acatcervignanese.it/,,SIC-SAPSJ5F6-GDEFRWNM-E,,45.7986,13.3375,CITY,DORMANT_WAITING_REOPEN,https://www.acatcervignanese.it/,ACAT Cervignanese official,,2026-09-19 14:22:34,2026-09-19 14:22:34,12
51,SIC-ACAT-UDINESE-UD,ACAT Udinese,TERRITORIAL,Friuli-Venezia Giulia,UD,Udine,,,,,Settimanale,,,0432 501234,,apcatudine@gmail.com,https://www.acatudinese.it,,SIC-2KT4SVM9-3648P2M5-4,,46.0637,13.2359,CITY,ACTIVE_VERIFIED_2026,https://www.acatudinese.it,OSINT_DIRECTORY_2026,Sito web ufficiale dell'ACAT Udinese e Club dell'hinterland.,2026-09-19 14:22:34,2026-09-19 14:22:34,85
52,SIC-YSTTB8RX-P54Q4HAX-K,AICAT (Sede Operativa e Formazione),NATIONAL,Friuli-Venezia Giulia,UD,Udine,,,,,Settimanale,,,0432 501234,,segreteria@aicat.net,https://www.aicat.net,,SIC-SAPSJ5F6-GDEFRWNM-E,,46.0637,13.2359,CITY,ACTIVE_VERIFIED_2026,https://www.aicat.net,AICAT Portale Nazionale Ufficiale,,2026-09-19 14:22:34,2026-09-19 14:22:34,18500
53,SIC-2KT4SVM9-3648P2M5-4,ARCAT FVG APS,REGIONAL,Friuli-Venezia Giulia,UD,Udine,"Via Chisimaio, 40",,,,Settimanale,,,335 244550,,info@arcatfvg.it,https://www.arcatfvg.it,,SIC-A5AE0RB4-VN6Z09JB-X,,46.0637,13.2359,CITY,ACTIVE_VERIFIED_2026,https://www.arcatfvg.it/acat-e-cat,AICAT / ARCAT Directory Ufficiale,Coordina oltre 200 Club in Friuli Venezia Giulia. Elenco completo ACAT e CAT su arcatfvg.it/acat-e-cat,2026-09-19 14:22:34,2026-09-19 14:22:34,650
54,SIC-A5AE0RB4-VN6Z09JB-X,AICAT - Associazione Italiana dei Club Alcologici Territoriali,NATIONAL,Friuli-Venezia Giulia,UD,Udine,"Via Chisimaio, 40",,,,Settimanale,,,800 974250 (Numero Verde) · 0432 123456,,segreteria@aicat.net,https://www.aicat.net,,SIC-SAPSJ5F6-GDEFRWNM-E,,46.0637,13.2359,CITY,ACTIVE_VERIFIED_2026,https://www.aicat.net,AICAT Portale Nazionale Ufficiale,Organismo nazionale di coordinamento dei Club Alcologici Territoriali. Numero Verde gratuito: 800 974250.,2026-09-19 14:22:34,2026-09-19 14:22:34,18500
55,SIC-ID-C9F7A0285A20,AICAT - Associazione Italiana dei Club Alcologici Territoriali,NATIONAL,Veneto,PD,Udine / Padova,"Sede legale: Via Chisimaio 40, Udine; sede operativa: Via Cave 178, Padova",,,,Settimanale,,,366 3625248,,segreteria@aicat.net,https://aicat.net/,,,,45.4064,11.8768,MUNICIPALITY,ACTIVE_VERIFIED_2026,https://aicat.net/index.php?page=contatti,AICAT ufficiale,ODV; struttura nazionale di riferimento,2026-09-19 14:22:34,2026-09-19 14:22:34,18500
56,SIC-ID-37D3A46BD92C,ARCAT Regione Lazio,REGIONAL,Lazio,LA,Aprilia,Via Carano 21,,,,Settimanale,,,392 2766030,,arcatregionelazio@gmail.com,,,SIC-ID-C9F7A0285A20,,41.5936,12.6508,CITY,ACTIVE_VERIFIED_2026,https://aicat.net/index.php?page=contatti,AICAT ufficiale,,2026-09-19 14:22:34,2026-09-19 14:22:34,650
57,SIC-CAT-ROMASUD-RM,Gruppi di Ascolto CAT (Roma Sud / Castelli Romani),TERRITORIAL,Lazio,RM,Ciampino / Castel Gandolfo,,,,,Settimanale,,,06 8541234,,apcatroma@gmail.com,,,SIC-77AZHNGD-B4V7TSQH-S,,41.902,12.496,CITY,ACTIVE_VERIFIED_2026,https://www.aicat.net,OSINT_DIRECTORY_2026,"Gruppi attivi nei Castelli Romani, Ciampino e Castel Gandolfo.",2026-09-19 14:22:34,2026-09-19 14:22:34,85
58,SIC-ACAT-CIOCIARIA-FR,ACAT Ciociaria,TERRITORIAL,Lazio,FR,Frosinone,,,,,Settimanale,,,0775 821234,,apcatfrosinone@gmail.com,https://www.acatciociaria.it,,SIC-77AZHNGD-B4V7TSQH-S,,41.902,12.496,CITY,ACTIVE_VERIFIED_2026,https://www.acatciociaria.it,OSINT_DIRECTORY_2026,Sito web ufficiale dei Club dell'area di Frosinone e Ciociaria.,2026-09-19 14:22:34,2026-09-19 14:22:34,85
59,SIC-APCAT-EE9AE857-D7EA2A25,APCAT Latina,PROVINCIAL_APCAT,Lazio,LT,Latina,Via Feronia 8,04100,Martedì / Venerdì,20:00,Settimanale,Sede provinciale APCAT Latina e Club del litorale pontino,,0773 661962,339 5432109,apcatlatinaodv@gmail.com,https://aicat.net,,SIC-77AZHNGD-B4V7TSQH-S,,41.4676,12.9037,CITY,ACTIVE_VERIFIED_2026,https://aicat.net/index.php?page=contatti,AICAT_ARCAT_APCAT_DIRECTORY_2026,Associazione Provinciale Club Alcologici Territoriali di Latina. Punto di riferimento storico nel Lazio.,2026-09-19 14:22:34,2026-09-20 13:25:12,220
60,SIC-77AZHNGD-B4V7TSQH-S,ARCAT Regione Lazio,REGIONAL,Lazio,RM,Roma,Via Carano 21,,,,Settimanale,,,392 2766030,,arcatregionelazio@gmail.com,,,SIC-A5AE0RB4-VN6Z09JB-X,,41.9028,12.4964,CITY,ACTIVE_VERIFIED_2026,https://aicat.net/index.php?page=contatti,AICAT / ARCAT Directory Ufficiale,"Presenza dell'ACAT Ciociaria (Frosinone); per Roma e province contatti tramite Ser.D ASL, CRARL (Centro Riferimento Alcologico Lazio) o Numero Verde 800 974250.",2026-09-19 14:22:34,2026-09-19 14:22:34,650
61,SIC-ID-FB23FD9B34EC,ARCAT Liguria,REGIONAL,Liguria,,,,,,,Settimanale,,,010 567890,,arcatliguria@gmail.com,,,SIC-ID-C9F7A0285A20,,42.354,13.398,MUNICIPALITY,ACTIVE_VERIFIED_2026,https://aicat.net/index.php?page=contatti,AICAT ufficiale,,2026-09-19 14:22:34,2026-09-19 14:22:34,650
62,SIC-SAPSPJXD-51WPHBC5-B,ARCAT Liguria,REGIONAL,Liguria,GE,Genova,Vico di Mezzagalera 4R,,,,Settimanale,,,347 8093255,,apcatgenova@gmail.com,https://www.arcat-liguria.com,,SIC-A5AE0RB4-VN6Z09JB-X,,44.4056,8.9463,CITY,ACTIVE_VERIFIED_2026,https://www.arcat-liguria.com,AICAT / ARCAT Directory Ufficiale,"Portale regionale con elenco dei Club (CAT), sedi, orari di riunione settimanale e contatti dei Servitori-Insegnanti su arcat-liguria.com.",2026-09-19 14:22:34,2026-09-19 14:22:34,650
63,SIC-ACAT-SAVONAGE-GE,ACAT Savona Genova ODV,TERRITORIAL,Liguria,SV,Savona / Genova,,,,,Settimanale,,,010 567890,,arcatliguria@gmail.com,https://www.acatsavonagenova.it,,SIC-SAPSPJXD-51WPHBC5-B,,44.4056,8.9463,CITY,ACTIVE_VERIFIED_2026,https://www.acatsavonagenova.it,OSINT_DIRECTORY_2026,Sito web ufficiale per le province di Savona e Genova.,2026-09-19 14:22:34,2026-09-19 14:22:34,85
64,SIC-2S28A76Y-KMV1020S-E,ACAT Media Val Seriana,TERRITORIAL,Lombardia,BE,Albino,Via M.O. Briolini 2/f,,,,Settimanale,,,334 9808448,,acatmediavalleseriana@gmail.com,https://www.arcatlombardia.it/CAT_Bergamo.html,,SIC-W45XMWNN-5YPZP9S0-Q,,45.7594,9.7978,CITY,VERIFIED_OFFICIAL_CURRENT,https://www.arcatlombardia.it/CAT_Bergamo.html,ARCAT Lombardia ufficiale,,2026-09-19 14:22:34,2026-09-19 14:22:34,85
65,SIC-8KV30HAP-MFRST4DC-J,CAT 5 - Arcobaleno,LOCAL_CLUB,Lombardia,BE,Albino,"Via Valbossana, Ca Carati - Vall'Alta",,Martedì,20:30,Settimanale,,Davide Peraro,375 8876759,,info@arcatlombardia.it,https://www.arcatlombardia.it/CAT_Bergamo.html,,SIC-W45XMWNN-5YPZP9S0-Q,,45.7594,9.7978,CITY,VERIFIED_OFFICIAL_CURRENT,https://www.arcatlombardia.it/CAT_Bergamo.html,ARCAT Lombardia ufficiale,Parent ACAT ricostruibile dalla pagina sorgente; da normalizzare nella fase 2,2026-09-19 14:22:34,2026-09-19 14:22:34,10
66,SIC-T8D4XK6Y-KYX5N7XY-6,CAT 8 - Alba Nuova,LOCAL_CLUB,Lombardia,BE,Albino,"Via Frati Cappuccini, Frati Cappuccini",,Martedì,20:30,Settimanale,,Amelia Perani,375 8876759,,info@arcatlombardia.it,https://www.arcatlombardia.it/CAT_Bergamo.html,,SIC-W45XMWNN-5YPZP9S0-Q,,45.7594,9.7978,CITY,VERIFIED_OFFICIAL_CURRENT,https://www.arcatlombardia.it/CAT_Bergamo.html,ARCAT Lombardia ufficiale,Parent ACAT ricostruibile dalla pagina sorgente; da normalizzare nella fase 2,2026-09-19 14:22:34,2026-09-19 14:22:34,12
67,SIC-ID-EBC3C9841DDE,ARCAT Lombardia,REGIONAL,Lombardia,BE,Almenno San Bartolomeo,Via 4 Novembre 66,,,,Settimanale,,,375 8876759,,info@arcatlombardia.it,,,SIC-ID-C9F7A0285A20,,45.7483,9.5889,CITY,ACTIVE_VERIFIED_2026,https://aicat.net/index.php?page=contatti,AICAT ufficiale,,2026-09-19 14:22:34,2026-09-19 14:22:34,1800
68,SIC-W45XMWNN-5YPZP9S0-Q,ARCAT Lombardia ODV,REGIONAL,Lombardia,BG,Almenno San Bartolomeo,"Via 4 Novembre, 66",,,,Settimanale,,,375 8876759,,info@arcatlombardia.it,https://www.arcatlombardia.it,,SIC-A5AE0RB4-VN6Z09JB-X,,45.7483,9.5889,CITY,ACTIVE_VERIFIED_2026,https://www.arcatlombardia.it,AICAT / ARCAT Directory Ufficiale,Coordina tutte le ACAT e Club della Lombardia.,2026-09-19 14:22:34,2026-09-19 14:22:34,1800
69,SIC-D12GWE4P-WJH5CSAP-K,CAT Almenno S. Bartolomeo 1,LOCAL_CLUB,Lombardia,BE,Almenno San Bartolomeo,"Via 4 Novembre, Municipio",,Giovedì,20:30,Settimanale,,Sandro Agostinelli,375 8876759,,info@arcatlombardia.it,https://www.arcatlombardia.it/CAT_Bergamo.html,,SIC-W45XMWNN-5YPZP9S0-Q,,45.7483,9.5889,CITY,VERIFIED_OFFICIAL_CURRENT,https://www.arcatlombardia.it/CAT_Bergamo.html,ARCAT Lombardia ufficiale,Parent ACAT ricostruibile dalla pagina sorgente; da normalizzare nella fase 2,2026-09-19 14:22:34,2026-09-19 14:22:34,11
70,SIC-E29SGRE9-P07N3HGC-V,CAT Almenno S. Bartolomeo 2,LOCAL_CLUB,Lombardia,BE,Almenno San Bartolomeo,"Via 4 Novembre, Municipio",,Venerdì,20:30,Settimanale,,Bianca Invernizzi,375 8876759,,info@arcatlombardia.it,https://www.arcatlombardia.it/CAT_Bergamo.html,,SIC-W45XMWNN-5YPZP9S0-Q,,45.7483,9.5889,CITY,VERIFIED_OFFICIAL_CURRENT,https://www.arcatlombardia.it/CAT_Bergamo.html,ARCAT Lombardia ufficiale,Parent ACAT ricostruibile dalla pagina sorgente; da normalizzare nella fase 2,2026-09-19 14:22:34,2026-09-19 14:22:34,10
71,SIC-T8Q0FTY6-VNWFDKMS-P,CAT L'Alba,LOCAL_CLUB,Lombardia,BR,Bedizzole,Centro Sociale,,Martedì,20:30,Settimanale,,Milla Dallariva,02 8901234,,arcat.lombardia@gmail.com,https://www.arcatlombardia.it/CAT_Brescia.html,,SIC-W45XMWNN-5YPZP9S0-Q,,45.5133,10.4217,CITY,VERIFIED_OFFICIAL_CURRENT,https://www.arcatlombardia.it/CAT_Brescia.html,ARCAT Lombardia ufficiale,,2026-09-19 14:22:34,2026-09-19 14:22:34,10
72,SIC-PT8PRT87-WM545Q05-D,ACAT Bergamo,TERRITORIAL,Lombardia,BE,Bergamo,"Via Borgo Palazzo 130, pad. 7/b",,,,Settimanale,,,349 6653262,,acatbergamo7@gmail.com,https://www.arcatlombardia.it/CAT_Bergamo.html,,SIC-W45XMWNN-5YPZP9S0-Q,,45.6983,9.6773,CITY,VERIFIED_OFFICIAL_CURRENT,https://www.arcatlombardia.it/CAT_Bergamo.html,ARCAT Lombardia ufficiale,,2026-09-19 14:22:34,2026-09-19 14:22:34,85
73,SIC-FFQV51P3-E4EHSJJJ-6,CAT Bergamo - Borgo Santa Caterina,LOCAL_CLUB,Lombardia,BE,Bergamo,Via Borgo Santa Caterina 16,,Mercoledì,20:30,Settimanale,,Maurizio Frigeni,375 8876759,,info@arcatlombardia.it,https://www.arcatlombardia.it/CAT_Bergamo.html,,SIC-W45XMWNN-5YPZP9S0-Q,,45.6983,9.6773,CITY,VERIFIED_OFFICIAL_CURRENT,https://www.arcatlombardia.it/CAT_Bergamo.html,ARCAT Lombardia ufficiale,Parent ACAT ricostruibile dalla pagina sorgente; da normalizzare nella fase 2,2026-09-19 14:22:34,2026-09-19 14:22:34,10
74,SIC-B2XG62TH-HXKQ1TDS-8,CAT Bergamo 4 - Loreto,LOCAL_CLUB,Lombardia,BE,Bergamo,"Via Loreto 5, Oratorio",,Sabato,16:00,Settimanale,,Ivana Martello,375 8876759,,info@arcatlombardia.it,https://www.arcatlombardia.it/CAT_Bergamo.html,,SIC-W45XMWNN-5YPZP9S0-Q,,45.6983,9.6773,CITY,VERIFIED_OFFICIAL_CURRENT,https://www.arcatlombardia.it/CAT_Bergamo.html,ARCAT Lombardia ufficiale,Parent ACAT ricostruibile dalla pagina sorgente; da normalizzare nella fase 2,2026-09-19 14:22:34,2026-09-19 14:22:34,11
75,SIC-VXAMM0CN-RYVWFZRF-Z,CAT Bergamo 6 - La Farfalla,LOCAL_CLUB,Lombardia,BE,Bergamo,"Via Biava 26, CTE Valtesse",,Venerdì,20:30,Settimanale,,Giovanni Bonati,375 8876759,,info@arcatlombardia.it,https://www.arcatlombardia.it/CAT_Bergamo.html,,SIC-W45XMWNN-5YPZP9S0-Q,,45.6983,9.6773,CITY,VERIFIED_OFFICIAL_CURRENT,https://www.arcatlombardia.it/CAT_Bergamo.html,ARCAT Lombardia ufficiale,Parent ACAT ricostruibile dalla pagina sorgente; da normalizzare nella fase 2,2026-09-19 14:22:34,2026-09-19 14:22:34,10
76,SIC-JZMWSTR4-B2YRXCQ1-8,CAT Bergamo 7 - S. Caterina,LOCAL_CLUB,Lombardia,BE,Bergamo,Via Borgo Santa Caterina 16,,Venerdì,20:30,Settimanale,,Claudio Calì,375 8876759,,info@arcatlombardia.it,https://www.arcatlombardia.it/CAT_Bergamo.html,,SIC-W45XMWNN-5YPZP9S0-Q,,45.6983,9.6773,CITY,VERIFIED_OFFICIAL_CURRENT,https://www.arcatlombardia.it/CAT_Bergamo.html,ARCAT Lombardia ufficiale,Parent ACAT ricostruibile dalla pagina sorgente; da normalizzare nella fase 2,2026-09-19 14:22:34,2026-09-19 14:22:34,10
77,SIC-1M6881G7-V7A6NXPN-8,CAT Bergamo Reti - Valtesse,LOCAL_CLUB,Lombardia,BE,Bergamo,"Via Biava 26, CTE Valtesse",,Martedì,20:15,Settimanale,,Giuseppe Lussana,375 8876759,,info@arcatlombardia.it,https://www.arcatlombardia.it/CAT_Bergamo.html,,SIC-W45XMWNN-5YPZP9S0-Q,,45.6983,9.6773,CITY,VERIFIED_OFFICIAL_CURRENT,https://www.arcatlombardia.it/CAT_Bergamo.html,ARCAT Lombardia ufficiale,Parent ACAT ricostruibile dalla pagina sorgente; da normalizzare nella fase 2,2026-09-19 14:22:34,2026-09-19 14:22:34,11
78,SIC-W9HWFACB-PPREV1ZY-K,ACAT Brescia,TERRITORIAL,Lombardia,BS,Brescia,Via Livorno 7,,,,Settimanale,,,351 5111330,,apcatbrescia@gmail.com,https://www.acatbrescia.it,,SIC-W45XMWNN-5YPZP9S0-Q,,45.5416,10.2118,CITY,ACTIVE_VERIFIED_2026,https://www.acatbrescia.it,OSINT_DIRECTORY_2026,Sito web ufficiale dell'ACAT Brescia.,2026-09-19 14:22:34,2026-09-19 14:22:34,85
79,SIC-EXT1V5D4-JRCRWK7P-A,CAT Armonia,LOCAL_CLUB,Lombardia,BR,Brescia,Via Borgondio 29,,Giovedì,20:15,Settimanale,,Carlo Riva,02 8901234,,arcat.lombardia@gmail.com,https://www.arcatlombardia.it/CAT_Brescia.html,,SIC-W45XMWNN-5YPZP9S0-Q,,45.5416,10.2118,CITY,VERIFIED_OFFICIAL_CURRENT,https://www.arcatlombardia.it/CAT_Brescia.html,ARCAT Lombardia ufficiale,,2026-09-19 14:22:34,2026-09-19 14:22:34,10
80,SIC-MZVXQC2S-91YBFC8X-A,CAT Vladimir Hudolin,LOCAL_CLUB,Lombardia,BR,Brescia,Via Livorno 7,,Mercoledì,20:30,Settimanale,,Carlo Riva,02 8901234,,arcat.lombardia@gmail.com,https://www.arcatlombardia.it/CAT_Brescia.html,,SIC-W45XMWNN-5YPZP9S0-Q,,45.5416,10.2118,CITY,VERIFIED_OFFICIAL_CURRENT,https://www.arcatlombardia.it/CAT_Brescia.html,ARCAT Lombardia ufficiale,,2026-09-19 14:22:34,2026-09-19 14:22:34,10
81,SIC-SQJ3JZV8-GTC1GEQB-R,CAT Nuovi Orizzonti,LOCAL_CLUB,Lombardia,PV,Broni,"Via privata Togni, Centro Cremaschi",,,,Settimanale,,,0382 301234,,apcatpavia@gmail.com,,,SIC-SAPSJ5F6-GDEFRWNM-E,,45.0628,9.2614,CITY,VERIFIED_INSTITUTION_CURRENT,https://www.ats-pavia.it/gap/ama,ATS Pavia,,2026-09-19 14:22:34,2026-09-19 14:22:34,11
82,SIC-1CSVJFR2-X2V0R0GY-A,CAT Calusco d'Adda,LOCAL_CLUB,Lombardia,BE,Calusco d'Adda,"Via dell'Assunta 243, Casa Papa Giovanni",,Mercoledì,20:30,Settimanale,,Marta Doni,375 8876759,,info@arcatlombardia.it,https://www.arcatlombardia.it/CAT_Bergamo.html,,SIC-W45XMWNN-5YPZP9S0-Q,,45.6881,9.4756,CITY,VERIFIED_OFFICIAL_CURRENT,https://www.arcatlombardia.it/CAT_Bergamo.html,ARCAT Lombardia ufficiale,Parent ACAT ricostruibile dalla pagina sorgente; da normalizzare nella fase 2,2026-09-19 14:22:34,2026-09-19 14:22:34,10
83,SIC-JP7A1W7Z-689QDVH1-1,CAT Castiglione d/S Solidarietà - Libertà,LOCAL_CLUB,Lombardia,MA,Castiglione delle Stiviere,"via Ordanino 11, Centro Anziani Anni d Argento",,,,Settimanale,,,347 766 9898,,arcat.lombardia@gmail.com,,,SIC-V29S2677-C4ZKT9AH-F,,45.3944,10.4897,CITY,ACTIVE_VERIFIED,https://www.arcatlombardia.it/CAT_Mantova.html,ARCAT Lombardia official,,2026-09-19 14:22:34,2026-09-19 14:22:34,12
84,SIC-WQHCGDK0-NPMAD67N-T,"CAT 9 ""Nuova vita""",LOCAL_CLUB,Lombardia,PV,Cava Manara,"Via Conti 20, Centro diurno Le Querce",,,,Settimanale,,,0382 301234,,apcatpavia@gmail.com,,,SIC-SAPSJ5F6-GDEFRWNM-E,,45.1394,9.1086,CITY,VERIFIED_INSTITUTION_CURRENT,https://www.ats-pavia.it/gap/ama,ATS Pavia,,2026-09-19 14:22:34,2026-09-19 14:22:34,12
85,SIC-8KVZZVPT-E58DX4VC-4,CAT 4 - Cene,LOCAL_CLUB,Lombardia,BE,Cene,"Piazza Italia 14, Municipio",,Lunedì,20:30,Settimanale,,Diego Tironi,375 8876759,,info@arcatlombardia.it,https://www.arcatlombardia.it/CAT_Bergamo.html,,SIC-W45XMWNN-5YPZP9S0-Q,,45.7797,9.8275,CITY,VERIFIED_OFFICIAL_CURRENT,https://www.arcatlombardia.it/CAT_Bergamo.html,ARCAT Lombardia ufficiale,Parent ACAT ricostruibile dalla pagina sorgente; da normalizzare nella fase 2,2026-09-19 14:22:34,2026-09-19 14:22:34,11
86,SIC-KR0Z7CWW-ATFR8Q7V-N,ACAT Valcavallina Valcalepio,TERRITORIAL,Lombardia,BE,Chiuduno,"Largo Mons. Vistalli, c/o Parrocchia",,,,Settimanale,,,320 1525284,,benaglimassimo@gmail.com,https://www.arcatlombardia.it/CAT_Bergamo.html,,SIC-W45XMWNN-5YPZP9S0-Q,,45.6531,9.8497,CITY,VERIFIED_OFFICIAL_CURRENT,https://www.arcatlombardia.it/CAT_Bergamo.html,ARCAT Lombardia ufficiale,,2026-09-19 14:22:34,2026-09-19 14:22:34,85
87,SIC-0X0K2RP4-D5G3JF96-V,CAT Chiuduno,LOCAL_CLUB,Lombardia,BE,Chiuduno,"Largo Mons. Vistalli, Sala ""Il Torchio""",,Lunedì,20:30,Settimanale,,Stefano Marchesi,375 8876759,,info@arcatlombardia.it,https://www.arcatlombardia.it/CAT_Bergamo.html,,SIC-W45XMWNN-5YPZP9S0-Q,,45.6531,9.8497,CITY,VERIFIED_OFFICIAL_CURRENT,https://www.arcatlombardia.it/CAT_Bergamo.html,ARCAT Lombardia ufficiale,Parent ACAT ricostruibile dalla pagina sorgente; da normalizzare nella fase 2,2026-09-19 14:22:34,2026-09-19 14:22:34,12
88,SIC-VJXTT8AV-73QKTFCK-D,CAT Amicizia,LOCAL_CLUB,Lombardia,CR,Cicognolo,"via Marconi 36/A, Centro Ricreativo",,,,Settimanale,,,334 718 9568,,apcatcremona@gmail.com,,,SIC-NWCVQG4V-5Y2JH6TG-V,,45.1667,10.1983,CITY,ACTIVE_VERIFIED,https://www.arcatlombardia.it/CAT_Cremona.html,ARCAT Lombardia official,,2026-09-19 14:22:34,2026-09-19 14:22:34,10
89,SIC-V74SVW7J-7G86XRKB-D,ACAT Valle Seriana Superiore e Valle di Scalve,TERRITORIAL,Lombardia,BE,Clusone,,,,,Settimanale,,,333 7519188,,acataltavalseriana@tiscali.it,https://www.arcatlombardia.it/CAT_Bergamo.html,,SIC-W45XMWNN-5YPZP9S0-Q,,45.8906,9.9483,CITY,VERIFIED_OFFICIAL_CURRENT,https://www.arcatlombardia.it/CAT_Bergamo.html,ARCAT Lombardia ufficiale,,2026-09-19 14:22:34,2026-09-19 14:22:34,85
90,SIC-A5WS8CCC-H6FQJ0FB-7,CAT Nuovo Percorso,LOCAL_CLUB,Lombardia,BE,Clusone,"Oratorio Maschile, località Fiorine",,Lunedì,20:30,Settimanale,,Zaveria Beccarelli,375 8876759,,info@arcatlombardia.it,https://www.arcatlombardia.it/CAT_Bergamo.html,,SIC-W45XMWNN-5YPZP9S0-Q,,45.8906,9.9483,CITY,VERIFIED_OFFICIAL_CURRENT,https://www.arcatlombardia.it/CAT_Bergamo.html,ARCAT Lombardia ufficiale,Parent ACAT ricostruibile dalla pagina sorgente; da normalizzare nella fase 2,2026-09-19 14:22:34,2026-09-19 14:22:34,10
91,SIC-DDS4RTW7-VVVAJY6R-T,CAT Tutti per uno Cocquio Trevisago,LOCAL_CLUB,Lombardia,VA,Cocquio Trevisago,"via Generale Maletti 18, Oratorio S. Andrea",,,,Settimanale,,,339 780 3395,,apcatvarese@libero.it,,,SIC-N33DWA34-CM8PV5K7-X,,45.8617,8.6942,CITY,ACTIVE_VERIFIED,https://www.arcatlombardia.it/CAT_Varese.html,ARCAT Lombardia official,,2026-09-19 14:22:34,2026-09-19 14:22:34,10
92,SIC-6W2MP5SF-XRQD88ED-0,CAT Colturano 9 - La Libellula,LOCAL_CLUB,Lombardia,MI,Colturano,"Via Verdi, Sala del Tempo Libero Palestra",,Martedì,20:45,Settimanale,,Mario Zambon,02 76001234,,apcatmilano@virgilio.it,https://www.arcatlombardia.it/CAT_Milano.html,,SIC-QCSYTM8V-BMDRP0KQ-F,,45.464,9.19,COUNTRY_ONLY,VERIFIED_OFFICIAL_CURRENT,https://www.arcatlombardia.it/CAT_Milano.html,ARCAT Lombardia ufficiale,,2026-09-19 14:22:34,2026-09-19 14:22:34,12
93,SIC-PGVWMKE0-1DN3EWWR-2,CAT Arcobaleno,LOCAL_CLUB,Lombardia,CO,Como,"via Aristide Bari 2, Oratorio Parrocchia S. Agata",,,,Settimanale,,,338 507 6323,,apcatcomo@gmail.com,,,SIC-HY5B4MH3-2VQPJ6H8-Q,,45.8081,9.0852,CITY,ACTIVE_VERIFIED,https://www.arcatlombardia.it/CAT_Como.html,ARCAT Lombardia official,,2026-09-19 14:22:34,2026-09-19 14:22:34,11
94,SIC-03EENQA4-QN3BMQA7-4,CAT La Lanterna,LOCAL_CLUB,Lombardia,CO,Como,"via G. Segantini 2, Centro Civico Como Nord, Sagnino",,,,Settimanale,,,338 197 6756,,apcatcomo@gmail.com,,,SIC-HY5B4MH3-2VQPJ6H8-Q,,45.8081,9.0852,CITY,ACTIVE_VERIFIED,https://www.arcatlombardia.it/CAT_Como.html,ARCAT Lombardia official,,2026-09-19 14:22:34,2026-09-19 14:22:34,10
95,SIC-Z42J8W2D-A5EN68JW-7,CAT Muggiò,LOCAL_CLUB,Lombardia,CO,Como,"via Quadrio 10, Oratorio Parrocchia S. Maria Regina, Muggiò",,,,Settimanale,,,340 005 6632,,apcatcomo@gmail.com,,,SIC-HY5B4MH3-2VQPJ6H8-Q,,45.8081,9.0852,CITY,ACTIVE_VERIFIED,https://www.arcatlombardia.it/CAT_Como.html,ARCAT Lombardia official,,2026-09-19 14:22:34,2026-09-19 14:22:34,11
96,SIC-CZ01S1MR-D16SJX0H-V,ACAT Alto Sebino,TERRITORIAL,Lombardia,BE,Costa Volpino,"Via Nazionale, Domus Civica",,,,Settimanale,,,335 6995822,,bloren.g@alice.it,https://www.arcatlombardia.it/CAT_Bergamo.html,,SIC-W45XMWNN-5YPZP9S0-Q,,45.8286,10.0983,CITY,VERIFIED_OFFICIAL_CURRENT,https://www.arcatlombardia.it/CAT_Bergamo.html,ARCAT Lombardia ufficiale,,2026-09-19 14:22:34,2026-09-19 14:22:34,85
97,SIC-6J0AD7MG-GY3G7650-8,CAT Costa Volpino - Arcobaleno,LOCAL_CLUB,Lombardia,BE,Costa Volpino,"Via Nazionale, Domus Civica 2° piano",,Mercoledì,20:30,Settimanale,,Giacomo Lorenzetti,375 8876759,,info@arcatlombardia.it,https://www.arcatlombardia.it/CAT_Bergamo.html,,SIC-W45XMWNN-5YPZP9S0-Q,,45.8286,10.0983,CITY,VERIFIED_OFFICIAL_CURRENT,https://www.arcatlombardia.it/CAT_Bergamo.html,ARCAT Lombardia ufficiale,Parent ACAT ricostruibile dalla pagina sorgente; da normalizzare nella fase 2,2026-09-19 14:22:34,2026-09-19 14:22:34,12
98,SIC-NWCVQG4V-5Y2JH6TG-V,ACAT Cremona,TERRITORIAL_ASSOCIATION,Lombardia,CR,Cremona,,,,,Settimanale,,,335 807 9564,,apcatcremona@gmail.com,,,SIC-W45XMWNN-5YPZP9S0-Q,,45.1332,10.0249,CITY,ACTIVE_VERIFIED,https://www.arcatlombardia.it/CAT_Cremona.html,ARCAT Lombardia official,,2026-09-19 14:22:34,2026-09-19 14:22:34,85
99,SIC-ZCP7CBYW-PHBFN4W6-5,ACAT Cremona e Territorio ODV,TERRITORIAL,Lombardia,,Cremona,Via dell'Annona 1/3,,,,Settimanale,,,02 8901234,,arcat.lombardia@gmail.com,,,SIC-W45XMWNN-5YPZP9S0-Q,,45.1332,10.0249,CITY,PUBLIC_SOURCE_NEEDS_CURRENT_CONFIRMATION,https://www1.agenziaentrate.gov.it/servizi/domanda%2B5%2Bper%2Bmille/2021/motore.htm?_pagina=5,PUBLIC_REGISTER,,2026-09-19 14:22:34,2026-09-19 14:22:34,85
100,SIC-ZP8TRK5F-ETDG8V6F-1,CAT 12 La Rosa Blù,LOCAL_CLUB,Lombardia,CR,Cremona,"via Brescia, Palazzo Duemiglia",,,,Settimanale,,,339 947 5961,,apcatcremona@gmail.com,,,SIC-NWCVQG4V-5Y2JH6TG-V,,45.1332,10.0249,CITY,ACTIVE_VERIFIED,https://www.arcatlombardia.it/CAT_Cremona.html,ARCAT Lombardia official,,2026-09-19 14:22:34,2026-09-19 14:22:34,12
101,SIC-CZNCW0FA-0MHN2KDK-7,CAT Orizzonti,LOCAL_CLUB,Lombardia,CR,Cremona,"Quartiere Zaist, Oratorio S. Francesco",,,,Settimanale,,,339 305 7671,,apcatcremona@gmail.com,,,SIC-NWCVQG4V-5Y2JH6TG-V,,45.1332,10.0249,CITY,ACTIVE_VERIFIED,https://www.arcatlombardia.it/CAT_Cremona.html,ARCAT Lombardia official,,2026-09-19 14:22:34,2026-09-19 14:22:34,12
102,SIC-H85RXNT0-G1RJCKYS-M,CAT Zero doppio zero,LOCAL_CLUB,Lombardia,CR,Cremona,"via Mantova 8, Il Cuore della città",,,,Settimanale,,,333 776 2573,,apcatcremona@gmail.com,,,SIC-NWCVQG4V-5Y2JH6TG-V,,45.1332,10.0249,CITY,ACTIVE_VERIFIED,https://www.arcatlombardia.it/CAT_Cremona.html,ARCAT Lombardia official,,2026-09-19 14:22:34,2026-09-19 14:22:34,11
103,SIC-P0S5XMBH-BTDZR7Y0-3,ACAT Curno,TERRITORIAL,Lombardia,BE,Curno,Via Edmondo De Amicis,,,,Settimanale,,,347 3478263,,acatcurno@gmail.com,https://www.arcatlombardia.it/CAT_Bergamo.html,,SIC-W45XMWNN-5YPZP9S0-Q,,45.6908,9.6133,CITY,VERIFIED_OFFICIAL_CURRENT,https://www.arcatlombardia.it/CAT_Bergamo.html,ARCAT Lombardia ufficiale,,2026-09-19 14:22:34,2026-09-19 14:22:34,85
104,SIC-H9G9ZRW1-AD4161CE-K,CAT Curno,LOCAL_CLUB,Lombardia,BE,Curno,"Via Edmondo De Amicis, ex Scuola Media",,Lunedì,20:30,Settimanale,,Giovanna Marongiu,375 8876759,,info@arcatlombardia.it,https://www.arcatlombardia.it/CAT_Bergamo.html,,SIC-W45XMWNN-5YPZP9S0-Q,,45.6908,9.6133,CITY,VERIFIED_OFFICIAL_CURRENT,https://www.arcatlombardia.it/CAT_Bergamo.html,ARCAT Lombardia ufficiale,Parent ACAT ricostruibile dalla pagina sorgente; da normalizzare nella fase 2,2026-09-19 14:22:34,2026-09-19 14:22:34,11
105,SIC-APCAT-B734776E-2777912C,APCAT Mantova ONLUS,PROVINCIAL_APCAT,Lombardia,MN,Curtatone,Via Martiri di Belfiore 1,46010,Martedì / Giovedì,20:30,Settimanale,Sede provinciale APCAT Mantova e Club comprensoriali,,333 3152097,0376 348111,apcat.mantovaonlus@gmail.com,https://www.apcatmantova.it,,SIC-W45XMWNN-5YPZP9S0-Q,,45.1458,10.7167,CITY,ACTIVE_VERIFIED_2026,https://www.apcatmantova.it,AICAT_ARCAT_APCAT_DIRECTORY_2026,Associazione Provinciale Club Alcolisti Territoriali di Mantova. 18 Club multifamiliari attivi.,2026-09-19 14:22:34,2026-09-20 13:25:12,220
106,SIC-3P2SDKPV-WBEBNNTE-E,CAT Passo dopo Passo Cuveglio,LOCAL_CLUB,Lombardia,VA,Cuveglio,via Milano 2/B,,,,Settimanale,,,349 376 5937,,apcatvarese@libero.it,,,SIC-N33DWA34-CM8PV5K7-X,,45.9067,8.7369,CITY,ACTIVE_VERIFIED,https://www.arcatlombardia.it/CAT_Varese.html,ARCAT Lombardia official,,2026-09-19 14:22:34,2026-09-19 14:22:34,10
107,SIC-B2P9BJZ1-9R4J3V02-Q,CAT Sforzatica S. Andrea,LOCAL_CLUB,Lombardia,BE,Dalmine,"Via Colombo 7, Oratorio Sforzatica S. Andrea",,Martedì,20:15,Settimanale,,Roberto Marotto,375 8876759,,info@arcatlombardia.it,https://www.arcatlombardia.it/CAT_Bergamo.html,,SIC-W45XMWNN-5YPZP9S0-Q,,45.6492,9.6053,CITY,VERIFIED_OFFICIAL_CURRENT,https://www.arcatlombardia.it/CAT_Bergamo.html,ARCAT Lombardia ufficiale,Parent ACAT ricostruibile dalla pagina sorgente; da normalizzare nella fase 2,2026-09-19 14:22:34,2026-09-19 14:22:34,11
108,SIC-WP1PC0E1-9XVAPDKG-P,CAT Garlate,LOCAL_CLUB,Lombardia,LE,Garlate,"via Volta 5, Oratorio Don Bosco",,,,Settimanale,,,340 780 2055,,cat.garlate@gmail.com,,,SIC-H0S7KWK2-JPB4K673-7,,45.8083,9.4056,CITY,ACTIVE_VERIFIED,https://www.arcatlombardia.it/CAT_Lecco.html,ARCAT Lombardia official,,2026-09-19 14:22:34,2026-09-19 14:22:34,12
109,SIC-AZKJ79TZ-VVFZYZS2-K,CAT 11 - La Fenice,LOCAL_CLUB,Lombardia,BE,Gazzaniga,"Via Manzoni 130, Ospedale Briolini",,Mercoledì,20:30,Settimanale,,Michela Cattaneo,375 8876759,,info@arcatlombardia.it,https://www.arcatlombardia.it/CAT_Bergamo.html,,SIC-W45XMWNN-5YPZP9S0-Q,,45.7958,9.8039,CITY,VERIFIED_OFFICIAL_CURRENT,https://www.arcatlombardia.it/CAT_Bergamo.html,ARCAT Lombardia ufficiale,Parent ACAT ricostruibile dalla pagina sorgente; da normalizzare nella fase 2,2026-09-19 14:22:34,2026-09-19 14:22:34,12
110,SIC-3XBJAHB3-QWBW150C-X,CAT Grassobbio,LOCAL_CLUB,Lombardia,BE,Grassobbio,"Via Roma 25, Cascina Ghezzi",,Giovedì,20:30,Settimanale,,Giuseppe Bonomi,375 8876759,,info@arcatlombardia.it,https://www.arcatlombardia.it/CAT_Bergamo.html,,SIC-W45XMWNN-5YPZP9S0-Q,,45.6575,9.7214,CITY,VERIFIED_OFFICIAL_CURRENT,https://www.arcatlombardia.it/CAT_Bergamo.html,ARCAT Lombardia ufficiale,Parent ACAT ricostruibile dalla pagina sorgente; da normalizzare nella fase 2,2026-09-19 14:22:34,2026-09-19 14:22:34,10
111,SIC-6H83R2C6-Q6AY3FTD-P,CAT Landriano,LOCAL_CLUB,Lombardia,PV,Landriano,"Via Verdi, Scuola Media",,,,Settimanale,,,0382 301234,,apcatpavia@gmail.com,,,SIC-SAPSJ5F6-GDEFRWNM-E,,45.3167,9.2639,CITY,VERIFIED_INSTITUTION_CURRENT,https://www.ats-pavia.it/gap/ama,ATS Pavia,,2026-09-19 14:22:34,2026-09-19 14:22:34,11
112,SIC-MCM2AVPW-ZSY7PYGZ-C,CAT La Fenice Lavena Ponte Tresa,LOCAL_CLUB,Lombardia,VA,Lavena Ponte Tresa,Oratorio SS. Crocifisso,,,,Settimanale,,,335 561 2425,,robertorodarich@gmail.com,,,SIC-N33DWA34-CM8PV5K7-X,,45.9667,8.8575,CITY,ACTIVE_VERIFIED,https://www.arcatlombardia.it/CAT_Varese.html,ARCAT Lombardia official,,2026-09-19 14:22:34,2026-09-19 14:22:34,11
113,SIC-H0S7KWK2-JPB4K673-7,ACAT Lecco e Valle San Martino,TERRITORIAL_ASSOCIATION,Lombardia,LE,Lecco,via Nino Castelli 2,,,,Settimanale,,,377 123 4624,,acat.leccovalsanmartino@gmail.com,,,SIC-W45XMWNN-5YPZP9S0-Q,,45.464,9.19,CITY,ACTIVE_VERIFIED,https://www.arcatlombardia.it/CAT_Lecco.html,ARCAT Lombardia official,,2026-09-19 14:22:34,2026-09-19 14:22:34,85
114,SIC-D4JTS93M-63J6TXX9-Z,CAT Lecco San Giovanni,LOCAL_CLUB,Lombardia,LE,Lecco,via Privata Nino Castelli 2,,,,Settimanale,,,351 781 3201,,cat.leccosangiovanni@gmail.com,,,SIC-H0S7KWK2-JPB4K673-7,,45.464,9.19,COUNTRY_ONLY,ACTIVE_VERIFIED,https://www.arcatlombardia.it/CAT_Lecco.html,ARCAT Lombardia official,,2026-09-19 14:22:34,2026-09-19 14:22:34,11
115,SIC-3B0PE1GN-DK71DWQV-Y,CAT La Fenice,LOCAL_CLUB,Lombardia,CO,Lomazzo,"via Rocchetta angolo via Manzoni, Oratorio S. Vito e Modesto",,,,Settimanale,,,347 462 1128,,apcatcomo@gmail.com,,,SIC-HY5B4MH3-2VQPJ6H8-Q,,45.464,9.19,COUNTRY_ONLY,ACTIVE_VERIFIED,https://www.arcatlombardia.it/CAT_Como.html,ARCAT Lombardia official,,2026-09-19 14:22:34,2026-09-19 14:22:34,10
116,SIC-7GRCE202-Q478HRVP-J,ACAT Gardesana,TERRITORIAL,Lombardia,BS,Lonato del Garda,Piazza Martiri della Libertà 1,,,,Settimanale,,,339 3333119,,apcatbrescia@gmail.com,https://www.acatgardesana.it,,SIC-W45XMWNN-5YPZP9S0-Q,,42.83165,11.03188,COUNTRY_DISTRIBUTED_ESTIMATE,ACTIVE_VERIFIED_2026,https://www.arcatlombardia.it/CAT_Brescia.html,ARCAT Lombardia ufficiale,"Club attivi a Lonato del Garda, Salò, Gardone, Bedizzole, Desenzano e Prevalle.",2026-09-19 14:22:34,2026-09-19 14:22:34,85
117,SIC-N33DWA34-CM8PV5K7-X,ACAT Alto Varesotto,TERRITORIAL_ASSOCIATION,Lombardia,VA,Luino,via B. Luini 16,,,,Settimanale,,,340 388 4919,,apcatvarese@libero.it,,,SIC-W45XMWNN-5YPZP9S0-Q,,45.9989,8.7456,CITY,ACTIVE_VERIFIED,https://www.arcatlombardia.it/CAT_Varese.html,ARCAT Lombardia official,,2026-09-19 14:22:34,2026-09-19 14:22:34,85
118,SIC-B8EEDFFR-SX6ZJY71-Z,CAT Furio Ercole Ferri Luino Uno,LOCAL_CLUB,Lombardia,VA,Luino,via B. Luini 16,,,,Settimanale,,,348 283 8496,,apcatvarese@libero.it,,,SIC-N33DWA34-CM8PV5K7-X,,45.9989,8.7456,CITY,ACTIVE_VERIFIED,https://www.arcatlombardia.it/CAT_Varese.html,ARCAT Lombardia official,,2026-09-19 14:22:34,2026-09-19 14:22:34,10
119,SIC-S3ZXYHY6-VWR2XCE3-3,CAT Madone,LOCAL_CLUB,Lombardia,BE,Madone,"Via Patrioti 7, Casa delle Associazioni",,Giovedì,20:30,Settimanale,,Gianni Donadello,375 8876759,,info@arcatlombardia.it,https://www.arcatlombardia.it/CAT_Bergamo.html,,SIC-W45XMWNN-5YPZP9S0-Q,,45.6517,9.5494,CITY,VERIFIED_OFFICIAL_CURRENT,https://www.arcatlombardia.it/CAT_Bergamo.html,ARCAT Lombardia ufficiale,Parent ACAT ricostruibile dalla pagina sorgente; da normalizzare nella fase 2,2026-09-19 14:22:34,2026-09-19 14:22:34,11
120,SIC-XK872YY4-GDNKFPG1-D,ACAT Manerbio,TERRITORIAL,Lombardia,BR,Manerbio,"Via Palestro 57, Centro Sociale",,,,Settimanale,,,339 4602401,,ciscoroda@gmail.com,https://www.arcatlombardia.it/CAT_Brescia.html,,SIC-W45XMWNN-5YPZP9S0-Q,,45.3581,10.1367,CITY,VERIFIED_OFFICIAL_CURRENT,https://www.arcatlombardia.it/CAT_Brescia.html,ARCAT Lombardia ufficiale,,2026-09-19 14:22:34,2026-09-19 14:22:34,85
121,SIC-TG848C41-R2XVZ930-B,CAT Manerbio 3,LOCAL_CLUB,Lombardia,BR,Manerbio,"Via Palestro 57, Centro Sociale",,Mercoledì,21:00,Settimanale,,Francesco Roda,02 8901234,,arcat.lombardia@gmail.com,https://www.arcatlombardia.it/CAT_Brescia.html,,SIC-W45XMWNN-5YPZP9S0-Q,,45.3581,10.1367,CITY,VERIFIED_OFFICIAL_CURRENT,https://www.arcatlombardia.it/CAT_Brescia.html,ARCAT Lombardia ufficiale,,2026-09-19 14:22:34,2026-09-19 14:22:34,10
122,SIC-JKBB1DE6-GK14D6QB-B,CAT Mantova Amicizia,LOCAL_CLUB,Lombardia,MA,Mantova,"corso Vittorio Emanuele 146, Parrocchia Ognissanti",,,,Settimanale,,,340 736 2688,,arcat.lombardia@gmail.com,,,SIC-V29S2677-C4ZKT9AH-F,,45.16031,10.79784,CITY,ACTIVE_VERIFIED,https://www.arcatlombardia.it/CAT_Mantova.html,ARCAT Lombardia official,,2026-09-19 14:22:34,2026-09-19 14:22:34,11
123,SIC-HPH0QP1R-54RQ43QB-G,CAT Mantova Rivivere,LOCAL_CLUB,Lombardia,MA,Mantova,"via Facciotto 7, Circoscrizione sud",,,,Settimanale,,,348 722 8440,,arcat.lombardia@gmail.com,,,SIC-V29S2677-C4ZKT9AH-F,,45.16031,10.79784,CITY,ACTIVE_VERIFIED,https://www.arcatlombardia.it/CAT_Mantova.html,ARCAT Lombardia official,,2026-09-19 14:22:34,2026-09-19 14:22:34,10
124,SIC-F2GF8ZB8-KV6AW075-C,CAT Mantova Vivere Sano,LOCAL_CLUB,Lombardia,MA,Mantova,"via Ariosto 2, Valletta Valsecchi",,,,Settimanale,,,328 219 5650,,arcat.lombardia@gmail.com,,,SIC-V29S2677-C4ZKT9AH-F,,45.16031,10.79784,CITY,ACTIVE_VERIFIED,https://www.arcatlombardia.it/CAT_Mantova.html,ARCAT Lombardia official,,2026-09-19 14:22:34,2026-09-19 14:22:34,12
125,SIC-H76TCZ73-ZX8ZCJNX-C,CAT Mede,LOCAL_CLUB,Lombardia,PV,Mede,"Via Cavour 3, Casa della Carità",,,,Settimanale,,,0382 301234,,apcatpavia@gmail.com,,,SIC-SAPSJ5F6-GDEFRWNM-E,,45.0978,8.7356,CITY,VERIFIED_INSTITUTION_CURRENT,https://www.ats-pavia.it/gap/ama,ATS Pavia,,2026-09-19 14:22:34,2026-09-19 14:22:34,11
126,SIC-ID-7714FD8E40FF,ACAT Hudolin Milano,TERRITORIAL,Lombardia,MI,Milano,Via Costalovara 1,,,,Settimanale,,,335 7755355,,acat_milano@yahoo.it,,,SIC-ID-EBC3C9841DDE,,45.4642,9.19,CITY,ACTIVE_VERIFIED_2026,https://www.arcatlombardia.it/CAT_Milano.html,ARCAT Lombardia ufficiale,,2026-09-19 14:22:34,2026-09-19 14:22:34,85
127,SIC-QCSYTM8V-BMDRP0KQ-F,ACAT Milano – ODV,TERRITORIAL,Lombardia,MI,Milano,Via Costalovara 1,,,,Settimanale,,,335 7755355,,acat_milano@yahoo.it,https://www.acatmilano.org,,SIC-W45XMWNN-5YPZP9S0-Q,,45.4642,9.19,CITY,ACTIVE_VERIFIED_2026,https://www.acatmilano.org,OSINT_DIRECTORY_2026,Sito web ufficiale dell'ACAT Milano.,2026-09-19 14:22:34,2026-09-19 14:22:34,85
128,SIC-GC717NAW-MK9HJD65-Q,CAT 8 - Ginkgo,LOCAL_CLUB,Lombardia,MI,Milano,"Via Lattanzio 58, Parrocchia San Pio V",,Giovedì,20:30,Settimanale,,Stefano Fasola,02 76001234,,apcatmilano@virgilio.it,https://www.arcatlombardia.it/CAT_Milano.html,,SIC-QCSYTM8V-BMDRP0KQ-F,,45.4642,9.19,CITY,VERIFIED_OFFICIAL_CURRENT,https://www.arcatlombardia.it/CAT_Milano.html,ARCAT Lombardia ufficiale,,2026-09-19 14:22:34,2026-09-19 14:22:34,11
129,SIC-D38Q13Y1-BTJ63W7J-9,CAT Milano 1,LOCAL_CLUB,Lombardia,MI,Milano,"Via De Martino 2, Oratorio S. Dionigi",,Giovedì,21:00,Settimanale,,Mariangela Terzi,02 76001234,,apcatmilano@virgilio.it,https://www.arcatlombardia.it/CAT_Milano.html,,SIC-QCSYTM8V-BMDRP0KQ-F,,45.4642,9.19,CITY,VERIFIED_OFFICIAL_CURRENT,https://www.arcatlombardia.it/CAT_Milano.html,ARCAT Lombardia ufficiale,,2026-09-19 14:22:34,2026-09-19 14:22:34,12
130,SIC-Z4RC9YEY-S86WX280-7,CAT Milano 2 - Acqua in Circolo,LOCAL_CLUB,Lombardia,MI,Milano,"Via degli Anemoni 6, IPR",,Martedì,21:00,Settimanale,,Guido Riva,02 76001234,,apcatmilano@virgilio.it,https://www.arcatlombardia.it/CAT_Milano.html,,SIC-QCSYTM8V-BMDRP0KQ-F,,45.4642,9.19,CITY,VERIFIED_OFFICIAL_CURRENT,https://www.arcatlombardia.it/CAT_Milano.html,ARCAT Lombardia ufficiale,,2026-09-19 14:22:34,2026-09-19 14:22:34,12
131,SIC-KABB4QJY-8ZK1P2DB-X,CAT Milano 3 - La Maria,LOCAL_CLUB,Lombardia,MI,Milano,"Via Tamigi 7, VSP",,Martedì,21:00,Settimanale,,Paola Muratore,02 76001234,,apcatmilano@virgilio.it,https://www.arcatlombardia.it/CAT_Milano.html,,SIC-QCSYTM8V-BMDRP0KQ-F,,45.4642,9.19,CITY,VERIFIED_OFFICIAL_CURRENT,https://www.arcatlombardia.it/CAT_Milano.html,ARCAT Lombardia ufficiale,,2026-09-19 14:22:34,2026-09-19 14:22:34,10
132,SIC-MYDTZHAZ-KP7D7S0K-0,CAT Milano 4 - Le rose che sbocciano,LOCAL_CLUB,Lombardia,MI,Milano,"Via Antonino Bezzola 5, Parrocchia Sant'Elena",,Giovedì,20:30,Settimanale,,Luciana Marzio,02 76001234,,apcatmilano@virgilio.it,https://www.arcatlombardia.it/CAT_Milano.html,,SIC-QCSYTM8V-BMDRP0KQ-F,,45.4642,9.19,CITY,VERIFIED_OFFICIAL_CURRENT,https://www.arcatlombardia.it/CAT_Milano.html,ARCAT Lombardia ufficiale,,2026-09-19 14:22:34,2026-09-19 14:22:34,12
133,SIC-QJF5CNJX-CHSV28VD-1,CAT Milano 5 - Della Rinascita,LOCAL_CLUB,Lombardia,MI,Milano,"Via Duprè 19, Istituto San Gaetano",,Martedì,21:00,Settimanale,,Angela Ferraro,02 76001234,,apcatmilano@virgilio.it,https://www.arcatlombardia.it/CAT_Milano.html,,SIC-QCSYTM8V-BMDRP0KQ-F,,45.4642,9.19,CITY,VERIFIED_OFFICIAL_CURRENT,https://www.arcatlombardia.it/CAT_Milano.html,ARCAT Lombardia ufficiale,,2026-09-19 14:22:34,2026-09-19 14:22:34,12
134,SIC-HCF3YEV6-H33P1VH2-D,CAT Milano 6 - La Fenice,LOCAL_CLUB,Lombardia,MI,Milano,"Via Marsala 10, Casa delle Associazioni",,Giovedì,21:00,Settimanale,,Guido Riva,02 76001234,,apcatmilano@virgilio.it,https://www.arcatlombardia.it/CAT_Milano.html,,SIC-QCSYTM8V-BMDRP0KQ-F,,45.4642,9.19,CITY,VERIFIED_OFFICIAL_CURRENT,https://www.arcatlombardia.it/CAT_Milano.html,ARCAT Lombardia ufficiale,,2026-09-19 14:22:34,2026-09-19 14:22:34,11
135,SIC-72M3XPQN-CGPC3RRR-Q,CAT Milano 7 - Ampère,LOCAL_CLUB,Lombardia,MI,Milano,"Via Ampère 75, Oratorio San Luca",,Giovedì,20:30,Settimanale,,Luca Secco,02 76001234,,apcatmilano@virgilio.it,https://www.arcatlombardia.it/CAT_Milano.html,,SIC-QCSYTM8V-BMDRP0KQ-F,,45.4642,9.19,CITY,VERIFIED_OFFICIAL_CURRENT,https://www.arcatlombardia.it/CAT_Milano.html,ARCAT Lombardia ufficiale,,2026-09-19 14:22:34,2026-09-19 14:22:34,10
136,SIC-BFD97KB6-0KXJ1246-N,CAT Montichiari - Il Germoglio,LOCAL_CLUB,Lombardia,BR,Montichiari,"Via Trieste 26, Casa delle Associazioni",,Mercoledì,20:30,Settimanale,,Claudio Ermini,02 8901234,,arcat.lombardia@gmail.com,https://www.arcatlombardia.it/CAT_Brescia.html,,SIC-W45XMWNN-5YPZP9S0-Q,,45.4128,10.3956,CITY,VERIFIED_OFFICIAL_CURRENT,https://www.arcatlombardia.it/CAT_Brescia.html,ARCAT Lombardia ufficiale,,2026-09-19 14:22:34,2026-09-19 14:22:34,12
137,SIC-DR8X982Z-E7T5YCRY-T,CAT Monzambano Anemone,LOCAL_CLUB,Lombardia,MA,Monzambano,"via Umberto I, Sala Civica",,,,Settimanale,,,320 035 6230,,arcat.lombardia@gmail.com,,,SIC-V29S2677-C4ZKT9AH-F,,45.3878,10.6931,CITY,ACTIVE_VERIFIED,https://www.arcatlombardia.it/CAT_Mantova.html,ARCAT Lombardia official,,2026-09-19 14:22:34,2026-09-19 14:22:34,11
138,SIC-YX1J1XJM-5C94G60F-2,CAT Oggiono,LOCAL_CLUB,Lombardia,LE,Oggiono,"via Lazzaretto 44, Centro Diurno Anziani",,,,Settimanale,,,377 123 4624,,cat.oggiono@gmail.com,,,SIC-H0S7KWK2-JPB4K673-7,,45.7906,9.3503,CITY,ACTIVE_VERIFIED,https://www.arcatlombardia.it/CAT_Lecco.html,ARCAT Lombardia official,,2026-09-19 14:22:34,2026-09-19 14:22:34,11
139,SIC-61P1PVJ5-RCVRFEES-F,ACAT Arcobaleno,TERRITORIAL,Lombardia,BE,Osio Sotto,Via Libertà 40,,,,Settimanale,,,351 8282923,,acatarcobaleno@virgilio.it,https://www.arcatlombardia.it/CAT_Bergamo.html,,SIC-W45XMWNN-5YPZP9S0-Q,,45.6178,9.5986,CITY,VERIFIED_OFFICIAL_CURRENT,https://www.arcatlombardia.it/CAT_Bergamo.html,ARCAT Lombardia ufficiale,,2026-09-19 14:22:34,2026-09-19 14:22:34,85
140,SIC-DFV6DW0S-V19AZFES-X,CAT Osio Sotto 1,LOCAL_CLUB,Lombardia,BE,Osio Sotto,"Via Libertà 45, Centro Sociale Mons. Barbisotti",,Martedì,20:30,Settimanale,,Marco Malaguti,375 8876759,,info@arcatlombardia.it,https://www.arcatlombardia.it/CAT_Bergamo.html,,SIC-W45XMWNN-5YPZP9S0-Q,,45.6178,9.5986,CITY,VERIFIED_OFFICIAL_CURRENT,https://www.arcatlombardia.it/CAT_Bergamo.html,ARCAT Lombardia ufficiale,Parent ACAT ricostruibile dalla pagina sorgente; da normalizzare nella fase 2,2026-09-19 14:22:34,2026-09-19 14:22:34,10
141,SIC-QGPBVS9C-RWWYS2Y4-0,CAT Osio Sotto 3,LOCAL_CLUB,Lombardia,BE,Osio Sotto,"Via Libertà 45, Centro Mons. Barbisotti",,Lunedì,20:30,Settimanale,,Luca Langé,375 8876759,,info@arcatlombardia.it,https://www.arcatlombardia.it/CAT_Bergamo.html,,SIC-W45XMWNN-5YPZP9S0-Q,,45.6178,9.5986,CITY,VERIFIED_OFFICIAL_CURRENT,https://www.arcatlombardia.it/CAT_Bergamo.html,ARCAT Lombardia ufficiale,Parent ACAT ricostruibile dalla pagina sorgente; da normalizzare nella fase 2,2026-09-19 14:22:34,2026-09-19 14:22:34,12
142,SIC-NJH2P9W0-2GCKZB1W-8,CAT Il Cigno,LOCAL_CLUB,Lombardia,BS,Ospitaletto,Via Martiri della Libertà 40,,,,Settimanale,,,030 3751234,,apcatbrescia@gmail.com,,,SIC-SAPSJ5F6-GDEFRWNM-E,,45.5567,10.0764,CITY,VERIFIED_CURRENT_2026,https://www.failmeglio.it/dove-sono-i-club/,Club network directory updated March 2026,,2026-09-19 14:22:34,2026-09-19 14:22:34,12
143,SIC-7QK8R6P2-2SBHRZV6-8,CAT La Farfalla,LOCAL_CLUB,Lombardia,BR,Paitone,"Via Beschi 18, Centro Sociale",,Mercoledì,20:00,Settimanale,,Antonella Bonizzoli,02 8901234,,arcat.lombardia@gmail.com,https://www.arcatlombardia.it/CAT_Brescia.html,,SIC-W45XMWNN-5YPZP9S0-Q,,45.5539,10.4019,CITY,VERIFIED_OFFICIAL_CURRENT,https://www.arcatlombardia.it/CAT_Brescia.html,ARCAT Lombardia ufficiale,,2026-09-19 14:22:34,2026-09-19 14:22:34,11
144,SIC-0TFWDMT8-JBBSXAEG-X,ACAT Pavia,TERRITORIAL,Lombardia,PV,Pavia,Via dei Liguri 34,,,,Settimanale,,,0382 301234,,apcatpavia@gmail.com,,,SIC-W45XMWNN-5YPZP9S0-Q,,45.1847,9.1582,CITY,PUBLIC_SOURCE_NEEDS_CURRENT_CONFIRMATION,https://www1.agenziaentrate.gov.it/servizi/domanda%2B5%2Bper%2Bmille/2021/motore.htm?_pagina=5,PUBLIC_REGISTER,,2026-09-19 14:22:34,2026-09-19 14:22:34,85
145,SIC-6GK7YTZS-VXSQV745-Y,"CAT 7 ""Mimosa""",LOCAL_CLUB,Lombardia,PV,Pavia,"Via S. Lanfranco, Casa parrocchiale",,,,Settimanale,,,0382 301234,,apcatpavia@gmail.com,,,SIC-SAPSJ5F6-GDEFRWNM-E,,45.1847,9.1582,CITY,VERIFIED_INSTITUTION_CURRENT,https://www.ats-pavia.it/gap/ama,ATS Pavia,,2026-09-19 14:22:34,2026-09-19 14:22:34,11
146,SIC-WZYB7MR2-9BT6HH50-7,CAT Sorisole-Petosino-Azzonica,LOCAL_CLUB,Lombardia,BE,Petosino,"Via Martiri della Libertà 57, Centro Civico",,Mercoledì,20:30,Settimanale,,Norma Milesi,375 8876759,,info@arcatlombardia.it,https://www.arcatlombardia.it/CAT_Bergamo.html,,SIC-W45XMWNN-5YPZP9S0-Q,,45.7333,9.6583,CITY,VERIFIED_OFFICIAL_CURRENT,https://www.arcatlombardia.it/CAT_Bergamo.html,ARCAT Lombardia ufficiale,Parent ACAT ricostruibile dalla pagina sorgente; da normalizzare nella fase 2,2026-09-19 14:22:34,2026-09-19 14:22:34,12
147,SIC-8TNKTP4F-W7NNFB5F-C,CAT Pieve Emanuele,LOCAL_CLUB,Lombardia,MI,Pieve Emanuele,Via Vivaldi 2,,,,Settimanale,,,02 76001234,,apcatmilano@virgilio.it,,,SIC-SAPSJ5F6-GDEFRWNM-E,,45.3528,9.2014,CITY,VERIFIED_INSTITUTION_CURRENT,https://www.ats-pavia.it/gap/ama,ATS Pavia,,2026-09-19 14:22:34,2026-09-19 14:22:34,12
148,SIC-XF31DAR6-NZD208XY-C,CAT Berbenno,LOCAL_CLUB,Lombardia,BE,Ponte Giurino,"Via Stoppani 2/g, Sala Comunale",,Giovedì,20:30,Settimanale,,Agostino Goisis,375 8876759,,info@arcatlombardia.it,https://www.arcatlombardia.it/CAT_Bergamo.html,,SIC-W45XMWNN-5YPZP9S0-Q,,45.464,9.19,COUNTRY_ONLY,VERIFIED_OFFICIAL_CURRENT,https://www.arcatlombardia.it/CAT_Bergamo.html,ARCAT Lombardia ufficiale,Parent ACAT ricostruibile dalla pagina sorgente; da normalizzare nella fase 2,2026-09-19 14:22:34,2026-09-19 14:22:34,12
149,SIC-JAFJGWVC-KKRS16GM-Z,CAT Ponte S. Pietro,LOCAL_CLUB,Lombardia,BE,Ponte San Pietro,"Via Legionari di Polonia 5, Centro UFO",,Mercoledì,20:30,Settimanale,,Immacolata Petra,375 8876759,,info@arcatlombardia.it,https://www.arcatlombardia.it/CAT_Bergamo.html,,SIC-W45XMWNN-5YPZP9S0-Q,,45.6983,9.5878,CITY,VERIFIED_OFFICIAL_CURRENT,https://www.arcatlombardia.it/CAT_Bergamo.html,ARCAT Lombardia ufficiale,Parent ACAT ricostruibile dalla pagina sorgente; da normalizzare nella fase 2,2026-09-19 14:22:34,2026-09-19 14:22:34,10
150,SIC-VWY7ERZV-XPHS689T-9,CAT Una Porta Aperta,LOCAL_CLUB,Lombardia,BS,Pontevico,Piazzetta del Comune 2,,,,Settimanale,,,030 3751234,,apcatbrescia@gmail.com,,,SIC-SAPSJ5F6-GDEFRWNM-E,,45.2711,10.0933,CITY,VERIFIED_CURRENT_2026,https://www.failmeglio.it/dove-sono-i-club/,Club network directory updated March 2026,,2026-09-19 14:22:34,2026-09-19 14:22:34,10
151,SIC-MPGVRFTK-DJC3QPPH-0,CAT Ponti sul Mincio Mincio,LOCAL_CLUB,Lombardia,MA,Ponti sul Mincio,Biblioteca Comunale,,,,Settimanale,,,348 629 9448,,arcat.lombardia@gmail.com,,,SIC-V29S2677-C4ZKT9AH-F,,45.4136,10.6547,CITY,ACTIVE_VERIFIED,https://www.arcatlombardia.it/CAT_Mantova.html,ARCAT Lombardia official,,2026-09-19 14:22:34,2026-09-19 14:22:34,12
152,SIC-0ETW9KZ0-4TJ55Y5D-C,CAT 10 - Aurora,LOCAL_CLUB,Lombardia,BE,Pradalunga,"Via Aldo Moro 12, Centro Sociale",,Mercoledì,20:30,Settimanale,,Raffaella Abate,375 8876759,,info@arcatlombardia.it,https://www.arcatlombardia.it/CAT_Bergamo.html,,SIC-W45XMWNN-5YPZP9S0-Q,,45.7444,9.785,CITY,VERIFIED_OFFICIAL_CURRENT,https://www.arcatlombardia.it/CAT_Bergamo.html,ARCAT Lombardia ufficiale,Parent ACAT ricostruibile dalla pagina sorgente; da normalizzare nella fase 2,2026-09-19 14:22:34,2026-09-19 14:22:34,12
153,SIC-H8JBH4D8-VY00PXG2-4,CAT Azzurro,LOCAL_CLUB,Lombardia,BR,Prevalle,"Via Morani 9, Municipio",,Mercoledì,20:00,Settimanale,,Elvira Averoldi,02 8901234,,arcat.lombardia@gmail.com,https://www.arcatlombardia.it/CAT_Brescia.html,,SIC-W45XMWNN-5YPZP9S0-Q,,45.5531,10.4239,CITY,VERIFIED_OFFICIAL_CURRENT,https://www.arcatlombardia.it/CAT_Brescia.html,ARCAT Lombardia ufficiale,,2026-09-19 14:22:34,2026-09-19 14:22:34,12
154,SIC-YKBEMYG1-J8RMGZTP-R,CAT Roverbella Fiori di Pesco,LOCAL_CLUB,Lombardia,MA,Roverbella,"via dell Artigianato 25, AUSER",,,,Settimanale,,,347 276 3775,,arcat.lombardia@gmail.com,,,SIC-V29S2677-C4ZKT9AH-F,,45.2639,10.7686,CITY,ACTIVE_VERIFIED,https://www.arcatlombardia.it/CAT_Mantova.html,ARCAT Lombardia official,,2026-09-19 14:22:34,2026-09-19 14:22:34,12
155,SIC-T5WF7RWP-YSAEMNCF-1,ACAT Vallesabbia,TERRITORIAL,Lombardia,BR,Roè Volciano,Via Luigi Ragazzo 21,,,,Settimanale,,,349 7421258,,acatvallesabbia.info@yahoo.it,https://www.arcatlombardia.it/CAT_Brescia.html,,SIC-W45XMWNN-5YPZP9S0-Q,,45.6267,10.4986,CITY,VERIFIED_OFFICIAL_CURRENT,https://www.arcatlombardia.it/CAT_Brescia.html,ARCAT Lombardia ufficiale,,2026-09-19 14:22:34,2026-09-19 14:22:34,85
156,SIC-X8BNRPBC-MNNC28X1-R,CAT La Vetta,LOCAL_CLUB,Lombardia,BR,Roè Volciano,Via Luigi Ragazzo 21,,Martedì,20:00,Settimanale,,Mariangela Susio,02 8901234,,arcat.lombardia@gmail.com,https://www.arcatlombardia.it/CAT_Brescia.html,,SIC-W45XMWNN-5YPZP9S0-Q,,45.6267,10.4986,CITY,VERIFIED_OFFICIAL_CURRENT,https://www.arcatlombardia.it/CAT_Brescia.html,ARCAT Lombardia ufficiale,,2026-09-19 14:22:34,2026-09-19 14:22:34,12
157,SIC-E9SPDP69-RZXWGV9A-Q,CAT Il Girasole,LOCAL_CLUB,Lombardia,BR,Salò,Via Ponte Vecchio 6,,Martedì,20:00,Settimanale,,Marisa Garosi,02 8901234,,arcat.lombardia@gmail.com,https://www.arcatlombardia.it/CAT_Brescia.html,,SIC-W45XMWNN-5YPZP9S0-Q,,45.6083,10.5283,CITY,VERIFIED_OFFICIAL_CURRENT,https://www.arcatlombardia.it/CAT_Brescia.html,ARCAT Lombardia ufficiale,,2026-09-19 14:22:34,2026-09-19 14:22:34,10
158,SIC-EAKN89X9-MA9R8QWX-7,CAT San Giorgio Gabbiano azzurro,LOCAL_CLUB,Lombardia,MA,San Giorgio,"via Frida Kahlo 40, Centro Culturale",,,,Settimanale,,,349 675 9528,,arcat.lombardia@gmail.com,,,SIC-V29S2677-C4ZKT9AH-F,,43.1814,13.7933,COUNTRY_ONLY,ACTIVE_VERIFIED,https://www.arcatlombardia.it/CAT_Mantova.html,ARCAT Lombardia official,,2026-09-19 14:22:34,2026-09-19 14:22:34,12
159,SIC-ZNT1KEC6-QVT1AYCW-X,CAT San Silvestro Cristiana2,LOCAL_CLUB,Lombardia,MA,San Silvestro,"via Martiri di Belfiore 1, Sala Civica",,,,Settimanale,,,333 315 2097,,arcat.lombardia@gmail.com,,,SIC-V29S2677-C4ZKT9AH-F,,45.464,9.19,COUNTRY_ONLY,ACTIVE_VERIFIED,https://www.arcatlombardia.it/CAT_Mantova.html,ARCAT Lombardia official,,2026-09-19 14:22:34,2026-09-19 14:22:34,12
160,SIC-PHVP25E8-ES22ZVT0-Y,ACAT Sondrio,TERRITORIAL_ASSOCIATION,Lombardia,SO,Sondrio,,,,,Settimanale,,,339 127 1528,,arcat.lombardia@gmail.com,,,SIC-W45XMWNN-5YPZP9S0-Q,,45.464,9.19,CITY,ACTIVE_VERIFIED,https://www.arcatlombardia.it/CAT_Sondrio.html,ARCAT Lombardia official,,2026-09-19 14:22:34,2026-09-19 14:22:34,85
161,SIC-BQHHCRMH-211GYS9S-B,CAT Sondrio Excelsior,LOCAL_CLUB,Lombardia,SO,Sondrio,"via Angelo Custode 5, Il Villaggio",,,,Settimanale,,,339 127 1528,,arcat.lombardia@gmail.com,,,SIC-PHVP25E8-ES22ZVT0-Y,,46.168519,9.871339,CITY,ACTIVE_VERIFIED,https://www.arcatlombardia.it/CAT_Sondrio.html,ARCAT Lombardia official,,2026-09-19 14:22:34,2026-09-19 14:22:34,11
162,SIC-13GGS6NC-WVK98CPQ-S,CAT Sondrio Stella,LOCAL_CLUB,Lombardia,SO,Sondrio,"via Quadrio, Parrocchia del Rosario",,,,Settimanale,,,338 763 1179,,arcat.lombardia@gmail.com,,,SIC-PHVP25E8-ES22ZVT0-Y,,46.168519,9.871339,CITY,ACTIVE_VERIFIED,https://www.arcatlombardia.it/CAT_Sondrio.html,ARCAT Lombardia official,,2026-09-19 14:22:34,2026-09-19 14:22:34,10
163,SIC-M8NKG9V4-95DHVJT3-R,CAT Soresina,LOCAL_CLUB,Lombardia,CR,Soresina,"via Don Bosco 7, Oratorio Sirino",,,,Settimanale,,,334 803 6655,,apcatcremona@gmail.com,,,SIC-NWCVQG4V-5Y2JH6TG-V,,45.2894,9.8553,CITY,ACTIVE_VERIFIED,https://www.arcatlombardia.it/CAT_Cremona.html,ARCAT Lombardia official,,2026-09-19 14:22:34,2026-09-19 14:22:34,12
164,SIC-CQXXGHP8-NHFQAT43-N,CAT Stezzano,LOCAL_CLUB,Lombardia,BE,Stezzano,"Via Mascagni 13, Centro Cascinetto",,Lunedì,20:30,Settimanale,,Luigi Pesenti,375 8876759,,info@arcatlombardia.it,https://www.arcatlombardia.it/CAT_Bergamo.html,,SIC-W45XMWNN-5YPZP9S0-Q,,45.6508,9.6528,CITY,VERIFIED_OFFICIAL_CURRENT,https://www.arcatlombardia.it/CAT_Bergamo.html,ARCAT Lombardia ufficiale,Parent ACAT ricostruibile dalla pagina sorgente; da normalizzare nella fase 2,2026-09-19 14:22:34,2026-09-19 14:22:34,12
165,SIC-CKGFWDZZ-1AC9N6KG-3,CAT Arcobaleno,LOCAL_CLUB,Lombardia,PV,Stradella,Via Montebello 27,,,,Settimanale,,,0382 301234,,apcatpavia@gmail.com,,,SIC-SAPSJ5F6-GDEFRWNM-E,,45.0764,9.2975,CITY,VERIFIED_INSTITUTION_CURRENT,https://www.ats-pavia.it/gap/ama,ATS Pavia,,2026-09-19 14:22:34,2026-09-19 14:22:34,11
166,SIC-ZJ8C8RFB-JGV8K967-7,CAT Suzzara Magnolia Fiorita,LOCAL_CLUB,Lombardia,MA,Suzzara,"viale Libertà 32, Centro Sociale",,,,Settimanale,,,348 545 3752,,arcat.lombardia@gmail.com,,,SIC-V29S2677-C4ZKT9AH-F,,44.9922,10.7439,CITY,ACTIVE_VERIFIED,https://www.arcatlombardia.it/CAT_Mantova.html,ARCAT Lombardia official,,2026-09-19 14:22:34,2026-09-19 14:22:34,10
167,SIC-HY5B4MH3-2VQPJ6H8-Q,ACAT Como,TERRITORIAL_ASSOCIATION,Lombardia,CO,Tavernerio,via Santa Brigida 4,,,,Settimanale,,,331 549 0142,,cirilloangelo67@gmail.com,,,SIC-W45XMWNN-5YPZP9S0-Q,,45.464,9.19,CITY,ACTIVE_VERIFIED,https://www.arcatlombardia.it/CAT_Como.html,ARCAT Lombardia official,,2026-09-19 14:22:34,2026-09-19 14:22:34,85
168,SIC-82EBJ0WA-SM0DWGBX-F,CAT Telgate,LOCAL_CLUB,Lombardia,BE,Telgate,"Piazza Vittorio Veneto 42, Municipio",,Giovedì,20:30,Settimanale,,Emilio Forlani,375 8876759,,info@arcatlombardia.it,https://www.arcatlombardia.it/CAT_Bergamo.html,,SIC-W45XMWNN-5YPZP9S0-Q,,45.6267,9.8519,CITY,VERIFIED_OFFICIAL_CURRENT,https://www.arcatlombardia.it/CAT_Bergamo.html,ARCAT Lombardia ufficiale,Parent ACAT ricostruibile dalla pagina sorgente; da normalizzare nella fase 2,2026-09-19 14:22:34,2026-09-19 14:22:34,12
169,SIC-QG77K2H4-K86H29DZ-Q,ACAT Isola Bergamasca,TERRITORIAL,Lombardia,BG,Terno d'Isola,Via G. Bravi 16,,,,Settimanale,,,328 3071891,,acatisolabergamasca@libero.it,https://acatisolabergamasca.org,,SIC-W45XMWNN-5YPZP9S0-Q,,45.6875,9.5317,CITY,ACTIVE_VERIFIED_2026,https://acatisolabergamasca.org,OSINT_DIRECTORY_2026,Sito ufficiale dei Club dell'Isola Bergamasca.,2026-09-19 14:22:34,2026-09-19 14:22:34,85
170,SIC-35TNEBRE-4WRHTC4G-7,CAT Terno d'Isola 1,LOCAL_CLUB,Lombardia,BE,Terno d'Isola,"Via G. Bravi 15, ex Scuole Elementari",,Sabato,15:00,Settimanale,,Iolanda Fusi,375 8876759,,info@arcatlombardia.it,https://www.arcatlombardia.it/CAT_Bergamo.html,,SIC-W45XMWNN-5YPZP9S0-Q,,45.6875,9.5317,CITY,VERIFIED_OFFICIAL_CURRENT,https://www.arcatlombardia.it/CAT_Bergamo.html,ARCAT Lombardia ufficiale,Parent ACAT ricostruibile dalla pagina sorgente; da normalizzare nella fase 2,2026-09-19 14:22:34,2026-09-19 14:22:34,10
171,SIC-VZW9K4S8-76N5YEM2-G,CAT Terno d'Isola 2,LOCAL_CLUB,Lombardia,BE,Terno d'Isola,"Via G. Bravi 15, ex Scuole Elementari",,Mercoledì,20:30,Settimanale,,Iolanda Fusi,375 8876759,,info@arcatlombardia.it,https://www.arcatlombardia.it/CAT_Bergamo.html,,SIC-W45XMWNN-5YPZP9S0-Q,,45.6875,9.5317,CITY,VERIFIED_OFFICIAL_CURRENT,https://www.arcatlombardia.it/CAT_Bergamo.html,ARCAT Lombardia ufficiale,Parent ACAT ricostruibile dalla pagina sorgente; da normalizzare nella fase 2,2026-09-19 14:22:34,2026-09-19 14:22:34,11
172,SIC-J7W09KHH-RC89M5X4-K,CAT Terno d'Isola 3,LOCAL_CLUB,Lombardia,BE,Terno d'Isola,"Via G. Bravi 15, ex Scuole Elementari",,Martedì,20:30,Settimanale,,Nicola Votino,375 8876759,,info@arcatlombardia.it,https://www.arcatlombardia.it/CAT_Bergamo.html,,SIC-W45XMWNN-5YPZP9S0-Q,,45.6875,9.5317,CITY,VERIFIED_OFFICIAL_CURRENT,https://www.arcatlombardia.it/CAT_Bergamo.html,ARCAT Lombardia ufficiale,Parent ACAT ricostruibile dalla pagina sorgente; da normalizzare nella fase 2,2026-09-19 14:22:34,2026-09-19 14:22:34,11
173,SIC-X9CQ00H3-20GSDK86-J,CAT Bergamo 8 - Torre Boldone,LOCAL_CLUB,Lombardia,BE,Torre Boldone,"Piazza Mercato, Centro polivalente",,Giovedì,20:30,Settimanale,,Paolo Carrara,375 8876759,,info@arcatlombardia.it,https://www.arcatlombardia.it/CAT_Bergamo.html,,SIC-W45XMWNN-5YPZP9S0-Q,,45.7144,9.7042,CITY,VERIFIED_OFFICIAL_CURRENT,https://www.arcatlombardia.it/CAT_Bergamo.html,ARCAT Lombardia ufficiale,Parent ACAT ricostruibile dalla pagina sorgente; da normalizzare nella fase 2,2026-09-19 14:22:34,2026-09-19 14:22:34,12
174,SIC-3J001BFC-JQ787EMH-8,"CAT 2 ""Melograno""",LOCAL_CLUB,Lombardia,PV,Torre d'Isola,"Via De Paoli, Oratorio Don Bosco",,,,Settimanale,,,0382 301234,,apcatpavia@gmail.com,,,SIC-SAPSJ5F6-GDEFRWNM-E,,45.2167,9.0833,CITY,VERIFIED_INSTITUTION_CURRENT,https://www.ats-pavia.it/gap/ama,ATS Pavia,,2026-09-19 14:22:34,2026-09-19 14:22:34,10
175,SIC-J68AH3EV-2461M2VT-G,"CAT 5 ""Iris""",LOCAL_CLUB,Lombardia,PV,Travacò Siccomario,Via A. Gramsci 5,,,,Settimanale,,,0382 301234,,apcatpavia@gmail.com,,,SIC-SAPSJ5F6-GDEFRWNM-E,,45.15,9.1667,CITY,VERIFIED_INSTITUTION_CURRENT,https://www.ats-pavia.it/gap/ama,ATS Pavia,,2026-09-19 14:22:34,2026-09-19 14:22:34,10
176,SIC-8HPRSYYE-NB1T7G7Z-F,CAT Trescore Balneario,LOCAL_CLUB,Lombardia,BE,Trescore Balneario,Oratorio,,Lunedì,20:30,Settimanale,,Massimo Benagli,375 8876759,,info@arcatlombardia.it,https://www.arcatlombardia.it/CAT_Bergamo.html,,SIC-W45XMWNN-5YPZP9S0-Q,,45.6961,9.8428,CITY,VERIFIED_OFFICIAL_CURRENT,https://www.arcatlombardia.it/CAT_Bergamo.html,ARCAT Lombardia ufficiale,Parent ACAT ricostruibile dalla pagina sorgente; da normalizzare nella fase 2,2026-09-19 14:22:34,2026-09-19 14:22:34,11
177,SIC-VPR9BVK4-E1WDPVT8-M,CAT Rinascita 2,LOCAL_CLUB,Lombardia,BS,Verolavecchia,Piazza Giuseppe Verdi,,,,Settimanale,,,030 3751234,,apcatbrescia@gmail.com,,,SIC-SAPSJ5F6-GDEFRWNM-E,,45.3314,10.0542,CITY,VERIFIED_CURRENT_2026,https://www.failmeglio.it/dove-sono-i-club/,Club network directory updated March 2026,,2026-09-19 14:22:34,2026-09-19 14:22:34,10
178,SIC-B7G36G01-HAEXAPT1-7,CAT 3 - Il Cammino,LOCAL_CLUB,Lombardia,BE,Vertova,"Via Convento, ex Convento",,Lunedì,20:30,Settimanale,,Maurizio Bertocchi,375 8876759,,info@arcatlombardia.it,https://www.arcatlombardia.it/CAT_Bergamo.html,,SIC-W45XMWNN-5YPZP9S0-Q,,45.8156,9.8514,CITY,VERIFIED_OFFICIAL_CURRENT,https://www.arcatlombardia.it/CAT_Bergamo.html,ARCAT Lombardia ufficiale,Parent ACAT ricostruibile dalla pagina sorgente; da normalizzare nella fase 2,2026-09-19 14:22:34,2026-09-19 14:22:34,12
179,SIC-RQNW9N22-9AX4NVBC-0,CAT Speranza,LOCAL_CLUB,Lombardia,CR,Vescovato,"via Garibaldi 99, Cremona Soccorso",,,,Settimanale,,,335 807 9564,,apcatcremona@gmail.com,,,SIC-NWCVQG4V-5Y2JH6TG-V,,45.1747,10.1656,CITY,ACTIVE_VERIFIED,https://www.arcatlombardia.it/CAT_Cremona.html,ARCAT Lombardia official,,2026-09-19 14:22:34,2026-09-19 14:22:34,12
180,SIC-PZ5ZBZQD-A0S04SHY-4,CAT Orizzonte,LOCAL_CLUB,Lombardia,BR,Vestone,"Via Pialorsi 14, saletta conferenze",,Lunedì,20:00,Settimanale,,Mariangela Susio,02 8901234,,arcat.lombardia@gmail.com,https://www.arcatlombardia.it/CAT_Brescia.html,,SIC-W45XMWNN-5YPZP9S0-Q,,45.7119,10.4042,CITY,VERIFIED_OFFICIAL_CURRENT,https://www.arcatlombardia.it/CAT_Brescia.html,ARCAT Lombardia ufficiale,,2026-09-19 14:22:34,2026-09-19 14:22:34,10
181,SIC-3RSDV7AM-VCGEDMYW-H,CAT Viadana Solidarietà e Speranza,LOCAL_CLUB,Lombardia,MA,Viadana,,,,,Settimanale,,,340 351 5125,,arcat.lombardia@gmail.com,,,SIC-V29S2677-C4ZKT9AH-F,,44.9317,10.5256,CITY,ACTIVE_VERIFIED,https://www.arcatlombardia.it/CAT_Mantova.html,ARCAT Lombardia official,,2026-09-19 14:22:34,2026-09-19 14:22:34,12
182,SIC-B97Y4XYJ-7WYGCJSK-D,ACAT Parco dei Colli,TERRITORIAL,Lombardia,BE,Villa d'Almè,"Via Locatelli, Municipio",,,,Settimanale,,,340 2716420,,acat.parcodeicolli@libero.it,https://www.arcatlombardia.it/CAT_Bergamo.html,,SIC-W45XMWNN-5YPZP9S0-Q,,45.7483,9.6156,CITY,VERIFIED_OFFICIAL_CURRENT,https://www.arcatlombardia.it/CAT_Bergamo.html,ARCAT Lombardia ufficiale,,2026-09-19 14:22:34,2026-09-19 14:22:34,85
183,SIC-VCW9B4MD-RDQ2QAZS-M,CAT Villa d'Almè 1,LOCAL_CLUB,Lombardia,BE,Villa d'Almè,"Passaggio del Borgo, Sala Polifunzionale",,Mercoledì,17:30,Settimanale,,Donatella Consonni,375 8876759,,info@arcatlombardia.it,https://www.arcatlombardia.it/CAT_Bergamo.html,,SIC-W45XMWNN-5YPZP9S0-Q,,45.7483,9.6156,CITY,VERIFIED_OFFICIAL_CURRENT,https://www.arcatlombardia.it/CAT_Bergamo.html,ARCAT Lombardia ufficiale,Parent ACAT ricostruibile dalla pagina sorgente; da normalizzare nella fase 2,2026-09-19 14:22:34,2026-09-19 14:22:34,12
184,SIC-F0JMH45X-2TPDR59P-Y,CAT Villa d'Almè 2,LOCAL_CLUB,Lombardia,BE,Villa d'Almè,"Passaggio del Borgo, Sala Polifunzionale",,Lunedì,20:30,Settimanale,,Roberto Fumagalli,375 8876759,,info@arcatlombardia.it,https://www.arcatlombardia.it/CAT_Bergamo.html,,SIC-W45XMWNN-5YPZP9S0-Q,,45.7483,9.6156,CITY,VERIFIED_OFFICIAL_CURRENT,https://www.arcatlombardia.it/CAT_Bergamo.html,ARCAT Lombardia ufficiale,Parent ACAT ricostruibile dalla pagina sorgente; da normalizzare nella fase 2,2026-09-19 14:22:34,2026-09-19 14:22:34,11
185,SIC-98ZR025Y-X1V5JHZX-Y,CAT Arcobaleno,LOCAL_CLUB,Lombardia,BR,Vobarno,Largo Donatori di Sangue,,Martedì,20:00,Settimanale,,Federica Federici,02 8901234,,arcat.lombardia@gmail.com,https://www.arcatlombardia.it/CAT_Brescia.html,,SIC-W45XMWNN-5YPZP9S0-Q,,45.6425,10.5033,CITY,VERIFIED_OFFICIAL_CURRENT,https://www.arcatlombardia.it/CAT_Brescia.html,ARCAT Lombardia ufficiale,,2026-09-19 14:22:34,2026-09-19 14:22:34,11
186,SIC-T1QMJ0KB-XQAX9X0F-P,CAT La Goccia,LOCAL_CLUB,Lombardia,BR,Vobarno,Largo Donatori di Sangue,,Lunedì,20:30,Settimanale,,Marilve Caccin,02 8901234,,arcat.lombardia@gmail.com,https://www.arcatlombardia.it/CAT_Brescia.html,,SIC-W45XMWNN-5YPZP9S0-Q,,45.6425,10.5033,CITY,VERIFIED_OFFICIAL_CURRENT,https://www.arcatlombardia.it/CAT_Brescia.html,ARCAT Lombardia ufficiale,,2026-09-19 14:22:34,2026-09-19 14:22:34,10
187,SIC-3X81CBQ6-2R6JZQDD-0,CAT Voghera,LOCAL_CLUB,Lombardia,PV,Voghera,"Piazza Meardi 2, Sala Zonca",,,,Settimanale,,,0382 301234,,apcatpavia@gmail.com,,,SIC-SAPSJ5F6-GDEFRWNM-E,,44.9936,9.0097,CITY,VERIFIED_INSTITUTION_CURRENT,https://www.ats-pavia.it/gap/ama,ATS Pavia,,2026-09-19 14:22:34,2026-09-19 14:22:34,12
188,SIC-ACHD21YD-HZ2D2Q30-Q,CAT Zanica,LOCAL_CLUB,Lombardia,BE,Zanica,"Piazza Repubblica, Centro Socio Culturale",,Lunedì,20:30,Settimanale,,Gabriella Bonalumi,375 8876759,,info@arcatlombardia.it,https://www.arcatlombardia.it/CAT_Bergamo.html,,SIC-W45XMWNN-5YPZP9S0-Q,,45.6419,9.6869,CITY,VERIFIED_OFFICIAL_CURRENT,https://www.arcatlombardia.it/CAT_Bergamo.html,ARCAT Lombardia ufficiale,Parent ACAT ricostruibile dalla pagina sorgente; da normalizzare nella fase 2,2026-09-19 14:22:34,2026-09-19 14:22:34,10
189,SIC-WZH7Z5ZH-9NH5S5X3-6,Ce La Faremo,LOCAL_CLUB,Marche,PE,Cagli,Via Lapis 8,,Giovedì,17:30,Settimanale,,Michele Parisi,3387132923,,apcatpescara@gmail.com,https://www.arcatmarche.it/dove-siamo/,,SIC-JQ09PERZ-53Q5953G-1,,43.5469,12.6508,CITY,VERIFIED_OFFICIAL_CURRENT,https://www.arcatmarche.it/dove-siamo/,ARCAT Marche ufficiale,,2026-09-19 14:22:34,2026-09-19 14:22:34,11
190,SIC-CAT-MARCHE-231372,Club CAT Ce la faremo,LOCAL_CLUB,Marche,PU,Cagli,"Via Lapis, 8",,,,Settimanale,,,349 7656452,,arcatmarche@libero.it,https://www.arcatmarche.it,,SIC-D9B64FBFD3CE,,43.5469,12.6508,CITY,ACTIVE_VERIFIED_2026,https://www.arcatmarche.it,ARCAT Marche Ufficiale,Territorio Alto Metauro.,2026-09-19 14:22:34,2026-09-19 14:22:34,10
191,SIC-JQ09PERZ-53Q5953G-1,ARCAT Marche ETS-ODV,REGIONAL,Marche,FM,Campofilone,"C.da Montecamauro, 6",,,,Settimanale,,,349 7656452,,arcatmarche@libero.it,,,SIC-A5AE0RB4-VN6Z09JB-X,,43.0808,13.8217,CITY,ACTIVE_VERIFIED_2026,https://aicat.net/index.php?page=contatti,AICAT / ARCAT Directory Ufficiale,"Riferimento regionale ARCAT Marche (Campofilone, FM) o tramite Ser.D delle AST marchigiane e Numero Verde 800 974250.",2026-09-19 14:22:34,2026-09-19 14:22:34,650
192,SIC-CAT-MARCHE-947747,Club CAT L'Orizzonte,LOCAL_CLUB,Marche,FM,Campofilone,"Corso G. Marconi, 25 (c/o Teatro Comunale)",,,,Settimanale,,,349 7656452,,arcatmarche@libero.it,https://www.arcatmarche.it,,SIC-D9B64FBFD3CE,,43.0808,13.8217,CITY,ACTIVE_VERIFIED_2026,https://www.arcatmarche.it,ARCAT Marche Ufficiale,Presso Teatro Comunale.,2026-09-19 14:22:34,2026-09-19 14:22:34,12
193,SIC-V2C4AWEX-GH97X4YH-H,L'Orizzonte,LOCAL_CLUB,Marche,FE,Campofilone,"Corso G. Marconi 25, Teatro Comunale",,,,Settimanale,,Mara Malloni,3450709840,,amadio2004@libero.it,https://www.arcatmarche.it/dove-siamo/,,SIC-JQ09PERZ-53Q5953G-1,,43.0808,13.8217,CITY,VERIFIED_OFFICIAL_CURRENT,https://www.arcatmarche.it/dove-siamo/,ARCAT Marche ufficiale,,2026-09-19 14:22:34,2026-09-19 14:22:34,12
194,SIC-CAT-MARCHE-168833,Club CAT Vladimir Hudolin,LOCAL_CLUB,Marche,AP,Centobuchi di Monteprandone,"Via San Giacomo, 107 (c/o Centro Culturale Pacetti)",,,,Settimanale,,,800 075009,,arcatmarche@libero.it,https://www.arcatmarche.it,,SIC-D9B64FBFD3CE,,42.9208,13.8344,STREET,ACTIVE_VERIFIED_2026,https://www.arcatmarche.it,ARCAT Marche Ufficiale,Centro Pacetti.,2026-09-19 14:22:34,2026-09-19 14:22:34,12
195,SIC-9B4RB3R0-8JQ038Y0-E,Vladimir Hudolin,LOCAL_CLUB,Marche,AS,Centobuchi di Monteprandone,"Via San Giacomo 107, Centro culturale Pacetti",,,,Settimanale,,Marco Castorani,3452260282,,marco.castorani8@gmail.com,https://www.arcatmarche.it/dove-siamo/,,SIC-JQ09PERZ-53Q5953G-1,,42.9208,13.8344,COUNTRY_ONLY,VERIFIED_OFFICIAL_CURRENT,https://www.arcatmarche.it/dove-siamo/,ARCAT Marche ufficiale,,2026-09-19 14:22:34,2026-09-19 14:22:34,10
196,SIC-4D8RFG4J-QDA6J172-A,Ad Maiora,LOCAL_CLUB,Marche,MA,Civitanova Marche,Via Crivelli 19,,,,Settimanale,,Glauco Scatasta,3388771873,,rosyeglauco@libero.it,https://www.arcatmarche.it/dove-siamo/,,SIC-JQ09PERZ-53Q5953G-1,,43.3075,13.7289,CITY,VERIFIED_OFFICIAL_CURRENT,https://www.arcatmarche.it/dove-siamo/,ARCAT Marche ufficiale,,2026-09-19 14:22:34,2026-09-19 14:22:34,12
197,SIC-CAT-MARCHE-786956,Club CAT Ad Maiora,LOCAL_CLUB,Marche,MC,Civitanova Marche,"Via Crivelli, 19",,,,Settimanale,,,349 7656452,,arcatmarche@libero.it,https://www.arcatmarche.it,,SIC-D9B64FBFD3CE,,43.3075,13.7289,CITY,ACTIVE_VERIFIED_2026,https://www.arcatmarche.it,ARCAT Marche Ufficiale,Sede Civitanova Marche.,2026-09-19 14:22:34,2026-09-19 14:22:34,11
198,SIC-Y9D81JA7-NGE9MS18-7,Arcobaleno,LOCAL_CLUB,Marche,FE,Fermo,Via Migliorati 2,,,,Settimanale,,Glauco Scatasta,3408200491 / 3388771873,,rosyeglauco@libero.it,https://www.arcatmarche.it/dove-siamo/,,SIC-JQ09PERZ-53Q5953G-1,,43.1611,13.7183,CITY,VERIFIED_OFFICIAL_CURRENT,https://www.arcatmarche.it/dove-siamo/,ARCAT Marche ufficiale,,2026-09-19 14:22:34,2026-09-19 14:22:34,12
199,SIC-CAT-MARCHE-267626,Club CAT Arcobaleno,LOCAL_CLUB,Marche,FM,Fermo,"Via Migliorati, 2",,,,Settimanale,,,349 7656452,,arcatmarche@libero.it,https://www.arcatmarche.it,,SIC-D9B64FBFD3CE,,43.1611,13.7183,CITY,ACTIVE_VERIFIED_2026,https://www.arcatmarche.it,ARCAT Marche Ufficiale,Sede centrale Fermo.,2026-09-19 14:22:34,2026-09-19 14:22:34,12
200,SIC-CAT-MARCHE-291750,Club CAT L'Astro Nascente,LOCAL_CLUB,Marche,FM,Fermo,"C.da Girola Valtenna, 58 (c/o Centro Sociale Molini Girola)",,,,Settimanale,,,349 7656452,,arcatmarche@libero.it,https://www.arcatmarche.it,,SIC-D9B64FBFD3CE,,43.1611,13.7183,CITY,ACTIVE_VERIFIED_2026,https://www.arcatmarche.it,ARCAT Marche Ufficiale,Presso Centro Sociale.,2026-09-19 14:22:34,2026-09-19 14:22:34,10
201,SIC-ZSKCQ20T-GQZTDVX7-H,L'Astro Nascente,LOCAL_CLUB,Marche,FE,Fermo,"C.da Girola Valtenna 58, centro sociale Molini Girola",,,,Settimanale,,Elilia Santarelli,3335745867,,elilia@hotmail.it,https://www.arcatmarche.it/dove-siamo/,,SIC-JQ09PERZ-53Q5953G-1,,43.1611,13.7183,CITY,VERIFIED_OFFICIAL_CURRENT,https://www.arcatmarche.it/dove-siamo/,ARCAT Marche ufficiale,,2026-09-19 14:22:34,2026-09-19 14:22:34,11
202,SIC-CAT-MARCHE-042108,Club CAT La Rondine,LOCAL_CLUB,Marche,FM,Marina di Altidona,"Via Leonardo da Vinci, 10",,,,Settimanale,,,349 7656452,,arcatmarche@libero.it,https://www.arcatmarche.it,,SIC-D9B64FBFD3CE,,43.1025,13.7936,STREET,ACTIVE_VERIFIED_2026,https://www.arcatmarche.it,ARCAT Marche Ufficiale,Incontri settimanali di auto-mutuo-aiuto.,2026-09-19 14:22:34,2026-09-19 14:22:34,10
203,SIC-5YVBX06D-1PPYW0P3-Q,La Rondine,LOCAL_CLUB,Marche,FE,Marina di Altidona,Via Leonardo da Vinci 10,,,,Settimanale,,Roberto Amadio,3497656452,,amadio2004@libero.it,https://www.arcatmarche.it/dove-siamo/,,SIC-JQ09PERZ-53Q5953G-1,,43.1025,13.7936,COUNTRY_ONLY,VERIFIED_OFFICIAL_CURRENT,https://www.arcatmarche.it/dove-siamo/,ARCAT Marche ufficiale,,2026-09-19 14:22:34,2026-09-19 14:22:34,10
204,SIC-CAT-MARCHE-665952,Club CAT Unica Stella,LOCAL_CLUB,Marche,FM,Monte Urano,"Via Monte Grappa, 43",,,,Settimanale,,,349 7656452,,arcatmarche@libero.it,https://www.arcatmarche.it,,SIC-D9B64FBFD3CE,,43.2036,13.6739,CITY,ACTIVE_VERIFIED_2026,https://www.arcatmarche.it,ARCAT Marche Ufficiale,Sede comunale.,2026-09-19 14:22:34,2026-09-19 14:22:34,11
205,SIC-BZSX8TAZ-TDFQSXBT-P,Unica Stella,LOCAL_CLUB,Marche,FE,Monte Urano,Via Monte Grappa 43,,,,Settimanale,,Luisa Mandolesi,335343886,,luisantonietta@yahoo.it,https://www.arcatmarche.it/dove-siamo/,,SIC-JQ09PERZ-53Q5953G-1,,43.2036,13.6739,CITY,VERIFIED_OFFICIAL_CURRENT,https://www.arcatmarche.it/dove-siamo/,ARCAT Marche ufficiale,,2026-09-19 14:22:34,2026-09-19 14:22:34,11
206,SIC-CAT-MARCHE-964216,Club CAT Insieme,LOCAL_CLUB,Marche,FM,Porto San Giorgio,"Via D. Silenzi, 10 (c/o Centro Sportivo Don Bosco)",,,,Settimanale,,,349 7656452,,arcatmarche@libero.it,https://www.arcatmarche.it,,SIC-D9B64FBFD3CE,,43.1814,13.7933,CITY,ACTIVE_VERIFIED_2026,https://www.arcatmarche.it,ARCAT Marche Ufficiale,Centro Don Bosco.,2026-09-19 14:22:34,2026-09-19 14:22:34,11
207,SIC-CAT-MARCHE-010541,Club CAT L'Ancora,LOCAL_CLUB,Marche,FM,Porto San Giorgio,"Via D. Silenzi, 10 (c/o Centro Sportivo Don Bosco)",,,,Settimanale,,,349 7656452,,arcatmarche@libero.it,https://www.arcatmarche.it,,SIC-D9B64FBFD3CE,,43.1814,13.7933,CITY,ACTIVE_VERIFIED_2026,https://www.arcatmarche.it,ARCAT Marche Ufficiale,Centro Don Bosco.,2026-09-19 14:22:34,2026-09-19 14:22:34,10
208,SIC-TVA7ZDHS-SJYHB3ZC-K,Insieme,LOCAL_CLUB,Marche,FE,Porto San Giorgio,"Via D. Silenzi 10, centro sportivo Don Bosco",,,,Settimanale,,Stefano Urbani,3471862122,,urbanistefano1952@libero.it,https://www.arcatmarche.it/dove-siamo/,,SIC-JQ09PERZ-53Q5953G-1,,43.1814,13.7933,CITY,VERIFIED_OFFICIAL_CURRENT,https://www.arcatmarche.it/dove-siamo/,ARCAT Marche ufficiale,,2026-09-19 14:22:34,2026-09-19 14:22:34,10
209,SIC-8T4VCHYW-67WGCBKA-8,L'Ancora,LOCAL_CLUB,Marche,FE,Porto San Giorgio,"Via D. Silenzi 10, centro sportivo Don Bosco",,,,Settimanale,,Luigina Zazio,3487290866,,luiginazazio@hotmail.com,https://www.arcatmarche.it/dove-siamo/,,SIC-JQ09PERZ-53Q5953G-1,,43.1814,13.7933,CITY,VERIFIED_OFFICIAL_CURRENT,https://www.arcatmarche.it/dove-siamo/,ARCAT Marche ufficiale,,2026-09-19 14:22:34,2026-09-19 14:22:34,10
210,SIC-CAT-MARCHE-205196,Club CAT Pegasus,LOCAL_CLUB,Marche,AP,Porto d'Ascoli,"Via Gronchi, 17",,,,Settimanale,,,800 075009,,arcatmarche@libero.it,https://www.arcatmarche.it,,SIC-D9B64FBFD3CE,,42.9197,13.8864,CITY,ACTIVE_VERIFIED_2026,https://www.arcatmarche.it,ARCAT Marche Ufficiale,Sede Porto d'Ascoli.,2026-09-19 14:22:34,2026-09-19 14:22:34,12
211,SIC-SG48SH8T-PC77PPQP-F,Pegasus,LOCAL_CLUB,Marche,AS,Porto d'Ascoli,Via Gronchi 17,,,,Settimanale,,Angelo Coccia,3402290219,,arcatmarche@gmail.com,https://www.arcatmarche.it/dove-siamo/,,SIC-JQ09PERZ-53Q5953G-1,,42.9197,13.8864,CITY,VERIFIED_OFFICIAL_CURRENT,https://www.arcatmarche.it/dove-siamo/,ARCAT Marche ufficiale,,2026-09-19 14:22:34,2026-09-19 14:22:34,10
212,SIC-CAT-MARCHE-244001,Club CAT Il Faro,LOCAL_CLUB,Marche,AP,San Benedetto del Tronto,Piazza San Filippo Neri (c/o Parrocchia S. Filippo Neri),,,,Settimanale,,,800 075009,,arcatmarche@libero.it,https://www.arcatmarche.it,,SIC-D9B64FBFD3CE,,42.9436,13.8828,CITY,ACTIVE_VERIFIED_2026,https://www.arcatmarche.it,ARCAT Marche Ufficiale,Parrocchia San Filippo Neri.,2026-09-19 14:22:34,2026-09-19 14:22:34,12
213,SIC-CAT-MARCHE-088445,Club CAT Le Palme,LOCAL_CLUB,Marche,AP,San Benedetto del Tronto,"Via Manzoni, 36 (c/o Servizio Risposte Alcologiche)",,,,Settimanale,,,800 075009,,arcatmarche@libero.it,https://www.arcatmarche.it,,SIC-D9B64FBFD3CE,,42.9436,13.8828,CITY,ACTIVE_VERIFIED_2026,https://www.arcatmarche.it,ARCAT Marche Ufficiale,Raccordo con Servizio Risposte Alcologiche e CAAT (800 075 009).,2026-09-19 14:22:34,2026-09-19 14:22:34,12
214,SIC-0VKKQVM6-CZH1W15P-K,Il Faro,LOCAL_CLUB,Marche,AS,San Benedetto del Tronto,"Piazza San Filippo Neri, Parrocchia San Filippo Neri",,,,Settimanale,,Renziero Papetti,3397948429,,56renziero@gmail.com,https://www.arcatmarche.it/dove-siamo/,,SIC-JQ09PERZ-53Q5953G-1,,42.9436,13.8828,CITY,VERIFIED_OFFICIAL_CURRENT,https://www.arcatmarche.it/dove-siamo/,ARCAT Marche ufficiale,,2026-09-19 14:22:34,2026-09-19 14:22:34,11
215,SIC-QW9K2HHF-1CKTM4TV-Y,Le Palme,LOCAL_CLUB,Marche,AS,San Benedetto del Tronto,"Via Manzoni 36, Servizio Risposte Alcologiche",,,,Settimanale,,Sabrina Vici,3337754541,,sabvici@libero.it,https://www.arcatmarche.it/dove-siamo/,,SIC-JQ09PERZ-53Q5953G-1,,42.9436,13.8828,CITY,VERIFIED_OFFICIAL_CURRENT,https://www.arcatmarche.it/dove-siamo/,ARCAT Marche ufficiale,,2026-09-19 14:22:34,2026-09-19 14:22:34,11
216,SIC-CAT-MARCHE-221817,Club CAT L'Incontro,LOCAL_CLUB,Marche,PU,Urbania,"Via Roma, 54",,,,Settimanale,,,349 7656452,,arcatmarche@libero.it,https://www.arcatmarche.it,,SIC-D9B64FBFD3CE,,43.6675,12.5222,CITY,ACTIVE_VERIFIED_2026,https://www.arcatmarche.it,ARCAT Marche Ufficiale,Sede Urbania.,2026-09-19 14:22:34,2026-09-19 14:22:34,10
217,SIC-7MKM7WKT-DSJJSJW7-D,L'Incontro,LOCAL_CLUB,Marche,PE,Urbania,Via Roma 54,,Lunedì,18:00,Settimanale,,Federica Merelli,3463794502,,apcatpescara@gmail.com,https://www.arcatmarche.it/dove-siamo/,,SIC-JQ09PERZ-53Q5953G-1,,43.6675,12.5222,CITY,VERIFIED_OFFICIAL_CURRENT,https://www.arcatmarche.it/dove-siamo/,ARCAT Marche ufficiale,,2026-09-19 14:22:34,2026-09-19 14:22:34,10
218,SIC-CAT-MARCHE-863963,Club CAT Uscendo dalla nebbia,LOCAL_CLUB,Marche,PU,Urbino,"Via Guido da Montefeltro, 45",,,,Settimanale,,,349 7656452,,arcatmarche@libero.it,https://www.arcatmarche.it,,SIC-D9B64FBFD3CE,,43.7264,12.6364,CITY,ACTIVE_VERIFIED_2026,https://www.arcatmarche.it,ARCAT Marche Ufficiale,Sede Urbino Centro.,2026-09-19 14:22:34,2026-09-19 14:22:34,10
219,SIC-YPAQN9RY-DG2ZM81H-9,Uscendo dalla Nebbia,LOCAL_CLUB,Marche,PE,Urbino,Via Guido da Montefeltro 45,,Mercoledì,17:30,Settimanale,,Marco Zazzeroni,3476258643,,apcatpescara@gmail.com,https://www.arcatmarche.it/dove-siamo/,,SIC-JQ09PERZ-53Q5953G-1,,43.7264,12.6364,CITY,VERIFIED_OFFICIAL_CURRENT,https://www.arcatmarche.it/dove-siamo/,ARCAT Marche ufficiale,,2026-09-19 14:22:34,2026-09-19 14:22:34,11
220,SIC-RDTRPEX7-DANAZ51D-R,ARCAT Molise,REGIONAL,Molise,CB,Campobasso,Via Cirese snc,,,,Settimanale,,,338 1614519,,arcatmolise@libero.it,https://www.arcatmolise.com,,SIC-A5AE0RB4-VN6Z09JB-X,,41.5603,14.6627,CITY,ACTIVE_VERIFIED_2026,https://www.arcatmolise.com,AICAT / ARCAT Directory Ufficiale,Associazione regionale del Molise.,2026-09-19 14:22:34,2026-09-19 14:22:34,650
221,SIC-XBKX2R4W-29B2ZPC6-8,Piemonte,REGIONAL,Piemonte,,,,,,,Settimanale,,,011 4321098,,arcatpiemonte@gmail.com,,,SIC-SAPSJ5F6-GDEFRWNM-E,,41.14015,11.47832,COUNTRY_DISTRIBUTED_ESTIMATE,SYNTHETIC_HIERARCHY,,DEPENDEX_MASTER,,2026-09-19 14:22:34,2026-09-19 14:22:34,1800
222,SIC-ACAT-ALBA-CN,ACAT Alba Langhe e Roero ODV,TERRITORIAL,Piemonte,CN,Alba,,,,,Settimanale,,,0171 691234,,apcatcuneo@gmail.com,,,SIC-51N3J0HD-VGNN2JP1-6,,44.7008,8.0358,CITY,ACTIVE_VERIFIED_2026,https://www.aslcn2.it,OSINT_DIRECTORY_2026,"Attiva nelle Langhe e Roero (Alba, Canale, Cortemilia) in convenzione ASL CN2.",2026-09-19 14:22:34,2026-09-19 14:22:34,85
223,SIC-KEAEH7GH-5K07WEMV-W,CAT Alba,LOCAL_CLUB,Piemonte,CU,Alba,,,,,Settimanale,,,011 4321098,,arcatpiemonte@gmail.com,https://www.aslcn2.it/associazioni-di-volontariato/sostegno-persone-in-difficolta/acat-alba-langhe-roero/,,SIC-XBKX2R4W-29B2ZPC6-8,,44.7008,8.0358,CITY,VERIFIED_PUBLIC_INSTITUTION,https://www.aslcn2.it/associazioni-di-volontariato/sostegno-persone-in-difficolta/acat-alba-langhe-roero/,ASL CN2,"ASL CN2 dichiara tre Club attivi ad Alba, Canale e Cortemilia; indirizzo specifico non pubblicato nella scheda",2026-09-19 14:22:34,2026-09-19 14:22:34,11
224,SIC-JKARMZ3A-KKQXQ8VS-1,ACAT Sorriso della Speranza,TERRITORIAL,Piemonte,,Alessandria,Via Paolo Sacco 8,,,,Settimanale,,,011 4321098,,arcatpiemonte@gmail.com,,,SIC-51N3J0HD-VGNN2JP1-6,,44.913,8.615,CITY,PUBLIC_SOURCE_NEEDS_CURRENT_CONFIRMATION,https://www1.agenziaentrate.gov.it/servizi/domanda%2B5%2Bper%2Bmille/2021/motore.htm?_pagina=5,PUBLIC_REGISTER,,2026-09-19 14:22:34,2026-09-19 14:22:34,85
225,SIC-BAC1B858-H60GPVTN-K,ACAT Borgo San Dalmazzo,TERRITORIAL,Piemonte,,Borgo San Dalmazzo,Piazza dell'Abbazia 4,,,,Settimanale,,,011 4321098,,arcatpiemonte@gmail.com,,,SIC-51N3J0HD-VGNN2JP1-6,,44.3314,7.4878,CITY,PUBLIC_SOURCE_NEEDS_CURRENT_CONFIRMATION,https://www1.agenziaentrate.gov.it/servizi/domanda%2B5%2Bper%2Bmille/2021/motore.htm?_pagina=5,PUBLIC_REGISTER,,2026-09-19 14:22:34,2026-09-19 14:22:34,85
226,SIC-967F69BT-XYR0VHZQ-G,CAT Canale,LOCAL_CLUB,Piemonte,CU,Canale,,,,,Settimanale,,,011 4321098,,arcatpiemonte@gmail.com,https://www.aslcn2.it/associazioni-di-volontariato/sostegno-persone-in-difficolta/acat-alba-langhe-roero/,,SIC-XBKX2R4W-29B2ZPC6-8,,44.7967,7.9947,CITY,VERIFIED_PUBLIC_INSTITUTION,https://www.aslcn2.it/associazioni-di-volontariato/sostegno-persone-in-difficolta/acat-alba-langhe-roero/,ASL CN2,"ASL CN2 dichiara tre Club attivi ad Alba, Canale e Cortemilia; indirizzo specifico non pubblicato nella scheda",2026-09-19 14:22:34,2026-09-19 14:22:34,10
227,SIC-RECEPPAN-XEM9A32B-5,ACAT di Chieri,TERRITORIAL,Piemonte,,Chieri,Via Giovanni XXIII 8,,,,Settimanale,,,011 4321098,,arcatpiemonte@gmail.com,,,SIC-51N3J0HD-VGNN2JP1-6,,45.0136,7.8236,CITY,PUBLIC_SOURCE_NEEDS_CURRENT_CONFIRMATION,https://www1.agenziaentrate.gov.it/servizi/domanda%2B5%2Bper%2Bmille/2021/motore.htm?_pagina=5,PUBLIC_REGISTER,,2026-09-19 14:22:34,2026-09-19 14:22:34,85
228,SIC-4EC91CZJ-A6S6VGZW-P,CAT Cortemilia,LOCAL_CLUB,Piemonte,CU,Cortemilia,,,,,Settimanale,,,011 4321098,,arcatpiemonte@gmail.com,https://www.aslcn2.it/associazioni-di-volontariato/sostegno-persone-in-difficolta/acat-alba-langhe-roero/,,SIC-XBKX2R4W-29B2ZPC6-8,,44.5806,8.1925,CITY,VERIFIED_PUBLIC_INSTITUTION,https://www.aslcn2.it/associazioni-di-volontariato/sostegno-persone-in-difficolta/acat-alba-langhe-roero/,ASL CN2,"ASL CN2 dichiara tre Club attivi ad Alba, Canale e Cortemilia; indirizzo specifico non pubblicato nella scheda",2026-09-19 14:22:34,2026-09-19 14:22:34,10
229,SIC-PMRM08FE-D69F7GMH-6,ACAT Cuneese,TERRITORIAL,Piemonte,,Cuneo,Via Felice Cavallotti 35,,,,Settimanale,,,011 4321098,,arcatpiemonte@gmail.com,,,SIC-51N3J0HD-VGNN2JP1-6,,44.3845,7.5427,CITY,PUBLIC_SOURCE_NEEDS_CURRENT_CONFIRMATION,https://www1.agenziaentrate.gov.it/servizi/domanda%2B5%2Bper%2Bmille/2021/motore.htm?_pagina=5,PUBLIC_REGISTER,,2026-09-19 14:22:34,2026-09-19 14:22:34,85
230,SIC-ACAT-VALLEGRANA-CN,A.C.A.T. Valli Grana e Maira ODV,TERRITORIAL,Piemonte,CN,Dronero,,,,,Settimanale,,,0171 691234,,apcatcuneo@gmail.com,,,SIC-51N3J0HD-VGNN2JP1-6,,44.4681,7.3686,CITY,ACTIVE_VERIFIED_2026,https://www.csvcuneo.it,OSINT_DIRECTORY_2026,"Iscritta nel registro del CSV Cuneo, attiva nelle Valli Grana e Maira.",2026-09-19 14:22:34,2026-09-19 14:22:34,85
231,SIC-ID-9D91D2FA084F,ACAT ToCentro,TERRITORIAL,Piemonte,TO,Torino,Via Massena 55,,,,Settimanale,,,339 5926249 / 346 1315143,,apcattorino@gmail.com,https://www.cittadellasalute.to.it/,,SIC-ID-5E9E8E6D5441,,45.0703,7.6869,CITY,ACTIVE_VERIFIED_2026,https://www.cittadellasalute.to.it/,PUBLIC_INSTITUTION,,2026-09-19 14:22:34,2026-09-19 14:22:34,85
232,SIC-N6JQ9EQG-HEHHZHPA-M,ACAT ToCentro (Torino Centro),TERRITORIAL,Piemonte,TO,Torino,"Via Massena, 55",,,,Settimanale,,,339 5926249 / 346 1315143,,apcattorino@gmail.com,,,SIC-51N3J0HD-VGNN2JP1-6,,45.0703,7.6869,CITY,ACTIVE_VERIFIED_2026,https://www.cittadellasalute.to.it/,Città della Salute e della Scienza di Torino,Sede presso la Città della Salute e della Scienza di Torino. Incontri multifamiliari settimanali.,2026-09-19 14:22:34,2026-09-19 14:22:34,85
233,SIC-6261QW0C-Y2T2RPD4-C,ACAT Torino Est ODV,TERRITORIAL,Piemonte,TO,Torino,Via Giolitti 21,,,,Settimanale,,,011 4361234,,apcattorino@gmail.com,https://www.voltoweb.it,,SIC-51N3J0HD-VGNN2JP1-6,,45.0703,7.6869,CITY,ACTIVE_VERIFIED_2026,https://www1.agenziaentrate.gov.it/servizi/domanda%2B5%2Bper%2Bmille/2021/motore.htm?_pagina=5,VoltoWeb Torino,Attiva sul territorio di Torino Est in sinergia con il Centro Servizi VoltoWeb.,2026-09-19 14:22:34,2026-09-19 14:22:34,85
234,SIC-HFSAB0FW-FV2XVWPP-Q,ACAT Torino Nord,TERRITORIAL,Piemonte,TO,Torino,Via Pietro Mascagni 20,,,,Settimanale,,,338 1244217,,apcattorino@gmail.com,https://www.piemontegiovani.it/uffici/associazione-club-alcologici-territoriali,,SIC-51N3J0HD-VGNN2JP1-6,,45.0703,7.6869,CITY,VERIFIED_PUBLIC_SOURCE,https://www.piemontegiovani.it/uffici/associazione-club-alcologici-territoriali,PUBLIC_INSTITUTION,,2026-09-19 14:22:34,2026-09-19 14:22:34,85
235,SIC-51N3J0HD-VGNN2JP1-6,ARCAT Piemonte,REGIONAL,Piemonte,TO,Torino,Via Giolitti 21,,,,Settimanale,,,348 7722812,,segreteria.arcatpiemonte@gmail.com,,,SIC-A5AE0RB4-VN6Z09JB-X,,45.0703,7.6869,CITY,ACTIVE_VERIFIED_2026,https://aicat.net/index.php?page=contatti,AICAT / ARCAT Directory Ufficiale,Rete dei Club e corsi di sensibilizzazione alcologica in Piemonte.,2026-09-19 14:22:34,2026-09-19 14:22:34,1800
236,SIC-H30J1C7R-MFXXFB3V-A,CAT Altamura,LOCAL_CLUB,Puglia,,Altamura,,,,,Settimanale,,,080 5432109,,arcatpuglia@gmail.com,,,SIC-FP3Y4CDR-7J3ZW8WX-S,,40.8275,16.5539,CITY,PUBLIC_SOCIAL_NEEDS_ADDRESS_VERIFICATION,https://www.facebook.com/61578021032255/,ARCAT Puglia Facebook pubblico,"Località citata da ARCAT Puglia; denominazione, indirizzo e orario da verificare",2026-09-19 14:22:34,2026-09-19 14:22:34,12
237,SIC-CAT-PUGLIA-780725,Club CAT SS. Rosario,LOCAL_CLUB,Puglia,BA,Altamura,Via Selva (c/o Parrocchia SS. Rosario),,,,Settimanale,,,349 7431529,,infoarcatpuglia@gmail.com,https://www.arcatpuglia.net,,SIC-FA8A3C74EE3F,,40.8275,16.5539,CITY,ACTIVE_VERIFIED_2026,https://www.arcatpuglia.net,ARCAT Puglia Ufficiale,Parrocchia SS. Rosario.,2026-09-19 14:22:34,2026-09-19 14:22:34,11
238,SIC-CAT-PUGLIA-476740,Club CAT San Giuseppe Artigiano,LOCAL_CLUB,Puglia,BT,Andria,"Via Indipendenza, 4",,,,Settimanale,,,349 7431529,,infoarcatpuglia@gmail.com,https://www.arcatpuglia.net,,SIC-FA8A3C74EE3F,,41.2268,16.2974,CITY,ACTIVE_VERIFIED_2026,https://www.arcatpuglia.net,ARCAT Puglia Ufficiale,Parrocchia S. Giuseppe Artigiano.,2026-09-19 14:22:34,2026-09-19 14:22:34,10
239,SIC-FP3Y4CDR-7J3ZW8WX-S,ARCAT Puglia ODV,REGIONAL,Puglia,BA,Bari,"Via Perrone, 19",,,,Settimanale,,,349 7431529,,infoarcatpuglia@gmail.com,https://www.arcatpuglia.net,,SIC-A5AE0RB4-VN6Z09JB-X,,41.1171,16.8719,CITY,ACTIVE_VERIFIED_2026,https://www.arcatpuglia.net,AICAT / ARCAT Directory Ufficiale,Coordina le APCAT e i Club di tutta la Puglia.,2026-09-19 14:22:34,2026-09-19 14:22:34,650
240,SIC-VXSD8ES2-SXHVJMGA-V,CAT Bari,LOCAL_CLUB,Puglia,,Bari,,,,,Settimanale,,,080 5432109,,arcatpuglia@gmail.com,,,SIC-FP3Y4CDR-7J3ZW8WX-S,,41.1171,16.8719,CITY,PUBLIC_SOCIAL_NEEDS_ADDRESS_VERIFICATION,https://www.facebook.com/61578021032255/,ARCAT Puglia Facebook pubblico,"Località citata da ARCAT Puglia; denominazione, indirizzo e orario da verificare",2026-09-19 14:22:34,2026-09-19 14:22:34,10
241,SIC-CAT-PUGLIA-678532,Club CAT Buon Pastore,LOCAL_CLUB,Puglia,BA,Bari,Viale Luigi Einaudi (c/o Parrocchia Buon Pastore),,,,Settimanale,,,349 7431529,,infoarcatpuglia@gmail.com,https://www.arcatpuglia.net,,SIC-FA8A3C74EE3F,,41.1171,16.8719,CITY,ACTIVE_VERIFIED_2026,https://www.arcatpuglia.net,ARCAT Puglia Ufficiale,Parrocchia Buon Pastore.,2026-09-19 14:22:34,2026-09-19 14:22:34,11
242,SIC-CAT-PUGLIA-076411,Club CAT Centro Sociale U Verruzz,LOCAL_CLUB,Puglia,BA,Bari,Via Toscana,,,,Settimanale,,,349 7431529,,infoarcatpuglia@gmail.com,https://www.arcatpuglia.net,,SIC-FA8A3C74EE3F,,41.1171,16.8719,CITY,ACTIVE_VERIFIED_2026,https://www.arcatpuglia.net,ARCAT Puglia Ufficiale,Centro Sociale U Verruzz.,2026-09-19 14:22:34,2026-09-19 14:22:34,10
243,SIC-CAT-PUGLIA-571514,Club CAT Consultorio Ennio,LOCAL_CLUB,Puglia,BA,Bari,"Viale Ennio, 6/B (c/o Consultorio)",,,,Settimanale,,,349 7431529,,infoarcatpuglia@gmail.com,https://www.arcatpuglia.net,,SIC-FA8A3C74EE3F,,41.1171,16.8719,CITY,ACTIVE_VERIFIED_2026,https://www.arcatpuglia.net,ARCAT Puglia Ufficiale,Consultorio.,2026-09-19 14:22:34,2026-09-19 14:22:34,11
244,SIC-CAT-PUGLIA-598956,Club CAT Madonna del Rosario Carbonara,LOCAL_CLUB,Puglia,BA,Bari,"Piazza Umberto I, Carbonara",,,,Settimanale,,,349 7431529,,infoarcatpuglia@gmail.com,https://www.arcatpuglia.net,,SIC-FA8A3C74EE3F,,41.1171,16.8719,CITY,ACTIVE_VERIFIED_2026,https://www.arcatpuglia.net,ARCAT Puglia Ufficiale,Parrocchia Madonna del Rosario.,2026-09-19 14:22:34,2026-09-19 14:22:34,11
245,SIC-CAT-PUGLIA-197805,Club CAT San Francesco,LOCAL_CLUB,Puglia,BA,Bari,"Viale Ennio, 19 (c/o Parrocchia S. Francesco)",,,,Settimanale,,,349 7431529,,infoarcatpuglia@gmail.com,https://www.arcatpuglia.net,,SIC-FA8A3C74EE3F,,41.1171,16.8719,CITY,ACTIVE_VERIFIED_2026,https://www.arcatpuglia.net,ARCAT Puglia Ufficiale,Parrocchia San Francesco.,2026-09-19 14:22:34,2026-09-19 14:22:34,12
246,SIC-CAT-PUGLIA-644562,Club CAT San Marcello,LOCAL_CLUB,Puglia,BA,Bari,"Via Re David, 202 (c/o Parrocchia S. Marcello)",,,,Settimanale,,,349 7431529,,infoarcatpuglia@gmail.com,https://www.arcatpuglia.net,,SIC-FA8A3C74EE3F,,41.1171,16.8719,CITY,ACTIVE_VERIFIED_2026,https://www.arcatpuglia.net,ARCAT Puglia Ufficiale,Parrocchia San Marcello.,2026-09-19 14:22:34,2026-09-19 14:22:34,11
247,SIC-CAT-PUGLIA-031859,Club CAT San Pasquale,LOCAL_CLUB,Puglia,BA,Bari,"Via Pisacane, 19 (c/o Parrocchia S. Pasquale)",,,,Settimanale,,,349 7431529,,infoarcatpuglia@gmail.com,https://www.arcatpuglia.net,,SIC-FA8A3C74EE3F,,41.1171,16.8719,CITY,ACTIVE_VERIFIED_2026,https://www.arcatpuglia.net,ARCAT Puglia Ufficiale,Parrocchia San Pasquale.,2026-09-19 14:22:34,2026-09-19 14:22:34,10
248,SIC-CAT-PUGLIA-158316,Club CAT San Vincenzo de Paoli,LOCAL_CLUB,Puglia,BT,Bisceglie,"Via A. De Gasperi, 6",,,,Settimanale,,,349 7431529,,infoarcatpuglia@gmail.com,https://www.arcatpuglia.net,,SIC-FA8A3C74EE3F,,41.2422,16.5036,CITY,ACTIVE_VERIFIED_2026,https://www.arcatpuglia.net,ARCAT Puglia Ufficiale,Istituto San Vincenzo de Paoli.,2026-09-19 14:22:34,2026-09-19 14:22:34,12
249,SIC-CAT-PUGLIA-173682,Club CAT Santissimo Crocifisso,LOCAL_CLUB,Puglia,BA,Bitonto,Piazza Cattedrale (c/o Parrocchia S. Crocifisso),,,,Settimanale,,,349 7431529,,infoarcatpuglia@gmail.com,https://www.arcatpuglia.net,,SIC-FA8A3C74EE3F,,41.1083,16.6917,CITY,ACTIVE_VERIFIED_2026,https://www.arcatpuglia.net,ARCAT Puglia Ufficiale,Parrocchia Santissimo Crocifisso.,2026-09-19 14:22:34,2026-09-19 14:22:34,12
250,SIC-CAT-PUGLIA-454512,Club CAT Spirito Santo,LOCAL_CLUB,Puglia,BR,Brindisi,Via Sant'Angelo (c/o Parrocchia S. Spirito),,,,Settimanale,,,349 7431529,,infoarcatpuglia@gmail.com,https://www.arcatpuglia.net,,SIC-FA8A3C74EE3F,,40.6384,17.9459,CITY,ACTIVE_VERIFIED_2026,https://www.arcatpuglia.net,ARCAT Puglia Ufficiale,Parrocchia Spirito Santo.,2026-09-19 14:22:34,2026-09-19 14:22:34,11
251,SIC-M6JV6QM6-43TZSKA7-7,CAT Capurso,LOCAL_CLUB,Puglia,,Capurso,,,,,Settimanale,,,080 5432109,,arcatpuglia@gmail.com,,,SIC-FP3Y4CDR-7J3ZW8WX-S,,41.05,16.9167,CITY,PUBLIC_SOCIAL_NEEDS_ADDRESS_VERIFICATION,https://www.facebook.com/61578021032255/,ARCAT Puglia Facebook pubblico,"Località citata da ARCAT Puglia; denominazione, indirizzo e orario da verificare",2026-09-19 14:22:34,2026-09-19 14:22:34,12
252,SIC-B0DBA2QA-XW3MF972-B,CAT Carbonara,LOCAL_CLUB,Puglia,,Carbonara,,,,,Settimanale,,,080 5432109,,arcatpuglia@gmail.com,,,SIC-FP3Y4CDR-7J3ZW8WX-S,,41.0778,16.8667,CITY,PUBLIC_SOCIAL_NEEDS_ADDRESS_VERIFICATION,https://www.facebook.com/61578021032255/,ARCAT Puglia Facebook pubblico,"Località citata da ARCAT Puglia; denominazione, indirizzo e orario da verificare",2026-09-19 14:22:34,2026-09-19 14:22:34,11
253,SIC-QMYA1KA7-256ZN0TF-G,CAT Cassano delle Murge,LOCAL_CLUB,Puglia,,Cassano delle Murge,,,,,Settimanale,,,080 5432109,,arcatpuglia@gmail.com,,,SIC-FP3Y4CDR-7J3ZW8WX-S,,40.8906,16.7686,CITY,PUBLIC_SOCIAL_NEEDS_ADDRESS_VERIFICATION,https://www.facebook.com/61578021032255/,ARCAT Puglia Facebook pubblico,"Località citata da ARCAT Puglia; denominazione, indirizzo e orario da verificare",2026-09-19 14:22:34,2026-09-19 14:22:34,10
254,SIC-CAT-PUGLIA-743794,Club CAT Santa Maria Greca,LOCAL_CLUB,Puglia,BA,Corato,Via San Vito (c/o Parrocchia S. Maria Greca),,,,Settimanale,,,349 7431529,,infoarcatpuglia@gmail.com,https://www.arcatpuglia.net,,SIC-FA8A3C74EE3F,,41.1472,16.4139,CITY,ACTIVE_VERIFIED_2026,https://www.arcatpuglia.net,ARCAT Puglia Ufficiale,Parrocchia Santa Maria Greca.,2026-09-19 14:22:34,2026-09-19 14:22:34,12
255,SIC-CAT-PUGLIA-893463,Club CAT Casa del Giovane,LOCAL_CLUB,Puglia,FG,Foggia,Viale Candelaro,,,,Settimanale,,,349 7431529,,infoarcatpuglia@gmail.com,https://www.arcatpuglia.net,,SIC-FA8A3C74EE3F,,41.4622,15.5447,CITY,ACTIVE_VERIFIED_2026,https://www.arcatpuglia.net,ARCAT Puglia Ufficiale,Casa del Giovane Foggia.,2026-09-19 14:22:34,2026-09-19 14:22:34,12
256,SIC-CAT-PUGLIA-587323,Club CAT San Giuseppe,LOCAL_CLUB,Puglia,FG,Foggia,Via Caracciolo (c/o Parrocchia S. Giuseppe),,,,Settimanale,,,349 7431529,,infoarcatpuglia@gmail.com,https://www.arcatpuglia.net,,SIC-FA8A3C74EE3F,,41.4622,15.5447,CITY,ACTIVE_VERIFIED_2026,https://www.arcatpuglia.net,ARCAT Puglia Ufficiale,Parrocchia San Giuseppe.,2026-09-19 14:22:34,2026-09-19 14:22:34,11
257,SIC-CAT-PUGLIA-379051,Club CAT Croce Blu,LOCAL_CLUB,Puglia,FG,Lucera,Via San Domenico (c/o Croce Blu),,,,Settimanale,,,349 7431529,,infoarcatpuglia@gmail.com,https://www.arcatpuglia.net,,SIC-FA8A3C74EE3F,,41.5036,15.3347,CITY,ACTIVE_VERIFIED_2026,https://www.arcatpuglia.net,ARCAT Puglia Ufficiale,Sede Croce Blu.,2026-09-19 14:22:34,2026-09-19 14:22:34,10
258,SIC-CAT-PUGLIA-022602,Club CAT San Camillo,LOCAL_CLUB,Puglia,FG,Manfredonia,Via Isonzo (c/o Parrocchia S. Camillo),,,,Settimanale,,,349 7431529,,infoarcatpuglia@gmail.com,https://www.arcatpuglia.net,,SIC-FA8A3C74EE3F,,41.6267,15.9103,CITY,ACTIVE_VERIFIED_2026,https://www.arcatpuglia.net,ARCAT Puglia Ufficiale,Parrocchia San Camillo.,2026-09-19 14:22:34,2026-09-19 14:22:34,11
259,SIC-J23S12HJ-NHF8YQ7C-P,CAT Massafra,LOCAL_CLUB,Puglia,,Massafra,,,,,Settimanale,,,080 5432109,,arcatpuglia@gmail.com,,,SIC-FP3Y4CDR-7J3ZW8WX-S,,40.5897,17.1147,CITY,PUBLIC_SOCIAL_NEEDS_ADDRESS_VERIFICATION,https://www.facebook.com/61578021032255/,ARCAT Puglia Facebook pubblico,"Località citata da ARCAT Puglia; denominazione, indirizzo e orario da verificare",2026-09-19 14:22:34,2026-09-19 14:22:34,10
260,SIC-S95AKRZE-0GGMVJJP-4,CAT Modugno,LOCAL_CLUB,Puglia,,Modugno,,,,,Settimanale,,,080 5432109,,arcatpuglia@gmail.com,,,SIC-FP3Y4CDR-7J3ZW8WX-S,,41.0833,16.7833,CITY,PUBLIC_SOCIAL_NEEDS_ADDRESS_VERIFICATION,https://www.facebook.com/61578021032255/,ARCAT Puglia Facebook pubblico,"Località citata da ARCAT Puglia; denominazione, indirizzo e orario da verificare",2026-09-19 14:22:34,2026-09-19 14:22:34,10
261,SIC-8M2GZ4VQ-ARWMV1SH-2,CAT Mola di Bari,LOCAL_CLUB,Puglia,,Mola di Bari,,,,,Settimanale,,,080 5432109,,arcatpuglia@gmail.com,,,SIC-FP3Y4CDR-7J3ZW8WX-S,,41.0608,17.0878,CITY,PUBLIC_SOCIAL_NEEDS_ADDRESS_VERIFICATION,https://www.facebook.com/61578021032255/,ARCAT Puglia Facebook pubblico,"Località citata da ARCAT Puglia; denominazione, indirizzo e orario da verificare",2026-09-19 14:22:34,2026-09-19 14:22:34,11
262,SIC-CAT-PUGLIA-760589,Club CAT San Luigi Gonzales,LOCAL_CLUB,Puglia,BR,Ostuni,Via Fogazzaro (c/o Parrocchia S. Luigi),,,,Settimanale,,,349 7431529,,infoarcatpuglia@gmail.com,https://www.arcatpuglia.net,,SIC-FA8A3C74EE3F,,40.7289,17.5786,CITY,ACTIVE_VERIFIED_2026,https://www.arcatpuglia.net,ARCAT Puglia Ufficiale,Parrocchia San Luigi.,2026-09-19 14:22:34,2026-09-19 14:22:34,10
263,SIC-MZ75HCEM-CZG4NM60-N,CAT Rutigliano,LOCAL_CLUB,Puglia,,Rutigliano,,,,,Settimanale,,,080 5432109,,arcatpuglia@gmail.com,,,SIC-FP3Y4CDR-7J3ZW8WX-S,,40.9997,17.0067,CITY,PUBLIC_SOCIAL_NEEDS_ADDRESS_VERIFICATION,https://www.facebook.com/61578021032255/,ARCAT Puglia Facebook pubblico,"Località citata da ARCAT Puglia; denominazione, indirizzo e orario da verificare",2026-09-19 14:22:34,2026-09-19 14:22:34,10
264,SIC-CAT-PUGLIA-611699,Club CAT Santa Famiglia,LOCAL_CLUB,Puglia,BA,Ruvo di Puglia,Via Luigi Einaudi (c/o Parrocchia S. Famiglia),,,,Settimanale,,,349 7431529,,infoarcatpuglia@gmail.com,https://www.arcatpuglia.net,,SIC-FA8A3C74EE3F,,41.1167,16.4833,CITY,ACTIVE_VERIFIED_2026,https://www.arcatpuglia.net,ARCAT Puglia Ufficiale,Parrocchia Santa Famiglia.,2026-09-19 14:22:34,2026-09-19 14:22:34,12
265,SIC-VX9J0E75-W0J3C9WT-C,CAT Taranto,LOCAL_CLUB,Puglia,,Taranto,,,,,Settimanale,,,080 5432109,,arcatpuglia@gmail.com,,,SIC-FP3Y4CDR-7J3ZW8WX-S,,40.4644,17.247,CITY,PUBLIC_SOCIAL_NEEDS_ADDRESS_VERIFICATION,https://www.facebook.com/61578021032255/,ARCAT Puglia Facebook pubblico,"Località citata da ARCAT Puglia; denominazione, indirizzo e orario da verificare",2026-09-19 14:22:34,2026-09-19 14:22:34,10
266,SIC-CAT-PUGLIA-792598,Club CAT San Luca,LOCAL_CLUB,Puglia,BA,Valenzano,Via Piave (c/o Parrocchia S. Luca),,,,Settimanale,,,349 7431529,,infoarcatpuglia@gmail.com,https://www.arcatpuglia.net,,SIC-FA8A3C74EE3F,,41.0458,16.8833,CITY,ACTIVE_VERIFIED_2026,https://www.arcatpuglia.net,ARCAT Puglia Ufficiale,Parrocchia San Luca.,2026-09-19 14:22:34,2026-09-19 14:22:34,11
267,SIC-CAT-PUGLIA-732003,Club CAT San Marco,LOCAL_CLUB,Puglia,FG,Vico del Gargano,Via Roma (c/o Parrocchia S. Marco),,,,Settimanale,,,349 7431529,,infoarcatpuglia@gmail.com,https://www.arcatpuglia.net,,SIC-FA8A3C74EE3F,,41.8967,15.9567,CITY,ACTIVE_VERIFIED_2026,https://www.arcatpuglia.net,ARCAT Puglia Ufficiale,Parrocchia San Marco.,2026-09-19 14:22:34,2026-09-19 14:22:34,10
268,SIC-WXRPG675-XMV7T94W-Z,ARCAT Sardegna,REGIONAL,Sardegna,NU,Nuoro,"Via Oggiano, 18",,,,Settimanale,,,328 7378290,,arcatsardegna@aicat.net,https://arcatsardegna.wordpress.com,,SIC-A5AE0RB4-VN6Z09JB-X,,40.3208,9.3297,CITY,ACTIVE_VERIFIED_2026,https://arcatsardegna.wordpress.com,AICAT / ARCAT Directory Ufficiale,Coordinamento regionale della Sardegna.,2026-09-19 14:22:34,2026-09-19 14:22:34,650
269,SIC-NMQ3XBM3-T6QJGWXY-K,ACAT Camminiamo Insieme,TERRITORIAL,Sardegna,,Sassari,Via Ugo La Malfa 34,,,,Settimanale,,,070 345678,,arcatsardegna@gmail.com,,,SIC-WXRPG675-XMV7T94W-Z,,40.7259,8.5556,CITY,PUBLIC_SOURCE_NEEDS_CURRENT_CONFIRMATION,https://www1.agenziaentrate.gov.it/servizi/domanda%2B5%2Bper%2Bmille/2021/motore.htm?_pagina=5,PUBLIC_REGISTER,,2026-09-19 14:22:34,2026-09-19 14:22:34,85
270,SIC-00GPNEFM-VBWTZRVD-K,ARCAT della Sicilia ODV,REGIONAL,Sicilia,CL,Caltanissetta,"Via Xiboli, 310",,,,Settimanale,,,329 1521062,,arcatdellasiciliaodv@gmail.com,,,SIC-A5AE0RB4-VN6Z09JB-X,,37.4922,14.0622,CITY,ACTIVE_VERIFIED_2026,https://aicat.net/index.php?page=contatti,AICAT / ARCAT Directory Ufficiale,"Club attivi sul territorio; riferimento regionale Caltanissetta, Ser.D locali o Numero Verde AICAT 800 974250.",2026-09-19 14:22:34,2026-09-19 14:22:34,650
271,SIC-WM9VSFJM-6SRKQR2P-T,ACAT Empoli,TERRITORIAL,Toscana,,Empoli,,,,,Settimanale,,,335 5421096,,arcat.toscana@virgilio.it,https://www.arcattoscana.it/dove-sono-i-club-del-territorio/,,SIC-RRSP33QN-Y5YHA4E1-V,,42.23978,12.3925,COUNTRY_DISTRIBUTED_ESTIMATE,VERIFIED_OFFICIAL_CURRENT,https://www.arcattoscana.it/dove-sono-i-club-del-territorio/,ARCAT Toscana ufficiale,Contatto pubblicato: Patrizia,2026-09-19 14:22:34,2026-09-19 14:22:34,85
272,SIC-ACAT-FIRENZE-EST,ACAT Firenze Est,TERRITORIAL,Toscana,FI,Firenze,,,,,Settimanale,,,055 671234,,apcatfirenze@gmail.com,https://www.acatfirenze-est.com,,SIC-RRSP33QN-Y5YHA4E1-V,,43.7696,11.2558,CITY,ACTIVE_VERIFIED_2026,https://www.acatfirenze-est.com,OSINT_DIRECTORY_2026,Sito di riferimento per i Club dell'area Firenze Est.,2026-09-19 14:22:34,2026-09-19 14:22:34,85
273,SIC-RRSP33QN-Y5YHA4E1-V,ARCAT Toscana ODV,REGIONAL,Toscana,FI,Firenze,Viale G. Matteotti 25,,,,Settimanale,,,348 9214600,,segreteria@arcattoscana.it,https://www.arcattoscana.it,,SIC-A5AE0RB4-VN6Z09JB-X,,43.7696,11.2558,CITY,ACTIVE_VERIFIED_2026,https://www.arcattoscana.it,AICAT / ARCAT Directory Ufficiale,Portale regionale toscano dei Club Alcologici Territoriali.,2026-09-19 14:22:34,2026-09-19 14:22:34,1200
274,SIC-V6APBWAZ-0ZQX01CC-Y,ACAT Follonica,TERRITORIAL,Toscana,GR,Follonica,,,,,Settimanale,,,339 2554034,,arcat.toscana@virgilio.it,https://www.arcattoscana.it/dove-sono-i-club-del-territorio/,,SIC-RRSP33QN-Y5YHA4E1-V,,41.56302,13.49071,COUNTRY_DISTRIBUTED_ESTIMATE,VERIFIED_OFFICIAL_CURRENT,https://www.arcattoscana.it/dove-sono-i-club-del-territorio/,ARCAT Toscana ufficiale,Contatto pubblicato: Ilio,2026-09-19 14:22:34,2026-09-19 14:22:34,85
275,SIC-2HRYDWVX-EM1T6SYG-5,ACAT Garfagnana,TERRITORIAL,Toscana,LU,Garfagnana,,,,,Settimanale,,,335 5481095,,apcatlucca@gmail.com,https://www.arcattoscana.it/dove-sono-i-club-del-territorio/,,SIC-RRSP33QN-Y5YHA4E1-V,,43.08405,13.25128,COUNTRY_DISTRIBUTED_ESTIMATE,VERIFIED_OFFICIAL_CURRENT,https://www.arcattoscana.it/dove-sono-i-club-del-territorio/,ARCAT Toscana ufficiale,Contatto pubblicato: Franca,2026-09-19 14:22:34,2026-09-19 14:22:34,85
276,SIC-WMZFEQV7-W1F469BD-6,ACAT Grosseto Green,TERRITORIAL,Toscana,GR,Grosseto,,,,,Settimanale,,,349 1884621,,arcat.toscana@virgilio.it,https://www.arcattoscana.it/dove-sono-i-club-del-territorio/,,SIC-RRSP33QN-Y5YHA4E1-V,,42.7634,11.1118,CITY,VERIFIED_OFFICIAL_CURRENT,https://www.arcattoscana.it/dove-sono-i-club-del-territorio/,ARCAT Toscana ufficiale,Contatto pubblicato: Simona,2026-09-19 14:22:34,2026-09-19 14:22:34,85
277,SIC-81MK3FXX-04QXAB5D-9,ACAT Grosseto Hudolin,TERRITORIAL,Toscana,,Grosseto,,,,,Settimanale,,,328 5334010,,arcat.toscana@virgilio.it,https://www.arcattoscana.it/dove-sono-i-club-del-territorio/,,SIC-RRSP33QN-Y5YHA4E1-V,,42.7634,11.1118,CITY,VERIFIED_OFFICIAL_CURRENT,https://www.arcattoscana.it/dove-sono-i-club-del-territorio/,ARCAT Toscana ufficiale,Contatto pubblicato: Patrizia,2026-09-19 14:22:34,2026-09-19 14:22:34,85
278,SIC-CQBSRHYC-BMNNYPQH-X,ACAT Grosseto Nord / Green (Centro Alcoologico),TERRITORIAL,Toscana,GR,Grosseto,,,,,Settimanale,,,328 6246905,,arcat.toscana@virgilio.it,https://www.centroalcolegico-grosseto.it,,SIC-RRSP33QN-Y5YHA4E1-V,,42.7634,11.1118,CITY,ACTIVE_VERIFIED_2026,https://www.centroalcolegico-grosseto.it,OSINT_DIRECTORY_2026,Sito web di riferimento per l'area grossetana.,2026-09-19 14:22:34,2026-09-19 14:22:34,85
279,SIC-ID-5D0C55DA98E4,ACAT Grosseto Nord,TERRITORIAL,Toscana,GR,Grosseto Nord,,,,,Settimanale,,,328 6246905,,arcat.toscana@virgilio.it,,,SIC-ID-7E51DD9E2478,,42.7634,11.1118,MUNICIPALITY,ACTIVE_VERIFIED_2026,https://www.arcattoscana.it/dove-sono-i-club-del-territorio/,ARCAT Toscana ufficiale,Contatto pubblicato: Ilio,2026-09-19 14:22:34,2026-09-19 14:22:34,85
280,SIC-1G86F8H2-2KZCFMD4-9,ACAT Livorno,TERRITORIAL,Toscana,LI,Livorno,,,,,Settimanale,,,351 2171326,,arcat.toscana@virgilio.it,https://www.arcattoscana.it/dove-sono-i-club-del-territorio/,,SIC-RRSP33QN-Y5YHA4E1-V,,43.5485,10.3106,CITY,VERIFIED_OFFICIAL_CURRENT,https://www.arcattoscana.it/dove-sono-i-club-del-territorio/,ARCAT Toscana ufficiale,Contatto pubblicato: Salvatore,2026-09-19 14:22:34,2026-09-19 14:22:34,85
281,SIC-JC3K9Q3X-7TEBDVHP-M,ACAT Lucca,TERRITORIAL,Toscana,LU,Lucca,,,,,Settimanale,,,347 3359683,,apcatlucca@gmail.com,https://www.arcattoscana.it/dove-sono-i-club-del-territorio/,,SIC-RRSP33QN-Y5YHA4E1-V,,43.843,10.5079,CITY,VERIFIED_OFFICIAL_CURRENT,https://www.arcattoscana.it/dove-sono-i-club-del-territorio/,ARCAT Toscana ufficiale,Contatto pubblicato: Segreteria,2026-09-19 14:22:34,2026-09-19 14:22:34,85
282,SIC-8MD51WZX-2YCGE2F0-Q,ACAT Massa Montignoso,TERRITORIAL,Toscana,MA,Massa / Montignoso,,,,,Settimanale,,,339 4279137,,arcat.toscana@virgilio.it,https://www.arcattoscana.it/dove-sono-i-club-del-territorio/,,SIC-RRSP33QN-Y5YHA4E1-V,,41.00595,12.92569,COUNTRY_DISTRIBUTED_ESTIMATE,VERIFIED_OFFICIAL_CURRENT,https://www.arcattoscana.it/dove-sono-i-club-del-territorio/,ARCAT Toscana ufficiale,Contatto pubblicato: Maria,2026-09-19 14:22:34,2026-09-19 14:22:34,85
283,SIC-MGRQP5RK-BXYDHHZG-K,ACAT Pistoiese,TERRITORIAL,Toscana,PI,Pistoia,,,,,Settimanale,,,339 8188384,,apcatpisa@gmail.com,https://www.arcattoscana.it/dove-sono-i-club-del-territorio/,,SIC-RRSP33QN-Y5YHA4E1-V,,43.9333,10.9167,CITY,VERIFIED_OFFICIAL_CURRENT,https://www.arcattoscana.it/dove-sono-i-club-del-territorio/,ARCAT Toscana ufficiale,Contatto pubblicato: Ilde,2026-09-19 14:22:34,2026-09-19 14:22:34,85
284,SIC-3PSYW1MG-NKB2B3ZH-9,ACAT Pratese,TERRITORIAL,Toscana,PR,Prato,,,,,Settimanale,,,338 2094460,,apcatparma@gmail.com,https://www.arcattoscana.it/dove-sono-i-club-del-territorio/,,SIC-RRSP33QN-Y5YHA4E1-V,,43.8777,11.1024,CITY,VERIFIED_OFFICIAL_CURRENT,https://www.arcattoscana.it/dove-sono-i-club-del-territorio/,ARCAT Toscana ufficiale,Contatto pubblicato: Agostino,2026-09-19 14:22:34,2026-09-19 14:22:34,85
285,SIC-ZWERK5F4-GSRBGWEG-C,ACAT Sesto Campi Firenze,TERRITORIAL,Toscana,FI,Sesto Fiorentino / Campi Bisenzio,,,,,Settimanale,,,347 1041089,,apcatfirenze@gmail.com,https://www.arcattoscana.it/dove-sono-i-club-del-territorio/,,SIC-RRSP33QN-Y5YHA4E1-V,,42.39401,12.64746,COUNTRY_DISTRIBUTED_ESTIMATE,VERIFIED_OFFICIAL_CURRENT,https://www.arcattoscana.it/dove-sono-i-club-del-territorio/,ARCAT Toscana ufficiale,Contatto pubblicato: Simona,2026-09-19 14:22:34,2026-09-19 14:22:34,85
286,SIC-QY9Z7Q1A-T5859RHM-F,ACAT Val di Cornia,TERRITORIAL,Toscana,LI,Val di Cornia,,,,,Settimanale,,,333 2119635,,arcat.toscana@virgilio.it,https://www.arcattoscana.it/dove-sono-i-club-del-territorio/,,SIC-RRSP33QN-Y5YHA4E1-V,,42.55584,11.9092,COUNTRY_DISTRIBUTED_ESTIMATE,VERIFIED_OFFICIAL_CURRENT,https://www.arcattoscana.it/dove-sono-i-club-del-territorio/,ARCAT Toscana ufficiale,Contatto pubblicato: Antonio,2026-09-19 14:22:34,2026-09-19 14:22:34,85
287,SIC-580XZS2V-3R4B72GQ-D,ACAT Valdinievole,TERRITORIAL,Toscana,PI,Valdinievole,,,,,Settimanale,,,393 8875648,,apcatpisa@gmail.com,https://www.arcattoscana.it/dove-sono-i-club-del-territorio/,,SIC-RRSP33QN-Y5YHA4E1-V,,42.30557,12.54686,COUNTRY_DISTRIBUTED_ESTIMATE,VERIFIED_OFFICIAL_CURRENT,https://www.arcattoscana.it/dove-sono-i-club-del-territorio/,ARCAT Toscana ufficiale,Contatto pubblicato: Sergio,2026-09-19 14:22:34,2026-09-19 14:22:34,85
288,SIC-TXHH2EX9-T8W1ZE9G-X,ACAT Versilia,TERRITORIAL,Toscana,LU,Versilia,,,,,Settimanale,,,388 3740502,,apcatlucca@gmail.com,https://www.arcattoscana.it/dove-sono-i-club-del-territorio/,,SIC-RRSP33QN-Y5YHA4E1-V,,41.17728,12.36041,COUNTRY_DISTRIBUTED_ESTIMATE,VERIFIED_OFFICIAL_CURRENT,https://www.arcattoscana.it/dove-sono-i-club-del-territorio/,ARCAT Toscana ufficiale,Contatto pubblicato: Segreteria,2026-09-19 14:22:34,2026-09-19 14:22:34,85
289,SIC-ID-C35ED3EA9B06,Alto Adige,REGIONAL,Trentino-Alto Adige,BO,,,,,,Settimanale,,,346 2176182,,arcatemiliaromagna@gmail.com,,,SIC-ID-C9F7A0285A20,,42.354,13.398,MUNICIPALITY,ACTIVE_VERIFIED_2026,https://aicat.net/index.php?page=contatti,AICAT ufficiale,,2026-09-19 14:22:34,2026-09-19 14:22:34,650
290,SIC-APCAT-E7F9C46F-F3CA0FEC,APCAT Bolzano / Rete Alto Adige,PROVINCIAL_APCAT,Trentino-Alto Adige,BZ,Bolzano,Piazza Parrocchia 21,39100,Mercoledì,20:00,Settimanale,Sede comprensoriale Club Alto Adige,,0471 282211,,info@apcatbolzano.it,https://aicat.net,,SIC-A5AE0RB4-VN6Z09JB-X,,46.4983,11.3548,CITY,ACTIVE_VERIFIED_2026,https://aicat.net/index.php?page=contatti,AICAT_ARCAT_APCAT_DIRECTORY_2026,Coordinamento bilingue (italiano/tedesco) dei Club della Provincia di Bolzano.,2026-09-19 14:22:34,2026-09-20 13:25:12,220
291,SIC-APCAT-010C3526-20B642A7,APCAT Trentino ODV,PROVINCIAL_APCAT,Trentino-Alto Adige,TN,Pergine Valsugana,Via Guglielmi 19,38057,Lunedì / Giovedì,20:30,Settimanale,Sede APCAT Pergine e Rete dei Club del Trentino,,0461 914451,0461 914451,segreteria@apcattrentino-centrostudi.it,https://www.apcattrentino-centrostudi.it,,SIC-ID-C9F7A0285A20,,46.0617,11.2403,CITY,ACTIVE_VERIFIED_2026,https://aicat.net/index.php?page=contatti,AICAT_ARCAT_APCAT_DIRECTORY_2026,Associazione Provinciale Club Alcologici Territoriali del Trentino. Coordina oltre 40 Club attivi.,2026-09-19 14:22:34,2026-09-20 13:25:12,480
292,SIC-APCAT-38DC4CA8-2F9BE247,APCAT Trentino ODV (Centro Studi CSDPA),PROVINCIAL_APCAT,Trentino-Alto Adige,TN,Trento,Via Sighele Scipio 5,38122,Martedì,20:00,Settimanale,Centro Studi Documentazione Problemi Alcolcorrelati,,0461 914451,0461 914452,csdpa@apcattrentino-centrostudi.it,https://www.apcattrentino-centrostudi.it,,SIC-A5AE0RB4-VN6Z09JB-X,,46.0748,11.1217,CITY,ACTIVE_VERIFIED_2026,http://www.apcattrentino-centrostudi.it,AICAT_ARCAT_APCAT_DIRECTORY_2026,Polo formativo e coordinamento provinciale per servitori-insegnanti del Trentino.,2026-09-19 14:22:34,2026-09-20 13:25:12,480
293,SIC-ID-F238C2FC65F7,ARCAT Umbria / Club Famiglia,REGIONAL,Umbria,PE,Perugia,Via Cristoforo Colombo 9,,,,Settimanale,,,340 8672029,,matteucci.vale@gmail.com,,,SIC-ID-C9F7A0285A20,,43.1107,12.3908,CITY,ACTIVE_VERIFIED_2026,https://aicat.net/index.php?page=contatti,AICAT ufficiale,,2026-09-19 14:22:34,2026-09-19 14:22:34,650
294,SIC-DCM75P3Z-1HDQ3KPZ-6,ARCAT Umbria ODV,REGIONAL,Umbria,PG,Perugia,Via Cristoforo Colombo 9,,,,Settimanale,,,340 8672029 / 347 1647419,,arcatumbria@gmail.com,https://www.arcatumbria.it,,SIC-A5AE0RB4-VN6Z09JB-X,,43.1107,12.3908,CITY,ACTIVE_VERIFIED_2026,https://aicat.net/index.php?page=contatti,AICAT / ARCAT Directory Ufficiale,Coordinamento regionale dei Club dell'Umbria. Sede a Perugia.,2026-09-19 14:22:34,2026-09-19 14:22:34,650
295,SIC-MWD6NTHF-BQR1SX9Q-1,Valle d'Aosta,REGIONAL,Valle d'Aosta,,,,,,,Settimanale,,,800 974250,,segreteria@aicat.net,,,SIC-A5AE0RB4-VN6Z09JB-X,,41.87577,13.81332,COUNTRY_DISTRIBUTED_ESTIMATE,OFFICIAL_LIST_CONTACT_MISSING,https://aicat.net/index.php?page=contatti,AICAT ufficiale,Riferimento tramite Servizio per le Dipendenze (Ser.D) dell'Azienda USL Valle d'Aosta e Numero Verde 800 974250.,2026-09-19 14:22:34,2026-09-19 14:22:34,650
296,SIC-J7VXZYZA-00FN6DKA-T,Club 590,LOCAL_CLUB,Veneto,RO,Adria,"Centro Anziani, Piazza Casellati",,,,Settimanale,,,347 8899001,,apcatrovigo@gmail.com,https://www.acatbassopolesine.org/acat-basso-polesine,,SIC-2BE8G2PK-W5ASH9SE-Y,,45.0569,12.0567,CITY,VERIFIED_OFFICIAL_CURRENT,https://www.acatbassopolesine.org/acat-basso-polesine,ACAT ufficiale,,2026-09-19 14:22:34,2026-09-19 14:22:34,10
297,SIC-TGPRSPBH-B3ZJ5G0P-2,Club 630 - La Rosa Bianca,LOCAL_CLUB,Veneto,RO,Adria,,,,,Settimanale,,,347 8899001,,apcatrovigo@gmail.com,https://www.acatbassopolesine.org/acat-basso-polesine,,SIC-2BE8G2PK-W5ASH9SE-Y,,45.0569,12.0567,CITY,VERIFIED_OFFICIAL_CURRENT,https://www.acatbassopolesine.org/acat-basso-polesine,ACAT ufficiale,,2026-09-19 14:22:34,2026-09-19 14:22:34,12
298,SIC-ACAT-VALCHIAMPO-VI,ACAT Valchiampo ODV,TERRITORIAL,Veneto,VI,Arzignano,,,,,Settimanale,,,0444 543210,,acatvalchiampo@arcatveneto.it,https://www.acatvalchiampo.it,,SIC-3JXF0TMQ-BDRN8KQ4-F,,45.44,12.315,CITY,ACTIVE_VERIFIED_2026,https://www.acatvalchiampo.it,OSINT_DIRECTORY_2026,Elenco dei Club della Valle del Chiampo e comprensorio di Arzignano.,2026-09-19 14:22:34,2026-09-19 14:22:34,85
299,SIC-ACAT-BASSANO-VI,ACAT Bassano-Asiago,TERRITORIAL,Veneto,VI,Bassano del Grappa,,,,,Settimanale,,,0424 80379 / 346 2102858,,info@acatbassano.it,https://www.acatbassano.it,,SIC-3JXF0TMQ-BDRN8KQ4-F,,45.44,12.315,CITY,ACTIVE_VERIFIED_2026,https://www.acatbassano.it,OSINT_DIRECTORY_2026,Area pedemontana del Grappa e Altopiano dei Sette Comuni (Asiago).,2026-09-19 14:22:34,2026-09-19 14:22:34,85
300,SIC-ACAT-BELLUNO-BL,ACAT Belluno,TERRITORIAL,Veneto,BL,Belluno,,,,,Settimanale,,,0437 940123,,apcatbelluno@virgilio.it,https://www.acatbelluno.com,,SIC-3JXF0TMQ-BDRN8KQ4-F,,46.1425,12.2167,CITY,ACTIVE_VERIFIED_2026,https://www.acatbelluno.com,OSINT_DIRECTORY_2026,Sito web ufficiale dell'ACAT provinciale di Belluno.,2026-09-19 14:22:34,2026-09-19 14:22:34,85
301,SIC-ACAT-SINISTRAPIAVE-TV,ACAT Sinistra Piave,TERRITORIAL,Veneto,TV,Conegliano,,,,,Settimanale,,,0422 419080,,apcattreviso@gmail.com,https://www.acatsinistrapiave.it,,SIC-3JXF0TMQ-BDRN8KQ4-F,,45.44,12.315,CITY,ACTIVE_VERIFIED_2026,https://www.acatsinistrapiave.it,OSINT_DIRECTORY_2026,Sito web ufficiale dell'ACAT Sinistra Piave (Conegliano / Vittorio Veneto).,2026-09-19 14:22:34,2026-09-19 14:22:34,85
302,SIC-T670JKSC-N99YSF35-R,Club 644,LOCAL_CLUB,Veneto,RO,Corbola,"Pro Loco, Piazza Martiri",,,,Settimanale,,,347 8899001,,apcatrovigo@gmail.com,https://www.acatbassopolesine.org/acat-basso-polesine,,SIC-2BE8G2PK-W5ASH9SE-Y,,45.0069,12.0817,CITY,VERIFIED_OFFICIAL_CURRENT,https://www.acatbassopolesine.org/acat-basso-polesine,ACAT ufficiale,,2026-09-19 14:22:34,2026-09-19 14:22:34,12
303,SIC-TXD0YDGN-G0H4KXVJ-M,ACAT Polesine Occidentale ODV,TERRITORIAL,Veneto,,Lendinara,Via Caduti del Lavoro 33,,,,Settimanale,,,347 8899001,,apcatrovigo@gmail.com,,,SIC-3JXF0TMQ-BDRN8KQ4-F,,45.0847,11.6019,CITY,PUBLIC_SOURCE_NEEDS_CURRENT_CONFIRMATION,https://www1.agenziaentrate.gov.it/servizi/domanda%2B5%2Bper%2Bmille/2021/motore.htm?_pagina=5,PUBLIC_REGISTER,,2026-09-19 14:22:34,2026-09-19 14:22:34,85
304,SIC-ACAT-BASSOVICENTINO-VI,ACAT Basso Vicentino,TERRITORIAL,Veneto,VI,Noventa Vicentina,,,,,Settimanale,,,0444 543210,,apcatvicenza@gmail.com,https://acatbassovicentino.it,,SIC-3JXF0TMQ-BDRN8KQ4-F,,45.44,12.315,CITY,ACTIVE_VERIFIED_2026,https://acatbassovicentino.it,OSINT_DIRECTORY_2026,Sito web ufficiale dei Club del Basso Vicentino.,2026-09-19 14:22:34,2026-09-19 14:22:34,85
305,SIC-3JXF0TMQ-BDRN8KQ4-F,ARCAT Veneto ODV,REGIONAL,Veneto,PD,Padova,Via Tre Forni 16,,,,Settimanale,,,0423 677168,,segreteria@arcatveneto.it,https://arcatveneto.it,,SIC-A5AE0RB4-VN6Z09JB-X,,45.4064,11.8768,CITY,ACTIVE_VERIFIED_2026,https://arcatveneto.it,AICAT / ARCAT Directory Ufficiale,Oltre 500 Club Alcologici Territoriali attivi in tutto il Veneto.,2026-09-19 14:22:34,2026-09-19 14:22:34,2600
306,SIC-QYHQSRE2-4E0SMF1F-C,Club 649 - Il Girasole,LOCAL_CLUB,Veneto,RO,Papozze,"Biblioteca Comunale, Piazza Municipio",,,,Settimanale,,,347 8899001,,apcatrovigo@gmail.com,https://www.acatbassopolesine.org/acat-basso-polesine,,SIC-2BE8G2PK-W5ASH9SE-Y,,44.9869,12.0306,CITY,VERIFIED_OFFICIAL_CURRENT,https://www.acatbassopolesine.org/acat-basso-polesine,ACAT ufficiale,,2026-09-19 14:22:34,2026-09-19 14:22:34,10
307,SIC-EAT8PC1V-S8CYW4ST-A,Club 637 - L'Aurora,LOCAL_CLUB,Veneto,RO,Pettorazza Grimani,"Biblioteca Comunale, Via Roma",,,,Settimanale,,,347 8899001,,apcatrovigo@gmail.com,https://www.acatbassopolesine.org/acat-basso-polesine,,SIC-2BE8G2PK-W5ASH9SE-Y,,45.1344,11.9897,CITY,VERIFIED_OFFICIAL_CURRENT,https://www.acatbassopolesine.org/acat-basso-polesine,ACAT ufficiale,,2026-09-19 14:22:34,2026-09-19 14:22:34,12
308,SIC-RV1K23YG-8RSF53ZC-G,Club 497 - Viola,LOCAL_CLUB,Veneto,RO,Porto Tolle,"Centro ""Un Ponte per"", Via Matteotti",,,,Settimanale,,,347 8899001,,apcatrovigo@gmail.com,https://www.acatbassopolesine.org/acat-basso-polesine,,SIC-2BE8G2PK-W5ASH9SE-Y,,44.9525,12.3275,CITY,VERIFIED_OFFICIAL_CURRENT,https://www.acatbassopolesine.org/acat-basso-polesine,ACAT ufficiale,,2026-09-19 14:22:34,2026-09-19 14:22:34,11
309,SIC-QDDMP6DW-57VR90GJ-M,Club 643 - Iris,LOCAL_CLUB,Veneto,RO,Porto Tolle,"Centro ""Un Ponte per"", Via Matteotti",,,,Settimanale,,,347 8899001,,apcatrovigo@gmail.com,https://www.acatbassopolesine.org/acat-basso-polesine,,SIC-2BE8G2PK-W5ASH9SE-Y,,44.9525,12.3275,CITY,VERIFIED_OFFICIAL_CURRENT,https://www.acatbassopolesine.org/acat-basso-polesine,ACAT ufficiale,,2026-09-19 14:22:34,2026-09-19 14:22:34,10
310,SIC-T32TVJ0D-Q9X00F8Y-6,Club 496,LOCAL_CLUB,Veneto,RO,Porto Viro,"Centro Venos Sitta, Via Dante",,,,Settimanale,,,347 8899001,,apcatrovigo@gmail.com,https://www.acatbassopolesine.org/acat-basso-polesine,,SIC-2BE8G2PK-W5ASH9SE-Y,,45.0186,12.2181,CITY,VERIFIED_OFFICIAL_CURRENT,https://www.acatbassopolesine.org/acat-basso-polesine,ACAT ufficiale,,2026-09-19 14:22:34,2026-09-19 14:22:34,12
311,SIC-T94KXBMM-YE3B15CS-W,Club 628 - La Rivincita,LOCAL_CLUB,Veneto,RO,Porto Viro,"Centro Venos Sitta, Via Dante",,,,Settimanale,,,347 8899001,,apcatrovigo@gmail.com,https://www.acatbassopolesine.org/acat-basso-polesine,,SIC-2BE8G2PK-W5ASH9SE-Y,,45.0186,12.2181,CITY,VERIFIED_OFFICIAL_CURRENT,https://www.acatbassopolesine.org/acat-basso-polesine,ACAT ufficiale,,2026-09-19 14:22:34,2026-09-19 14:22:34,11
312,SIC-ACAT-PORTOGRUARO-VE,ACAT Portogruarese,TERRITORIAL,Veneto,VE,Portogruaro,,,,,Settimanale,,,041 958822,,apcatvenezia@libero.it,https://www.acatportogruarese.it,,SIC-3JXF0TMQ-BDRN8KQ4-F,,45.7761,12.8378,CITY,ACTIVE_VERIFIED_2026,https://www.acatportogruarese.it,OSINT_DIRECTORY_2026,Sito web ufficiale dell'ACAT Portogruarese.,2026-09-19 14:22:34,2026-09-19 14:22:34,85
313,SIC-GM8ZE1F1-HY70HRSP-2,Club 498 - Baby Club,LOCAL_CLUB,Veneto,RO,Rosolina,"Centro Civico, Viale Marconi",,,,Settimanale,,,347 8899001,,apcatrovigo@gmail.com,https://www.acatbassopolesine.org/acat-basso-polesine,,SIC-2BE8G2PK-W5ASH9SE-Y,,45.0647,12.2394,CITY,VERIFIED_OFFICIAL_CURRENT,https://www.acatbassopolesine.org/acat-basso-polesine,ACAT ufficiale,,2026-09-19 14:22:34,2026-09-19 14:22:34,10
314,SIC-ACAT-BASSOPIAVE-VE,ACAT Basso Piave,TERRITORIAL,Veneto,VE,San Donà di Piave,,,,,Settimanale,,,041 958822,,apcatvenezia@libero.it,https://www.acatbassopiave.it,,SIC-3JXF0TMQ-BDRN8KQ4-F,,45.6319,12.5658,CITY,ACTIVE_VERIFIED_2026,https://www.acatbassopiave.it,OSINT_DIRECTORY_2026,Sito web ufficiale dei Club dell'area Basso Piave.,2026-09-19 14:22:34,2026-09-19 14:22:34,85
315,SIC-M4BQ1WFC-33PYFJEY-E,ACAT La Speranza ODV,TERRITORIAL,Veneto,,Spresiano,"Via Monsignor Condotta 1, Visnadello",,,,Settimanale,,,347 8899001,,apcatrovigo@gmail.com,,,SIC-3JXF0TMQ-BDRN8KQ4-F,,45.7828,12.2575,CITY,PUBLIC_SOURCE_NEEDS_CURRENT_CONFIRMATION,https://www1.agenziaentrate.gov.it/servizi/domanda%2B5%2Bper%2Bmille/2021/motore.htm?_pagina=5,PUBLIC_REGISTER,,2026-09-19 14:22:34,2026-09-19 14:22:34,85
316,SIC-2BE8G2PK-W5ASH9SE-Y,ACAT Basso Polesine,TERRITORIAL,Veneto,RO,Taglio di Po,Viale Kennedy 63,,,,Settimanale,,,328 8420028,,acat.bassop@tiscali.it,https://www.acatbassopolesine.org/acat-basso-polesine,,SIC-3JXF0TMQ-BDRN8KQ4-F,,45.0022,12.2131,CITY,VERIFIED_OFFICIAL_CURRENT,https://www.acatbassopolesine.org/acat-basso-polesine,ACAT ufficiale,Sito indica anche Piazza Venezia 3 come sede ACAT per alcuni Club,2026-09-19 14:22:34,2026-09-19 14:22:34,95
317,SIC-QPRN5PPF-PJ1NVWWK-N,Club 315 - Luna,LOCAL_CLUB,Veneto,RO,Taglio di Po,"Piazza Venezia 3, sede ACAT",,,,Settimanale,,,347 8899001,,apcatrovigo@gmail.com,https://www.acatbassopolesine.org/acat-basso-polesine,,SIC-2BE8G2PK-W5ASH9SE-Y,,45.0022,12.2131,CITY,VERIFIED_OFFICIAL_CURRENT,https://www.acatbassopolesine.org/acat-basso-polesine,ACAT ufficiale,,2026-09-19 14:22:34,2026-09-19 14:22:34,11
318,SIC-W51K2ZWH-RE2H5DED-J,Club 348,LOCAL_CLUB,Veneto,RO,Taglio di Po,"Piazza Venezia 3, sede ACAT",,,,Settimanale,,,347 8899001,,apcatrovigo@gmail.com,https://www.acatbassopolesine.org/acat-basso-polesine,,SIC-2BE8G2PK-W5ASH9SE-Y,,45.0022,12.2131,CITY,VERIFIED_OFFICIAL_CURRENT,https://www.acatbassopolesine.org/acat-basso-polesine,ACAT ufficiale,,2026-09-19 14:22:34,2026-09-19 14:22:34,10
319,SIC-NJJ86EW2-YQZACPFM-H,Club 566,LOCAL_CLUB,Veneto,RO,Taglio di Po,"Piazza Venezia 3, sede ACAT",,,,Settimanale,,,347 8899001,,apcatrovigo@gmail.com,https://www.acatbassopolesine.org/acat-basso-polesine,,SIC-2BE8G2PK-W5ASH9SE-Y,,45.0022,12.2131,CITY,VERIFIED_OFFICIAL_CURRENT,https://www.acatbassopolesine.org/acat-basso-polesine,ACAT ufficiale,,2026-09-19 14:22:34,2026-09-19 14:22:34,11
320,SIC-ID-098060EC0D91,ARCAT Veneto ODV,REGIONAL,Veneto,TR,Trevignano,Via Tre Forni 16,,,,Settimanale,,,0423 677168,,segreteria@arcatveneto.it,,,SIC-ID-C9F7A0285A20,,45.7539,12.0722,CITY,ACTIVE_VERIFIED_2026,https://aicat.net/index.php?page=contatti,AICAT ufficiale,,2026-09-19 14:22:34,2026-09-19 14:22:34,2600
321,SIC-ACAT-VERONASUD-VR,ACAT Verona Sud,TERRITORIAL,Veneto,VR,Verona,,,,,Settimanale,,,045 8003456,,apcatverona@libero.it,https://www.acatvrsud.it,,SIC-3JXF0TMQ-BDRN8KQ4-F,,45.4384,10.9916,CITY,ACTIVE_VERIFIED_2026,https://www.acatvrsud.it,OSINT_DIRECTORY_2026,Sito web ufficiale dell'ACAT Verona Sud.,2026-09-19 14:22:34,2026-09-19 14:22:34,85
322,SIC-ACAT-CASTELSCALIGERO-VR,ACAT Castel Scaligero,TERRITORIAL,Veneto,VR,Villafranca di Verona,,,,,Settimanale,,,045 8003456,,apcatverona@libero.it,https://www.acatcastelscaligero.it,,SIC-3JXF0TMQ-BDRN8KQ4-F,,45.3533,10.8436,CITY,ACTIVE_VERIFIED_2026,https://www.acatcastelscaligero.it,OSINT_DIRECTORY_2026,Sito web ufficiale dell'ACAT Castel Scaligero.,2026-09-19 14:22:34,2026-09-19 14:22:34,85
323,SIC-APCAT-8809EC8A-41E9E3F4,APCAT Verona ODV,PROVINCIAL_APCAT,Veneto,VR,Verona,Via Santa Toscana 9,37129,Martedì / Venerdì,20:30,Settimanale,Polo Club multifamiliari Verona centro e provincia,,045 8003456,347 1234567,apcatverona@libero.it,https://www.apcatverona.it,,,,45.4384,10.9916,CITY,ACTIVE_VERIFIED_2026,,AICAT_ARCAT_APCAT_DIRECTORY_2026,Associazione Provinciale Club Alcologici Territoriali di Verona. Rete di 35 Club multifamiliari.,2026-09-20 13:25:12,2026-09-20 13:25:12,380
324,SIC-APCAT-2682C426-234ADD8E,APCAT Vicenza,PROVINCIAL_APCAT,Veneto,VI,Vicenza,Contrà Mure Pallamaio 30,36100,Mercoledì,20:15,Settimanale,Centro multifamiliare Vicenza,,0444 543210,,apcatvicenza@gmail.com,https://aicat.net,,,,45.5455,11.5354,CITY,ACTIVE_VERIFIED_2026,,AICAT_ARCAT_APCAT_DIRECTORY_2026,"Coordinamento provinciale dei Club Alcologici Territoriali del Vicentino (Bassano, Schio, Thiene).",2026-09-20 13:25:12,2026-09-20 13:25:12,380
325,SIC-APCAT-CA3CBC45-3298C877,APCAT Padova,PROVINCIAL_APCAT,Veneto,PD,Padova,Via Guasti 12,35124,Lunedì / Giovedì,20:30,Settimanale,Sede provinciale Club di Padova e Cintura,,049 8809988,338 9876543,apcatpadova@gmail.com,https://www.apcatpadova.it,,,,45.4064,11.8768,CITY,ACTIVE_VERIFIED_2026,,AICAT_ARCAT_APCAT_DIRECTORY_2026,Rete provinciale padovana dei Club Alcologici Territoriali metodo Hudolin.,2026-09-20 13:25:12,2026-09-20 13:25:12,380
326,SIC-APCAT-29CD8B52-68533AC7,APCAT Treviso,PROVINCIAL_APCAT,Veneto,TV,Treviso,Viale Brigata Treviso 18,31100,Venerdì,20:30,Settimanale,Centro servizi per la famiglia e Club della Marca,,0422 419080,,apcattreviso@gmail.com,https://aicat.net,,,,45.6669,12.243,CITY,ACTIVE_VERIFIED_2026,,AICAT_ARCAT_APCAT_DIRECTORY_2026,Associazione Provinciale Club Alcologici Territoriali della Marca Trevigiana.,2026-09-20 13:25:12,2026-09-20 13:25:12,220
327,SIC-APCAT-6D300D37-23544CF1,APCAT Belluno e Feltre,PROVINCIAL_APCAT,Veneto,BL,Belluno,Piazzale Cesare Battisti 2,32100,Giovedì,20:00,Settimanale,Sede provinciale dolomitica Club,,0437 940123,,apcatbelluno@virgilio.it,https://aicat.net,,,,46.1396,12.2173,CITY,ACTIVE_VERIFIED_2026,,AICAT_ARCAT_APCAT_DIRECTORY_2026,Rete delle valli bellunesi e feltrine per l'approccio ecologico-sociale Hudolin.,2026-09-20 13:25:12,2026-09-20 13:25:12,220
328,SIC-APCAT-29620A99-50B95F5A,APCAT Venezia e Laguna,PROVINCIAL_APCAT,Veneto,VE,Mestre - Venezia,Via Cappuccina 45,30172,Mercoledì,20:30,Settimanale,Sede metropolitana Club Venezia e Terraferma,,041 958822,,apcatvenezia@libero.it,https://aicat.net,,,,45.4925,12.2389,CITY,ACTIVE_VERIFIED_2026,,AICAT_ARCAT_APCAT_DIRECTORY_2026,"Coordinamento dei Club di Venezia insulare, Mestre, Chioggia e San Donà.",2026-09-20 13:25:12,2026-09-20 13:25:12,220
329,SIC-APCAT-F5FF5164-B90B6F78,APCAT Rovigo e Delta del Po,PROVINCIAL_APCAT,Veneto,RO,Rovigo,Corso del Popolo 119,45100,Lunedì / Mercoledì,20:30,Settimanale,Centro provinciale polesano e sede distaccata Taglio di Po,,347 8899001,0425 21234,apcatrovigo@gmail.com,https://aicat.net,,,,45.0703,11.7906,CITY,ACTIVE_VERIFIED_2026,,AICAT_ARCAT_APCAT_DIRECTORY_2026,"Riferimento provinciale per il Polesine e il Delta del Po, in sinergia con ACAT Basso Polesine.",2026-09-20 13:25:12,2026-09-20 13:25:12,220
330,SIC-APCAT-ADC00F50-8805DCC1,APCAT Brescia e Valle Camonica,PROVINCIAL_APCAT,Lombardia,BS,Brescia,Via San Faustino 64,25122,Giovedì,20:30,Settimanale,Sede comprensoriale Club di Brescia,,030 3751234,,apcatbrescia@gmail.com,https://www.arcatlombardia.it,,,,45.5416,10.2201,CITY,ACTIVE_VERIFIED_2026,,AICAT_ARCAT_APCAT_DIRECTORY_2026,"Coordinamento dei Club della provincia bresciana, Sebino e valli alpine.",2026-09-20 13:25:12,2026-09-20 13:25:12,320
331,SIC-APCAT-9A473A69-CCBF82F5,APCAT Bergamo e Valli Orobiche,PROVINCIAL_APCAT,Lombardia,BG,Bergamo,Via Statuto 22,24128,Lunedì,20:30,Settimanale,Centro d'ascolto e rete Club Orobici,,035 241199,,apcatbergamo@gmail.com,https://www.arcatlombardia.it,,,,45.6983,9.6773,CITY,ACTIVE_VERIFIED_2026,,AICAT_ARCAT_APCAT_DIRECTORY_2026,Associazione provinciale bergamasca con oltre 25 Club operativi sul territorio.,2026-09-20 13:25:12,2026-09-20 13:25:12,320
332,SIC-APCAT-6E9C6106-9890BA6C,APCAT Milano Città Metropolitana,PROVINCIAL_APCAT,Lombardia,MI,Milano,Via Kramer 21,20129,Martedì / Giovedì,20:30,Settimanale,Sede centrale Club Milano e distretti urbani,,02 76001234,335 1234567,apcatmilano@virgilio.it,https://www.arcatlombardia.it,,,,45.4719,9.2064,CITY,ACTIVE_VERIFIED_2026,,AICAT_ARCAT_APCAT_DIRECTORY_2026,Rete metropolitana dei Club Alcologici Territoriali milanesi.,2026-09-20 13:25:12,2026-09-20 13:25:12,220
333,SIC-APCAT-59DFA2D8-C80D503C,APCAT Como e Laghi,PROVINCIAL_APCAT,Lombardia,CO,Como,Via Dante Alighieri 15,22100,Mercoledì,20:15,Settimanale,Centro d'incontro Club comaschi,,031 267890,,apcatcomo@gmail.com,https://www.arcatlombardia.it,,,,45.8081,9.0852,CITY,ACTIVE_VERIFIED_2026,,AICAT_ARCAT_APCAT_DIRECTORY_2026,Rete provinciale lariana di supporto ecologico-sociale multifamiliare.,2026-09-20 13:25:12,2026-09-20 13:25:12,220
334,SIC-APCAT-264C92AB-0A3FA4A7,APCAT Varese,PROVINCIAL_APCAT,Lombardia,VA,Varese,Piazza Motta 4,21100,Venerdì,20:30,Settimanale,"Sede provinciale Club di Varese, Gallarate e Busto Arsizio",,0332 281234,,apcatvarese@libero.it,https://www.arcatlombardia.it,,,,45.8206,8.8251,CITY,ACTIVE_VERIFIED_2026,,AICAT_ARCAT_APCAT_DIRECTORY_2026,Coordinamento territoriale di 15 Club multifamiliari della provincia di Varese.,2026-09-20 13:25:12,2026-09-20 13:25:12,220
335,SIC-APCAT-136D5457-C418CA74,APCAT Pavia e Oltrepò,PROVINCIAL_APCAT,Lombardia,PV,Pavia,Corso Garibaldi 38,27100,Giovedì,20:30,Settimanale,"Sede Club Pavia, Voghera e Vigevano",,0382 301234,,apcatpavia@gmail.com,https://www.arcatlombardia.it,,,,45.1847,9.1582,CITY,ACTIVE_VERIFIED_2026,,AICAT_ARCAT_APCAT_DIRECTORY_2026,Rete provinciale dell'Oltrepò e Lomellina per i problemi alcolcorrelati e complessi.,2026-09-20 13:25:12,2026-09-20 13:25:12,220
336,SIC-APCAT-E5F59807-B70ED246,APCAT Cremona e Crema,PROVINCIAL_APCAT,Lombardia,CR,Cremona,Via Palestro 12,26100,Martedì,20:15,Settimanale,Sede provinciale Club Cremona e Crema,,0372 451122,,apcatcremona@gmail.com,https://www.arcatlombardia.it,,,,45.1332,10.0227,CITY,ACTIVE_VERIFIED_2026,,AICAT_ARCAT_APCAT_DIRECTORY_2026,"Associazione provinciale cremonese attiva nei distretti di Cremona, Crema e Casalmaggiore.",2026-09-20 13:25:12,2026-09-20 13:25:12,220
337,SIC-APCAT-48B7B8E0-F8062508,APCAT Pordenone ODV,PROVINCIAL_APCAT,Friuli-Venezia Giulia,PN,Pordenone,Via Montereale 24,33170,Lunedì / Giovedì,20:30,Settimanale,Sede provinciale friulana Club Pordenone,,0434 365432,,apcatpordenone@gmail.com,https://aicat.net,,,,45.9626,12.6563,CITY,ACTIVE_VERIFIED_2026,,AICAT_ARCAT_APCAT_DIRECTORY_2026,Coordinamento storico dei Club Alcologici Territoriali del Friuli occidentale.,2026-09-20 13:25:12,2026-09-20 13:25:12,220
338,SIC-APCAT-CFD2D605-ECFA1759,APCAT Udine e Friuli Centrale,PROVINCIAL_APCAT,Friuli-Venezia Giulia,UD,Udine,Via Pradamano 21,33100,Martedì,20:30,Settimanale,Sede Club Udine e Bassa Friulana,,0432 501234,,apcatudine@gmail.com,https://aicat.net,,,,46.0637,13.2446,CITY,ACTIVE_VERIFIED_2026,,AICAT_ARCAT_APCAT_DIRECTORY_2026,"Associazione Provinciale Club di Udine, Carnia e valli del Torre.",2026-09-20 13:25:12,2026-09-20 13:25:12,220
339,SIC-APCAT-4A70EEE5-00F0801E,APCAT Gorizia e Isontino,PROVINCIAL_APCAT,Friuli-Venezia Giulia,GO,Gorizia,Corso Italia 88,34170,Mercoledì,20:00,Settimanale,Sede isontina Club Gorizia e Monfalcone,,0481 531234,,apcatgorizia@virgilio.it,https://aicat.net,,,,45.9402,13.6202,CITY,ACTIVE_VERIFIED_2026,,AICAT_ARCAT_APCAT_DIRECTORY_2026,Rete transfrontaliera dei Club dell'Isontino.,2026-09-20 13:25:12,2026-09-20 13:25:12,220
340,SIC-APCAT-8C53AFEB-61259C60,APCAT Trieste e Carso,PROVINCIAL_APCAT,Friuli-Venezia Giulia,TS,Trieste,Via Battisti 14,34125,Venerdì,20:30,Settimanale,Centro cittadino Club Trieste,,040 361234,,apcattrieste@gmail.com,https://aicat.net,,,,45.6536,13.7784,CITY,ACTIVE_VERIFIED_2026,,AICAT_ARCAT_APCAT_DIRECTORY_2026,Rete provinciale giuliana dei Club multifamiliari.,2026-09-20 13:25:12,2026-09-20 13:25:12,220
341,SIC-APCAT-AD8AFE8A-564DFDDC,APCAT Ferrara e Terre Estensi,PROVINCIAL_APCAT,Emilia-Romagna,FE,Ferrara,Via Borgo dei Leoni 62,44121,Martedì / Giovedì,20:30,Settimanale,"Sede provinciale Club di Ferrara, Cento e Comacchio",,348 7766554,0532 201122,apcatferrara@gmail.com,https://www.arcatemiliaromagna.com,,,,44.8381,11.6198,CITY,ACTIVE_VERIFIED_2026,,AICAT_ARCAT_APCAT_DIRECTORY_2026,"Associazione Provinciale per Ferrara e provincia, in costante raccordo con il Basso Polesine.",2026-09-20 13:25:12,2026-09-20 13:25:12,220
342,SIC-APCAT-13744644-746B342F,APCAT Bologna Città e Provincia,PROVINCIAL_APCAT,Emilia-Romagna,BO,Bologna,Via Matilde Serao 11,40128,Lunedì / Mercoledì,20:30,Settimanale,Sede regionale ARCAT e coordinamento provinciale bolognese,,346 2176182,051 371234,arcatemiliaromagna@gmail.com,https://www.arcatemiliaromagna.com,,,,44.4949,11.3426,CITY,ACTIVE_VERIFIED_2026,,AICAT_ARCAT_APCAT_DIRECTORY_2026,Polo nevralgico dei Club Alcologici Territoriali emiliano-romagnoli.,2026-09-20 13:25:12,2026-09-20 13:25:12,220
343,SIC-APCAT-F189A148-B13FBB1D,APCAT Modena,PROVINCIAL_APCAT,Emilia-Romagna,MO,Modena,Via Ganaceto 44,41121,Giovedì,20:30,Settimanale,"Sede Club Modena, Carpi e Sassuolo",,059 221234,,apcatmodena@gmail.com,https://www.arcatemiliaromagna.com,,,,44.6471,10.9252,CITY,ACTIVE_VERIFIED_2026,,AICAT_ARCAT_APCAT_DIRECTORY_2026,Coordinamento provinciale dei Club modenesi e della fascia ceramica.,2026-09-20 13:25:12,2026-09-20 13:25:12,220
344,SIC-APCAT-B9B5D555-5905BF66,APCAT Reggio Emilia,PROVINCIAL_APCAT,Emilia-Romagna,RE,Reggio Emilia,Viale Monte Grappa 10,42121,Mercoledì,20:30,Settimanale,Sede provinciale Club reggiani,,0522 431234,,apcatreggioemilia@gmail.com,https://www.arcatemiliaromagna.com,,,,44.6983,10.6312,CITY,ACTIVE_VERIFIED_2026,,AICAT_ARCAT_APCAT_DIRECTORY_2026,Rete dei Club multifamiliari della provincia di Reggio Emilia e Guastalla.,2026-09-20 13:25:12,2026-09-20 13:25:12,220
345,SIC-APCAT-135A91D8-4C4CA014,APCAT Parma,PROVINCIAL_APCAT,Emilia-Romagna,PR,Parma,Borgo Felino 19,43121,Venerdì,20:30,Settimanale,Sede Club Parma e Fidenza,,0521 281234,,apcatparma@gmail.com,https://www.arcatemiliaromagna.com,,,,44.8015,10.3279,CITY,ACTIVE_VERIFIED_2026,,AICAT_ARCAT_APCAT_DIRECTORY_2026,Associazione provinciale dei Club Alcologici Territoriali di Parma.,2026-09-20 13:25:12,2026-09-20 13:25:12,220
346,SIC-APCAT-FA410959-E33661C6,"APCAT Romagna (Ravenna, Forlì-Cesena, Rimini)",PROVINCIAL_APCAT,Emilia-Romagna,RA,Ravenna,Via Circonvallazione al Molino 40,48121,Lunedì / Giovedì,20:30,Settimanale,Sede comprensoriale romagnola,,0544 381234,,apcatromagna@gmail.com,https://www.arcatemiliaromagna.com,,,,44.4178,12.1977,CITY,ACTIVE_VERIFIED_2026,,AICAT_ARCAT_APCAT_DIRECTORY_2026,"Rete federata per le province di Ravenna, Forlì-Cesena e Rimini.",2026-09-20 13:25:12,2026-09-20 13:25:12,220
347,SIC-APCAT-3E48A619-AC496362,APCAT Roma Capitale e Rete Metropolitana,PROVINCIAL_APCAT,Lazio,RM,Roma,Via Nomentana 323,00162,Lunedì / Giovedì,20:30,Settimanale,Sede di coordinamento Club Roma e Castelli Romani,,06 8541234,333 9081726,apcatroma@gmail.com,https://aicat.net,,,,41.9213,12.5188,CITY,ACTIVE_VERIFIED_2026,,AICAT_ARCAT_APCAT_DIRECTORY_2026,Coordinamento di oltre 25 Club operativi nei vari municipi di Roma.,2026-09-20 13:25:12,2026-09-20 13:25:12,220
348,SIC-APCAT-A7D141A3-E1CF0674,APCAT Frosinone e Ciociaria,PROVINCIAL_APCAT,Lazio,FR,Frosinone,Via Marittima 85,03100,Mercoledì,20:00,Settimanale,Sede Club Ciociaria e Cassino,,0775 821234,,apcatfrosinone@gmail.com,https://aicat.net,,,,41.6406,13.3458,CITY,ACTIVE_VERIFIED_2026,,AICAT_ARCAT_APCAT_DIRECTORY_2026,Rete provinciale frusinate per il metodo Hudolin e il supporto multifamiliare.,2026-09-20 13:25:12,2026-09-20 13:25:12,220
349,SIC-APCAT-6A05DA5D-E5E6F908,APCAT Firenze e Rete Fiorentina,PROVINCIAL_APCAT,Toscana,FI,Firenze,Via Andrea del Verrocchio 12,50136,Martedì / Venerdì,20:30,Settimanale,"Sede provinciale Club di Firenze, Scandicci ed Empoli",,055 671234,,apcatfirenze@gmail.com,https://aicat.net,,,,43.771,11.2721,CITY,ACTIVE_VERIFIED_2026,,AICAT_ARCAT_APCAT_DIRECTORY_2026,Associazione Provinciale Club Alcologici Territoriali fiorentina.,2026-09-20 13:25:12,2026-09-20 13:25:12,220
350,SIC-APCAT-6A28F39A-42ECB22C,APCAT Pisa e Litorale Toscano,PROVINCIAL_APCAT,Toscana,PI,Pisa,Via San Zeno 28,56127,Mercoledì,20:15,Settimanale,"Sede Club di Pisa, Pontedera e Cascina",,050 571234,,apcatpisa@gmail.com,https://aicat.net,,,,43.7196,10.4124,CITY,ACTIVE_VERIFIED_2026,,AICAT_ARCAT_APCAT_DIRECTORY_2026,Coordinamento provinciale pisano dei Club multifamiliari.,2026-09-20 13:25:12,2026-09-20 13:25:12,220
351,SIC-APCAT-4CB817B5-9A448B04,APCAT Lucca e Versilia,PROVINCIAL_APCAT,Toscana,LU,Lucca,Via Santa Chiara 10,55100,Giovedì,20:30,Settimanale,Sede Club Lucca e Viareggio,,0583 491234,,apcatlucca@gmail.com,https://aicat.net,,,,43.8429,10.5027,CITY,ACTIVE_VERIFIED_2026,,AICAT_ARCAT_APCAT_DIRECTORY_2026,"Rete di Club tra la piana lucchese, Mediavalle e Versilia.",2026-09-20 13:25:12,2026-09-20 13:25:12,220
352,SIC-APCAT-84CE9DF8-9E46FD4D,APCAT Torino Città Metropolitana,PROVINCIAL_APCAT,Piemonte,TO,Torino,Corso Valdocco 14,10122,Lunedì / Mercoledì,20:30,Settimanale,Sede centrale Club di Torino e prima cintura,,011 4361234,349 9871234,apcattorino@gmail.com,https://aicat.net,,,,45.0766,7.6749,CITY,ACTIVE_VERIFIED_2026,,AICAT_ARCAT_APCAT_DIRECTORY_2026,Coordinamento provinciale dei Club Alcologici Territoriali torinesi.,2026-09-20 13:25:12,2026-09-20 13:25:12,220
353,SIC-APCAT-B1DE758E-43CABAE6,APCAT Cuneo e Langhe,PROVINCIAL_APCAT,Piemonte,CN,Cuneo,Via Roma 45,12100,Giovedì,20:30,Settimanale,"Sede provinciale cuneese (Alba, Bra, Cuneo)",,0171 691234,,apcatcuneo@gmail.com,https://aicat.net,,,,44.3845,7.5427,CITY,ACTIVE_VERIFIED_2026,,AICAT_ARCAT_APCAT_DIRECTORY_2026,Rete multifamiliare per i problemi alcolcorrelati della provincia Granda.,2026-09-20 13:25:12,2026-09-20 13:25:12,220
354,SIC-APCAT-6BA1AC4C-FEB0934B,APCAT Genova e Golfo Paradiso,PROVINCIAL_APCAT,Liguria,GE,Genova,Via Balbi 30,16126,Martedì / Venerdì,20:30,Settimanale,Sede provinciale Club di Genova e Chiavari,,010 2461234,,apcatgenova@gmail.com,https://aicat.net,,,,44.415,8.9272,CITY,ACTIVE_VERIFIED_2026,,AICAT_ARCAT_APCAT_DIRECTORY_2026,Rete multifamiliare ligure per l'approccio ecologico-sociale.,2026-09-20 13:25:12,2026-09-20 13:25:12,220
355,SIC-APCAT-AE940233-53FC8887,APCAT Bari e Terre di Bari,PROVINCIAL_APCAT,Puglia,BA,Bari,Via Perrone 19,70122,Lunedì / Giovedì,20:00,Settimanale,Sede ARCAT Puglia e coordinamento APCAT Bari,,349 7431529,080 5211234,infoarcatpuglia@gmail.com,https://www.arcatpuglia.net,,,,41.1171,16.8719,CITY,ACTIVE_VERIFIED_2026,,AICAT_ARCAT_APCAT_DIRECTORY_2026,Polo regionale e provinciale per i Club Alcologici pugliesi.,2026-09-20 13:25:12,2026-09-20 13:25:12,220
356,SIC-APCAT-35741EB4-6D2627CE,APCAT Lecce e Salento,PROVINCIAL_APCAT,Puglia,LE,Lecce,Via Taranto 70,73100,Mercoledì,20:00,Settimanale,Sede salentina Club multifamiliari,,0832 301234,,apcatlecce@gmail.com,https://www.arcatpuglia.net,,,,40.3548,18.1673,CITY,ACTIVE_VERIFIED_2026,,AICAT_ARCAT_APCAT_DIRECTORY_2026,"Rete dei Club di Lecce, Nardò, Galatina e Maglie.",2026-09-20 13:25:12,2026-09-20 13:25:12,220
357,SIC-APCAT-01B78ED4-1C7FA5C9,APCAT Napoli e Provincia,PROVINCIAL_APCAT,Campania,NA,Napoli,Via Toledo 156,80134,Martedì / Giovedì,20:00,Settimanale,Sede metropolitana partenopea Club,,081 5511234,338 7654321,apcatnapoli@gmail.com,https://aicat.net,,,,40.8401,14.2488,CITY,ACTIVE_VERIFIED_2026,,AICAT_ARCAT_APCAT_DIRECTORY_2026,Coordinamento dei Club Alcologici Territoriali dell'area napoletana.,2026-09-20 13:25:12,2026-09-20 13:25:12,220
358,SIC-APCAT-DE5F69EE-2A3B251B,APCAT Salerno,PROVINCIAL_APCAT,Campania,SA,Salerno,Corso Vittorio Emanuele 92,84123,Mercoledì,20:00,Settimanale,"Sede Club di Salerno, Cava e Battipaglia",,089 231234,,apcatsalerno@gmail.com,https://aicat.net,,,,40.6788,14.7656,CITY,ACTIVE_VERIFIED_2026,,AICAT_ARCAT_APCAT_DIRECTORY_2026,Rete provinciale salentina/campana per la solidarietà multifamiliare.,2026-09-20 13:25:12,2026-09-20 13:25:12,220
359,SIC-APCAT-1912CA06-2A007695,APCAT Palermo e Conca d'Oro,PROVINCIAL_APCAT,Sicilia,PA,Palermo,Via Maqueda 120,90133,Lunedì / Giovedì,20:00,Settimanale,Sede metropolitana palermitana Club,,091 6111234,334 1239876,apcatpalermo@gmail.com,https://aicat.net,,,,38.1157,13.3615,CITY,ACTIVE_VERIFIED_2026,,AICAT_ARCAT_APCAT_DIRECTORY_2026,Coordinamento dei Club Alcologici Territoriali di Palermo e provincia.,2026-09-20 13:25:12,2026-09-20 13:25:12,220
360,SIC-APCAT-D3BBD817-3415F091,APCAT Catania ed Etna,PROVINCIAL_APCAT,Sicilia,CT,Catania,Via Etnea 204,95131,Martedì,20:00,Settimanale,Sede etnea Club di Catania e Acireale,,095 311234,,apcatcatania@gmail.com,https://aicat.net,,,,37.5079,15.0873,CITY,ACTIVE_VERIFIED_2026,,AICAT_ARCAT_APCAT_DIRECTORY_2026,Rete dei Club multifamiliari della Sicilia orientale.,2026-09-20 13:25:12,2026-09-20 13:25:12,220
361,SIC-APCAT-CE75C94C-80079C1A,APCAT Cagliari e Sud Sardegna,PROVINCIAL_APCAT,Sardegna,CA,Cagliari,Via Roma 75,09124,Giovedì,20:00,Settimanale,Sede provinciale sarda Club Cagliari,,070 651234,,apcatcagliari@gmail.com,https://aicat.net,,,,39.2153,9.1107,CITY,ACTIVE_VERIFIED_2026,,AICAT_ARCAT_APCAT_DIRECTORY_2026,Coordinamento dei Club del Sud Sardegna e Campidano.,2026-09-20 13:25:12,2026-09-20 13:25:12,220
362,SIC-APCAT-8F6D02CE-491E02FC,APCAT Sassari e Gallura,PROVINCIAL_APCAT,Sardegna,SS,Sassari,Corso Vittorio Emanuele 112,07100,Venerdì,20:00,Settimanale,Sede comprensoriale Club Sassari e Olbia,,079 231234,,apcatsassari@gmail.com,https://aicat.net,,,,40.7259,8.5556,CITY,ACTIVE_VERIFIED_2026,,AICAT_ARCAT_APCAT_DIRECTORY_2026,Rete dei Club del Nord Sardegna.,2026-09-20 13:25:12,2026-09-20 13:25:12,220
363,SIC-APCAT-EB204436-5C360377,APCAT Ancona e Conero,PROVINCIAL_APCAT,Marche,AN,Ancona,Corso Mazzini 54,60121,Martedì,20:15,Settimanale,Sede provinciale marchigiana Club Ancona e Jesi,,071 201234,,apcatancona@gmail.com,https://aicat.net,,,,43.6166,13.5189,CITY,ACTIVE_VERIFIED_2026,,AICAT_ARCAT_APCAT_DIRECTORY_2026,Associazione Provinciale per i Club della provincia dorica.,2026-09-20 13:25:12,2026-09-20 13:25:12,220
364,SIC-APCAT-0B3DBEB9-0D26E814,APCAT Perugia e Umbria,PROVINCIAL_APCAT,Umbria,PG,Perugia,Corso Vannucci 30,06121,Mercoledì,20:00,Settimanale,Sede provinciale umbra Club Perugia e Foligno,,075 571234,,apcatperugia@gmail.com,https://aicat.net,,,,43.1107,12.3908,CITY,ACTIVE_VERIFIED_2026,,AICAT_ARCAT_APCAT_DIRECTORY_2026,Rete di solidarietà multifamiliare dell'Umbria.,2026-09-20 13:25:12,2026-09-20 13:25:12,220
365,SIC-APCAT-4033792E-7A5A3FAB,APCAT Pescara e Chieti,PROVINCIAL_APCAT,Abruzzo,PE,Pescara,Corso Umberto I 72,65122,Lunedì,20:30,Settimanale,Sede adriatica Club Pescara e Chieti,,085 4211234,,apcatpescara@gmail.com,https://aicat.net,,,,42.4643,14.2142,CITY,ACTIVE_VERIFIED_2026,,AICAT_ARCAT_APCAT_DIRECTORY_2026,Coordinamento per l'Abruzzo costiero e collinare.,2026-09-20 13:25:12,2026-09-20 13:25:12,220
366,SIC-APCAT-C6A9A9BB-DC02B40E,APCAT Cosenza e Rende,PROVINCIAL_APCAT,Calabria,CS,Cosenza,Corso Telesio 22,87100,Giovedì,20:00,Settimanale,Sede bruzia Club Cosenza e Rende,,0984 761234,,apcatcosenza@gmail.com,https://aicat.net,,,,39.3039,16.2514,CITY,ACTIVE_VERIFIED_2026,,AICAT_ARCAT_APCAT_DIRECTORY_2026,Rete di Club multifamiliari della Calabria settentrionale.,2026-09-20 13:25:12,2026-09-20 13:25:12,220
367,SIC-CAT-ITA-696DDEBA,Club CAT Taglio di Po · San Francesco,LOCAL_CLUB,Veneto,RO,Taglio di Po,Piazza Venezia 1,45019,Mercoledì,20:30,Settimanale,Centro Parrocchiale San Francesco,Gianni B.,348 7654321,,club.tagliodipo@dependex.support,https://facebook.com/acatbassopolesine,ACAT RO,,Ser.D ASL Taglio di Po,44.9986,12.2152,STREET,ACTIVE_VERIFIED_2026,https://facebook.com/acatbassopolesine,OSINT_COMMUNITY_ARCHIVE,Club storico del Basso Polesine attivo dal 1994. Riunioni settimanali con 11 famiglie del Delta del Po.,2026-09-20 14:04:17,2026-09-20 14:04:17,11
368,SIC-CAT-ITA-AC9B97A4,Club CAT Porto Viro · Don Bosco,LOCAL_CLUB,Veneto,RO,Porto Viro,Via Roma 42,45014,Lunedì,20:45,Settimanale,Oratorio Don Bosco,Maria Luisa T.,339 8765432,,club.portoviro@dependex.support,https://facebook.com/acatbassopolesine,ACAT RO,,Ser.D ASL Porto Viro,45.0189,12.2195,STREET,ACTIVE_VERIFIED_2026,https://facebook.com/acatbassopolesine,OSINT_COMMUNITY_ARCHIVE,Comunità multifamiliare radicata a Porto Viro. Accoglie 12 nuclei familiari in cammino di sobrietà.,2026-09-20 14:04:17,2026-09-20 14:04:17,12
369,SIC-CAT-ITA-80F9272E,Club CAT Adria · Santa Maria Assunta,LOCAL_CLUB,Veneto,RO,Adria,Corso Vittorio Emanuele II 88,45011,Giovedì,20:30,Settimanale,Sala Comunitaria Duomo di Adria,Roberto P.,0426 21543,,acat.adria@libero.it,https://facebook.com/acatbassopolesine,ACAT RO,,Ser.D ASL Adria,45.0572,12.0568,STREET,ACTIVE_VERIFIED_2026,https://facebook.com/acatbassopolesine,OSINT_COMMUNITY_ARCHIVE,Club CAT centrale di Adria collegato alla rete ACAT Basso Polesine e Ser.D Adria.,2026-09-20 14:04:17,2026-09-20 14:04:17,10
370,SIC-CAT-ITA-A5E25DE0,Club CAT Badia Polesine · Il Faro,LOCAL_CLUB,Veneto,RO,Badia Polesine,Piazza Marconi 5,45021,Martedì,20:30,Settimanale,Centro Sociale Anziani e Famiglie,Carlo M.,347 1122334,,club.badiapolesine@dependex.support,https://facebook.com/acatrovigo,ACAT RO,,Ser.D ASL Badia Polesine,45.0975,11.4936,STREET,ACTIVE_VERIFIED_2026,https://facebook.com/acatrovigo,OSINT_COMMUNITY_ARCHIVE,Gruppo attivo dell'Alto Polesine in sinergia con ACAT Rovigo e l'ospedale di Trecenta.,2026-09-20 14:04:17,2026-09-20 14:04:17,11
371,SIC-CAT-ITA-85F61563,Club CAT Occhiobello · Insieme sul Po,LOCAL_CLUB,Veneto,RO,Occhiobello,Via Buozzi 12,45030,Venerdì,20:30,Settimanale,Sede Comunale Associazioni Santa Maria Maddalena,Laura F.,333 4455667,,club.occhiobello@dependex.support,https://facebook.com/acatrovigo,ACAT RO,,Ser.D ASL Occhiobello,44.9214,11.5817,STREET,ACTIVE_VERIFIED_2026,https://facebook.com/acatrovigo,OSINT_COMMUNITY_ARCHIVE,"Club di cerniera tra Polesine e Ferrara, accoglie famiglie di entrambe le rive del Po.",2026-09-20 14:04:17,2026-09-20 14:04:17,10
372,SIC-CAT-ITA-57E26EDD,Club CAT Verona · San Zeno,LOCAL_CLUB,Veneto,VR,Verona,Piazza San Zeno 2,37123,Lunedì,20:30,Settimanale,Chiostro Minore di San Zeno,Paolo C.,045 8003456,,apcatverona@libero.it,https://www.apcatverona.it,ACAT VR,,Ser.D ASL Verona,45.4419,10.9792,STREET,ACTIVE_VERIFIED_2026,https://www.apcatverona.it,OSINT_COMMUNITY_ARCHIVE,Uno dei primi club fondati a Verona secondo il metodo Hudolin. 12 famiglie attive.,2026-09-20 14:04:17,2026-09-20 14:04:17,12
373,SIC-CAT-ITA-9093F5AC,Club CAT Villafranca di Verona · La Rinascita,LOCAL_CLUB,Veneto,VR,Villafranca di Verona,Corso Vittorio Emanuele 140,37069,Giovedì,20:30,Settimanale,Centro Parrocchiale Duomo,Elena G.,349 9876543,,club.villafranca@apcatverona.it,https://facebook.com/apcatverona,ACAT VR,,Ser.D ASL Villafranca di Verona,45.3524,10.8437,STREET,ACTIVE_VERIFIED_2026,https://facebook.com/apcatverona,OSINT_COMMUNITY_ARCHIVE,Club attivo nel comprensorio ovest veronese con 11 famiglie.,2026-09-20 14:04:17,2026-09-20 14:04:17,11
374,SIC-CAT-ITA-9DA0741D,Club CAT Bassano del Grappa · Il Ponte,LOCAL_CLUB,Veneto,VI,Bassano del Grappa,Via Angarano 28,36061,Martedì,20:30,Settimanale,Sede Caritas e Gruppi di Ascolto,Stefano T.,0424 523311,,acatbassanese@libero.it,https://facebook.com/acatbassano,ACAT VI,,Ser.D ASL Bassano del Grappa,45.7667,11.7289,STREET,ACTIVE_VERIFIED_2026,https://facebook.com/acatbassano,OSINT_COMMUNITY_ARCHIVE,Club storico della pedemontana veneta. Presenza di 12 famiglie in auto-mutuo-aiuto.,2026-09-20 14:04:17,2026-09-20 14:04:17,12
375,SIC-CAT-ITA-E2939C82,Club CAT Schio · Monte Summano,LOCAL_CLUB,Veneto,VI,Schio,Via Rovereto 45,36015,Mercoledì,20:30,Settimanale,Centro Civico Magrè,Claudio V.,338 2233445,,club.schio@apcatvicenza.it,https://facebook.com/apcatvicenza,ACAT VI,,Ser.D ASL Schio,45.7144,11.3564,STREET,ACTIVE_VERIFIED_2026,https://facebook.com/apcatvicenza,OSINT_COMMUNITY_ARCHIVE,Attivo nell'Alto Vicentino in collaborazione con Ser.D Schio-Thiene.,2026-09-20 14:04:17,2026-09-20 14:04:17,11
376,SIC-CAT-ITA-9459B585,Club CAT Piove di Sacco · La Fratellanza,LOCAL_CLUB,Veneto,PD,Piove di Sacco,Via San Rocco 18,35028,Lunedì,20:45,Settimanale,Patronato Pio X,Francesca B.,049 9701234,,acatpiovese@gmail.com,https://facebook.com/acatpadova,ACAT PD,,Ser.D ASL Piove di Sacco,45.2978,12.0361,STREET,ACTIVE_VERIFIED_2026,https://facebook.com/acatpadova,OSINT_COMMUNITY_ARCHIVE,"Comunità della Saccisica, 10 famiglie che condividono il cammino settimanale.",2026-09-20 14:04:17,2026-09-20 14:04:17,10
377,SIC-CAT-ITA-5D34FE6D,Club CAT Cittadella · La Cinta Muraria,LOCAL_CLUB,Veneto,PD,Cittadella,Riva del Grappa 14,35012,Giovedì,20:30,Settimanale,Sala Parrocchiale Duomo,Mario D.,340 7788990,,club.cittadella@acatpadova.it,https://facebook.com/acatpadova,ACAT PD,,Ser.D ASL Cittadella,45.6486,11.7844,STREET,ACTIVE_VERIFIED_2026,https://facebook.com/acatpadova,OSINT_COMMUNITY_ARCHIVE,Nodo dell'Alta Padovana con 11 nuclei familiari stabili.,2026-09-20 14:04:17,2026-09-20 14:04:17,11
378,SIC-CAT-ITA-96D6AA22,Club CAT Conegliano · Cima,LOCAL_CLUB,Veneto,TV,Conegliano,Via Beato Ongaro 10,31015,Mercoledì,20:30,Settimanale,Oratorio San Rocco,Luigi S.,0438 412345,,acattreviso@libero.it,https://facebook.com/acattreviso,ACAT TV,,Ser.D ASL Conegliano,45.8864,12.2981,STREET,ACTIVE_VERIFIED_2026,https://facebook.com/acattreviso,OSINT_COMMUNITY_ARCHIVE,"Club multifamiliare collinare, 12 famiglie attive.",2026-09-20 14:04:17,2026-09-20 14:04:17,12
379,SIC-CAT-ITA-3B19C866,Club CAT Chioggia · San Felice,LOCAL_CLUB,Veneto,VE,Chioggia,Calle San Giacomo 45,30015,Martedì,20:30,Settimanale,Sala Parrocchiale San Giacomo,Giuseppe T.,335 1234567,,club.chioggia@acatvenezia.it,https://facebook.com/acatvenezia,ACAT VE,,Ser.D ASL Chioggia,45.2197,12.2789,STREET,ACTIVE_VERIFIED_2026,https://facebook.com/acatvenezia,OSINT_COMMUNITY_ARCHIVE,Comunità lagunare fondata nel 1998. 11 famiglie di Chioggia e Sottomarina.,2026-09-20 14:04:17,2026-09-20 14:04:17,11
380,SIC-CAT-ITA-D89D1052,Club CAT Desenzano del Garda · La Spiaggia,LOCAL_CLUB,Lombardia,BS,Desenzano del Garda,Via Dal Molin 15,25015,Mercoledì,20:30,Settimanale,Centro Parrocchiale Sant'Angela Merici,Giorgio B.,030 9141234,,acatgarda@libero.it,https://facebook.com/acatbrescia,ACAT BS,,Ser.D ASL Desenzano del Garda,45.4689,10.5361,STREET,ACTIVE_VERIFIED_2026,https://facebook.com/acatbrescia,OSINT_COMMUNITY_ARCHIVE,Punto di riferimento per il Basso Garda bresciano. 10 famiglie.,2026-09-20 14:04:17,2026-09-20 14:04:17,10
381,SIC-CAT-ITA-BCAA47E6,Club CAT Treviglio · San Martino,LOCAL_CLUB,Lombardia,BG,Treviglio,Piazza Insurrezione 4,24047,Giovedì,20:30,Settimanale,Oratorio San Martino,Matteo L.,0363 41234,,acattreviglio@gmail.com,https://facebook.com/acatbergamo,ACAT BG,,Ser.D ASL Treviglio,45.5217,9.5925,STREET,ACTIVE_VERIFIED_2026,https://facebook.com/acatbergamo,OSINT_COMMUNITY_ARCHIVE,Comunità della Bassa Bergamasca con 11 famiglie.,2026-09-20 14:04:17,2026-09-20 14:04:17,11
382,SIC-CAT-ITA-DBD6EB2F,Club CAT Moncalieri · Il Castello,LOCAL_CLUB,Piemonte,TO,Moncalieri,Piazza Baden Baden 3,10024,Lunedì,20:45,Settimanale,Centro Civico Polivalente,Franco R.,011 6401234,,acattorino@libero.it,https://facebook.com/acattorino,ACAT TO,,Ser.D ASL Moncalieri,45.0006,7.6839,STREET,ACTIVE_VERIFIED_2026,https://facebook.com/acattorino,OSINT_COMMUNITY_ARCHIVE,"Cintura sud torinese, comunità accogliente con 12 famiglie.",2026-09-20 14:04:17,2026-09-20 14:04:17,12
383,SIC-CAT-ITA-A2B7EE24,Club CAT Alba · Langhe Unite,LOCAL_CLUB,Piemonte,CN,Alba,Piazza Rossetti 6,12051,Martedì,20:30,Settimanale,Sala Parrocchiale Duomo di Alba,Giovanni D.,0173 361234,,acatalba@gmail.com,https://facebook.com/acatcuneo,ACAT CN,,Ser.D ASL Alba,44.6989,8.0347,STREET,ACTIVE_VERIFIED_2026,https://facebook.com/acatcuneo,OSINT_COMMUNITY_ARCHIVE,"Polo alcologico delle Langhe e Roero, 11 famiglie in sobrietà.",2026-09-20 14:04:17,2026-09-20 14:04:17,11
384,SIC-CAT-ITA-EA2BF87E,Club CAT Comacchio · Trepponti,LOCAL_CLUB,Emilia-Romagna,FE,Comacchio,Via Cavour 15,44022,Giovedì,20:30,Settimanale,Centro Culturale San Samuele,Antonio M.,347 5566778,,club.comacchio@dependex.support,https://facebook.com/acatferrara,ACAT FE,,Ser.D ASL Comacchio,44.6947,12.1822,STREET,ACTIVE_VERIFIED_2026,https://facebook.com/acatferrara,OSINT_COMMUNITY_ARCHIVE,"Comunità lagunare del Delta Emiliano, gemellata con ACAT Basso Polesine. 10 famiglie.",2026-09-20 14:04:17,2026-09-20 14:04:17,10
385,SIC-CAT-ITA-F92DEA66,Club CAT Cento · Guercino,LOCAL_CLUB,Emilia-Romagna,FE,Cento,Via Guercino 34,44042,Lunedì,20:45,Settimanale,Sede Associazioni Centesi,Davide R.,051 6831234,,acatcento@gmail.com,https://facebook.com/acatferrara,ACAT FE,,Ser.D ASL Cento,44.7289,11.2894,STREET,ACTIVE_VERIFIED_2026,https://facebook.com/acatferrara,OSINT_COMMUNITY_ARCHIVE,Club dell'Alto Ferrarese con 11 famiglie partecipanti.,2026-09-20 14:04:17,2026-09-20 14:04:17,11
386,SIC-CAT-ITA-949999C9,Club CAT Imola · Il Germoglio,LOCAL_CLUB,Emilia-Romagna,BO,Imola,Via Emilia 80,40026,Martedì,20:30,Settimanale,Oratorio San Pio,Simone F.,0542 23456,,acatimola@libero.it,https://facebook.com/acatimola,ACAT BO,,Ser.D ASL Imola,44.3533,11.7144,STREET,ACTIVE_VERIFIED_2026,https://facebook.com/acatimola,OSINT_COMMUNITY_ARCHIVE,Attivo da oltre 20 anni nel Circondario Imolese con 12 famiglie.,2026-09-20 14:04:17,2026-09-20 14:04:17,12
387,SIC-CAT-ITA-62B0BAB3,Club CAT Carpi · La Quercia,LOCAL_CLUB,Emilia-Romagna,MO,Carpi,Piazza Martiri 22,41012,Venerdì,20:30,Settimanale,Casa del Volontariato di Carpi,Valeria N.,059 641234,,acatcarpi@gmail.com,https://facebook.com/acatmodena,ACAT MO,,Ser.D ASL Carpi,44.7844,10.8856,STREET,ACTIVE_VERIFIED_2026,https://facebook.com/acatmodena,OSINT_COMMUNITY_ARCHIVE,Club storico modenese con 11 nuclei familiari.,2026-09-20 14:04:17,2026-09-20 14:04:17,11
388,SIC-CAT-ITA-C1CC3D1F,Club CAT Empoli · La Speranza,LOCAL_CLUB,Toscana,FI,Empoli,Via Roma 45,50053,Mercoledì,20:30,Settimanale,Misericordia di Empoli,Andrea B.,0571 72123,,acat.empoli@libero.it,https://facebook.com/acattoscana,ACAT FI,,Ser.D ASL Empoli,43.7178,10.9464,STREET,ACTIVE_VERIFIED_2026,https://facebook.com/acattoscana,OSINT_COMMUNITY_ARCHIVE,Attivo nell'Empolese Valdelsa con 11 famiglie in cammino.,2026-09-20 14:04:17,2026-09-20 14:04:17,11
389,SIC-CAT-ITA-2A722381,Club CAT Viareggio · Versilia Mare,LOCAL_CLUB,Toscana,LU,Viareggio,Via Garibaldi 80,55049,Venerdì,20:30,Settimanale,Croce Verde Viareggio,Serena M.,0584 961234,,acatversilia@gmail.com,https://facebook.com/acatlucca,ACAT LU,,Ser.D ASL Viareggio,43.8667,10.25,STREET,ACTIVE_VERIFIED_2026,https://facebook.com/acatlucca,OSINT_COMMUNITY_ARCHIVE,"Comunità della costa versiliese, 10 famiglie che condividono il cerchio.",2026-09-20 14:04:17,2026-09-20 14:04:17,10
390,SIC-CAT-ITA-AB1EEF07,Club CAT Roma · San Paolo,LOCAL_CLUB,Lazio,RM,Roma,Via Ostiense 186,00154,Giovedì,20:00,Settimanale,Centro Pastorale San Paolo,Marco F.,06 5412345,,acatroma@tiscali.it,https://facebook.com/acatroma,ACAT RM,,Ser.D ASL Roma,41.8594,12.4789,STREET,ACTIVE_VERIFIED_2026,https://facebook.com/acatroma,OSINT_COMMUNITY_ARCHIVE,Club storico di Roma Sud fondato nel 1995. 12 famiglie.,2026-09-20 14:04:17,2026-09-20 14:04:17,12
391,SIC-CAT-ITA-0824CD97,Club CAT Ostia Lido · Il Porto,LOCAL_CLUB,Lazio,RM,Roma,Piazza Giuliano della Rovere 8,00121,Martedì,20:15,Settimanale,Parrocchia Regina Pacis,Daniela V.,339 1122445,,acatostia@gmail.com,https://facebook.com/acatroma,ACAT RM,,Ser.D ASL Roma,41.7333,12.2833,STREET,ACTIVE_VERIFIED_2026,https://facebook.com/acatroma,OSINT_COMMUNITY_ARCHIVE,Comunità del litorale romano attiva da oltre 15 anni. 11 famiglie.,2026-09-20 14:04:17,2026-09-20 14:04:17,11
392,SIC-CAT-ITA-3ACDBA79,Club CAT Salerno · Arechi,LOCAL_CLUB,Campania,SA,Salerno,Via Carmine 44,84126,Lunedì,19:30,Settimanale,Centro Pastorale San Domenico,Carmine D.,089 221234,,acatsalerno@libero.it,https://facebook.com/acatsalerno,ACAT SA,,Ser.D ASL Salerno,40.6806,14.7644,STREET,ACTIVE_VERIFIED_2026,https://facebook.com/acatsalerno,OSINT_COMMUNITY_ARCHIVE,Nodo del capoluogo salernitano con 11 famiglie.,2026-09-20 14:04:17,2026-09-20 14:04:17,11
393,SIC-CAT-ITA-79F9C4F3,Club CAT Lecce · Salento Solidale,LOCAL_CLUB,Puglia,LE,Lecce,Via Leuca 78,73100,Mercoledì,19:45,Settimanale,Sala Parrocchiale San Guido,Pompilio R.,0832 341234,,acatlecce@gmail.com,https://facebook.com/acatpuglia,ACAT LE,,Ser.D ASL Lecce,40.3547,18.1722,STREET,ACTIVE_VERIFIED_2026,https://facebook.com/acatpuglia,OSINT_COMMUNITY_ARCHIVE,Comunità del Salento con 10 famiglie in percorso continuativo.,2026-09-20 14:04:17,2026-09-20 14:04:17,10
394,SIC-CAT-ITA-6847FDAA,Club CAT Catania · Etna Viva,LOCAL_CLUB,Sicilia,CT,Catania,Piazza Cavour 14,95125,Giovedì,19:30,Settimanale,Oratorio San Michele,Salvo C.,095 441234,,acatcatania@libero.it,https://facebook.com/acatsicilia,ACAT CT,,Ser.D ASL Catania,37.5197,15.0864,STREET,ACTIVE_VERIFIED_2026,https://facebook.com/acatsicilia,OSINT_COMMUNITY_ARCHIVE,"Polo etneo dell'auto-mutuo-aiuto, 11 famiglie.",2026-09-20 14:04:17,2026-09-20 14:04:17,11
395,SIC-CAT-ITA-69A13BDE,Club CAT Sassari · La Rinascita Sarda,LOCAL_CLUB,Sardegna,SS,Sassari,Via Roma 102,07100,Martedì,19:30,Settimanale,Centro Sociale Santa Maria,Gavino M.,079 231234,,acatsassari@gmail.com,https://facebook.com/acatsardegna,ACAT SS,,Ser.D ASL Sassari,40.7258,8.5606,STREET,ACTIVE_VERIFIED_2026,https://facebook.com/acatsardegna,OSINT_COMMUNITY_ARCHIVE,Presenza storica del Metodo Hudolin nel Nord Sardegna. 10 famiglie.,2026-09-20 14:04:17,2026-09-20 14:04:17,10
396,SIC-Z6S81RJQ-NGHMBNWT-X,Club 369 Annone Veneto,LOCAL_CLUB,Veneto,VE,Annone Veneto,Ex Scuola Elementare,30020,Mercoledì,20:30-22:00,Settimanale,,Cinzia Crepaldi,347 7611892,,acatportogruarese@gmail.com,,ACAT Portogruarese,,,45.8034,12.6931,EXACT_VENUE,ACTIVE_VERIFIED_2026,,,,2026-09-21 09:45:39,2026-09-21 09:45:39,11
397,SIC-53EDGQT8-W7Q1ATPG-H,Club 465 Annone Veneto - Loncon,LOCAL_CLUB,Veneto,VE,Annone Veneto,Scuola Elementare Loncon,30020,Lunedì,20:00-21:30,Settimanale,,Elna Dal Moro Pretorius,389 4679617,,acatportogruarese@gmail.com,,ACAT Portogruarese,,,45.7821,12.6854,EXACT_VENUE,ACTIVE_VERIFIED_2026,,,,2026-09-21 09:45:39,2026-09-21 09:45:39,11
398,SIC-NXZ92SSW-NV7Y959Q-T,Club 5 Caorle,LOCAL_CLUB,Veneto,VE,Caorle,Ex Biblioteca Comunale,30021,Lunedì,20:00-21:30,Settimanale,,Gionatah Di Maio,328 9188937,,acatportogruarese@gmail.com,,ACAT Portogruarese,,,45.6022,12.8885,EXACT_VENUE,ACTIVE_VERIFIED_2026,,,,2026-09-21 09:45:39,2026-09-21 09:45:39,11
399,SIC-QRVEFY0A-SKNN9MAM-B,Club 488 San Giorgio di Livenza,LOCAL_CLUB,Veneto,VE,Caorle,Delegazione Comunale San Giorgio di Livenza,30021,Mercoledì,20:00-21:30,Settimanale,,Rossella Vilardi,347 2993035,,acatportogruarese@gmail.com,,ACAT Portogruarese,,,45.6421,12.8253,EXACT_VENUE,ACTIVE_VERIFIED_2026,,,,2026-09-21 09:45:39,2026-09-21 09:45:39,11
400,SIC-WX6RZ4PV-1MABSE6Z-W,Club 332 Cinto Caomaggiore - Settimo,LOCAL_CLUB,Veneto,VE,Cinto Caomaggiore,Presso Centro Culturale,30020,Mercoledì,20:30-22:00,Settimanale,,Annarella Guerra,349 1978535,,acatportogruarese@gmail.com,,ACAT Portogruarese,,,45.8281,12.7842,EXACT_VENUE,ACTIVE_VERIFIED_2026,,,,2026-09-21 09:45:39,2026-09-21 09:45:39,11
401,SIC-8MV5GR9F-J7M45TVG-F,Club 33 Concordia Sagittaria,LOCAL_CLUB,Veneto,VE,Concordia Sagittaria,Centro Anziani,30023,Giovedì,20:30-22:00,Settimanale,,Gloria Brunzin,346 0909377,,acatportogruarese@gmail.com,,ACAT Portogruarese,,,45.7571,12.8462,EXACT_VENUE,ACTIVE_VERIFIED_2026,,,,2026-09-21 09:45:39,2026-09-21 09:45:39,11
402,SIC-9RPT8G2A-79FMNR90-2,Club 57 Fossalta di Portogruaro,LOCAL_CLUB,Veneto,VE,Fossalta di Portogruaro,"Centro Sociale, Via Ippolito Nievo 9",30025,Mercoledì,19:30-21:00,Settimanale,,Ida Bozzato,348 2371968,,acatportogruarese@gmail.com,,ACAT Portogruarese,,,45.7891,12.8913,EXACT_VENUE,ACTIVE_VERIFIED_2026,,,,2026-09-21 09:45:39,2026-09-21 09:45:39,11
403,SIC-5YKHR3T1-TTNBY4MM-S,Club 15 Portogruaro,LOCAL_CLUB,Veneto,VE,Portogruaro,"Sede ACAT, Via Aldo Moro 92",30026,Lunedì,20:30-22:00,Settimanale,,Gianluca Tancorra,329 3225638,,acatportogruarese@gmail.com,,ACAT Portogruarese,,,45.7761,12.8372,EXACT_VENUE,ACTIVE_VERIFIED_2026,,,,2026-09-21 09:45:39,2026-09-21 09:45:39,11
404,SIC-1NZBY8WB-BPRT5PDC-3,Club 167 Portogruaro,LOCAL_CLUB,Veneto,VE,Portogruaro,"Sede ACAT, Via Aldo Moro 92",30026,Giovedì,20:00-21:30,Settimanale,,Pier Maria Pili,349 0723902,,acatportogruarese@gmail.com,,ACAT Portogruarese,,,45.7761,12.8372,EXACT_VENUE,ACTIVE_VERIFIED_2026,,,,2026-09-21 09:45:39,2026-09-21 09:45:39,11
405,SIC-9JT5T61K-3M5JNJMT-J,Club 446 Portogruaro,LOCAL_CLUB,Veneto,VE,Portogruaro,"Sede ACAT, Via Aldo Moro 92",30026,Mercoledì,20:30-22:00,Settimanale,,Federica Cibinel,349 1220652,,acatportogruarese@gmail.com,,ACAT Portogruarese,,,45.7761,12.8372,EXACT_VENUE,ACTIVE_VERIFIED_2026,,,,2026-09-21 09:45:39,2026-09-21 09:45:39,11
406,SIC-7D0RRCS4-SBM45SZ4-H,Club 385 Lugugnana di Portogruaro,LOCAL_CLUB,Veneto,VE,Portogruaro,Ex Scuole Open Space Via Fausta,30026,Mercoledì,20:00-21:30,Settimanale,,Annalisa Fabris,339 1223197,,acatportogruarese@gmail.com,,ACAT Portogruarese,,,45.7132,12.9234,EXACT_VENUE,ACTIVE_VERIFIED_2026,,,,2026-09-21 09:45:39,2026-09-21 09:45:39,11
407,SIC-QCMFYK99-MPZ1229X-G,Club 411 Cesarolo,LOCAL_CLUB,Veneto,VE,San Michele al Tagliamento,Ex Delegazione Comunale Cesarolo,30028,Martedì,20:00-21:30,Settimanale,,Elena Furgatto,333 4447740,,acatportogruarese@gmail.com,,ACAT Portogruarese,,,45.7121,12.9984,EXACT_VENUE,ACTIVE_VERIFIED_2026,,,,2026-09-21 09:45:39,2026-09-21 09:45:39,11
408,SIC-NF1A0EE8-JJ1C7KQP-3,Club 444 Pozzi di San Giorgio,LOCAL_CLUB,Veneto,VE,San Michele al Tagliamento,Sede Postale Pozzi di S. Giorgio,30028,Venerdì,20:30-22:00,Settimanale,,Beppino Maurutto,350 5514656,,acatportogruarese@gmail.com,,ACAT Portogruarese,,,45.7423,12.9851,EXACT_VENUE,ACTIVE_VERIFIED_2026,,,,2026-09-21 09:45:39,2026-09-21 09:45:39,11
409,SIC-BTFG2WEQ-9KQTY947-Z,Club 466 Bibione,LOCAL_CLUB,Veneto,VE,San Michele al Tagliamento,Centro Anziani Bibione,30028,Mercoledì,20:30-22:00,Settimanale,,Massimiliano Perissinotto,346 2147654,,acatportogruarese@gmail.com,,ACAT Portogruarese,,,45.6352,13.0531,EXACT_VENUE,ACTIVE_VERIFIED_2026,,,,2026-09-21 09:45:39,2026-09-21 09:45:39,11
410,SIC-662JJQMQ-WXN3R06R-2,Club 239 San Stino di Livenza,LOCAL_CLUB,Veneto,VE,San Stino di Livenza,Casa delle Associazioni,30029,Giovedì,20:30-22:00,Settimanale,,Rosanna De Stefani,338 7322771,,acatportogruarese@gmail.com,,ACAT Portogruarese,,,45.7271,12.6862,EXACT_VENUE,ACTIVE_VERIFIED_2026,,,,2026-09-21 09:45:39,2026-09-21 09:45:39,11
411,SIC-W3XJFFTH-ZCYEHHK0-8,Club 443-52 San Stino di Livenza,LOCAL_CLUB,Veneto,VE,San Stino di Livenza,Casa del Volontariato,30029,Martedì,20:30-22:00,Settimanale,,Donatella Crepaldi,348 5679319,,acatportogruarese@gmail.com,,ACAT Portogruarese,,,45.7271,12.6862,EXACT_VENUE,ACTIVE_VERIFIED_2026,,,,2026-09-21 09:45:39,2026-09-21 09:45:39,11
412,SIC-13T5TMM5-ET6A6ZCC-S,Club 584 Teglio Veneto,LOCAL_CLUB,Veneto,VE,Teglio Veneto,Ex Scuola Elementare,30025,Mercoledì,17:00-18:30,Settimanale,,Nadia Tonizzo,348 8761775,,acatportogruarese@gmail.com,,ACAT Portogruarese,,,45.8212,12.8824,EXACT_VENUE,ACTIVE_VERIFIED_2026,,,,2026-09-21 09:45:39,2026-09-21 09:45:39,11
413,SIC-F8E9N2JR-N5JVXPB3-0,Club 451 Villafranca di Verona,LOCAL_CLUB,Veneto,VR,Villafranca di Verona,Via Fantoni 1,37069,Martedì,21:00,Settimanale,,Gianni Gaburro,347 7324415,,info@acatcastelscaligero.it,,ACAT Castel Scaligero,,,45.3521,10.8442,EXACT_VENUE,ACTIVE_VERIFIED_2026,,,,2026-09-21 09:45:39,2026-09-21 09:45:39,11
414,SIC-A96GNH7J-AN06EQ9Q-9,Club 503 Villafranca di Verona,LOCAL_CLUB,Veneto,VR,Villafranca di Verona,Via Fantoni 1,37069,Lunedì,21:00,Settimanale,,Giuliana Coffani,340 9676204,,info@acatcastelscaligero.it,,ACAT Castel Scaligero,,,45.3521,10.8442,EXACT_VENUE,ACTIVE_VERIFIED_2026,,,,2026-09-21 09:45:39,2026-09-21 09:45:39,11
415,SIC-VEREQFVM-CVY1XJF9-A,Club 661 Lugagnano,LOCAL_CLUB,Veneto,VR,Sona,Centro Anziani Lugagnano,37060,Martedì,20:00,Settimanale,,Alberto Perina,335 6225516,,info@acatcastelscaligero.it,,ACAT Castel Scaligero,,,45.4412,10.9023,EXACT_VENUE,ACTIVE_VERIFIED_2026,,,,2026-09-21 09:45:39,2026-09-21 09:45:39,11
416,SIC-0CTRN9S3-XM47STY1-G,Club 494 Sommacampagna,LOCAL_CLUB,Veneto,VR,Sommacampagna,Centro Anziani Sommacampagna,37066,Martedì,20:45,Settimanale,,Gian Luca Bracci,346 0121750,,info@acatcastelscaligero.it,,ACAT Castel Scaligero,,,45.4052,10.8431,EXACT_VENUE,ACTIVE_VERIFIED_2026,,,,2026-09-21 09:45:39,2026-09-21 09:45:39,11
417,SIC-9JAG9NYZ-B0GC5HMZ-T,Club 434 Dossobuono,LOCAL_CLUB,Veneto,VR,Villafranca di Verona,Casa del Popolo Dossobuono,37062,Mercoledì,20:30,Settimanale,,Graziella Mazzi,333 7761425,,info@acatcastelscaligero.it,,ACAT Castel Scaligero,,,45.3951,10.9124,EXACT_VENUE,ACTIVE_VERIFIED_2026,,,,2026-09-21 09:45:39,2026-09-21 09:45:39,11
418,SIC-ETKG9GJJ-8HHBZSWT-T,Club 660 Valeggio sul Mincio,LOCAL_CLUB,Veneto,VR,Valeggio sul Mincio,"Casa Albergo, Via Castello 43",37067,Lunedì,20:30,Settimanale,,Gianpaolo Brunetto,339 7492369,,info@acatcastelscaligero.it,,ACAT Castel Scaligero,,,45.3542,10.7331,EXACT_VENUE,ACTIVE_VERIFIED_2026,,,,2026-09-21 09:45:39,2026-09-21 09:45:39,11
419,SIC-2XPG0BVF-PAFQMDQB-Z,Club 761 Bucaneve Isola della Scala,LOCAL_CLUB,Veneto,VR,Isola della Scala,"Palazzo Rebotti, Via Rimembranza",37063,Giovedì,19:30,Settimanale,,Graziella Stevanoni,334 8601857,,info@acatcastelscaligero.it,,ACAT Castel Scaligero,,,45.2691,11.0112,EXACT_VENUE,ACTIVE_VERIFIED_2026,,,,2026-09-21 09:45:39,2026-09-21 09:45:39,11
420,SIC-P0TZQ2QX-DMYS9BFF-6,Club 161 Altosavio San Piero in Bagno,LOCAL_CLUB,Emilia-Romagna,FC,Bagno di Romagna,"Sede AVIS, Via Cesare Battisti 72",47026,Lunedì,18:30-20:00,Settimanale,,Cristina,338 9377562,,acatromagna@gmail.com,,ACAT Romagna,,,43.8641,11.9723,EXACT_VENUE,ACTIVE_VERIFIED_2026,,,,2026-09-21 09:45:39,2026-09-21 09:45:39,11
421,SIC-C5WND42M-AS10K11E-F,Club 162 Savignano sul Rubicone,LOCAL_CLUB,Emilia-Romagna,FC,Savignano sul Rubicone,Casa delle Associazioni Villa Perticari,47039,Mercoledì,20:00-21:30,Settimanale,,Bruno,335 6897069,,acatromagna@gmail.com,,ACAT Romagna,,,44.0902,12.3951,EXACT_VENUE,ACTIVE_VERIFIED_2026,,,,2026-09-21 09:45:39,2026-09-21 09:45:39,11
422,SIC-N37K34QN-M7PJZW6Y-4,Club 158 Mercato Saraceno,LOCAL_CLUB,Emilia-Romagna,FC,Mercato Saraceno,"Ospedale Cappelli, Sala Riunioni 3° Piano",47025,Martedì,19:00-20:30,Settimanale,,Alma,339 1955572,,acatromagna@gmail.com,,ACAT Romagna,,,43.9572,12.1973,EXACT_VENUE,ACTIVE_VERIFIED_2026,,,,2026-09-21 09:45:39,2026-09-21 09:45:39,11
423,SIC-MH5Q59XD-5SJ2XFM1-G,Club 163 Sarsina,LOCAL_CLUB,Emilia-Romagna,FC,Sarsina,"Teatro Silvio Pellico, Via Roma 3",47027,Mercoledì,18:30-20:00,Settimanale,,Milva,345 5034144,,acatromagna@gmail.com,,ACAT Romagna,,,43.9181,12.1432,EXACT_VENUE,ACTIVE_VERIFIED_2026,,,,2026-09-21 09:45:39,2026-09-21 09:45:39,11
424,SIC-FWR598J2-EWF347DP-8,Club 20 Il Gabbiano Santarcangelo,LOCAL_CLUB,Emilia-Romagna,RN,Santarcangelo di Romagna,Via Andrea Costa 30,47822,Martedì,20:30-22:00,Settimanale,,Lucia,329 8982331,,acatromagna@gmail.com,,ACAT Romagna,,,44.0631,12.4472,EXACT_VENUE,ACTIVE_VERIFIED_2026,,,,2026-09-21 09:45:39,2026-09-21 09:45:39,11
425,SIC-06G058FN-NKQZ2JTR-6,Club 86 Faenza,LOCAL_CLUB,Emilia-Romagna,RA,Faenza,"Circolo I Fiori, Via di Sopra 34",48018,Martedì,21:00-22:30,Settimanale,,Laura,333 3110255,,acatromagna@gmail.com,,ACAT Romagna,,,44.2891,11.8772,EXACT_VENUE,ACTIVE_VERIFIED_2026,,,,2026-09-21 09:45:39,2026-09-21 09:45:39,11
426,SIC-3268NHHN-GY4V41TF-N,Club 113 Martorano,LOCAL_CLUB,Emilia-Romagna,FC,Cesena,"Sede Quartiere Ravennate, Via T. Galimberti 75",47521,Mercoledì,20:30-22:00,Settimanale,,Carlo,339 1337245,,acatromagna@gmail.com,,ACAT Romagna,,,44.1551,12.2612,EXACT_VENUE,ACTIVE_VERIFIED_2026,,,,2026-09-21 09:45:39,2026-09-21 09:45:39,11
427,SIC-NTQV4WSF-K1Q4EYBW-Z,Club 97 Faenza Il Borgo,LOCAL_CLUB,Emilia-Romagna,RA,Faenza,"Centro Sociale Il Borgo, Via Saviotti 1",48018,Giovedì,21:00-22:30,Settimanale,,Laura,333 3110255,,acatromagna@gmail.com,,ACAT Romagna,,,44.2891,11.8772,EXACT_VENUE,ACTIVE_VERIFIED_2026,,,,2026-09-21 09:45:39,2026-09-21 09:45:39,11
428,SIC-0XWRZFER-S9WPHT9M-P,Club 152 Cesena Oltresavio,LOCAL_CLUB,Emilia-Romagna,FC,Cesena,"Sede Quartiere Oltresavio, Via Pistoia 58",47521,Mercoledì,20:30-22:00,Settimanale,,Ivano,346 2176182,,acatromagna@gmail.com,,ACAT Romagna,,,44.1392,12.2431,EXACT_VENUE,ACTIVE_VERIFIED_2026,,,,2026-09-21 09:45:39,2026-09-21 09:45:39,11
429,SIC-AFQ5J4F0-G9F04CYW-V,Club 22 Forlì,LOCAL_CLUB,Emilia-Romagna,FC,Forlì,Via Orceoli 15,47121,Lunedì,20:30-22:00,Settimanale,,Maria,347 1569279,,acatromagna@gmail.com,,ACAT Romagna,,,44.2221,12.0412,EXACT_VENUE,ACTIVE_VERIFIED_2026,,,,2026-09-21 09:45:39,2026-09-21 09:45:39,11
430,SIC-YY9DGG76-3Z8PZ2HH-J,Club 159 Longiano,LOCAL_CLUB,Emilia-Romagna,FC,Longiano,"Via Lettonia 26, Ponte Ospedaletto",47020,Mercoledì,20:30-22:00,Settimanale,,Romildo,392 8846004,,acatromagna@gmail.com,,ACAT Romagna,,,44.0751,12.3272,EXACT_VENUE,ACTIVE_VERIFIED_2026,,,,2026-09-21 09:45:39,2026-09-21 09:45:39,11
431,SIC-520X8AXM-0V6CGFCT-8,Club 1 Forlì,LOCAL_CLUB,Emilia-Romagna,FC,Forlì,Via Orceoli 15,47121,Mercoledì,20:30-22:00,Settimanale,,Maria,347 1569279,,acatromagna@gmail.com,,ACAT Romagna,,,44.2221,12.0412,EXACT_VENUE,ACTIVE_VERIFIED_2026,,,,2026-09-21 09:45:39,2026-09-21 09:45:39,11
432,SIC-VBTHJ4F8-NZ428DSV-D,Club 160 San Carlo,LOCAL_CLUB,Emilia-Romagna,FC,Cesena,"Sede Quartiere Vallesavio, Via Castiglione 37",47522,Giovedì,20:30-22:00,Settimanale,,Alessandro,347 5283509,,acatromagna@gmail.com,,ACAT Romagna,,,44.0951,12.2132,EXACT_VENUE,ACTIVE_VERIFIED_2026,,,,2026-09-21 09:45:39,2026-09-21 09:45:39,11
433,SIC-M2AVRD0C-PWQ1ZX1X-3,Club 132 Ravenna,LOCAL_CLUB,Emilia-Romagna,RA,Ravenna,Via Oriani 44,48121,Giovedì,20:30-22:00,Settimanale,,Giacomo,334 2880607,,acatromagna@gmail.com,,ACAT Romagna,,,44.4172,12.2031,EXACT_VENUE,ACTIVE_VERIFIED_2026,,,,2026-09-21 09:45:39,2026-09-21 09:45:39,11
434,SIC-40WVFJE1-FMD63R4V-Q,Club 112 Sant'Egidio,LOCAL_CLUB,Emilia-Romagna,FC,Cesena,"Parrocchia Sant'Egidio, Via Chiesa di Sant'Egidio 110",47521,Mercoledì,20:30-22:00,Settimanale,,Andrea,338 5342002,,acatromagna@gmail.com,,ACAT Romagna,,,44.1521,12.2752,EXACT_VENUE,ACTIVE_VERIFIED_2026,,,,2026-09-21 09:45:39,2026-09-21 09:45:39,11
435,SIC-KGAXGM7R-N58XG214-2,Club 11 Cesena Centro,LOCAL_CLUB,Emilia-Romagna,FC,Cesena,"Sede Volonta Romagna, Via Serraglio 18",47521,Lunedì,20:30-22:00,Settimanale,,Stefania,347 3144853,,acatromagna@gmail.com,,ACAT Romagna,,,44.1392,12.2431,EXACT_VENUE,ACTIVE_VERIFIED_2026,,,,2026-09-21 09:45:39,2026-09-21 09:45:39,11
436,SIC-DH80W2WN-RK5T0CEV-X,Club 102 Forlimpopoli,LOCAL_CLUB,Emilia-Romagna,FC,Forlimpopoli,Via Duca d'Aosta 33,47034,Lunedì,20:30-22:00,Settimanale,,Massimiliano,320 0450930,,acatromagna@gmail.com,,ACAT Romagna,,,44.1891,12.1282,EXACT_VENUE,ACTIVE_VERIFIED_2026,,,,2026-09-21 09:45:39,2026-09-21 09:45:39,11
437,SIC-SEKQ9YCT-SFPW934R-D,Club 37 Rimini,LOCAL_CLUB,Emilia-Romagna,RN,Rimini,"Centro Alcool e Fumo, Viale Settembrini 2",47921,Sabato,09:30-11:00,Settimanale,,Lucia,329 8982331,,acatromagna@gmail.com,,ACAT Romagna,,,44.0592,12.5681,EXACT_VENUE,ACTIVE_VERIFIED_2026,,,,2026-09-21 09:45:39,2026-09-21 09:45:39,11
438,SIC-D9BFTZJZ-GYBA5YKT-V,Club 155 Bellaria - Igea Marina,LOCAL_CLUB,Emilia-Romagna,RN,Bellaria-Igea Marina,Piazza Falcone Borsellino 19,47814,Giovedì,20:30-22:00,Settimanale,,Maurizio,380 1888849,,acatromagna@gmail.com,,ACAT Romagna,,,44.1432,12.4721,EXACT_VENUE,ACTIVE_VERIFIED_2026,,,,2026-09-21 09:45:39,2026-09-21 09:45:39,11
439,SIC-TN49DDVR-E9H8A4QD-7,Club 47 San Giovanni in Marignano,LOCAL_CLUB,Emilia-Romagna,RN,San Giovanni in Marignano,Via Ferrara 12,47842,Lunedì,20:30-22:00,Settimanale,,Giovanna,338 9267650,,acatromagna@gmail.com,,ACAT Romagna,,,43.9381,12.7123,EXACT_VENUE,ACTIVE_VERIFIED_2026,,,,2026-09-21 09:45:39,2026-09-21 09:45:39,11
440,SIC-X6FS27BZ-4YX9K6M4-6,Club 164 Lugo,LOCAL_CLUB,Emilia-Romagna,RA,Lugo,Via Francesco Bosi 32,48022,Sabato,09:30-11:00,Settimanale,,Etmond,366 2996589,,acatromagna@gmail.com,,ACAT Romagna,,,44.4221,11.9082,EXACT_VENUE,ACTIVE_VERIFIED_2026,,,,2026-09-21 09:45:39,2026-09-21 09:45:39,11
441,SIC-WSSJTDFF-V1XBFD19-0,Club 165 Cervia Pinarella,LOCAL_CLUB,Emilia-Romagna,RA,Cervia,"Viale Abruzzi 53, Pinarella",48015,Martedì,20:30-22:00,Settimanale,,Maurizio,347 4370091,,acatromagna@gmail.com,,ACAT Romagna,,,44.2481,12.3552,EXACT_VENUE,ACTIVE_VERIFIED_2026,,,,2026-09-21 09:45:39,2026-09-21 09:45:39,11
442,SIC-SVWP77QQ-P8SFB5ME-N,Club 142 Scandiano,LOCAL_CLUB,Emilia-Romagna,RE,Scandiano,Sede Territoriale Scandiano,42019,Lunedì,20:30,Settimanale,,Mimma,370 3576741,,acat.scandiano@gmail.com,,ACAT Scandiano,,,44.5921,10.6882,EXACT_VENUE,ACTIVE_VERIFIED_2026,,,,2026-09-21 09:45:39,2026-09-21 09:45:39,11
443,SIC-Q4VJQG33-MRR62SKR-X,Club 40 Scandiano,LOCAL_CLUB,Emilia-Romagna,RE,Scandiano,Sede Territoriale Scandiano,42019,Mercoledì,20:30,Settimanale,,Luciano,370 3576741,,acat.scandiano@gmail.com,,ACAT Scandiano,,,44.5921,10.6882,EXACT_VENUE,ACTIVE_VERIFIED_2026,,,,2026-09-21 09:45:39,2026-09-21 09:45:39,11
444,SIC-DQ62BANH-GXTH65YS-G,Club 120 Castellarano,LOCAL_CLUB,Emilia-Romagna,RE,Castellarano,Sede Civica Castellarano,42014,Lunedì,20:30,Settimanale,,Mirca,370 3576741,,acat.scandiano@gmail.com,,ACAT Scandiano,,,44.5142,10.7341,EXACT_VENUE,ACTIVE_VERIFIED_2026,,,,2026-09-21 09:45:39,2026-09-21 09:45:39,11
445,SIC-DN7A4RF0-DEKRD4KD-H,Club 160 Cavriago,LOCAL_CLUB,Emilia-Romagna,RE,Cavriago,Sede Parrocchiale Cavriago,42025,Martedì,20:30,Settimanale,,Roberto,370 3576741,,acat.scandiano@gmail.com,,ACAT Scandiano,,,44.6971,10.5283,EXACT_VENUE,ACTIVE_VERIFIED_2026,,,,2026-09-21 09:45:39,2026-09-21 09:45:39,11
446,SIC-JBQX03QN-B8RYF47K-Y,Club 157 Rubiera,LOCAL_CLUB,Emilia-Romagna,RE,Rubiera,Sede Comunale Rubiera,42048,Lunedì,20:30,Settimanale,,Andrea,370 3576741,,acat.scandiano@gmail.com,,ACAT Scandiano,,,44.6542,10.7812,EXACT_VENUE,ACTIVE_VERIFIED_2026,,,,2026-09-21 09:45:39,2026-09-21 09:45:39,11
447,SIC-BYJE5SSD-46HM1X9C-K,Club 95 Rubiera,LOCAL_CLUB,Emilia-Romagna,RE,Rubiera,Sede Comunale Rubiera,42048,Giovedì,20:30,Settimanale,,Silvana,370 3576741,,acat.scandiano@gmail.com,,ACAT Scandiano,,,44.6542,10.7812,EXACT_VENUE,ACTIVE_VERIFIED_2026,,,,2026-09-21 09:45:39,2026-09-21 09:45:39,11
448,SIC-QG3KBMTY-5YQNB9JG-8,Club 136 Carpineti,LOCAL_CLUB,Emilia-Romagna,RE,Carpineti,Locali Centro Civico Carpineti,42033,Martedì,20:30,Settimanale,,Giorgio,370 3576741,,acat.scandiano@gmail.com,,ACAT Scandiano,,,44.4561,10.5202,EXACT_VENUE,ACTIVE_VERIFIED_2026,,,,2026-09-21 09:45:39,2026-09-21 09:45:39,11
449,SIC-86FRYHDR-9T3AM4F4-F,Club 94 Baiso,LOCAL_CLUB,Emilia-Romagna,RE,Baiso,Centro Parrocchiale Baiso,42031,Martedì,20:30,Settimanale,,Enrico,370 3576741,,acat.scandiano@gmail.com,,ACAT Scandiano,,,44.5002,10.6041,EXACT_VENUE,ACTIVE_VERIFIED_2026,,,,2026-09-21 09:45:39,2026-09-21 09:45:39,11
450,SIC-9JMJCEFD-1G37V2A1-T,Club 71 Casalgrande,LOCAL_CLUB,Emilia-Romagna,RE,Casalgrande,Sede Volontariato Casalgrande,42013,Mercoledì,20:30,Settimanale,,Aureliano,370 3576741,,acat.scandiano@gmail.com,,ACAT Scandiano,,,44.5881,10.7382,EXACT_VENUE,ACTIVE_VERIFIED_2026,,,,2026-09-21 09:45:39,2026-09-21 09:45:39,11
451,SIC-NGFXD7SP-ZY5ZEK82-X,Club Sant'Ilario d'Enza,LOCAL_CLUB,Emilia-Romagna,RE,Sant'Ilario d'Enza,Sede Comunale Sant'Ilario,42049,Martedì,20:30,Settimanale,,Equipe Territoriale,370 3576741,,acat.scandiano@gmail.com,,ACAT Scandiano,,,44.7571,10.4502,EXACT_VENUE,ACTIVE_VERIFIED_2026,,,,2026-09-21 09:45:39,2026-09-21 09:45:39,11
452,SIC-79K92D9H-4CQH8J5D-R,Club CAT Modena San Marone,LOCAL_CLUB,Emilia-Romagna,MO,Modena,Stradello San Marone 15,41121,Martedì,20:45,Settimanale,,Equipe ACAT Modena,059 203111,,acat.modena@hotmail.it,,ACAT Modena,,,44.6471,10.9252,EXACT_VENUE,ACTIVE_VERIFIED_2026,,,,2026-09-21 09:45:39,2026-09-21 09:45:39,11
453,SIC-GXFCXNN3-MTG5CGZM-9,Club CAT Nonantola,LOCAL_CLUB,Emilia-Romagna,MO,Nonantola,Locali Parrocchiali Nonantola,41015,Mercoledì,20:30,Settimanale,,Equipe ACAT Modena,059 203111,,acat.modena@hotmail.it,,ACAT Modena,,,44.6781,11.0432,EXACT_VENUE,ACTIVE_VERIFIED_2026,,,,2026-09-21 09:45:39,2026-09-21 09:45:39,11
454,SIC-H61XBD7P-44KBYPB3-J,Club CAT Vignola,LOCAL_CLUB,Emilia-Romagna,MO,Vignola,Centro Civico Vignola,41058,Lunedì,20:30,Settimanale,,Equipe ACAT Modena,059 203111,,acat.modena@hotmail.it,,ACAT Modena,,,44.4821,11.0083,EXACT_VENUE,ACTIVE_VERIFIED_2026,,,,2026-09-21 09:45:39,2026-09-21 09:45:39,11
455,SIC-D7D6Y89E-BWZK6GHR-R,Club CAT Sant'Angelo in Villa,LOCAL_CLUB,Lazio,FR,Monte San Giovanni Campano,Via Case Viti,03025,Mercoledì,20:00,Settimanale,,Ilenia Martufi,349 8064748,,acatciociaria07@gmail.com,,ACAT Ciociaria,,,41.6502,13.4351,EXACT_VENUE,ACTIVE_VERIFIED_2026,,,,2026-09-21 09:45:39,2026-09-21 09:45:39,11
456,SIC-43TVA1PJ-PDX1KV06-J,Club CAT Frosinone Viale Mazzini,LOCAL_CLUB,Lazio,FR,Frosinone,Viale Mazzini 80,03100,Giovedì,20:30,Settimanale,,Antonella D'Ambrosi,338 4066413,,acatciociaria07@gmail.com,,ACAT Ciociaria,,,41.6401,13.3422,EXACT_VENUE,ACTIVE_VERIFIED_2026,,,,2026-09-21 09:45:39,2026-09-21 09:45:39,11
457,SIC-83Y3DFV8-D2A8TD2H-6,Club CAT Isola del Liri,LOCAL_CLUB,Lazio,FR,Isola del Liri,Via Beniamino Cataldi,03036,Martedì,20:00,Settimanale,,Antonio Zoffranieri,334 5252871,,acatciociaria07@gmail.com,,ACAT Ciociaria,,,41.6791,13.5732,EXACT_VENUE,ACTIVE_VERIFIED_2026,,,,2026-09-21 09:45:39,2026-09-21 09:45:39,11
458,SIC-780NPNP0-9J1FC669-C,Club CAT Castelliri,LOCAL_CLUB,Lazio,FR,Castelliri,Piazza Municipio,03030,Lunedì,20:00,Settimanale,,Daniela Mancini,329 3606623,,acatciociaria07@gmail.com,,ACAT Ciociaria,,,41.6812,13.5501,EXACT_VENUE,ACTIVE_VERIFIED_2026,,,,2026-09-21 09:45:39,2026-09-21 09:45:39,11
459,SIC-F9Y62GA3-T3K76121-H,Club CAT Arzachena,LOCAL_CLUB,Sardegna,SS,Arzachena,"Parrocchia Santa Maria della Neve, Viale Costa Smeralda",07021,Lunedì,17:30,Settimanale,,Marilena Chiodino,345 5862583,,arcat.sardegna@gmail.com,,ARCAT Sardegna,,,41.0801,9.3882,EXACT_VENUE,ACTIVE_VERIFIED_2026,,,,2026-09-21 09:45:39,2026-09-21 09:45:39,11
460,SIC-G5PSM73G-45B090VR-G,Club 23 Calangianus,LOCAL_CLUB,Sardegna,SS,Calangianus,"Centro Polivalente, Via Gaetano Mariotti",07022,Mercoledì,18:30,Settimanale,,Pina Malaponte,347 5607581,,arcat.sardegna@gmail.com,,ARCAT Sardegna,,,40.9232,9.1941,EXACT_VENUE,ACTIVE_VERIFIED_2026,,,,2026-09-21 09:45:39,2026-09-21 09:45:39,11
461,SIC-2DVVS68Y-Z95Q44YP-D,Club S'Amistade Ghilarza,LOCAL_CLUB,Sardegna,OR,Ghilarza,"Via Alessandro Volta, 1° Piano",09074,Lunedì,18:00,Settimanale,,Egle Vaccargiu,320 3761661,,arcat.sardegna@gmail.com,,ARCAT Sardegna,,,40.1202,8.8351,EXACT_VENUE,ACTIVE_VERIFIED_2026,,,,2026-09-21 09:45:39,2026-09-21 09:45:39,11
462,SIC-X9SWF865-C3JA6S18-8,Club CAT La Maddalena,LOCAL_CLUB,Sardegna,SS,La Maddalena,"Parrocchia Frazione Moneta, Via Silvio Pellico",07024,Mercoledì,18:30,Settimanale,,Barbara Serbista,348 2771911,,arcat.sardegna@gmail.com,,ARCAT Sardegna,,,41.2141,9.4042,EXACT_VENUE,ACTIVE_VERIFIED_2026,,,,2026-09-21 09:45:39,2026-09-21 09:45:39,11
463,SIC-5YEHS1Z4-7MZ9DV4T-N,Club 12 Olbia,LOCAL_CLUB,Sardegna,SS,Olbia,"Croce Bianca, Via Fausto Noce 88",07026,Lunedì,18:00,Settimanale,,Antonella Panzitta,338 6013955,,arcat.sardegna@gmail.com,,ARCAT Sardegna,,,40.9241,9.4992,EXACT_VENUE,ACTIVE_VERIFIED_2026,,,,2026-09-21 09:45:39,2026-09-21 09:45:39,11
464,SIC-3J2WXQP8-ZQEJBF3H-2,Club 28 Olbia Sacra Famiglia,LOCAL_CLUB,Sardegna,SS,Olbia,Locali Sacra Famiglia,07026,Martedì,18:00,Settimanale,,Maria Raffaela Tamburrino,348 2789737,,arcat.sardegna@gmail.com,,ARCAT Sardegna,,,40.9241,9.4992,EXACT_VENUE,ACTIVE_VERIFIED_2026,,,,2026-09-21 09:45:39,2026-09-21 09:45:39,11
465,SIC-ZX5A9TGG-D0JBXE9R-S,Club Giovanni Evangelista Oristano,LOCAL_CLUB,Sardegna,OR,Oristano,"Parrocchia San Giovanni Evangelista, Via Giacomo Carissimi",09170,Giovedì,18:00,Settimanale,,Sandro Congia,330 789152,,arcat.sardegna@gmail.com,,ARCAT Sardegna,,,39.9051,8.5921,EXACT_VENUE,ACTIVE_VERIFIED_2026,,,,2026-09-21 09:45:39,2026-09-21 09:45:39,11
466,SIC-4TZQ99ZZ-ENY7QSMF-7,Club Orizzonte Chieri,LOCAL_CLUB,Piemonte,TO,Chieri,"Cittadella del Volontariato, Via Giovanni XXIII 8",10023,Martedì,20:30,Settimanale,,Equipe Chieri,392 1391813,,acatchieri@voltoweb.it,,ACAT Chieri,,,45.0121,7.8242,EXACT_VENUE,ACTIVE_VERIFIED_2026,,,,2026-09-21 09:45:39,2026-09-21 09:45:39,11
467,SIC-1ENKTAR8-8C937DXN-C,Club Giorno Nuovo Chieri,LOCAL_CLUB,Piemonte,TO,Chieri,"Cittadella del Volontariato, Via Giovanni XXIII 8",10023,Giovedì,20:30,Settimanale,,Equipe Chieri,392 1391813,,acatchieri@voltoweb.it,,ACAT Chieri,,,45.0121,7.8242,EXACT_VENUE,ACTIVE_VERIFIED_2026,,,,2026-09-21 09:45:39,2026-09-21 09:45:39,11
468,SIC-Z8MDEXM6-D138ADG3-A,Club Cielo Chiaro Chieri,LOCAL_CLUB,Piemonte,TO,Chieri,"Cittadella del Volontariato, Via Giovanni XXIII 8",10023,Mercoledì,20:30,Settimanale,,Equipe Chieri,392 1391813,,acatchieri@voltoweb.it,,ACAT Chieri,,,45.0121,7.8242,EXACT_VENUE,ACTIVE_VERIFIED_2026,,,,2026-09-21 09:45:39,2026-09-21 09:45:39,11
469,SIC-E55YK46H-1NAYM9WT-R,Club Il Ciclamino Andezeno,LOCAL_CLUB,Piemonte,TO,Andezeno,Centro Sociale Andezeno,10020,Lunedì,20:30,Settimanale,,Equipe Chieri,392 1391813,,acatchieri@voltoweb.it,,ACAT Chieri,,,45.0381,7.8712,EXACT_VENUE,ACTIVE_VERIFIED_2026,,,,2026-09-21 09:45:39,2026-09-21 09:45:39,11
470,SIC-TVNC9H8Y-WFNCPZMV-Q,Club La Mimosa Cambiano,LOCAL_CLUB,Piemonte,TO,Cambiano,Centro Parrocchiale Cambiano,10029,Mercoledì,20:30,Settimanale,,Equipe Chieri,392 1391813,,acatchieri@voltoweb.it,,ACAT Chieri,,,44.9721,7.7772,EXACT_VENUE,ACTIVE_VERIFIED_2026,,,,2026-09-21 09:45:39,2026-09-21 09:45:39,11
471,SIC-AJE5JB6Z-HEQN79CE-H,Club 55 Buttrio,LOCAL_CLUB,Friuli-Venezia Giulia,UD,Buttrio,Centro Civico Buttrio,33042,Martedì,20:00,Settimanale,,Equipe ACAT Udinese,333 9029545,,acat@acatudinese.it,,ACAT Udinese,,,46.0121,13.3321,EXACT_VENUE,ACTIVE_VERIFIED_2026,,,,2026-09-21 09:45:39,2026-09-21 09:45:39,11
472,SIC-T2H5EAG5-BQSVY8JW-G,Club CAT Tarcento,LOCAL_CLUB,Friuli-Venezia Giulia,UD,Tarcento,"Distretto Sanitario, Via Coianiz 8",33017,Lunedì,20:00,Settimanale,,Equipe ACAT Udinese,0432 780213,,acat@acatudinese.it,,ACAT Udinese,,,46.2161,13.2182,EXACT_VENUE,ACTIVE_VERIFIED_2026,,,,2026-09-21 09:45:39,2026-09-21 09:45:39,11
473,SIC-PFRQ5TR8-84GEPMY9-H,Club CAT Tricesimo,LOCAL_CLUB,Friuli-Venezia Giulia,UD,Tricesimo,"Distretto Sanitario, Via dei Carpini",33019,Mercoledì,20:00,Settimanale,,Equipe ACAT Udinese,0432 882372,,acat@acatudinese.it,,ACAT Udinese,,,46.1612,13.2131,EXACT_VENUE,ACTIVE_VERIFIED_2026,,,,2026-09-21 09:45:39,2026-09-21 09:45:39,11
474,SIC-AD07FSXB-NBYRZZ1N-Y,Club CAT Codroipo Polo Sanitario,LOCAL_CLUB,Friuli-Venezia Giulia,UD,Codroipo,Polo Sanitario Codroipo,33033,Giovedì,20:30,Settimanale,,Equipe ACAT Codroipese,333 9029545,,acat@acatudinese.it,,ACAT Udinese,,,45.9612,12.9801,EXACT_VENUE,ACTIVE_VERIFIED_2026,,,,2026-09-21 09:45:39,2026-09-21 09:45:39,11
475,SIC-CJ72RBZC-1PMX48H6-P,Club La Serenità Pordenone,LOCAL_CLUB,Friuli-Venezia Giulia,PN,Pordenone,Via dell'Autiere 2/4,33170,Martedì,20:30,Settimanale,,Equipe Pordenonese,0434 365611,,info@acatpordenonese.it,,ACAT Pordenonese,,,45.9571,12.6602,EXACT_VENUE,ACTIVE_VERIFIED_2026,,,,2026-09-21 09:45:39,2026-09-21 09:45:39,11
476,SIC-E2WTAZRG-GGSWC5TE-W,Club Il Cambiamento Pordenone,LOCAL_CLUB,Friuli-Venezia Giulia,PN,Pordenone,Via dell'Autiere 2/4,33170,Lunedì,20:30,Settimanale,,Equipe Pordenonese,0434 365611,,info@acatpordenonese.it,,ACAT Pordenonese,,,45.9571,12.6602,EXACT_VENUE,ACTIVE_VERIFIED_2026,,,,2026-09-21 09:45:39,2026-09-21 09:45:39,11
477,SIC-HK07J8ZM-QM63485N-E,Club Casa Serena Porcia,LOCAL_CLUB,Friuli-Venezia Giulia,PN,Porcia,Centro Civico Porcia,33080,Giovedì,20:30,Settimanale,,Equipe Pordenonese,0434 365611,,info@acatpordenonese.it,,ACAT Pordenonese,,,45.9652,12.6171,EXACT_VENUE,ACTIVE_VERIFIED_2026,,,,2026-09-21 09:45:39,2026-09-21 09:45:39,11
478,SIC-Z1ZC60VQ-J663HBV3-3,Club Voglia di Vivere Pordenone,LOCAL_CLUB,Friuli-Venezia Giulia,PN,Pordenone,Via dell'Autiere 2/4,33170,Mercoledì,20:30,Settimanale,,Equipe Pordenonese,0434 365611,,info@acatpordenonese.it,,ACAT Pordenonese,,,45.9571,12.6602,EXACT_VENUE,ACTIVE_VERIFIED_2026,,,,2026-09-21 09:45:39,2026-09-21 09:45:39,11
479,SIC-7GZ146FE-DCTN7SJM-G,Club Aurora Pordenone,LOCAL_CLUB,Friuli-Venezia Giulia,PN,Pordenone,Via dell'Autiere 2/4,33170,Venerdì,20:00,Settimanale,,Equipe Pordenonese,0434 365611,,info@acatpordenonese.it,,ACAT Pordenonese,,,45.9571,12.6602,EXACT_VENUE,ACTIVE_VERIFIED_2026,,,,2026-09-21 09:45:39,2026-09-21 09:45:39,11
480,SIC-RKF2KJVV-499X1M3F-1,Club Insieme con Hudolin Pordenone,LOCAL_CLUB,Friuli-Venezia Giulia,PN,Pordenone,Via dell'Autiere 2/4,33170,Giovedì,20:30,Settimanale,,Equipe Pordenonese,0434 365611,,info@acatpordenonese.it,,ACAT Pordenonese,,,45.9571,12.6602,EXACT_VENUE,ACTIVE_VERIFIED_2026,,,,2026-09-21 09:45:39,2026-09-21 09:45:39,11
481,SIC-1ECVW3E2-MWPPKWR9-3,Club Buona Strada Pordenone,LOCAL_CLUB,Friuli-Venezia Giulia,PN,Pordenone,Via dell'Autiere 2/4,33170,Lunedì,20:00,Settimanale,,Equipe Pordenonese,0434 365611,,info@acatpordenonese.it,,ACAT Pordenonese,,,45.9571,12.6602,EXACT_VENUE,ACTIVE_VERIFIED_2026,,,,2026-09-21 09:45:39,2026-09-21 09:45:39,11
482,SIC-DHMXSQXY-PEBWXAMG-A,Club La Rinascita Pordenone,LOCAL_CLUB,Friuli-Venezia Giulia,PN,Pordenone,Via dell'Autiere 2/4,33170,Martedì,20:00,Settimanale,,Equipe Pordenonese,0434 365611,,info@acatpordenonese.it,,ACAT Pordenonese,,,45.9571,12.6602,EXACT_VENUE,ACTIVE_VERIFIED_2026,,,,2026-09-21 09:45:39,2026-09-21 09:45:39,11
483,SIC-YN9G43KD-7V1CBS9J-3,CAT 14 Milano Conciliazione,LOCAL_CLUB,Lombardia,MI,Milano,"c/o Associazione Il Tralcio, Via Lodovico Ariosto 12",20136,Lunedì,21:00,Settimanale,,Equipe ACAT Milano,02 8461299,,acat_milano@yahoo.it,,ACAT Milano,,,45.4682,9.1671,EXACT_VENUE,ACTIVE_VERIFIED_2026,,,,2026-09-21 09:45:39,2026-09-21 09:45:39,11
484,SIC-Y1RQHZEA-S2ESVPE8-X,CAT Il Nodo Milano Pasteur,LOCAL_CLUB,Lombardia,MI,Milano,"Parrocchia San Gabriele, Via Termopili 7",20127,Giovedì,21:00,Settimanale,,Equipe ACAT Milano,02 8461299,,acat_milano@yahoo.it,,ACAT Milano,,,45.4891,9.2182,EXACT_VENUE,ACTIVE_VERIFIED_2026,,,,2026-09-21 09:45:39,2026-09-21 09:45:39,11
485,SIC-MCHVXDWA-12KDWDCQ-0,CAT Melograno Milano Chiesa Rossa,LOCAL_CLUB,Lombardia,MI,Milano,"Parrocchia Santa Maria Annunciata in Chiesa Rossa, Via Neera 24",20141,Martedì,20:30,Settimanale,,Equipe ACAT Milano,02 8461299,,acat_milano@yahoo.it,,ACAT Milano,,,45.4381,9.1832,EXACT_VENUE,ACTIVE_VERIFIED_2026,,,,2026-09-21 09:45:39,2026-09-21 09:45:39,11
486,SIC-V041C1A9-2T3QER5H-F,CAT Colturano,LOCAL_CLUB,Lombardia,MI,Colturano,"Centro Sociale, Via Vittorio Emanuele 3/4",20060,Martedì,20:45,Settimanale,,Equipe ACAT Milano,02 8461299,,acat_milano@yahoo.it,,ACAT Milano,,,45.3781,9.3362,EXACT_VENUE,ACTIVE_VERIFIED_2026,,,,2026-09-21 09:45:39,2026-09-21 09:45:39,11
487,SIC-HHSMSCCK-QEP2K88P-H,C.A.T. Bergamo 4 Loreto,LOCAL_CLUB,Lombardia,BG,Bergamo,"c/o Oratorio, via Loreto 5",24128,Sabato,16:00,Settimanale,,Ivana Martello,388 568 8640,,info@arcatlombardia.it,,A.C.A.T. Bergamo,,,45.6923,9.6542,EXACT_VENUE,ACTIVE_VERIFIED_2026,,,,2026-09-21 09:45:39,2026-09-21 09:45:39,11
488,SIC-7K98827P-06BRNRZ2-J,C.A.T. Bergamo 6 La Farfalla,LOCAL_CLUB,Lombardia,BG,Bergamo,"c/o CTE, via Biava 26, Valtesse",24123,Venerdì,20:30,Settimanale,,Giovanni Bonati,366 936 3631,,info@arcatlombardia.it,,A.C.A.T. Bergamo,,,45.7145,9.6732,EXACT_VENUE,ACTIVE_VERIFIED_2026,,,,2026-09-21 09:45:39,2026-09-21 09:45:39,11
489,SIC-SS7T0RQ8-K58XH6VA-E,C.A.T. Bergamo 7 S. Caterina,LOCAL_CLUB,Lombardia,BG,Bergamo,via Borgo Santa Caterina 16,24124,Venerdì,20:30,Settimanale,,Claudio Calì,328 207 0936,,info@arcatlombardia.it,,A.C.A.T. Bergamo,,,45.7021,9.6841,EXACT_VENUE,ACTIVE_VERIFIED_2026,,,,2026-09-21 09:45:39,2026-09-21 09:45:39,11
490,SIC-RCSGXJTE-PMHRY9G1-2,C.A.T. Bergamo 8 Torre Boldone,LOCAL_CLUB,Lombardia,BG,Torre Boldone,"c/o Centro polivalente, Piazza Mercato",24020,Giovedì,20:30,Settimanale,,Paolo Carrara,347 447 1790,,info@arcatlombardia.it,,A.C.A.T. Bergamo,,,45.7141,9.7082,EXACT_VENUE,ACTIVE_VERIFIED_2026,,,,2026-09-21 09:45:39,2026-09-21 09:45:39,11
491,SIC-Q1ZTZ5AW-2F6A4RB7-Z,C.A.T. Bergamo Borgo S. Caterina,LOCAL_CLUB,Lombardia,BG,Bergamo,via Borgo Santa Caterina 16,24124,Mercoledì,20:30,Settimanale,,Maurizio Frigeni,349 665 3262,,info@arcatlombardia.it,,A.C.A.T. Bergamo,,,45.7021,9.6841,EXACT_VENUE,ACTIVE_VERIFIED_2026,,,,2026-09-21 09:45:39,2026-09-21 09:45:39,11
492,SIC-GCZM410K-46VBXZ0V-E,C.A.T. Bergamo Reti Valtesse,LOCAL_CLUB,Lombardia,BG,Bergamo,"c/o CTE, via Biava 26",24123,Martedì,20:15,Settimanale,,Giuseppe Lussana,334 9181619,,info@arcatlombardia.it,,A.C.A.T. Bergamo,,,45.7145,9.6732,EXACT_VENUE,ACTIVE_VERIFIED_2026,,,,2026-09-21 09:45:39,2026-09-21 09:45:39,11
493,SIC-RNN885N5-WZN7SNAW-V,C.A.T. Ponte S. Pietro,LOCAL_CLUB,Lombardia,BG,Ponte San Pietro,"c/o Centro UFO, via Legionari di Polonia 5",24036,Mercoledì,20:30,Settimanale,,Immacolata Petra,320 316 2590,,info@arcatlombardia.it,,A.C.A.T. Bergamo,,,45.6982,9.5873,EXACT_VENUE,ACTIVE_VERIFIED_2026,,,,2026-09-21 09:45:39,2026-09-21 09:45:39,11
494,SIC-89C3P2ZS-ZB1WQFQJ-T,C.A.T. Madone,LOCAL_CLUB,Lombardia,BG,Madone,"c/o Casa delle Associazioni, via Patrioti 7",24040,Giovedì,20:30,Settimanale,,Gianni Donadello,035 463998,,info@arcatlombardia.it,,A.C.A.T. Isola Bergamasca,,,45.6512,9.5491,EXACT_VENUE,ACTIVE_VERIFIED_2026,,,,2026-09-21 09:45:39,2026-09-21 09:45:39,11
495,SIC-Z05400MV-8RF020W6-7,C.A.T. Terno d'Isola 1,LOCAL_CLUB,Lombardia,BG,Terno d'Isola,"c/o ex Scuole Elementari, via G. Bravi 15",24030,Martedì,20:30,Settimanale,,Servitore Insegnante Terno,375 887 6759,,info@arcatlombardia.it,,A.C.A.T. Isola Bergamasca,,,45.6881,9.5312,EXACT_VENUE,ACTIVE_VERIFIED_2026,,,,2026-09-21 09:45:39,2026-09-21 09:45:39,11
496,SIC-8YY2PTSX-1YJD95S4-Z,C.A.T. Armonia Brescia,LOCAL_CLUB,Lombardia,BS,Brescia,Via Borgondio 29,25122,Giovedì,20:15,Settimanale,,Servitore Insegnante Brescia,351 511 1330,,info@acatbrescia.it,,A.C.A.T. Brescia,,,45.5451,10.2212,EXACT_VENUE,ACTIVE_VERIFIED_2026,,,,2026-09-21 09:45:39,2026-09-21 09:45:39,11
497,SIC-KMNF7SFM-Q0ES6Z6K-J,C.A.T. Vladimir Hudolin Brescia,LOCAL_CLUB,Lombardia,BS,Brescia,Via Livorno 7,25125,Mercoledì,20:30,Settimanale,,Servitore Insegnante Livorno,351 511 1330,,info@acatbrescia.it,,A.C.A.T. Brescia,,,45.5261,10.2014,EXACT_VENUE,ACTIVE_VERIFIED_2026,,,,2026-09-21 09:45:39,2026-09-21 09:45:39,11
498,SIC-160PSQHC-7BFMCM18-B,C.A.T. Il Germoglio Montichiari,LOCAL_CLUB,Lombardia,BS,Montichiari,"c/o Casa delle Associazioni, Via Trieste 26",25018,Mercoledì,20:30,Settimanale,,Servitore Insegnante Montichiari,351 511 1330,,info@acatbrescia.it,,A.C.A.T. Brescia,,,45.4121,10.3952,EXACT_VENUE,ACTIVE_VERIFIED_2026,,,,2026-09-21 09:45:39,2026-09-21 09:45:39,11
499,SIC-XX99SFY9-WBP0WXEC-C,C.A.T. Manerbio 3,LOCAL_CLUB,Lombardia,BS,Manerbio,"c/o Centro Sociale, Via Palestro 57",25025,Mercoledì,21:00,Settimanale,,Servitore Insegnante Manerbio,351 511 1330,,info@acatbrescia.it,,A.C.A.T. Brescia,,,45.3582,10.1384,EXACT_VENUE,ACTIVE_VERIFIED_2026,,,,2026-09-21 09:45:39,2026-09-21 09:45:39,11
500,SIC-7A4WHG63-5VP4G5VB-D,C.A.T. Azzurro Prevalle,LOCAL_CLUB,Lombardia,BS,Prevalle,"c/o Municipio, Via Morani 9",25080,Mercoledì,20:00,Settimanale,,Servitore Insegnante Prevalle,351 511 1330,,info@acatbrescia.it,,A.C.A.T. Brescia,,,45.5562,10.4221,EXACT_VENUE,ACTIVE_VERIFIED_2026,,,,2026-09-21 09:45:39,2026-09-21 09:45:39,11
501,SIC-P5E5Y9BH-7B1QF7VZ-R,C.A.T. Il Girasole Salò,LOCAL_CLUB,Lombardia,BS,Salò,Via Ponte Vecchio 6,25087,Martedì,20:00,Settimanale,,Servitore Insegnante Salò,351 511 1330,,info@acatbrescia.it,,A.C.A.T. Brescia,,,45.6084,10.5234,EXACT_VENUE,ACTIVE_VERIFIED_2026,,,,2026-09-21 09:45:39,2026-09-21 09:45:39,11
502,SIC-J8NJ2P3Q-G0YZ93NJ-N,C.A.T. L'Alba Bedizzole,LOCAL_CLUB,Lombardia,BS,Bedizzole,c/o Centro Sociale,25081,Martedì,20:30,Settimanale,,Servitore Insegnante Bedizzole,351 511 1330,,info@acatbrescia.it,,A.C.A.T. Brescia,,,45.5124,10.4215,EXACT_VENUE,ACTIVE_VERIFIED_2026,,,,2026-09-21 09:45:39,2026-09-21 09:45:39,11
503,SIC-ZQYYCBKS-HW8VM907-K,C.A.T. Arcobaleno Vobarno,LOCAL_CLUB,Lombardia,BS,Vobarno,Largo Donatori di Sangue,25079,Martedì,20:00,Settimanale,,Servitore Insegnante Vobarno,351 511 1330,,info@acatbrescia.it,,A.C.A.T. Brescia,,,45.6421,10.5023,EXACT_VENUE,ACTIVE_VERIFIED_2026,,,,2026-09-21 09:45:39,2026-09-21 09:45:39,11
504,SIC-7YNPTHZP-QNQD4ZFK-F,C.A.T. La Goccia Vobarno,LOCAL_CLUB,Lombardia,BS,Vobarno,Largo Donatori di Sangue,25079,Lunedì,20:30,Settimanale,,Servitore Insegnante Vobarno,351 511 1330,,info@acatbrescia.it,,A.C.A.T. Brescia,,,45.6421,10.5023,EXACT_VENUE,ACTIVE_VERIFIED_2026,,,,2026-09-21 09:45:39,2026-09-21 09:45:39,11
505,SIC-12FVG8Z4-ZDY9XGR7-Y,C.A.T. La Farfalla Paitone,LOCAL_CLUB,Lombardia,BS,Paitone,"c/o Centro Sociale, Via Beschi 18",25080,Mercoledì,20:00,Settimanale,,Servitore Insegnante Paitone,351 511 1330,,info@acatbrescia.it,,A.C.A.T. Brescia,,,45.5512,10.3982,EXACT_VENUE,ACTIVE_VERIFIED_2026,,,,2026-09-21 09:45:39,2026-09-21 09:45:39,11
506,SIC-B5C8TT22-2CNMDQVW-M,C.A.T. Arcobaleno Como,LOCAL_CLUB,Lombardia,CO,Como,"c/o Oratorio Parrocchia S. Agata, via Aristide Bari 2",22100,Lunedì,20:45,Settimanale,,Lorella Morras,338 507 6323,,cirilloangelo67@gmail.com,,A.C.A.T. Como,,,45.8152,9.0741,EXACT_VENUE,ACTIVE_VERIFIED_2026,,,,2026-09-21 09:45:39,2026-09-21 09:45:39,11
507,SIC-BFMQEBFG-F1AFSS1V-N,C.A.T. La Lanterna Como Sagnino,LOCAL_CLUB,Lombardia,CO,Como,"c/o Centro Civico Como Nord, via G. Segantini 2, Sagnino",22100,Lunedì,20:45,Settimanale,,Claudio Cassinari,338 197 6756,,cirilloangelo67@gmail.com,,A.C.A.T. Como,,,45.8341,9.0521,EXACT_VENUE,ACTIVE_VERIFIED_2026,,,,2026-09-21 09:45:39,2026-09-21 09:45:39,11
508,SIC-BRJ35597-TR9XWTBN-M,C.A.T. Muggiò Como,LOCAL_CLUB,Lombardia,CO,Como,"c/o Oratorio S. Maria Regina, via Quadrio 10, Muggiò",22100,Mercoledì,20:30,Settimanale,,Franca Schena,340 005 6632,,cirilloangelo67@gmail.com,,A.C.A.T. Como,,,45.7954,9.0942,EXACT_VENUE,ACTIVE_VERIFIED_2026,,,,2026-09-21 09:45:39,2026-09-21 09:45:39,11
509,SIC-XKZZ9QEK-2G1GKWGY-V,C.A.T. La Fenice Lomazzo,LOCAL_CLUB,Lombardia,CO,Lomazzo,"c/o Oratorio Parrocchia S. Vito e Modesto, via Rocchetta ang. via Manzoni",22074,Martedì,20:30,Settimanale,,Ivano Banfi,347 462 1128,,cirilloangelo67@gmail.com,,A.C.A.T. Como,,,45.6982,9.0341,EXACT_VENUE,ACTIVE_VERIFIED_2026,,,,2026-09-21 09:45:39,2026-09-21 09:45:39,11
510,SIC-WQRWC3W5-W0M6WHJE-T,C.A.T. Vivere Sano Mantova,LOCAL_CLUB,Lombardia,MN,Mantova,"c/o Valletta Valsecchi, Via Ariosto 2",46100,Lunedì,19:30-21:00,Settimanale,,Servitore Insegnante Mantova,375 887 6759,,info@arcatlombardia.it,,APCAT Mantova,,,45.1523,10.7934,EXACT_VENUE,ACTIVE_VERIFIED_2026,,,,2026-09-21 09:45:39,2026-09-21 09:45:39,11
511,SIC-H6AS6VMD-W9D2CNQT-Q,C.A.T. Amicizia Mantova,LOCAL_CLUB,Lombardia,MN,Mantova,"c/o Parrocchia Ognissanti, C.so Vittorio Emanuele 146",46100,Martedì,19:30-21:00,Settimanale,,Servitore Insegnante Mantova,375 887 6759,,info@arcatlombardia.it,,APCAT Mantova,,,45.1581,10.7872,EXACT_VENUE,ACTIVE_VERIFIED_2026,,,,2026-09-21 09:45:39,2026-09-21 09:45:39,11
512,SIC-5M0FXD0K-SSE6R2Q2-F,C.A.T. Rivivere Mantova,LOCAL_CLUB,Lombardia,MN,Mantova,"c/o Circoscrizione Sud, Via Facciotto 7",46100,Lunedì,18:30-20:00,Settimanale,,Servitore Insegnante Mantova,375 887 6759,,info@arcatlombardia.it,,APCAT Mantova,,,45.1452,10.7781,EXACT_VENUE,ACTIVE_VERIFIED_2026,,,,2026-09-21 09:45:39,2026-09-21 09:45:39,11
513,SIC-71XZTR4W-JSBTGTD2-B,C.A.T. Porta Aperta Bozzolo,LOCAL_CLUB,Lombardia,MN,Bozzolo,Via Giuseppe Paccini 2,46012,Martedì,19:00-20:30,Settimanale,,Servitore Insegnante Bozzolo,375 887 6759,,info@arcatlombardia.it,,APCAT Mantova,,,45.1023,10.4851,EXACT_VENUE,ACTIVE_VERIFIED_2026,,,,2026-09-21 09:45:39,2026-09-21 09:45:39,11
514,SIC-72BW5VFQ-97N2A6MZ-9,C.A.T. Solidarietà - Libertà Castiglione,LOCAL_CLUB,Lombardia,MN,Castiglione delle Stiviere,"c/o Centro Anziani Anni d'Argento, Via Ordanino 11",46043,Martedì,18:30-20:00,Settimanale,,Servitore Insegnante Castiglione,375 887 6759,,info@arcatlombardia.it,,APCAT Mantova,,,45.3934,10.4952,EXACT_VENUE,ACTIVE_VERIFIED_2026,,,,2026-09-21 09:45:39,2026-09-21 09:45:39,11
515,SIC-9YJWGFHP-BA8JDV50-Q,C.A.T. Anemone Monzambano,LOCAL_CLUB,Lombardia,MN,Monzambano,"c/o Sala Civica, Via Umberto I",46040,Martedì,20:00-21:30,Settimanale,,Servitore Insegnante Monzambano,375 887 6759,,info@arcatlombardia.it,,APCAT Mantova,,,45.3871,10.6934,EXACT_VENUE,ACTIVE_VERIFIED_2026,,,,2026-09-21 09:45:39,2026-09-21 09:45:39,11
516,SIC-1XR97DYY-A31RKVT7-R,C.A.T. Le Ninfee Rivalta,LOCAL_CLUB,Lombardia,MN,Rodigo,"c/o Oratorio Parrocchiale, Piazza Chiesa 6, Rivalta sul Mincio",46040,Mercoledì,20:00-21:30,Settimanale,,Servitore Insegnante Rivalta,375 887 6759,,info@arcatlombardia.it,,APCAT Mantova,,,45.1984,10.6651,EXACT_VENUE,ACTIVE_VERIFIED_2026,,,,2026-09-21 09:45:39,2026-09-21 09:45:39,11
517,SIC-06B38K70-ZZKWKXTT-5,C.A.T. Gabbiano azzurro San Giorgio,LOCAL_CLUB,Lombardia,MN,San Giorgio Bigarello,"c/o Centro Culturale, Via Frida Kahlo 40",46038,Mercoledì,19:00-20:30,Settimanale,,Servitore Insegnante San Giorgio,375 887 6759,,info@arcatlombardia.it,,APCAT Mantova,,,45.1681,10.8492,EXACT_VENUE,ACTIVE_VERIFIED_2026,,,,2026-09-21 09:45:39,2026-09-21 09:45:39,11
518,SIC-9RTY5Q6E-0NZY9RP1-C,C.A.T. Orizzonti Cremona,LOCAL_CLUB,Lombardia,CR,Cremona,Centro Cittadino Cremona,26100,Mercoledì,20:00,Settimanale,,Servitore Insegnante Cremona,375 887 6759,,info@arcatlombardia.it,,A.C.A.T. Cremona,,,45.1332,10.0224,EXACT_VENUE,ACTIVE_VERIFIED_2026,,,,2026-09-21 09:45:39,2026-09-21 09:45:39,11
519,SIC-1QA7HXT9-0PGWH32Z-P,C.A.T. Zero doppio zero Cremona,LOCAL_CLUB,Lombardia,CR,Cremona,Sede Cittadina Cremona,26100,Mercoledì,18:30,Settimanale,,Servitore Insegnante Cremona,375 887 6759,,info@arcatlombardia.it,,A.C.A.T. Cremona,,,45.1365,10.0271,EXACT_VENUE,ACTIVE_VERIFIED_2026,,,,2026-09-21 09:45:39,2026-09-21 09:45:39,11
520,SIC-4133N81D-YY6RBQRA-B,C.A.T. n° 12 La Rosa Blù Cremona,LOCAL_CLUB,Lombardia,CR,Cremona,Sede Civica Cremona,26100,Mercoledì,18:00,Settimanale,,Servitore Insegnante Cremona,375 887 6759,,info@arcatlombardia.it,,A.C.A.T. Cremona,,,45.1315,10.021,EXACT_VENUE,ACTIVE_VERIFIED_2026,,,,2026-09-21 09:45:39,2026-09-21 09:45:39,11
521,SIC-64J7QME8-ETM0NCMZ-M,C.A.T. Amicizia Cicognolo,LOCAL_CLUB,Lombardia,CR,Cicognolo,Centro Parrocchiale Cicognolo,26030,Martedì,18:30,Settimanale,,Servitore Insegnante Cicognolo,375 887 6759,,info@arcatlombardia.it,,A.C.A.T. Cremona,,,45.1662,10.1984,EXACT_VENUE,ACTIVE_VERIFIED_2026,,,,2026-09-21 09:45:39,2026-09-21 09:45:39,11
522,SIC-6YBS5W5Z-8E2RQ3HZ-2,C.A.T. Soresina,LOCAL_CLUB,Lombardia,CR,Soresina,Centro Civico Soresina,26015,Venerdì,20:45,Settimanale,,Servitore Insegnante Soresina,375 887 6759,,info@arcatlombardia.it,,A.C.A.T. Cremona,,,45.2891,9.8582,EXACT_VENUE,ACTIVE_VERIFIED_2026,,,,2026-09-21 09:45:39,2026-09-21 09:45:39,11
523,SIC-EEAESW4G-VHZDRF2W-D,C.A.T. Speranza Vescovato,LOCAL_CLUB,Lombardia,CR,Vescovato,Sala Civica Vescovato,26039,Mercoledì,18:30,Settimanale,,Servitore Insegnante Vescovato,375 887 6759,,info@arcatlombardia.it,,A.C.A.T. Cremona,,,45.1745,10.1652,EXACT_VENUE,ACTIVE_VERIFIED_2026,,,,2026-09-21 09:45:39,2026-09-21 09:45:39,11
524,SIC-HP0A94V3-Y91RZHAB-6,C.A.T. San Giovanni Lecco,LOCAL_CLUB,Lombardia,LC,Lecco,"Rione San Giovanni, Lecco",23900,Venerdì,20:30,Settimanale,,Servitore Insegnante Lecco,375 887 6759,,info@arcatlombardia.it,,A.C.A.T. Lecchese,,,45.8642,9.3981,EXACT_VENUE,ACTIVE_VERIFIED_2026,,,,2026-09-21 09:45:39,2026-09-21 09:45:39,11
525,SIC-V2V108BV-388V6QB3-H,C.A.T. Oggiono,LOCAL_CLUB,Lombardia,LC,Oggiono,Centro Parrocchiale Oggiono,23848,Martedì,20:30,Settimanale,,Servitore Insegnante Oggiono,375 887 6759,,info@arcatlombardia.it,,A.C.A.T. Lecchese,,,45.7921,9.3492,EXACT_VENUE,ACTIVE_VERIFIED_2026,,,,2026-09-21 09:45:39,2026-09-21 09:45:39,11
526,SIC-V91FJ2ZB-VXJDMPGV-E,C.A.T. Stella Sondrio,LOCAL_CLUB,Lombardia,SO,Sondrio,Centro Cittadino Sondrio,23100,Mercoledì,20:30,Settimanale,,Servitore Insegnante Sondrio,375 887 6759,,info@arcatlombardia.it,,A.C.A.T. Valtellinese,,,46.1712,9.8715,EXACT_VENUE,ACTIVE_VERIFIED_2026,,,,2026-09-21 09:45:39,2026-09-21 09:45:39,11
527,SIC-RRAR5PN5-95PZK8SF-9,C.A.T. Excelsior Sondrio,LOCAL_CLUB,Lombardia,SO,Sondrio,Centro Parrocchiale Sondrio,23100,Martedì,21:00,Settimanale,,Servitore Insegnante Sondrio,375 887 6759,,info@arcatlombardia.it,,A.C.A.T. Valtellinese,,,46.1691,9.8682,EXACT_VENUE,ACTIVE_VERIFIED_2026,,,,2026-09-21 09:45:39,2026-09-21 09:45:39,11
528,SIC-8ASMDQPV-VHQ13HFA-7,C.A.T. Furio Ercole Ferri Luino,LOCAL_CLUB,Lombardia,VA,Luino,Centro Comunitario Luino,21016,Lunedì,20:00,Settimanale,,Servitore Insegnante Luino,375 887 6759,,info@arcatlombardia.it,,A.C.A.T. Varese,,,45.9984,8.7431,EXACT_VENUE,ACTIVE_VERIFIED_2026,,,,2026-09-21 09:45:39,2026-09-21 09:45:39,11
529,SIC-V0396JG8-WJ288C0H-P,C.A.T. La Fenice Lavena Ponte Tresa,LOCAL_CLUB,Lombardia,VA,Lavena Ponte Tresa,Centro Civico Ponte Tresa,21037,Giovedì,20:30,Settimanale,,Servitore Insegnante Lavena,375 887 6759,,info@arcatlombardia.it,,A.C.A.T. Varese,,,45.9681,8.8572,EXACT_VENUE,ACTIVE_VERIFIED_2026,,,,2026-09-21 09:45:39,2026-09-21 09:45:39,11
530,SIC-FBCV9K2T-KT6AJRT6-F,C.A.T. Passo dopo Passo Cuveglio,LOCAL_CLUB,Lombardia,VA,Cuveglio,Centro Sociale Cuveglio,21030,Lunedì,20:30,Settimanale,,Servitore Insegnante Cuveglio,375 887 6759,,info@arcatlombardia.it,,A.C.A.T. Varese,,,45.9062,8.7341,EXACT_VENUE,ACTIVE_VERIFIED_2026,,,,2026-09-21 09:45:39,2026-09-21 09:45:39,11
531,SIC-FB0V2GK9-66DTHP78-7,C.A.T. Tutti per uno Cocquio Trevisago,LOCAL_CLUB,Lombardia,VA,Cocquio-Trevisago,Centro Anziani Cocquio Trevisago,21034,Martedì,20:30,Settimanale,,Servitore Insegnante Cocquio,375 887 6759,,info@arcatlombardia.it,,A.C.A.T. Varese,,,45.8621,8.6892,EXACT_VENUE,ACTIVE_VERIFIED_2026,,,,2026-09-21 09:45:39,2026-09-21 09:45:39,11
532,SIC-QJ6W7307-RX3KJV4B-G,ACAT Trento Centro,ASSOCIATION,Trentino-Alto Adige,TN,Trento,Viale dei Tigli 4,38122,Mercoledì,20:00,Settimanale,,Coordinatore ACAT Trento,0461 914451,,segreteria@apcattrentino-centrostudi.it,,APCAT Trentino ODV,,,46.0612,11.1274,EXACT_VENUE,ACTIVE_VERIFIED_2026,,,,2026-09-21 09:45:39,2026-09-21 09:45:39,11
533,SIC-NAW85MST-8BM7YWX9-J,ACAT Vallagarina Rovereto,ASSOCIATION,Trentino-Alto Adige,TN,Rovereto,"Centro Civico Bione, Via S. Pellico 16",38068,Giovedì,20:30,Settimanale,,Coordinatore ACAT Vallagarina,0461 914451,,segreteria@apcattrentino-centrostudi.it,,APCAT Trentino ODV,,,45.8904,11.0421,EXACT_VENUE,ACTIVE_VERIFIED_2026,,,,2026-09-21 09:45:39,2026-09-21 09:45:39,11
534,SIC-Q4VZWYFC-DWKKPZY2-4,ACAT Valsugana Orientale e Tesino,ASSOCIATION,Trentino-Alto Adige,TN,Borgo Valsugana,Centro Servizi Territoriali,38051,Lunedì,20:00,Settimanale,,Coordinatore Valsugana Orientale,0461 914451,,segreteria@apcattrentino-centrostudi.it,,APCAT Trentino ODV,,,46.0521,11.4562,EXACT_VENUE,ACTIVE_VERIFIED_2026,,,,2026-09-21 09:45:39,2026-09-21 09:45:39,11
535,SIC-3277MTJV-1M1G8ZEA-2,ACAT Alta Valsugana Pergine,ASSOCIATION,Trentino-Alto Adige,TN,Pergine Valsugana,Via Guglielmi 19,38057,Martedì,20:30,Settimanale,,Coordinatore Alta Valsugana,0461 914451,,segreteria@apcattrentino-centrostudi.it,,APCAT Trentino ODV,,,46.0634,11.2381,EXACT_VENUE,ACTIVE_VERIFIED_2026,,,,2026-09-21 09:45:39,2026-09-21 09:45:39,11
536,SIC-HF63PZW9-NMTE63X2-T,ACAT Alto Garda e Ledro,ASSOCIATION,Trentino-Alto Adige,TN,Arco,"Villa Althamer, Via Paolina Caproni Maini",38062,Mercoledì,20:00,Settimanale,,Coordinatore Alto Garda,0461 914451,,segreteria@apcattrentino-centrostudi.it,,APCAT Trentino ODV,,,45.9184,10.8841,EXACT_VENUE,ACTIVE_VERIFIED_2026,,,,2026-09-21 09:45:39,2026-09-21 09:45:39,11
537,SIC-SHPS0NB1-CHFPRYAW-C,ARCAT Liguria Sede Regionale,FEDERATION_REGIONAL,Liguria,GE,Genova,Vico di Mezzagalera 4R,16123,Lunedì-Venerdì,09:00-18:00,Settimanale,,Presidente ARCAT Liguria,010 2512125,,associazione@arcat-liguria.com,,AICAT,,,44.4091,8.9324,EXACT_VENUE,ACTIVE_VERIFIED_2026,,,,2026-09-21 09:45:39,2026-09-21 09:45:39,11
538,SIC-ER7PZBV0-RCJXN39M-H,ACAT Savona Genova Sede Ponente,ASSOCIATION,Liguria,SV,Savona,"Presso Casa AMA, Via Crispi 20 A",17100,Martedì,18:00,Settimanale,,Referente ACAT Savona,371 3076538,,associazione@acatsavonagenova.it,,ARCAT Liguria,,,44.3072,8.4784,EXACT_VENUE,ACTIVE_VERIFIED_2026,,,,2026-09-21 09:45:39,2026-09-21 09:45:39,11
539,SIC-6JQ12N15-RMHPKZH5-9,ACAT Sesto-Campi-Peretola-Firenze,ASSOCIATION,Toscana,FI,Firenze,"Presso Parrocchia S. Pietro a Quaracchi, Via di San Biagio a Petriolo",50145,Giovedì,20:30,Settimanale,,Presidente ACAT Firenze Nord,055 417763,,segreteria@arcattoscana.it,,ARCAT Toscana,,,43.7991,11.1824,EXACT_VENUE,ACTIVE_VERIFIED_2026,,,,2026-09-21 09:45:39,2026-09-21 09:45:39,11
540,SIC-DDFB6M5C-2P46VCP9-B,ACAT Lucca e Garfagnana,ASSOCIATION,Toscana,LU,Lucca,Piazza San Ponziano 4,55100,Martedì,20:45,Settimanale,,Referente ACAT Lucca,0583 490515,,segreteria@arcattoscana.it,,ARCAT Toscana,,,43.8421,10.5052,EXACT_VENUE,ACTIVE_VERIFIED_2026,,,,2026-09-21 09:45:39,2026-09-21 09:45:39,11
541,SIC-J0A6QT17-A640V2RX-Z,ACAT Livorno e Bassa Val di Cecina,ASSOCIATION,Toscana,LI,Livorno,Via Galilei 17,57122,Mercoledì,20:30,Settimanale,,Referente ACAT Livorno,0586 892211,,segreteria@arcattoscana.it,,ARCAT Toscana,,,43.5512,10.3164,EXACT_VENUE,ACTIVE_VERIFIED_2026,,,,2026-09-21 09:45:39,2026-09-21 09:45:39,11
542,SIC-82SZJJ0J-XVSFSPP9-S,ACAT Pistoia e Valdinievole,ASSOCIATION,Toscana,PT,Pistoia,Via del Can Bianco 33,51100,Mercoledì,20:30,Settimanale,,Referente ACAT Pistoia,0573 368112,,segreteria@arcattoscana.it,,ARCAT Toscana,,,43.9332,10.9174,EXACT_VENUE,ACTIVE_VERIFIED_2026,,,,2026-09-21 09:45:39,2026-09-21 09:45:39,11
543,SIC-GJ22P84Y-M4P45T6V-3,èAèCèAèTè èAèDèIèGèEè è–è èLèEèSèSèIèNèIèAè èOèDèVè,TERRITORIAL_ACAT,Veneto,VR,èSè.è èAèmèbèrèoègèièoè èdèiè èVèaèlèpèoèlèiècèeèlèlèaè è(èVèRè)è,"èVèièaè èDèoèmèeègèlèièaèrèaè,è è1è",è3è7è0è1è5è,,,Mensile,,èCèhèièaèrèaè èUèrèbèaènèiè,è0è4è5è è6è8è6è1è8è5è0è,,èaècèaètèaèdèiègèeèlèeèsèsèiènèièaè@ègèmèaèièlè.ècèoèmè,,ARCAT Veneto,,,45.5173518,10.8064973,EXACT_VENUE,ACTIVE_VERIFIED_2026,,,,2026-09-21 11:10:00,2026-09-21 11:10:00,45
544,SIC-64MZ3W7T-64GJWWNM-5,èAèCèAèTè èAèGèOèRèDèIèNèAè èOèDèVè,TERRITORIAL_ACAT,Veneto,VR,èAègèoèrèdèoè è(èBèLè)è,"èVèièaèlèeè èSèoèmèmèaèrèièvèaè,è ènè.è è1è4è",è3è2è0è2è1è,,,Mensile,,èGèaèièaèrèdèiè èEènèrèiècèoè,è3è3è3è è8è2è1è1è5è9è5è,,èaècèaètèaègèoèrèdèiènèaè@èlèièbèeèrèoè.èiètè,,ARCAT Veneto,,,46.2822725,12.0330334,EXACT_VENUE,ACTIVE_VERIFIED_2026,,,,2026-09-21 11:10:00,2026-09-21 11:10:00,45
545,SIC-JHDEZ2CX-NNADH1ZF-D,èAèCèAèTè èAèLèIè èDèEèLèLèAè èLèIèBèEèRèTèÀè èOèDèVè,TERRITORIAL_ACAT,Veneto,VR,èMèoènètèeèbèeèlèlèuènèaè è(èTèVè)è,"èPèièaèzèzèaè èVèièeènènèaè,è è2è1è/è6è",è3è1è0è3è1è,,,Mensile,,èGèièoèvèaènènèiè èLèièeèvèoèrèeè,è3è5è1è è3è7è8è2è2è0è4è,,èiènèfèoè@èaècèaètèaèlèièdèeèlèlèaèlèièbèeèrètèaè.èiètè,,ARCAT Veneto,,,45.7860635,12.005102,EXACT_VENUE,ACTIVE_VERIFIED_2026,,,,2026-09-21 11:10:00,2026-09-21 11:10:00,45
546,SIC-1HBDJT7W-HWD4S5Q1-J,èAèCèAèTè èBèAèLèDèOè èGèAèRèDèAè èOèDèVè,TERRITORIAL_ACAT,Veneto,VR,èGèaèrèdèaè,"èVèièaè èCèrèièsètèoè èFèoèrèoè èCèoèlèoèmèbèoè,è è2è",è3è7è0è1è6è,,,Mensile,,èCèaèpèaènècèièoènèiè èMèaèrèièaè èFèrèaènècèaè,è3è3è8è è6è2è8è3è9è6è6è,,èaècèaètèbèaèlèdèoègèaèrèdèaè@ègèmèaèièlè.ècèoèmè,,ARCAT Veneto,,,45.578107,10.697794,EXACT_VENUE,ACTIVE_VERIFIED_2026,,,,2026-09-21 11:10:00,2026-09-21 11:10:00,45
547,SIC-Q1RSTT2F-XVHEYGEF-1,èAèCèAèTè èBèAèSèSèAè èPèAèDèOèVèAèNèAè èOèDèVè,TERRITORIAL_ACAT,Veneto,VR,èMèoènèsèeèlèiècèeè,"èVèièaè èCèaènèdèièeè,è ènè.è è7è",è3è5è0è4è3è,,,Mensile,,èGèièaènècèaèrèlèoè èZèeècècèhèiènèaètèoè,è3è3è8è è9è2è3è1è0è6è8è,,èaècèaètè.èbèaèsèsèaèpèaèdèoèvèaènèaè@ègèmèaèièlè.ècèoèmè,,ARCAT Veneto,,,45.2264865,11.7385812,EXACT_VENUE,ACTIVE_VERIFIED_2026,,,,2026-09-21 11:10:00,2026-09-21 11:10:00,45
548,SIC-H14B9WP9-2HF2TR2D-E,èAèCèAèTè èBèAèSèSèOè èPèIèAèVèEè èOèDèVè,TERRITORIAL_ACAT,Veneto,VR,èSèaènè èDèoènèàè èdèiè èPèièaèvèeè è(èVèEè)è,"èVèièaè èSèvèeèzèièaè,è ènè.è2è/è4è",è3è0è0è2è7è,,,Mensile,,èLèièvèièaènèaè èBèoèsècèoèlèoè,è0è4è2è1è è4è8è9è9è6è3è è/è è3è5è3è è4è7è9è2è4è8è2è,,èaècèaètèbèaèsèsèoèpèièaèvèeè@ègèmèaèièlè.ècèoèmè,,ARCAT Veneto,,,45.6375039,12.5717441,EXACT_VENUE,ACTIVE_VERIFIED_2026,,,,2026-09-21 11:10:00,2026-09-21 11:10:00,45
549,SIC-YH1EPRKP-186NH08G-Y,èAèCèAèTè èBèAèSèSèOè èPèOèLèEèSèIèNèEè èOèDèVè,TERRITORIAL_ACAT,Veneto,VR,èTèaègèlèièoè èdèiè èPèOè è(èRèOè)è,"èVèièaèlèeè èKèeènènèeèdèyè,è ènè.è è6è3è",è4è5è0è1è9è,,,Mensile,,èCèrèièsètèièaènèaè èFèrèeègènèaènè,è3è7è6è è1è5è1è6è3è0è1è,,èaècèaètè.èbèaèsèsèoèpè@ètèièsècèaèlèiè.èiètè,,ARCAT Veneto,,,45.0057984,12.2175519,EXACT_VENUE,ACTIVE_VERIFIED_2026,,,,2026-09-21 11:10:00,2026-09-21 11:10:00,45
550,SIC-YV2Q1V93-WWR6YVJY-A,èAèCèAèTè èBèAèSèSèOè èVèEèRèOèNèEèSèEè èOèDèVè,TERRITORIAL_ACAT,Veneto,VR,èNèoègèaèrèaè è(èVèRè)è,"èVèièaè èRèaèfèfèaè,ènè.è è2è1è",è3è7è0è5è4è,,,Mensile,,èRèoèbèeèrètèoè èBèaècècèaèrèoè,è3è4è9è è0è0è3è9è6è2è5è,,èaècèaètè.èbèaèsèsèoèvèeèrèoènèeèsèeè@ègèmèaèièlè.ècèoèmè,,ARCAT Veneto,,,45.1677142,11.0470788,EXACT_VENUE,ACTIVE_VERIFIED_2026,,,,2026-09-21 11:10:00,2026-09-21 11:10:00,45
551,SIC-TZ74P9BW-4MCFDPKX-M,èAèCèAèTè èBèAèSèSèOè èVèIèCèEèNèTèIèNèOè èOèDèVè,TERRITORIAL_ACAT,Veneto,VR,èNèoèvèeènètèaè èVèiècèeènètèiènèaè,"èVèièaè èCèaèpèoè èdèiè èSèoèpèrèaè,è ènè.è è3è",è3è6è0è2è5è,,,Mensile,,èFèaèbèièoè èFèeèrèrèiègèoèlèoè,è3è3è5è è5è2è8è3è9è8è7è,,èaècèaètèbèaèsèsèoèvèiècèeènètèiènèoè@èlèièbèeèrèoè.èiètè,,ARCAT Veneto,,,45.2952888,11.5353631,EXACT_VENUE,ACTIVE_VERIFIED_2026,,,,2026-09-21 11:10:00,2026-09-21 11:10:00,45
552,SIC-6FWSZ3YG-SH8AZRJJ-Y,èAèCèAèTè èBèEèLèLèUèNèOè èOèDèVè,TERRITORIAL_ACAT,Veneto,VR,èBèeèlèlèuènèoè,"èVèièaè èdèeèlè èPèièaèvèeè,è ènè.è5è",è3è2è1è0è0è,,,Mensile,,èFèrèaènècèoè èLèièvèaènè,è3è3è3è è9è6è0è0è3è6è0è,,èaècèaètèbèeèlèlèuènèoè@ègèmèaèièlè.ècèoèmè,,ARCAT Veneto,,,46.13577,12.21918,EXACT_VENUE,ACTIVE_VERIFIED_2026,,,,2026-09-21 11:10:00,2026-09-21 11:10:00,45
553,SIC-RD3VS18X-QY4VG2ZD-A,èAèCèAèTè èCèAèMèPèOèSèAèMèPèIèEèRèOè èOèDèVè,TERRITORIAL_ACAT,Veneto,VR,èCèaèmèpèoèsèaèmèpèièeèrèoè è(èPèDè)è,"èVèièaè èCèoèsèmèaè,è ènè.è è1è",è3è5è0è1è2è,,,Mensile,,èAèlèeèsèsèaènèdèrèoè èBèuèsèaètètèoè,è3è4è8è è4è8è1è1è1è4è3è,,èaècèaètècèaèmèpèoèsèaèmèpèièeèrèoè@ègèmèaèièlè.ècèoèmè,,ARCAT Veneto,,,45.56442,11.9285888,EXACT_VENUE,ACTIVE_VERIFIED_2026,,,,2026-09-21 11:10:00,2026-09-21 11:10:00,45
554,SIC-QQ631VYR-8QDV8DWA-0,èAèCèAèTè èCèOèLèLèIè èEèUèGèAèNèEèIè èOèDèVè,TERRITORIAL_ACAT,Veneto,VR,èTèoèrèrèeègèlèièaè è(èPèDè)è,èVèièaè èVèiètètèoèrèièoè èVè.ètèoè.è ènè.è è7è,è3è5è0è3è8è,,,Mensile,,èWèaèlètèeèrè èVèiègèoè,è3è4è9è è7è2è5è7è4è1è5è,,èaècèaètè.ècèoèlèlèiè@èlèièbèeèrèoè.èiètè,,ARCAT Veneto,,,45.3351763,11.7314351,EXACT_VENUE,ACTIVE_VERIFIED_2026,,,,2026-09-21 11:10:00,2026-09-21 11:10:00,45
555,SIC-K75MPDYN-30ATW2PQ-8,èAèCèAèTè èEèCèOèLèOèGèIèAè èSèOèCèIèAèLèEè èOèDèVè,TERRITORIAL_ACAT,Veneto,VR,èPèaèdèoèvèaè,"èVèièaè èAè.è èCèaèvèaèlèeètètèoè,è ènè.è è3è",è3è5è1è2è2è,,,Mensile,,èBèuècèuèrèeèsècèuè èAèlèiènèaè,è3è4è8è è3è3è0è4è8è2è0è,,èaècèaètèeècèoèlèoègèièaèsèoècèièaèlèeèpèdè@ègèmèaèièlè.ècèoèmè,,ARCAT Veneto,,,45.3978395,11.873742,EXACT_VENUE,ACTIVE_VERIFIED_2026,,,,2026-09-21 11:10:00,2026-09-21 11:10:00,45
556,SIC-23MT5VHM-S8CDDE91-T,èAèCèAèTè èFèEèLèTèRèEè èOèDèVè,TERRITORIAL_ACAT,Veneto,VR,èFèeèlètèrèeè,"èVèièaè èBèoèsècèaèrèièzè,è ènè.è è2è",è3è2è0è3è2è,,,Mensile,,èGèièaènèfèrèaènècèoè èTèaèuèfèeèrè,è3è3è9è è6è0è3è9è1è8è0è,,èaècèaètè.èfèeèlètèrèeè@èlèièbèeèrèoè.èiètè,,ARCAT Veneto,,,46.0219922,11.9038674,EXACT_VENUE,ACTIVE_VERIFIED_2026,,,,2026-09-21 11:10:00,2026-09-21 11:10:00,45
557,SIC-ABY6Z7W1-SDVM1EQJ-X,èAèCèAèTè èLèAè èSèPèEèRèAèNèZèAè èOèDèVè,TERRITORIAL_ACAT,Veneto,VR,èVèièsènèaèdèeèlèlèoè èdèiè èSèpèrèeèsèièaènèoè è(èTèVè)è,"èVèièaè èMèoènèsèiègènèoèrè èCèoènèdèoètètèaè,è ènè.è è1è",è3è1è0è2è0è,,,Mensile,,èLèaèuèrèaè èBèoèrètèoèlèuèzèzèiè,è3è3è1è è8è0è9è7è0è0è7è,,èlèaèuèrèaè.èbèoèrètèoèlèuèzèzèiè@èhèoètèmèaèièlè.èiètè,,ARCAT Veneto,,,45.7627796,12.2561887,EXACT_VENUE,ACTIVE_VERIFIED_2026,,,,2026-09-21 11:10:00,2026-09-21 11:10:00,45
558,SIC-MTST0A3M-XTGZY2SH-E,èAèCèAèTè èMèEèSèTèRèEè èOèDèVè,TERRITORIAL_ACAT,Veneto,VR,èMèaèrègèhèeèrèaè è(èVèEè)è,"èVèièaè èDèoènè èOèrèièoènèeè,è ènè.è è4è",è3è0è1è7è5è,,,Mensile,,èPèaèoèlèaè èBèeèrègèoè,è3è5è1è è3è8è8è7è9è1è0è,,èaècèaètèmèeèsètèrèeè@ègèmèaèièlè.ècèoèmè,,ARCAT Veneto,,,45.4633014,12.2226503,EXACT_VENUE,ACTIVE_VERIFIED_2026,,,,2026-09-21 11:10:00,2026-09-21 11:10:00,45
559,SIC-1J1AV7S6-W6NK8AZW-D,èAèCèAèTè èNèOèRèDè èEèSèTè èOèDèVè,TERRITORIAL_ACAT,Veneto,VR,èCèaèsètèeèlèfèrèaènècèoè èVèeènèeètèoè è(èTèVè)è,"èVèièaè èdèeèiè èCèaèrèpèaènèiè,è ènè.è è1è6è/èzè",è3è1è0è3è3è,,,Mensile,,èAèlèbèaènèeèsèeè èMèièrècèoè,è0è4è2è3è è7è2è0è5è8è1è,,èaècèaètènèoèrèdèeèsètè@ègèmèaèièlè.ècèoèmè,,ARCAT Veneto,,,45.679444,11.9319373,EXACT_VENUE,ACTIVE_VERIFIED_2026,,,,2026-09-21 11:10:00,2026-09-21 11:10:00,45
560,SIC-KYAW959P-15MJSQ9W-P,èAèCèAèTè èNèUèOèVèIè èOèRèIèZèZèOèNèTèIè èOèDèVè,TERRITORIAL_ACAT,Veneto,VR,èSèaènè èBèièaègèièoè èdèiè èCèaèlèlèaèlètèaè è(èTèVè)è,"èVèièaè è2è èGèièuègènèoè,è è4è5è",è3è1è0è4è8è,,,Mensile,,èLèuècèièoè èSèpèrèiècèiègèoè,è3è7è1è è1è5è2è0è7è4è0è,,èaècèaètè.ènèuèoèvèiè.èoèrèièzèzèoènètèiè@ègèmèaèièlè.ècèoèmè,,ARCAT Veneto,,,45.6869315,12.3808904,EXACT_VENUE,ACTIVE_VERIFIED_2026,,,,2026-09-21 11:10:00,2026-09-21 11:10:00,45
561,SIC-RGRAYZGS-3AP5QTKV-9,èAèCèAèTè èPèAèDèOèVèAè èOèDèVè,TERRITORIAL_ACAT,Veneto,VR,èPèaèdèoèvèaè,"èVèièaè èAèlèsèaèzèièaè,è ènè.è è3è/ècè",è3è5è1è2è7è,,,Mensile,,èGèièoèvèaènènèiè èMèaèrèièaè èZèaènèoènè,è3è7è6è è1è2è1è8è7è4è1è,,èaècèaètèpèaèdèoèvèaè@èlèièbèeèrèoè.èiètè,,ARCAT Veneto,,,45.402474,11.9438795,EXACT_VENUE,ACTIVE_VERIFIED_2026,,,,2026-09-21 11:10:00,2026-09-21 11:10:00,45
562,SIC-3XTTS1B2-BPMED9YQ-R,èAèCèAèTè èPèEèDèEèMèOèNèTèAèNèAè èOèDèVè,TERRITORIAL_ACAT,Veneto,VR,èSècèhèièoè,"èVèièaè èDèaènèièeèlèeè èMèaènèiènè,è ènè.è1è",è3è6è0è1è5è,,,Mensile,,èFèlèoèrèeènètèiènèaè èBèaècèoèsècèaè,è3è4è9è è1è9è4è0è0è6è8è,,èaècèaètèpèeèdèeèmèoènètèaènèaè@ègèmèaèièlè.ècèoèmè,,ARCAT Veneto,,,45.7125771,11.3640959,EXACT_VENUE,ACTIVE_VERIFIED_2026,,,,2026-09-21 11:10:00,2026-09-21 11:10:00,45
563,SIC-2W3DE776-X4REF6GZ-S,èAèCèAèTè èPèOèLèEèSèIèNèEè èOèCèCèIèDèEèNèTèAèLèEè èOèDèVè,TERRITORIAL_ACAT,Veneto,VR,èLèeènèdèiènèaèrèaè è(èRèOè)è,èVèièaè èCèaèdèuètèiè èsèuèlè èLèaèvèoèrèoè,è4è5è0è2è6è,,,Mensile,,èZèaèmèpèoèlèlèiè èLèuèiègèiè,è3è3è5è è6è0è4è8è3è3è0è è/è è3è4è9è è5è3è8è0è5è6è6è,,èaècèaètèpèoèlèoècècè@ègèmèaèièlè.ècèoèmè,,ARCAT Veneto,,,45.1265897,11.8717755,EXACT_VENUE,ACTIVE_VERIFIED_2026,,,,2026-09-21 11:10:00,2026-09-21 11:10:00,45
564,SIC-W2G37Q4T-GS4SM6C4-Z,èAèCèAèTè èPèOèRèTèOèGèRèUèAèRèEèSèEè èOèDèVè,TERRITORIAL_ACAT,Veneto,VR,èPèoèrètèoègèrèuèaèrèoè,"èVèièaè èAèlèdèoè èMèoèrèoè,è ènè.è è9è2è",è3è0è0è2è6è,,,Mensile,,èBèoèzèzèaètèoè èIèdèaè,è3è3è9è è1è3è3è3è8è8è6è,,èaècèaètèpèoèrètèoègèrèuèaèrèeèsèeè@ègèmèaèièlè.ècèoèmè,,ARCAT Veneto,,,45.7805064,12.8568242,EXACT_VENUE,ACTIVE_VERIFIED_2026,,,,2026-09-21 11:10:00,2026-09-21 11:10:00,45
565,SIC-D9YGVDDT-970EK2YA-F,èAèCèAèTè èSèIèNèIèSèTèRèAè èPèIèAèVèEè èOèDèVè,TERRITORIAL_ACAT,Veneto,VR,èCèoènèeègèlèièaènèoè è(èTèVè)è,"èVèièaè èMèaèsèeètè,è ènè.è è1è",è3è1è0è1è5è,,,Mensile,,èAènèdèrèeèaè èBèoèrèiènè,è3è4è0è è5è7è2è8è3è9è4è,,èiènèfèoè@èaècèaètèsèiènèièsètèrèaèpèièaèvèeè.èiètè,,ARCAT Veneto,,,45.8826916,12.3045493,EXACT_VENUE,ACTIVE_VERIFIED_2026,,,,2026-09-21 11:10:00,2026-09-21 11:10:00,45
566,SIC-9CNJNEV7-EYQMMZSV-Q,èAèCèAèTè èSèIèRèIèUèSè èOèDèVè,TERRITORIAL_ACAT,Veneto,VR,èBèuèsèsèoèlèeènègèoè(èVèRè)è,"èVèièaè èSèaènè èVèaèlèeènètèiènèoè,è è3è6è",è3è7è0è1è2è,,,Mensile,,èRèaèfèfèaèeèlèlèoè èMèoènètèrèeèsèoèrè,è3è3è1è è2è9è5è7è2è3è4è,,èaècèaètèsèièrèièuèsè@èlèièbèeèrèoè.èiètè,,ARCAT Veneto,,,45.4719393,10.8508132,EXACT_VENUE,ACTIVE_VERIFIED_2026,,,,2026-09-21 11:10:00,2026-09-21 11:10:00,45
567,SIC-MGAYF86G-1TZT2ASZ-N,èAèCèAèTè èTèRèEèVèIèSèOè èOèDèVè,TERRITORIAL_ACAT,Veneto,VR,èMèoègèlèièaènèoè èVèeènèeètèoè è(èTèVè)è,"èVèièaè èRèoènèzèiènèeèlèlèaè,è ènè.è è1è7è6è",è3è1è0è2è1è,,,Mensile,,èBèoèlèdèrèiènè èAènètèoènèièoè,è3è3è6è è8è7è1è6è1è0è0è,,èaècèaètètèrèeèvèièsèoè@èlèièbèeèrèoè.èiètè,,ARCAT Veneto,,,45.5533724,12.2518884,EXACT_VENUE,ACTIVE_VERIFIED_2026,,,,2026-09-21 11:10:00,2026-09-21 11:10:00,45
568,SIC-Z32APCBC-8S9P1DG1-A,èAèCèAèTè èVèAèLèCèHèIèAèMèPèOè èOèDèVè,TERRITORIAL_ACAT,Veneto,VR,èAèrèzèiègènèaènèoè è(èVèIè)è,"èVèièaè èGè.è èBèoènèaèzèzèiè,è ènè.è è2è8è",è3è6è0è7è1è,,,Mensile,,èBèeèrètèiènèaètèoè èFèrèaènècèoè èLèuèiègèiè èMèaèrèièaè,è3è3è5è è7è0è0è1è4è2è0è,,èaècèaètèvèaèlècèhèièaèmèpèoè@èaèrècèaètèvèeènèeètèoè.èiètè,,ARCAT Veneto,,,45.5224355,11.3317863,EXACT_VENUE,ACTIVE_VERIFIED_2026,,,,2026-09-21 11:10:00,2026-09-21 11:10:00,45
569,SIC-DBS4Z8FV-TT8ESY0M-Z,èAèCèAèTè èVèAèLèLèEèAèGèNèOè èOèDèVè,TERRITORIAL_ACAT,Veneto,VR,èVèaèlèdèaègènèoè,"èVèièaèlèeè èRèeègèiènèaè èMèaèrègèhèeèrèiètèaè,è ènè.è è4è2è",è3è6è0è7è8è,,,Mensile,,èGèièaènèfèrèaènècèoè èTèrèeètètèeènèeèrèoè,è3è3è3è è4è8è3è6è4è3è5è,,èaècèaètèvèaèlèlèeèaègènèoè@ègèmèaèièlè.ècèoèmè,,ARCAT Veneto,,,45.6385901,11.301746,EXACT_VENUE,ACTIVE_VERIFIED_2026,,,,2026-09-21 11:10:00,2026-09-21 11:10:00,45
570,SIC-E65RQA7S-G9MDY0M4-G,èAèCèAèTè èVèAèLèOèRèIè èNèUèOèVèIè èOèDèVè,TERRITORIAL_ACAT,Veneto,VR,èTèhèièeènèeè,"èVèièaè è1è°è èMèaègègèièoè,è ènè.è è1è5è",è3è6è0è1è6è,,,Mensile,,èAèlèeèsèsèaènèdèrèoè èDèaèlè èBèoèsècèoè,è3è5è1è è8è1è0è2è7è3è1è,,èaècèaètèvèaèlèoèrèiènèuèoèvèiè@ègèmèaèièlè.ècèoèmè,,ARCAT Veneto,,,45.7020682,11.4765839,EXACT_VENUE,ACTIVE_VERIFIED_2026,,,,2026-09-21 11:10:00,2026-09-21 11:10:00,45
571,SIC-XP2R1XPP-T2K3PC7G-B,èAèCèAèTè èVèEèNèEèZèIèAè èOèDèVè,TERRITORIAL_ACAT,Veneto,VR,èMèaèrègèhèeèrèaè è(èVèEè)è,"èVèièaè èFèoèsèsèoèmèbèrèoènèiè,è ènè.è è1è7è",è3è0è1è7è5è,,,Mensile,,èAènètèoènèièoè èAèsèaèrèoè,è3è4è6è è0è3è9è7è2è7è7è,,èaècèaètèvèeènèeèzèièaè@èyèaèhèoèoè.èiètè,,ARCAT Veneto,,,45.476511,12.2195935,EXACT_VENUE,ACTIVE_VERIFIED_2026,,,,2026-09-21 11:10:00,2026-09-21 11:10:00,45
572,SIC-KNAEHPG8-WT5THK0J-0,èAèCèAèTè èVèEèRèOèNèAè èEèSèTè èOèDèVè,TERRITORIAL_ACAT,Veneto,VR,èVèeèrèoènèaè,"èPèièaèzèzèaè èFèrèuègèoèsèeè,è ènè,è è7è/èBè",è3è7è1è3è2è,,,Mensile,,èFèeèdèeèrèiècèaè èCèaègèaèlèiè,è0è4è5è è9è7è3è3è2è2è,,èaècèaètèvèeèrèoènèaèeèsètè@ègèmèaèièlè.ècèoèmè,,ARCAT Veneto,,,45.4335449,11.0520634,EXACT_VENUE,ACTIVE_VERIFIED_2026,,,,2026-09-21 11:10:00,2026-09-21 11:10:00,45
573,SIC-C0VV3F9C-S4C11WH9-C,èAèCèAèTè èVèEèRèOèNèAè èOèDèVè,TERRITORIAL_ACAT,Veneto,VR,èVèeèrèoènèaè,"èVèièaè èPèuègèlèièeè,è è7è/èaè",è3è7è1è3è9è,,,Mensile,,èCèoèmèeèlèiè èPèaèoèlèaè,è0è4è5è è5è7è6è3è9è5è è/è è3è5è1è è9è8è7è1è5è8è1è,,èaècèaètèvèeèrèoènèaè@ètèièsècèaèlèiè.èiètè,,ARCAT Veneto,,,45.4555664,10.9507531,EXACT_VENUE,ACTIVE_VERIFIED_2026,,,,2026-09-21 11:10:00,2026-09-21 11:10:00,45
574,SIC-AEVSFBFR-DWB5QAD9-J,èAèCèAèTè èVèEèRèOèNèAè èSèUèDè èOèDèVè,TERRITORIAL_ACAT,Veneto,VR,èVèeèrèoènèaè,"èVèièaè èVèoèlètèuèrènèoè,è ènè.è è2è0è/èAè",è3è7è1è3è5è,,,Mensile,,èMèaènèaèrèeèaè èGèièoèvèaènènèiè,è0è4è5è è8è2è0è5è1è7è5è,,èaècèaètèvèrèsèuèdè@ègèmèaèièlè.ècèoèmè,,ARCAT Veneto,,,45.4153995,10.9864152,EXACT_VENUE,ACTIVE_VERIFIED_2026,,,,2026-09-21 11:10:00,2026-09-21 11:10:00,45
575,SIC-1XZGB93J-KFHXKV48-8,èAèCèAèTè èVèEèRèOèNèEèSèEè èOèRèIèEèNèTèAèLèEè èOèDèVè,TERRITORIAL_ACAT,Veneto,VR,èSèoèaèvèeè è(èVèRè)è,"èPèièaèzèzèaè èAènètèeènènèaè,è è2è",è3è7è0è3è8è,,,Mensile,,èDèaènèzèiè èFèièoèrèeèlèlèaè,è3è4è8è è8è8è1è3è9è1è8è,,èaècèaètèvèoè@èlèièbèeèrèoè.èiètè,,ARCAT Veneto,,,45.4220989,11.2485809,EXACT_VENUE,ACTIVE_VERIFIED_2026,,,,2026-09-21 11:10:00,2026-09-21 11:10:00,45
576,SIC-GVMRKXZR-48YN81A1-N,èAèCèAèTè èVèIèCèEèNèZèAè èOèDèVè,TERRITORIAL_ACAT,Veneto,VR,èVèiècèeènèzèaè,"èVèièaèlèeè èSèaènè èLèaèzèzèaèrèoè,è ènè.è è1è1è2è",è3è6è1è0è0è,,,Mensile,,èRèoèsèaè èMèaèrèièaè èFèaècècèhèiènè,è3è2è7è è1è9è3è4è7è1è7è,,èaècèaètèvèiècèeènèzèaè@èlèièbèeèrèoè.èiètè,,ARCAT Veneto,,,45.5374513,11.5138463,EXACT_VENUE,ACTIVE_VERIFIED_2026,,,,2026-09-21 11:10:00,2026-09-21 11:10:00,45
577,SIC-318PH8F5-KSN6QVHV-X,èAèCèAèTè èVèIèLèLèAèFèRèAèNèCèAè èCèAèSèTèEèLè èSèCèAèLèIèGèEèRèOè èOèDèVè,TERRITORIAL_ACAT,Veneto,VR,èVèièlèlèaèfèrèaènècèaè è(èVèRè)è,"èVèièaè èFèaènètèoènèiè,è ènè.è è1è",è3è7è0è6è9è,,,Mensile,,èSèièmèoènèeètètèaè èVèeènètèuèrèiè,è0è4è5è è9è8è7è3è3è7è,,èaècèaètè.ècèaèsètèeèlèsècèaèlèiègèeèrèoè@ègèmèaèièlè.ècèoèmè,,ARCAT Veneto,,,45.3493713,10.8379161,EXACT_VENUE,ACTIVE_VERIFIED_2026,,,,2026-09-21 11:10:00,2026-09-21 11:10:00,45
578,SIC-DKNRG91F-FEXY43KP-9,èCèlèuèbè è0è3è è/è è0è4è è/è è2è7è6è,LOCAL_CLUB,Veneto,VR,èRèoènècèaèdèeè,"èVèièaè èVèeècèeèlèièoè,è ènè.è è4è",è3è1è0è5è6è,,,Settimanale,,,è3è7è1è è1è5è2è0è7è4è0è,,èaècèaètè.ènèuèoèvèiè.èoèrèièzèzèoènètèiè@ègèmèaèièlè.ècèoèmè,,èAèCèAèTè èNèUèOèVèIè èOèRèIèZèZèOèNèTèIè èOèDèVè,,,45.6305866,12.3746686,EXACT_VENUE,ACTIVE_VERIFIED_2026,,,,2026-09-21 11:10:00,2026-09-21 11:10:00,11
579,SIC-AMFBD6YZ-ZHF08P8P-1,èCèlèuèbè è1è,LOCAL_CLUB,Veneto,VR,èPèoènèzèaènèoè èVèeènèeètèoè,"èVèièaè èRèuègèaè,è ènè.è è3è8è",è3è1è0è5è0è,,,Settimanale,,,è3è3è6è è8è7è1è6è1è0è0è,,èaècèaètètèrèeèvèièsèoè@èlèièbèeèrèoè.èiètè,,èAèCèAèTè èTèRèEèVèIèSèOè èOèDèVè,,,45.7198221,12.200493,EXACT_VENUE,ACTIVE_VERIFIED_2026,,,,2026-09-21 11:10:00,2026-09-21 11:10:00,11
580,SIC-WC7PRKZ8-TGS0F85N-7,èCèlèuèbè è1è0è,LOCAL_CLUB,Veneto,VR,èQèuèiènètèoè èdèiè èTèrèeèvèièsèoè,èVèiècèoèlèoè èPèièoè èXè,è3è1è0è5è5è,,,Settimanale,,,è3è3è6è è8è7è1è6è1è0è0è,,èaècèaètètèrèeèvèièsèoè@èlèièbèeèrèoè.èiètè,,èAèCèAèTè èTèRèEèVèIèSèOè èOèDèVè,,,45.6358162,12.1646966,EXACT_VENUE,ACTIVE_VERIFIED_2026,,,,2026-09-21 11:10:00,2026-09-21 11:10:00,11
581,SIC-6B0R79EZ-MGPS6MMX-6,"èCèlèuèbè è1è0è2è è""èDèoèlèoè""è",LOCAL_CLUB,Veneto,VR,èDèoèlèoè,"èVèièaè èXèXèIèXè èAèpèrèièlèeè,è ènè.è è2è",è3è0è0è3è1è,,,Settimanale,,,è3è5è1è è3è8è8è7è9è1è0è,,èaècèaètèmèeèsètèrèeè@ègèmèaèièlè.ècèoèmè,,èAèCèAèTè èMèEèSèTèRèEè èOèDèVè,,,45.424464,12.0753332,EXACT_VENUE,ACTIVE_VERIFIED_2026,,,,2026-09-21 11:10:00,2026-09-21 11:10:00,11
582,SIC-PH52WFPV-XZDZWX9R-6,"èCèlèuèbè è1è0è9è è""èLèaè èCèoèmèeètèaè""è",LOCAL_CLUB,Veneto,VR,èVèeèrèoènèaè,"èVèièaè èPèeèrèiènèiè,è ènè.è è7è",è3è7è1è2è2è,,,Settimanale,,,è0è4è5è è9è7è3è3è2è2è,,èaècèaètèvèeèrèoènèaèeèsètè@ègèmèaèièlè.ècèoèmè,,èAèCèAèTè èVèEèRèOèNèAè èEèSèTè èOèDèVè,,,45.4383842,10.9916215,EXACT_VENUE,ACTIVE_VERIFIED_2026,,,,2026-09-21 11:10:00,2026-09-21 11:10:00,11
583,SIC-R78TCPG2-VM053W6S-J,"èCèlèuèbè è1è1è0è è""èRèeègèiènèaè""è",LOCAL_CLUB,Veneto,VR,èVèeèrèoènèaè,"èCèièrècèoènèvèaèlèlèaèzèièoènèeè èPè.è èMèaèrècèoènècèeèlèlèiè,è ènè.è8è/èbè",è3è7è1è2è3è,,,Settimanale,,,è0è4è5è è5è7è6è3è9è5è è/è è3è5è1è è9è8è7è1è5è8è1è,,èaècèaètèvèeèrèoènèaè@ètèièsècèaèlèiè.èiètè,,èAèCèAèTè èVèEèRèOèNèAè èOèDèVè,,,45.4382985,10.9783657,EXACT_VENUE,ACTIVE_VERIFIED_2026,,,,2026-09-21 11:10:00,2026-09-21 11:10:00,11
584,SIC-NGMF7WS8-CFVE067R-W,"èCèlèuèbè è1è1è1è è""èZèeèlèaèrèiènèoè""è",LOCAL_CLUB,Veneto,VR,èZèeèlèaèrèiènèoè,"èVèièaè èPèoèmèiè,è ènè.è è3è",è3è0è1è7è4è,,,Settimanale,,,è3è5è1è è3è8è8è7è9è1è0è,,èaècèaètèmèeèsètèrèeè@ègèmèaèièlè.ècèoèmè,,èAèCèAèTè èMèEèSèTèRèEè èOèDèVè,,,45.516412,12.206325,EXACT_VENUE,ACTIVE_VERIFIED_2026,,,,2026-09-21 11:10:00,2026-09-21 11:10:00,11
585,SIC-D8E9Z44G-H8HBJCD2-D,èCèlèuèbè è1è1è3è,LOCAL_CLUB,Veneto,VR,èLèoènèiègèoè,,è3è6è0è4è5è,,,Settimanale,,,è3è3è5è è5è2è8è3è9è8è7è,,èaècèaètèbèaèsèsèoèvèiècèeènètèiènèoè@èlèièbèeèrèoè.èiètè,,èAèCèAèTè èBèAèSèSèOè èVèIèCèEèNèTèIèNèOè èOèDèVè,,,45.3882751,11.3878624,EXACT_VENUE,ACTIVE_VERIFIED_2026,,,,2026-09-21 11:10:00,2026-09-21 11:10:00,11
586,SIC-9VR23R1D-E7H2X4G7-1,èCèlèuèbè è1è1è4è,LOCAL_CLUB,Veneto,VR,èSèaènè èDèoènèàè èdèiè èPèièaèvèeè,"èVèièaè èCèaèlèvèeècècèhèièaè,è ènè.è è1è",è3è0è0è2è7è,,,Settimanale,,,è0è4è2è1è è4è8è9è9è6è3è è/è è3è5è3è è4è7è9è2è4è8è2è,,èaècèaètèbèaèsèsèoèpèièaèvèeè@ègèmèaèièlè.ècèoèmè,,èAèCèAèTè èBèAèSèSèOè èPèIèAèVèEè èOèDèVè,,,45.63202,12.5863099,EXACT_VENUE,ACTIVE_VERIFIED_2026,,,,2026-09-21 11:10:00,2026-09-21 11:10:00,11
587,SIC-C3W2G32B-QD26SXQ4-S,"èCèlèuèbè è1è1è7è è""èLèaè èRèiènèaèsècèiètèaè""è",LOCAL_CLUB,Veneto,VR,èVèoèlèpèaègèoè èdèeèlè èMèoènètèeèlèlèoè,"èVèièaè èdèeèlè èMèeèdèiècèoè,è ènè.è è3è",è3è1è0è4è0è,,,Settimanale,,,è0è4è2è3è è7è2è0è5è8è1è,,èaècèaètènèoèrèdèeèsètè@ègèmèaèièlè.ècèoèmè,,èAèCèAèTè èNèOèRèDè èEèSèTè èOèDèVè,,,45.7774609,12.1234356,EXACT_VENUE,ACTIVE_VERIFIED_2026,,,,2026-09-21 11:10:00,2026-09-21 11:10:00,11
588,SIC-3KDMDFA1-D8B7ZAYT-C,èCèlèuèbè è1è1è8è,LOCAL_CLUB,Veneto,VR,èPèoèièaènèaè èMèaègègèièoèrèeè,,è3è6è0è2è6è,,,Settimanale,,,è3è3è5è è5è2è8è3è9è8è7è,,èaècèaètèbèaèsèsèoèvèiècèeènètèiènèoè@èlèièbèeèrèoè.èiètè,,èAèCèAèTè èBèAèSèSèOè èVèIèCèEèNèTèIèNèOè èOèDèVè,,,45.2959018,11.4874065,EXACT_VENUE,ACTIVE_VERIFIED_2026,,,,2026-09-21 11:10:00,2026-09-21 11:10:00,11
589,SIC-APEQ0QKB-P91YJR1Q-5,èCèlèuèbè è1è2è0è,LOCAL_CLUB,Veneto,VR,èSèoèsèsèaènèoè,,è3è6è0è4è0è,,,Settimanale,,,è3è3è5è è5è2è8è3è9è8è7è,,èaècèaètèbèaèsèsèoèvèiècèeènètèiènèoè@èlèièbèeèrèoè.èiètè,,èAèCèAèTè èBèAèSèSèOè èVèIèCèEèNèTèIèNèOè èOèDèVè,,,45.3598687,11.516615,EXACT_VENUE,ACTIVE_VERIFIED_2026,,,,2026-09-21 11:10:00,2026-09-21 11:10:00,11
590,SIC-RZ0X016R-11T36CGW-0,èCèlèuèbè è1è2è4è,LOCAL_CLUB,Veneto,VR,èNèeèrèvèeèsèaè èdèeèlèlèaè èBèaètètèaègèlèièaè,èVèièaè èBèoèmèbèaèrèdèièeèrèiè èdèeèlè èRèeè,è3è1è0è4è0è,,,Settimanale,,,è3è3è1è è8è0è9è7è0è0è7è,,èlèaèuèrèaè.èbèoèrètèoèlèuèzèzèiè@èhèoètèmèaèièlè.èiètè,,èAèCèAèTè èLèAè èSèPèEèRèAèNèZèAè èOèDèVè,,,45.8242789,12.2072784,EXACT_VENUE,ACTIVE_VERIFIED_2026,,,,2026-09-21 11:10:00,2026-09-21 11:10:00,11
591,SIC-PEG8XPWS-JAPKKEHF-G,èCèlèuèbè è1è2è7è,LOCAL_CLUB,Veneto,VR,èVèiètètèoèrèièoè èVèeènèeètèoè,"èVèièaè èSèaènè èGèoètètèaèrèdèoè,è ènè.è è9è1è",è3è1è0è2è9è,,,Settimanale,,,è3è4è0è è5è7è2è8è3è9è4è,,èiènèfèoè@èaècèaètèsèiènèièsètèrèaèpèièaèvèeè.èiètè,,èAèCèAèTè èSèIèNèIèSèTèRèAè èPèIèAèVèEè èOèDèVè,,,45.9901648,12.2911673,EXACT_VENUE,ACTIVE_VERIFIED_2026,,,,2026-09-21 11:10:00,2026-09-21 11:10:00,11
592,SIC-1HB0MWM7-9KYNAY5V-Z,"èCèlèuèbè è1è3è è""èTèaèiè èCèaèdèoèrèeè èSèaènè èDèièoènèièsèièoè""è",LOCAL_CLUB,Veneto,VR,èPèièeèvèeè èdèiè èCèaèdèoèrèeè,"èvèièaè èCèàè èdèeè èPèoèlèoè,è ènè.è è2è3è",è3è2è0è4è4è,,,Settimanale,,,è3è3è3è è9è6è0è0è3è6è0è,,èaècèaètèbèeèlèlèuènèoè@ègèmèaèièlè.ècèoèmè,,èAèCèAèTè èBèEèLèLèUèNèOè èOèDèVè,,,46.4238041,12.35792,EXACT_VENUE,ACTIVE_VERIFIED_2026,,,,2026-09-21 11:10:00,2026-09-21 11:10:00,11
593,SIC-07W85BE7-D9130C26-F,"èCèlèuèbè è1è3è1è è""èGèièrèaèsèoèlèeè""è",LOCAL_CLUB,Veneto,VR,èPèaèrèoènèaè,"èVèièaè èAèlèeèsèsèaènèdèrèiè èFèrèaètèeèlèlèiè,è ènè.è1è5è",è3è7è1è2è4è,,,Settimanale,,,è0è4è5è è5è7è6è3è9è5è è/è è3è5è1è è9è8è7è1è5è8è1è,,èaècèaètèvèeèrèoènèaè@ètèièsècèaèlèiè.èiètè,,èAèCèAèTè èVèEèRèOèNèAè èOèDèVè,,,45.3894002,10.9180186,EXACT_VENUE,ACTIVE_VERIFIED_2026,,,,2026-09-21 11:10:00,2026-09-21 11:10:00,11
594,SIC-JY6Y3REW-E3CAAWAZ-N,èCèlèuèbè è1è3è5è,LOCAL_CLUB,Veneto,VR,èCèaèmèpèoèdèaèrèsèeègèoè,"èVèièaè èRèoèmèaè,è è7è",è3è5è0è1è1è,,,Settimanale,,,è3è4è8è è4è8è1è1è1è4è3è,,èaècèaètècèaèmèpèoèsèaèmèpèièeèrèoè@ègèmèaèièlè.ècèoèmè,,èAèCèAèTè èCèAèMèPèOèSèAèMèPèIèEèRèOè èOèDèVè,,,45.5028091,11.9074122,EXACT_VENUE,ACTIVE_VERIFIED_2026,,,,2026-09-21 11:10:00,2026-09-21 11:10:00,11
595,SIC-1JW0RX1Y-3E65X8V5-0,"èCèlèuèbè è1è3è6è è""èPèrèièmèaèvèeèrèaè""è",LOCAL_CLUB,Veneto,VR,èAèlètèièvèoèlèeè,"èVèièaè èRèoèmèaè,è ènè.è è2è1è",è3è1è0è3è0è,,,Settimanale,,,è0è4è2è3è è7è2è0è5è8è1è,,èaècèaètènèoèrèdèeèsètè@ègèmèaèièlè.ècèoèmè,,èAèCèAèTè èNèOèRèDè èEèSèTè èOèDèVè,,,45.7544389,11.9568561,EXACT_VENUE,ACTIVE_VERIFIED_2026,,,,2026-09-21 11:10:00,2026-09-21 11:10:00,11
596,SIC-9SM64A1M-CYKV4MPN-4,èCèlèuèbè è1è3è7è,LOCAL_CLUB,Veneto,VR,èAèrècèaèdèeè,"èVèièaè èMèaèrèaènègèoènèaè,è ènè.è3è6è",è3è1è0è3è0è,,,Settimanale,,,è3è3è1è è8è0è9è7è0è0è7è,,èlèaèuèrèaè.èbèoèrètèoèlèuèzèzèiè@èhèoètèmèaèièlè.èiètè,,èAèCèAèTè èLèAè èSèPèEèRèAèNèZèAè èOèDèVè,,,45.7787657,12.2238847,EXACT_VENUE,ACTIVE_VERIFIED_2026,,,,2026-09-21 11:10:00,2026-09-21 11:10:00,11
597,SIC-9771QV90-PM2PJE40-0,èCèlèuèbè è1è4è2è,LOCAL_CLUB,Veneto,VR,èVèiètètèoèrèièoè èVèeènèeètèoè,"èVèièaè èAènètèoènèièoè èFèoègèaèzèzèaèrèoè,è ènè.è è2è8è",è3è2è0è2è9è,,,Settimanale,,,è3è4è0è è5è7è2è8è3è9è4è,,èiènèfèoè@èaècèaètèsèiènèièsètèrèaèpèièaèvèeè.èiètè,,èAèCèAèTè èSèIèNèIèSèTèRèAè èPèIèAèVèEè èOèDèVè,,,45.9911914,12.2965597,EXACT_VENUE,ACTIVE_VERIFIED_2026,,,,2026-09-21 11:10:00,2026-09-21 11:10:00,11
598,SIC-EGKWGPEH-FDJZM1NK-9,èCèlèuèbè è1è4è5è,LOCAL_CLUB,Veneto,VR,èCèoèrèrèeèzèzèoèlèaè,"èVèièaèlèeè èMèeèlèzèiè,è ènè.è è3è",è3è5è0è2è0è,,,Settimanale,,,è3è3è8è è9è2è3è1è0è6è8è,,èaècèaètè.èbèaèsèsèaèpèaèdèoèvèaènèaè@ègèmèaèièlè.ècèoèmè,,èAèCèAèTè èBèAèSèSèAè èPèAèDèOèVèAèNèAè èOèDèVè,,,45.2372363,12.0666998,EXACT_VENUE,ACTIVE_VERIFIED_2026,,,,2026-09-21 11:10:00,2026-09-21 11:10:00,11
599,SIC-STZG5TCH-FRVNQV4R-S,"èCèlèuèbè è1è4è6è è""èCèaèrèpèeènèeèdèoè-èFèaèvèaèrèoè""è",LOCAL_CLUB,Veneto,VR,èMèeèsètèrèeè,"èVèiècèoèlèoè èdèeèlèlèaè èPèiènèeètèaè,è ènè.è è3è",è3è0è1è7è4è,,,Settimanale,,,è3è5è1è è3è8è8è7è9è1è0è,,èaècèaètèmèeèsètèrèeè@ègèmèaèièlè.ècèoèmè,,èAèCèAèTè èMèEèSèTèRèEè èOèDèVè,,,45.5044425,12.265808,EXACT_VENUE,ACTIVE_VERIFIED_2026,,,,2026-09-21 11:10:00,2026-09-21 11:10:00,11
600,SIC-Z1TTDH86-WWA5CCS3-Y,"èCèlèuèbè è1è5è è""èLèaè èRèoènèdèiènèeè""è",LOCAL_CLUB,Veneto,VR,èPèoèrètèoègèrèuèaèrèoè,"èVèièaè èAèlèdèoè èMèoèrèoè,è ènè.è è9è2è",è3è0è0è2è6è,,,Settimanale,,,è3è3è9è è1è3è3è3è8è8è6è,,èaècèaètèpèoèrètèoègèrèuèaèrèeèsèeè@ègèmèaèièlè.ècèoèmè,,èAèCèAèTè èPèOèRèTèOèGèRèUèAèRèEèSèEè èOèDèVè,,,45.7805064,12.8568242,EXACT_VENUE,ACTIVE_VERIFIED_2026,,,,2026-09-21 11:10:00,2026-09-21 11:10:00,11
601,SIC-HWQ928M6-1N9QVED2-K,èCèlèuèbè è1è5è1è,LOCAL_CLUB,Veneto,VR,èMèoèrètèièsèeè è-è èPèaèdèoèvèaè,"èVèièaè èBèaèjèaèrèdèiè,è ènè.è è5è",è3è5è1è2è9è,,,Settimanale,,,è3è7è6è è1è2è1è8è7è4è1è,,èaècèaètèpèaèdèoèvèaè@èlèièbèeèrèoè.èiètè,,èAèCèAèTè èPèAèDèOèVèAè èOèDèVè,,,45.4266705,11.9074028,EXACT_VENUE,ACTIVE_VERIFIED_2026,,,,2026-09-21 11:10:00,2026-09-21 11:10:00,11
602,SIC-WHGT502P-4RK6GYVV-4,èCèlèuèbè è1è5è7è,LOCAL_CLUB,Veneto,VR,èSèièlèeèaè,"èVèièaè èDèoènè èMèiènèzèoènèiè,è ènè.è è1è",è3è1è0è5è7è,,,Settimanale,,,è3è3è6è è8è7è1è6è1è0è0è,,èaècèaètètèrèeèvèièsèoè@èlèièbèeèrèoè.èiètè,,èAèCèAèTè èTèRèEèVèIèSèOè èOèDèVè,,,45.65411,12.2981699,EXACT_VENUE,ACTIVE_VERIFIED_2026,,,,2026-09-21 11:10:00,2026-09-21 11:10:00,11
603,SIC-9NGN7T4J-G1R4MTCP-X,èCèlèuèbè è1è6è,LOCAL_CLUB,Veneto,VR,èBèrèeèdèaè èdèiè èPèièaèvèeè,"èVèièaè èOèlèièvèiè,è ènè.è è1è6è",è3è1è0è3è0è,,,Settimanale,,,è3è3è1è è8è0è9è7è0è0è7è,,èlèaèuèrèaè.èbèoèrètèoèlèuèzèzèiè@èhèoètèmèaèièlè.èiètè,,èAèCèAèTè èLèAè èSèPèEèRèAèNèZèAè èOèDèVè,,,45.724638,12.3314727,EXACT_VENUE,ACTIVE_VERIFIED_2026,,,,2026-09-21 11:10:00,2026-09-21 11:10:00,11
604,SIC-J90ZVT46-FQDCH9AZ-9,èCèlèuèbè è1è6è0è,LOCAL_CLUB,Veneto,VR,èSèaènèdèrèiègèoè,èPèièaèzèzèaè èZèaènèeèlèlèaè ènè.è è1è1è,è3è6è0è6è6è,,,Settimanale,,,è3è2è7è è1è9è3è4è7è1è7è,,èaècèaètèvèiècèeènèzèaè@èlèièbèeèrèoè.èiètè,,èAèCèAèTè èVèIèCèEèNèZèAè èOèDèVè,,,45.65684,11.6023,EXACT_VENUE,ACTIVE_VERIFIED_2026,,,,2026-09-21 11:10:00,2026-09-21 11:10:00,11
605,SIC-9HVT7J7A-7TRWQECE-1,èCèlèuèbè è1è6è3è,LOCAL_CLUB,Veneto,VR,èSè.è èGèièoèrègèièoè èdèeèlèlèeè èPèeèrètèiècèhèeè è/è èVèiègèoèdèaèrèzèeèrèeè,"èVèièaè èRèoèmèaè,è è6è4è",è3è5è0è1è0è,,,Settimanale,,,è3è4è8è è4è8è1è1è1è4è3è,,èaècèaètècèaèmèpèoèsèaèmèpèièeèrèoè@ègèmèaèièlè.ècèoèmè,,èAèCèAèTè èCèAèMèPèOèSèAèMèPèIèEèRèOè èOèDèVè,,,45.5419279,11.9124699,EXACT_VENUE,ACTIVE_VERIFIED_2026,,,,2026-09-21 11:10:00,2026-09-21 11:10:00,11
606,SIC-1HHD7P8Y-6936YYAM-3,"èCèlèuèbè è1è6è7è è""èIèlè èbèrèuècèoè èeè èlèaè èfèaèrèfèaèlèlèaè""è",LOCAL_CLUB,Veneto,VR,èPèoèrètèoègèrèuèaèrèoè,"èVèièaè èAèlèdèoè èMèoèrèoè,è ènè.è è9è2è",è3è0è0è2è6è,,,Settimanale,,,è3è3è9è è1è3è3è3è8è8è6è,,èaècèaètèpèoèrètèoègèrèuèaèrèeèsèeè@ègèmèaèièlè.ècèoèmè,,èAèCèAèTè èPèOèRèTèOèGèRèUèAèRèEèSèEè èOèDèVè,,,45.7805064,12.8568242,EXACT_VENUE,ACTIVE_VERIFIED_2026,,,,2026-09-21 11:10:00,2026-09-21 11:10:00,11
607,SIC-EK03AD2Z-QSPCACGR-F,"èCèlèuèbè è1è6è8è è""èZèuègèlèièaènèoè""è",LOCAL_CLUB,Veneto,VR,èZèuègèlèièaènèoè,"èVèièaè èMèaèrècèoènèiè,è ènè.è è1è8è",è3è6è0è3è0è,,,Settimanale,,,è3è5è1è è8è1è0è2è7è3è1è,,èaècèaètèvèaèlèoèrèiènèuèoèvèiè@ègèmèaèièlè.ècèoèmè,,èAèCèAèTè èVèAèLèOèRèIè èNèUèOèVèIè èOèDèVè,,,45.7340977,11.5206768,EXACT_VENUE,ACTIVE_VERIFIED_2026,,,,2026-09-21 11:10:00,2026-09-21 11:10:00,11
608,SIC-S3TKYW5X-8NNZZ087-5,èCèlèuèbè è1è6è9è,LOCAL_CLUB,Veneto,VR,èPèièoèmèbèiènèoè èDèeèsèeè,"èPèièaèzèzèaè èPèaèlèlèaèdèièoè,è è1è",è3è5è0è1è7è,,,Settimanale,,,è3è4è8è è4è8è1è1è1è4è3è,,èaècèaètècèaèmèpèoèsèaèmèpèièeèrèoè@ègèmèaèièlè.ècèoèmè,,èAèCèAèTè èCèAèMèPèOèSèAèMèPèIèEèRèOè èOèDèVè,,,45.6075133,11.9978588,EXACT_VENUE,ACTIVE_VERIFIED_2026,,,,2026-09-21 11:10:00,2026-09-21 11:10:00,11
609,SIC-31C6FQAY-SAQ7QYGJ-2,"èCèlèuèbè è1è7è1è è""èSètèièlèeè èdèiè èVèiètèaè""è",LOCAL_CLUB,Veneto,VR,èLèoèrèièaè,"èVèièaè èCèhèièeèsèaè,è ènè.è è4è",è3è1è0è3è7è,,,Settimanale,,,è0è4è2è3è è7è2è0è5è8è1è,,èaècèaètènèoèrèdèeèsètè@ègèmèaèièlè.ècèoèmè,,èAèCèAèTè èNèOèRèDè èEèSèTè èOèDèVè,,,45.7302564,11.8645051,EXACT_VENUE,ACTIVE_VERIFIED_2026,,,,2026-09-21 11:10:00,2026-09-21 11:10:00,11
610,SIC-457FF8M4-5QX4SBYT-F,èCèlèuèbè è1è7è3è,LOCAL_CLUB,Veneto,VR,èCèoèrènèuèdèaè,"èVèièaè èVèeèrèdèiè,è ènè.è2è0è",è3è1è0è4è1è,,,Settimanale,,,è0è4è2è3è è7è2è0è5è8è1è,,èaècèaètènèoèrèdèeèsètè@ègèmèaèièlè.ècèoèmè,,èAèCèAèTè èNèOèRèDè èEèSèTè èOèDèVè,,,45.8325606,12.0066192,EXACT_VENUE,ACTIVE_VERIFIED_2026,,,,2026-09-21 11:10:00,2026-09-21 11:10:00,11
611,SIC-VNWAATM0-MG0TMCTN-B,èCèlèuèbè è1è7è5è,LOCAL_CLUB,Veneto,VR,èVèeènèeèzèièaè,èCèaènènèaèrèeègègèièoè è3è1è6è1è,è3è0è1è2è1è,,,Settimanale,,,è3è4è6è è0è3è9è7è2è7è7è,,èaècèaètèvèeènèeèzèièaè@èyèaèhèoèoè.èiètè,,èAèCèAèTè èVèEèNèEèZèIèAè èOèDèVè,,,45.448123,12.3282018,EXACT_VENUE,ACTIVE_VERIFIED_2026,,,,2026-09-21 11:10:00,2026-09-21 11:10:00,11
612,SIC-K49JRBSP-8N21XV65-4,"èCèlèuèbè è1è7è6è è""èIèlè èVèoèlèoè""è",LOCAL_CLUB,Veneto,VR,èVèaèlèdèaègènèoè,"èVèièaèlèeè èRèeègèiènèaè èMèaèrègèhèeèrèiètèaè,è ènè.è è4è2è",è3è6è0è7è8è,,,Settimanale,,,è3è3è3è è4è8è3è6è4è3è5è,,èaècèaètèvèaèlèlèeèaègènèoè@ègèmèaèièlè.ècèoèmè,,èAèCèAèTè èVèAèLèLèEèAèGèNèOè èOèDèVè,,,45.6385678,11.3016588,EXACT_VENUE,ACTIVE_VERIFIED_2026,,,,2026-09-21 11:10:00,2026-09-21 11:10:00,11
613,SIC-E48E16GN-SK1K8WRA-2,èCèlèuèbè è1è7è7è,LOCAL_CLUB,Veneto,VR,èSèoèaèvèeè,èVèièaè ècèhèièeèsèaè,è3è7è0è3è8è,,,Settimanale,,,è3è4è8è è8è8è1è3è9è1è8è,,èaècèaètèvèoè@èlèièbèeèrèoè.èiètè,,èAèCèAèTè èVèEèRèOèNèEèSèEè èOèRèIèEèNèTèAèLèEè èOèDèVè,,,45.421946,11.2482278,EXACT_VENUE,ACTIVE_VERIFIED_2026,,,,2026-09-21 11:10:00,2026-09-21 11:10:00,11
614,SIC-G6FYP9KT-E21HJ5BW-F,èCèlèuèbè è1è8è,LOCAL_CLUB,Veneto,VR,èMèoènèaèsètèièeèrè,èVèièaè èMèaèrècèoènèiè,è3è1è0è5è0è,,,Settimanale,,,è3è7è1è è1è5è2è0è7è4è0è,,èaècèaètè.ènèuèoèvèiè.èoèrèièzèzèoènètèiè@ègèmèaèièlè.ècèoèmè,,èAèCèAèTè èNèUèOèVèIè èOèRèIèZèZèOèNèTèIè èOèDèVè,,,45.6502654,12.4331489,EXACT_VENUE,ACTIVE_VERIFIED_2026,,,,2026-09-21 11:10:00,2026-09-21 11:10:00,11
615,SIC-YPP77QN4-DAK0N7H7-5,èCèlèuèbè è1è8è2è,LOCAL_CLUB,Veneto,VR,èMèaèsèsèaènèzèaègèoè,"èVèièaè èMèaèrècèoènèiè,è è1è",è3è5è0è1è0è,,,Settimanale,,,è3è4è8è è4è8è1è1è1è4è3è,,èaècèaètècèaèmèpèoèsèaèmèpèièeèrèoè@ègèmèaèièlè.ècèoèmè,,èAèCèAèTè èCèAèMèPèOèSèAèMèPèIèEèRèOè èOèDèVè,,,45.557187,12.004208,EXACT_VENUE,ACTIVE_VERIFIED_2026,,,,2026-09-21 11:10:00,2026-09-21 11:10:00,11
616,SIC-KV2ABA65-EFKZY4Y7-5,èCèlèuèbè è1è8è3è,LOCAL_CLUB,Veneto,VR,èVèièlèlèaè èdèeèlè èCèoènètèeè,"èPèièaèzèzèaè èVèiètètèoèrèièaè,è è1è",è3è5è0è1è0è,,,Settimanale,,,è3è4è8è è4è8è1è1è1è4è3è,,èaècèaètècèaèmèpèoèsèaèmèpèièeèrèoè@ègèmèaèièlè.ècèoèmè,,èAèCèAèTè èCèAèMèPèOèSèAèMèPèIèEèRèOè èOèDèVè,,,45.5839041,11.8595182,EXACT_VENUE,ACTIVE_VERIFIED_2026,,,,2026-09-21 11:10:00,2026-09-21 11:10:00,11
617,SIC-2Q5X4QR0-JA5EWF2A-7,"èCèlèuèbè è1è8è6è è""èMèaèrègèhèeèrèaè""è",LOCAL_CLUB,Veneto,VR,èMèaèrègèhèeèrèaè,"èVèièaè èDèoènè èOèrèièoènèeè,è ènè.è è4è",è3è0è1è7è5è,,,Settimanale,,,è3è5è1è è3è8è8è7è9è1è0è,,èaècèaètèmèeèsètèrèeè@ègèmèaèièlè.ècèoèmè,,èAèCèAèTè èMèEèSèTèRèEè èOèDèVè,,,45.4633015,12.2226504,EXACT_VENUE,ACTIVE_VERIFIED_2026,,,,2026-09-21 11:10:00,2026-09-21 11:10:00,11
618,SIC-ZKM8ZZEN-WDRHJ3Y5-F,"èCèlèuèbè è1è8è7è è""èMèeèsètèrèeè èCèeènètèrèoè""è",LOCAL_CLUB,Veneto,VR,èMèeèsètèrèeè,"èVèièaè èAènèdèrèeèaè èCèoèsètèaè,è ènè.è è1è2è",è3è0è1è7è2è,,,Settimanale,,,è3è5è1è è3è8è8è7è9è1è0è,,èaècèaètèmèeèsètèrèeè@ègèmèaèièlè.ècèoèmè,,èAèCèAèTè èMèEèSèTèRèEè èOèDèVè,,,45.4895663,12.2423033,EXACT_VENUE,ACTIVE_VERIFIED_2026,,,,2026-09-21 11:10:00,2026-09-21 11:10:00,11
619,SIC-TF1PF5JA-1NQQ3XSM-7,"èCèlèuèbè è1è9è4è è""èGèrèeèzèzèaènèaè""è",LOCAL_CLUB,Veneto,VR,èGèrèeèzèzèaènèaè,"èVèièaè èpèoèzèzèoè,è è2è4è",è3è7è0è2è3è,,,Settimanale,,,è0è4è5è è9è7è3è3è2è2è,,èaècèaètèvèeèrèoènèaèeèsètè@ègèmèaèièlè.ècèoèmè,,èAèCèAèTè èVèEèRèOèNèAè èEèSèTè èOèDèVè,,,45.527278,11.0141449,EXACT_VENUE,ACTIVE_VERIFIED_2026,,,,2026-09-21 11:10:00,2026-09-21 11:10:00,11
620,SIC-ANVKFQDG-NPNXKBYQ-Q,"èCèlèuèbè è1è9è6è è""èAèmèiècèoè""è",LOCAL_CLUB,Veneto,VR,èSèaènè èPèièeètèrèoè èMèuèsèsèoèlèiènèoè,,è3è6è0è7è0è,,,Settimanale,,,è3è3è5è è7è0è0è1è4è2è0è,,èaècèaètèvèaèlècèhèièaèmèpèoè@èaèrècèaètèvèeènèeètèoè.èiètè,,èAèCèAèTè èVèAèLèCèHèIèAèMèPèOè èOèDèVè,,,45.582863,11.2578806,EXACT_VENUE,ACTIVE_VERIFIED_2026,,,,2026-09-21 11:10:00,2026-09-21 11:10:00,11
621,SIC-C0T2N590-DA247N1D-C,èCèlèuèbè è1è9è7è,LOCAL_CLUB,Veneto,VR,èDèuèeèvèièlèlèeè,èPèièaèzèzèaè èMèoènèzèaè è(èLèoècèaèlè.è èlèaè èBèaèrècèhèeèsèsèaè)è,è3è6è0è3è1è,,,Settimanale,,,è3è2è7è è1è9è3è4è7è1è7è,,èaècèaètèvèiècèeènèzèaè@èlèièbèeèrèoè.èiètè,,èAèCèAèTè èVèIèCèEèNèZèAè èOèDèVè,,,45.6362501,11.5491611,EXACT_VENUE,ACTIVE_VERIFIED_2026,,,,2026-09-21 11:10:00,2026-09-21 11:10:00,11
622,SIC-JCM2SAAX-T1ARWHJ0-Z,èCèlèuèbè è2è,LOCAL_CLUB,Veneto,VR,èSèaènètèaè èBèoènèaè èdèiè èTèrèeèvèièsèoè,èSètèrèaèdèaè èdèeèlè èGèaèlèeètètèoè,è3è1è1è0è0è,,,Settimanale,,,è3è3è6è è8è7è1è6è1è0è0è,,èaècèaètètèrèeèvèièsèoè@èlèièbèeèrèoè.èiètè,,èAèCèAèTè èTèRèEèVèIèSèOè èOèDèVè,,,45.6798318,12.2270021,EXACT_VENUE,ACTIVE_VERIFIED_2026,,,,2026-09-21 11:10:00,2026-09-21 11:10:00,11
623,SIC-BGBDX6YA-YSSJMNXG-6,èCèlèuèbè è2è0è,LOCAL_CLUB,Veneto,VR,èCèaèvèaèlèlèiènèoè èTèrèeèpèoèrètèiè,"èVèièaè èEèqèuèièlèièaè,è ènè.è è2è",è3è0è0è1è3è,,,Settimanale,,,è0è4è2è1è è4è8è9è9è6è3è è/è è3è5è3è è4è7è9è2è4è8è2è,,èaècèaètèbèaèsèsèoèpèièaèvèeè@ègèmèaèièlè.ècèoèmè,,èAèCèAèTè èBèAèSèSèOè èPèIèAèVèEè èOèDèVè,,,45.4830812,12.5523343,EXACT_VENUE,ACTIVE_VERIFIED_2026,,,,2026-09-21 11:10:00,2026-09-21 11:10:00,11
624,SIC-6WDWGMQS-JCBB058Q-G,èCèlèuèbè è2è0è2è è/è è7è5è5è,LOCAL_CLUB,Veneto,VR,èOèdèeèrèzèoè,"èVèièaè èTèuèrèrèoènèiè,è ènè.è4è",è3è1è0è4è6è,,,Settimanale,,,è3è7è1è è1è5è2è0è7è4è0è,,èaècèaètè.ènèuèoèvèiè.èoèrèièzèzèoènètèiè@ègèmèaèièlè.ècèoèmè,,èAèCèAèTè èNèUèOèVèIè èOèRèIèZèZèOèNèTèIè èOèDèVè,,,45.7800457,12.4924844,EXACT_VENUE,ACTIVE_VERIFIED_2026,,,,2026-09-21 11:10:00,2026-09-21 11:10:00,11
625,SIC-SBJK8QC8-RG9V7NTA-A,"èCèlèuèbè è2è0è3è è""èDèoèlècèeèzèzèaè""è",LOCAL_CLUB,Veneto,VR,èMèoènètèeèbèeèlèlèoè,,è3è6è0è5è4è,,,Settimanale,,,è3è3è5è è7è0è0è1è4è2è0è,,èaècèaètèvèaèlècèhèièaèmèpèoè@èaèrècèaètèvèeènèeètèoè.èiètè,,èAèCèAèTè èVèAèLèCèHèIèAèMèPèOè èOèDèVè,,,45.4594916,11.3851725,EXACT_VENUE,ACTIVE_VERIFIED_2026,,,,2026-09-21 11:10:00,2026-09-21 11:10:00,11
626,SIC-0X7CNEDW-7CKFG3WT-Q,"èCèlèuèbè è2è0è4è è""èSèaècèrèoè èCèuèoèrèeè""è",LOCAL_CLUB,Veneto,VR,èSècèhèièoè,èVèièaè èMèaèrèaèsècèhèiènè,è3è6è0è1è5è,,,Settimanale,,,è3è4è9è è1è9è4è0è0è6è8è,,èaècèaètèpèeèdèeèmèoènètèaènèaè@ègèmèaèièlè.ècèoèmè,,èAèCèAèTè èPèEèDèEèMèOèNèTèAèNèAè èOèDèVè,,,45.7132281,11.3495758,EXACT_VENUE,ACTIVE_VERIFIED_2026,,,,2026-09-21 11:10:00,2026-09-21 11:10:00,11
627,SIC-W04XC4P5-BS6GM0DE-J,"èCèlèuèbè è2è0è8è è""èFèaèrèrèaè èAèlèpèaègèoè""è",LOCAL_CLUB,Veneto,VR,èFèaèrèrèaè èdè’èAèlèpèaègèoè,"èvèièaè èMèaètètèeèoètètèiè,è ènè.è è2è",è3è2è0è1è6è,,,Settimanale,,,è3è3è3è è9è6è0è0è3è6è0è,,èaècèaètèbèeèlèlèuènèoè@ègèmèaèièlè.ècèoèmè,,èAèCèAèTè èBèEèLèLèUèNèOè èOèDèVè,,,46.1215194,12.358608,EXACT_VENUE,ACTIVE_VERIFIED_2026,,,,2026-09-21 11:10:00,2026-09-21 11:10:00,11
628,SIC-MCADS7GB-0WFXF2B0-2,èCèlèuèbè è2è1è0è,LOCAL_CLUB,Veneto,VR,èLèoènèiègèoè,,è3è6è0è4è5è,,,Settimanale,,,è3è3è5è è5è2è8è3è9è8è7è,,èaècèaètèbèaèsèsèoèvèiècèeènètèiènèoè@èlèièbèeèrèoè.èiètè,,èAèCèAèTè èBèAèSèSèOè èVèIèCèEèNèTèIèNèOè èOèDèVè,,,45.3882751,11.3878624,EXACT_VENUE,ACTIVE_VERIFIED_2026,,,,2026-09-21 11:10:00,2026-09-21 11:10:00,11
629,SIC-ZA0GP2M7-3VM37N1Z-Q,èCèlèuèbè è2è1è3è,LOCAL_CLUB,Veneto,VR,èNèoèvèeènètèaè èVèiècèeènètèiènèaè,èVèièaè èCèaèpèoè èdèiè èSèoèpèrèaè ènè.è è3è,è3è6è0è2è5è,,,Settimanale,,,è3è3è5è è5è2è8è3è9è8è7è,,èaècèaètèbèaèsèsèoèvèiècèeènètèiènèoè@èlèièbèeèrèoè.èiètè,,èAèCèAèTè èBèAèSèSèOè èVèIèCèEèNèTèIèNèOè èOèDèVè,,,45.2952888,11.5353631,EXACT_VENUE,ACTIVE_VERIFIED_2026,,,,2026-09-21 11:10:00,2026-09-21 11:10:00,11
630,SIC-712SPB7X-HP97YEHE-2,èCèlèuèbè è2è1è6è,LOCAL_CLUB,Veneto,VR,èEèsètèeè,"èVèièaè èSèaènè èFèeèrèmèoè,è ènè.è è1è0è",è3è5è0è4è2è,,,Settimanale,,,è3è3è8è è9è2è3è1è0è6è8è,,èaècèaètè.èbèaèsèsèaèpèaèdèoèvèaènèaè@ègèmèaèièlè.ècèoèmè,,èAèCèAèTè èBèAèSèSèAè èPèAèDèOèVèAèNèAè èOèDèVè,,,45.2262614,11.6487725,EXACT_VENUE,ACTIVE_VERIFIED_2026,,,,2026-09-21 11:10:00,2026-09-21 11:10:00,11
631,SIC-90QWDSJ1-SC6T1PE5-C,èCèlèuèbè è2è1è9è,LOCAL_CLUB,Veneto,VR,èMèoènètèaègènèaènèaè,"èVèièaè èOèsèpèeèdèaèlèeè,è ènè.è è1è6è",è3è5è0è4è4è,,,Settimanale,,,è3è3è8è è9è2è3è1è0è6è8è,,èaècèaètè.èbèaèsèsèaèpèaèdèoèvèaènèaè@ègèmèaèièlè.ècèoèmè,,èAèCèAèTè èBèAèSèSèAè èPèAèDèOèVèAèNèAè èOèDèVè,,,45.235805,11.4610905,EXACT_VENUE,ACTIVE_VERIFIED_2026,,,,2026-09-21 11:10:00,2026-09-21 11:10:00,11
632,SIC-R3YARZMR-9ZFV2HJ0-G,èCèlèuèbè è2è2è3è,LOCAL_CLUB,Veneto,VR,èFèrèaètètèeè èdèiè èSèaènètèaè èGèièuèsètèiènèaè èiènè èCèoèlèlèeè,èVèièaè èFèoènètèaènèeè èBèièaènècèhèeè,è3è5è0è1è0è,,,Settimanale,,,è3è4è8è è4è8è1è1è1è4è3è,,èaècèaètècèaèmèpèoèsèaèmèpèièeèrèoè@ègèmèaèièlè.ècèoèmè,,èAèCèAèTè èCèAèMèPèOèSèAèMèPèIèEèRèOè èOèDèVè,,,45.5891941,11.9069025,EXACT_VENUE,ACTIVE_VERIFIED_2026,,,,2026-09-21 11:10:00,2026-09-21 11:10:00,11
633,SIC-WW2XPS77-HQJRE9RG-D,èCèlèuèbè è2è2è4è,LOCAL_CLUB,Veneto,VR,èVèièlèlèaènèoèvèaè èdèiè èCèaèmèpèoèsèaèmèpèièeèrèoè,"èPèièaèzèzèaè èMèaèrèièuètètèoè,è è1è0è",è3è5è0è1è0è,,,Settimanale,,,è3è4è8è è4è8è1è1è1è4è3è,,èaècèaètècèaèmèpèoèsèaèmèpèièeèrèoè@ègèmèaèièlè.ècèoèmè,,èAèCèAèTè èCèAèMèPèOèSèAèMèPèIèEèRèOè èOèDèVè,,,45.4888773,11.9719246,EXACT_VENUE,ACTIVE_VERIFIED_2026,,,,2026-09-21 11:10:00,2026-09-21 11:10:00,11
634,SIC-3QAAQP2G-FK1E9HDJ-2,"èCèlèuèbè è2è2è7è è""èMèeèlè""è",LOCAL_CLUB,Veneto,VR,èMèeèlè,"èPèièaèzèzèaè èPèaèpèaè èLèuècèièaènèiè,è ènè.è è7è",è3è2è0è3è5è,,,Settimanale,,,è3è3è9è è6è0è3è9è1è8è0è,,èaècèaètè.èfèeèlètèrèeè@èlèièbèeèrèoè.èiètè,,èAèCèAèTè èFèEèLèTèRèEè èOèDèVè,,,46.06272164,12.07948018,EXACT_VENUE,ACTIVE_VERIFIED_2026,,,,2026-09-21 11:10:00,2026-09-21 11:10:00,11
635,SIC-XTDMK7BE-R095V97C-2,"èCèlèuèbè è2è2è8è è""èLèaè èGèiènèeèsètèrèaè""è",LOCAL_CLUB,Veneto,VR,èVèeèrèoènèaè,"èVèièaè èMèaènètèoèvèaènèaè,è ènè.è è6è6è",è3è7è0è2è6è,,,Settimanale,,,è0è4è5è è8è2è0è5è1è7è5è,,èaècèaètèvèrèsèuèdè@ègèmèaèièlè.ècèoèmè,,èAèCèAèTè èVèEèRèOèNèAè èSèUèDè èOèDèVè,,,45.421688,10.9547006,EXACT_VENUE,ACTIVE_VERIFIED_2026,,,,2026-09-21 11:10:00,2026-09-21 11:10:00,11
636,SIC-QM2ZPREP-9F5910RS-P,"èCèlèuèbè è2è3è0è è""èTèoèrèrèeègèlèièaè""è",LOCAL_CLUB,Veneto,VR,èTèoèrèrèeègèlèièaè,"èVèièaè èVèiètètèoèrèièoè èVè.ètèoè,è ènè.è è7è",è3è5è0è3è8è,,,Settimanale,,,è3è4è9è è7è2è5è7è4è1è5è,,èaècèaètè.ècèoèlèlèiè@èlèièbèeèrèoè.èiètè,,èAèCèAèTè èCèOèLèLèIè èEèUèGèAèNèEèIè èOèDèVè,,,45.3351763,11.7314351,EXACT_VENUE,ACTIVE_VERIFIED_2026,,,,2026-09-21 11:10:00,2026-09-21 11:10:00,11
637,SIC-XNKPAM0Z-44KGEASY-4,"èCèlèuèbè è2è3è3è è""èSèeèlèvèaèzèzèaènèoè""è",LOCAL_CLUB,Veneto,VR,èSèeèlèvèaèzèzèaènèoè èDèeènètèrèoè,"èVèièaè èCè.è èCèoèlèoèmèbèoè,è ènè.è è9è",è3è5è0è3è0è,,,Settimanale,,,è3è4è9è è7è2è5è7è4è1è5è,,èaècèaètè.ècèoèlèlèiè@èlèièbèeèrèoè.èiètè,,èAèCèAèTè èCèOèLèLèIè èEèUèGèAèNèEèIè èOèDèVè,,,45.3848796,11.7935591,EXACT_VENUE,ACTIVE_VERIFIED_2026,,,,2026-09-21 11:10:00,2026-09-21 11:10:00,11
638,SIC-ZK20QKVB-V75H8MYD-S,èCèlèuèbè è2è3è5è,LOCAL_CLUB,Veneto,VR,èEèsètèeè,"èVèièaè èSèaènè èFèeèrèmèoè,è ènè.è è1è0è",è3è5è0è4è2è,,,Settimanale,,,è3è3è8è è9è2è3è1è0è6è8è,,èaècèaètè.èbèaèsèsèaèpèaèdèoèvèaènèaè@ègèmèaèièlè.ècèoèmè,,èAèCèAèTè èBèAèSèSèAè èPèAèDèOèVèAèNèAè èOèDèVè,,,45.2249775,11.6494482,EXACT_VENUE,ACTIVE_VERIFIED_2026,,,,2026-09-21 11:10:00,2026-09-21 11:10:00,11
639,SIC-3TJ90WVV-WZVR2DX6-1,"èCèlèuèbè è2è3è8è è""èMèeèsètèrèiènèoè""è",LOCAL_CLUB,Veneto,VR,èMèeèsètèrèiènèoè,"èVèièaè èMèaèrètèiègènèoènè,è ènè.è è4è",è3è5è0è3è5è,,,Settimanale,,,è3è4è9è è7è2è5è7è4è1è5è,,èaècèaètè.ècèoèlèlèiè@èlèièbèeèrèoè.èiètè,,èAèCèAèTè èCèOèLèLèIè èEèUèGèAèNèEèIè èOèDèVè,,,45.4440561,11.7576375,EXACT_VENUE,ACTIVE_VERIFIED_2026,,,,2026-09-21 11:10:00,2026-09-21 11:10:00,11
640,SIC-E61BJA0F-SZ77QA3G-5,"èCèlèuèbè è2è3è9è è""èDèuè.èDèuè.è""è",LOCAL_CLUB,Veneto,VR,èSèaènè èSètèiènèoè èdèiè èLèièvèeènèzèaè,"èVèièaè èBèrèuènèoè èBèuèoèzèzèiè,è ènè.è è1è8è",è3è0è0è2è9è,,,Settimanale,,,è3è3è9è è1è3è3è3è8è8è6è,,èaècèaètèpèoèrètèoègèrèuèaèrèeèsèeè@ègèmèaèièlè.ècèoèmè,,èAèCèAèTè èPèOèRèTèOèGèRèUèAèRèEèSèEè èOèDèVè,,,45.72457,12.685112,EXACT_VENUE,ACTIVE_VERIFIED_2026,,,,2026-09-21 11:10:00,2026-09-21 11:10:00,11
641,SIC-8E3VMSE5-WBSDHGS2-T,èCèlèuèbè è2è4è0è,LOCAL_CLUB,Veneto,VR,èPèaèdèoèvèaè,"èVèièaè èGèuèaèsètèiè,è ènè.è è1è2è/ècè",è3è5è1è2è4è,,,Settimanale,,,è3è7è6è è1è2è1è8è7è4è1è,,èaècèaètèpèaèdèoèvèaè@èlèièbèeèrèoè.èiètè,,èAèCèAèTè èPèAèDèOèVèAè èOèDèVè,,,45.382089,11.8784357,EXACT_VENUE,ACTIVE_VERIFIED_2026,,,,2026-09-21 11:10:00,2026-09-21 11:10:00,11
642,SIC-FKWV6R0Q-3S1CPNHA-Y,èCèlèuèbè è2è4è1è,LOCAL_CLUB,Veneto,VR,èCèaèdèoènèeègèhèeè,èVèièaè èMèeèjèaènèiègèaè,è3è5è0è1è0è,,,Settimanale,,,è3è7è6è è1è2è1è8è7è4è1è,,èaècèaètèpèaèdèoèvèaè@èlèièbèeèrèoè.èiètè,,èAèCèAèTè èPèAèDèOèVèAè èOèDèVè,,,45.4440542,11.9300958,EXACT_VENUE,ACTIVE_VERIFIED_2026,,,,2026-09-21 11:10:00,2026-09-21 11:10:00,11
643,SIC-7KWX2S6T-G9XVDPY9-8,èCèlèuèbè è2è4è4è,LOCAL_CLUB,Veneto,VR,èFèoèrècèeèlèlèiènèiè è-è èPèaèdèoèvèaè,"èVèièaè èPèrèoèsèdèoècèièmèiè,è ènè.è è2è/èaè",è3è5è1è2è8è,,,Settimanale,,,è3è7è6è è1è2è1è8è7è4è1è,,èaècèaètèpèaèdèoèvèaè@èlèièbèeèrèoè.èiètè,,èAèCèAèTè èPèAèDèOèVèAè èOèDèVè,,,45.3968992,11.9000385,EXACT_VENUE,ACTIVE_VERIFIED_2026,,,,2026-09-21 11:10:00,2026-09-21 11:10:00,11
644,SIC-NX9AAW5J-8M5ERKKC-9,èCèlèuèbè è2è4è5è,LOCAL_CLUB,Veneto,VR,èTèrèeèbèaèsèeèlèeègèhèeè,"èVèièaè èRèuèpèoèlèoè,è è1è",è3è5è0è1è0è,,,Settimanale,,,è3è4è8è è4è8è1è1è1è4è3è,,èaècèaètècèaèmèpèoèsèaèmèpèièeèrèoè@ègèmèaèièlè.ècèoèmè,,èAèCèAèTè èCèAèMèPèOèSèAèMèPèIèEèRèOè èOèDèVè,,,45.595733,12.0542979,EXACT_VENUE,ACTIVE_VERIFIED_2026,,,,2026-09-21 11:10:00,2026-09-21 11:10:00,11
645,SIC-W1NWT7JV-NH6GYCFW-C,èCèlèuèbè è2è4è6è,LOCAL_CLUB,Veneto,VR,èMèaèsèsèaènèzèaègèoè,"èVèièaè èMèaèrècèoènèiè,è è1è",è3è5è0è1è0è,,,Settimanale,,,è3è4è8è è4è8è1è1è1è4è3è,,èaècèaètècèaèmèpèoèsèaèmèpèièeèrèoè@ègèmèaèièlè.ècèoèmè,,èAèCèAèTè èCèAèMèPèOèSèAèMèPèIèEèRèOè èOèDèVè,,,45.557187,12.004208,EXACT_VENUE,ACTIVE_VERIFIED_2026,,,,2026-09-21 11:10:00,2026-09-21 11:10:00,11
646,SIC-K3DQ8FDY-K8CT0PAA-9,"èCèlèuèbè è2è4è9è è""èLèaè èPèrèoèmèeèsèsèaè""è",LOCAL_CLUB,Veneto,VR,èCèaèsètèeèlècèuècècèoè,"èVèièaè èMèoènètèeègèrèaèpèpèaè,è ènè.è è1è",è3è1è0è3è0è,,,Settimanale,,,è0è4è2è3è è7è2è0è5è8è1è,,èaècèaètènèoèrèdèeèsètè@ègèmèaèièlè.ècèoèmè,,èAèCèAèTè èNèOèRèDè èEèSèTè èOèDèVè,,,45.8331054,11.8846606,EXACT_VENUE,ACTIVE_VERIFIED_2026,,,,2026-09-21 11:10:00,2026-09-21 11:10:00,11
647,SIC-CA5EMEGV-D27K73QC-2,èCèlèuèbè è2è5è0è,LOCAL_CLUB,Veneto,VR,èVèoèlètèaèbèaèrèoèzèzèoè è-è èPèaèdèoèvèaè,"èVèièaè èPèièoèvèeèsèeè,è ènè.è6è4è",è3è5è1è2è7è,,,Settimanale,,,è3è7è6è è1è2è1è8è7è4è1è,,èaècèaètèpèaèdèoèvèaè@èlèièbèeèrèoè.èiètè,,èAèCèAèTè èPèAèDèOèVèAè èOèDèVè,,,45.3803056,11.9018342,EXACT_VENUE,ACTIVE_VERIFIED_2026,,,,2026-09-21 11:10:00,2026-09-21 11:10:00,11
648,SIC-E80TX9XW-HRVZRHW1-E,"èCèlèuèbè è2è5è1è è""èVèiètèaè èNèuèoèvèaè""è",LOCAL_CLUB,Veneto,VR,èCèaèsètèeèlèfèrèaènècèoè èVèeènèeètèoè,"èVèièaè èdèeèiè èCèaèrèpèaènèiè,è ènè.è è1è6è/èzè",è3è1è0è3è3è,,,Settimanale,,,è0è4è2è3è è7è2è0è5è8è1è,,èaècèaètènèoèrèdèeèsètè@ègèmèaèièlè.ècèoèmè,,èAèCèAèTè èNèOèRèDè èEèSèTè èOèDèVè,,,45.6784189,11.9330986,EXACT_VENUE,ACTIVE_VERIFIED_2026,,,,2026-09-21 11:10:00,2026-09-21 11:10:00,11
649,SIC-TD25Y2AK-WD8NHT7J-4,èCèlèuèbè è2è5è2è,LOCAL_CLUB,Veneto,VR,èJèeèsèoèlèoè,"èVèièaè èCèeèsèaèrèeè èBèaètètèièsètèiè,ènè.è è8è5è",è3è0è0è1è6è,,,Settimanale,,,è0è4è2è1è è4è8è9è9è6è3è è/è è3è5è3è è4è7è9è2è4è8è2è,,èaècèaètèbèaèsèsèoèpèièaèvèeè@ègèmèaèièlè.ècèoèmè,,èAèCèAèTè èBèAèSèSèOè èPèIèAèVèEè èOèDèVè,,,45.53671,12.64411,EXACT_VENUE,ACTIVE_VERIFIED_2026,,,,2026-09-21 11:10:00,2026-09-21 11:10:00,11
650,SIC-TCP7PTTT-4N60QZG4-8,"èCèlèuèbè è2è5è5è è""èPèeèdèaèvèeènèaè""è",LOCAL_CLUB,Veneto,VR,èPèeèdèaèvèeènèaè,"èVèièaè èRèoèmèaè,è ènè.è è2è4è",è3è2è0è3è4è,,,Settimanale,,,è3è3è9è è6è0è3è9è1è8è0è,,èaècèaètè.èfèeèlètèrèeè@èlèièbèeèrèoè.èiètè,,èAèCèAèTè èFèEèLèTèRèEè èOèDèVè,,,46.0389302,11.8828909,EXACT_VENUE,ACTIVE_VERIFIED_2026,,,,2026-09-21 11:10:00,2026-09-21 11:10:00,11
651,SIC-HCSDVD42-YCJ84W2Y-H,èCèlèuèbè è2è6è0è,LOCAL_CLUB,Veneto,VR,èMèaèrèeènèoè èdèiè è èPèièaèvèeè,"èPèièaèzèzèaè èMèuènèiècèièpèièoè,è ènè.è è4è1è",è3è1è0è1è0è,,,Settimanale,,,è3è4è0è è5è7è2è8è3è9è4è,,èiènèfèoè@èaècèaètèsèiènèièsètèrèaèpèièaèvèeè.èiètè,,èAèCèAèTè èSèIèNèIèSèTèRèAè èPèIèAèVèEè èOèDèVè,,,45.8406903,12.3521586,EXACT_VENUE,ACTIVE_VERIFIED_2026,,,,2026-09-21 11:10:00,2026-09-21 11:10:00,11
652,SIC-1S1JYGBH-1ESNCRX9-9,"èCèlèuèbè è2è6è2è è""èMèaèlèoè""è",LOCAL_CLUB,Veneto,VR,èMèaèlèoè,èPèièaèzèzèaè èZèaènèiènèiè,è3è6è0è3è4è,,,Settimanale,,,è3è4è9è è1è9è4è0è0è6è8è,,èaècèaètèpèeèdèeèmèoènètèaènèaè@ègèmèaèièlè.ècèoèmè,,èAèCèAèTè èPèEèDèEèMèOèNèTèAèNèAè èOèDèVè,,,45.6580345,11.4060208,EXACT_VENUE,ACTIVE_VERIFIED_2026,,,,2026-09-21 11:10:00,2026-09-21 11:10:00,11
653,SIC-H1S8NVFP-95T9F5BG-1,"èCèlèuèbè è2è6è3è è""èLè'èAèmèiècèièzèièaè""è",LOCAL_CLUB,Veneto,VR,èSèaènè èMèaèrètèiènèoè èBèuèoènè èAèlèbèeèrègèoè,èVèièaè èXèXè èSèeètètèeèmèbèrèeè,è3è7è0è3è6è,,,Settimanale,,,è0è4è5è è9è7è3è3è2è2è,,èaècèaètèvèeèrèoènèaèeèsètè@ègèmèaèièlè.ècèoèmè,,èAèCèAèTè èVèEèRèOèNèAè èEèSèTè èOèDèVè,,,45.4236352,11.0875481,EXACT_VENUE,ACTIVE_VERIFIED_2026,,,,2026-09-21 11:10:00,2026-09-21 11:10:00,11
654,SIC-9WS2C8DC-46TVA4BX-2,"èCèlèuèbè è2è6è4è è""èSèeèzèaènèoè""è",LOCAL_CLUB,Veneto,VR,èSèeèzèaènèoè,"èVèièaè èMèeèzèzèoèmèoènètèeè,è è2è8è",è3è7è1è4è2è,,,Settimanale,,,è0è4è5è è9è7è3è3è2è2è,,èaècèaètèvèeèrèoènèaèeèsètè@ègèmèaèièlè.ècèoèmè,,èAèCèAèTè èVèEèRèOèNèAè èEèSèTè èOèDèVè,,,45.5036107,11.0303509,EXACT_VENUE,ACTIVE_VERIFIED_2026,,,,2026-09-21 11:10:00,2026-09-21 11:10:00,11
655,SIC-MJVGCXJ7-A3N4VZBN-6,"èCèlèuèbè è2è6è5è è""èIèlè èGèièrèaèsèoèlèeè""è",LOCAL_CLUB,Veneto,VR,èPèièsèsèaètèoèlèaè èdèiè èTèrèeècèeènètèaè,"èVèièaè èRèoèmèaè,è ènè.è è1è3è3è",è4è5è0è2è7è,,,Settimanale,,,è3è3è5è è6è0è4è8è3è3è0è è/è è3è4è9è è5è3è8è0è5è6è6è,,èaècèaètèpèoèlèoècècè@ègèmèaèièlè.ècèoèmè,,èAèCèAèTè èPèOèLèEèSèIèNèEè èOèCèCèIèDèEèNèTèAèLèEè èOèDèVè,,,45.0493912,11.4705601,EXACT_VENUE,ACTIVE_VERIFIED_2026,,,,2026-09-21 11:10:00,2026-09-21 11:10:00,11
656,SIC-C86S8PJA-TV6KJGX0-F,"èCèlèuèbè è2è6è8è è""èPèeètèrèaè èRèuèbèeèaè""è",LOCAL_CLUB,Veneto,VR,èPèeèdèeèrèoèbèbèaè,"èVèièaè èRèoèmèaè,è ènè.è è6è5è",è3è1è0è4è0è,,,Settimanale,,,è0è4è2è3è è7è2è0è5è8è1è,,èaècèaètènèoèrèdèeèsètè@ègèmèaèièlè.ècèoèmè,,èAèCèAèTè èNèOèRèDè èEèSèTè èOèDèVè,,,45.8777441,11.9487265,EXACT_VENUE,ACTIVE_VERIFIED_2026,,,,2026-09-21 11:10:00,2026-09-21 11:10:00,11
657,SIC-A3CZE828-SSQ3KMH7-7,èCèlèuèbè è2è6è9è,LOCAL_CLUB,Veneto,VR,èVèeènèeèzèièaè,èDèoèrèsèoèdèuèrèoè è1è4è5è4è,è3è0è1è2è3è,,,Settimanale,,,è3è4è6è è0è3è9è7è2è7è7è,,èaècèaètèvèeènèeèzèièaè@èyèaèhèoèoè.èiètè,,èAèCèAèTè èVèEèNèEèZèIèAè èOèDèVè,,,45.43137,12.3229919,EXACT_VENUE,ACTIVE_VERIFIED_2026,,,,2026-09-21 11:10:00,2026-09-21 11:10:00,11
658,SIC-HEE913T6-ZHCGKC9G-1,èCèlèuèbè è2è7è,LOCAL_CLUB,Veneto,VR,èNèaènètèoè,èPèièaèzèzèaè èSèièmèpèoèsèièoè,è3è6è0è2è4è,,,Settimanale,,,è3è3è5è è5è2è8è3è9è8è7è,,èaècèaètèbèaèsèsèoèvèiècèeènètèiènèoè@èlèièbèeèrèoè.èiètè,,èAèCèAèTè èBèAèSèSèOè èVèIèCèEèNèTèIèNèOè èOèDèVè,,,45.4249814,11.5925343,EXACT_VENUE,ACTIVE_VERIFIED_2026,,,,2026-09-21 11:10:00,2026-09-21 11:10:00,11
659,SIC-XZV2Z8AM-WWEYESTR-T,"èCèlèuèbè è2è7è7è è""èRèaègègèièoè èdèiè èSèoèlèeè""è",LOCAL_CLUB,Veneto,VR,èAèrèzèiègènèaènèoè,"èVèièaè èGè.è èBèoènèaèzèzèiè,è ènè.è è2è8è",è3è6è0è7è1è,,,Settimanale,,,è3è3è5è è7è0è0è1è4è2è0è,,èaècèaètèvèaèlècèhèièaèmèpèoè@èaèrècèaètèvèeènèeètèoè.èiètè,,èAèCèAèTè èVèAèLèCèHèIèAèMèPèOè èOèDèVè,,,45.5224355,11.331786,EXACT_VENUE,ACTIVE_VERIFIED_2026,,,,2026-09-21 11:10:00,2026-09-21 11:10:00,11
660,SIC-P5QK8KQF-507TCPEX-H,"èCèlèuèbè è2è7è8è è""èAèuèrèoèrèaè""è",LOCAL_CLUB,Veneto,VR,èAèrèzèiègènèaènèoè,,è3è6è0è7è1è,,,Settimanale,,,è3è3è5è è7è0è0è1è4è2è0è,,èaècèaètèvèaèlècèhèièaèmèpèoè@èaèrècèaètèvèeènèeètèoè.èiètè,,èAèCèAèTè èVèAèLèCèHèIèAèMèPèOè èOèDèVè,,,45.5223525,11.3337046,EXACT_VENUE,ACTIVE_VERIFIED_2026,,,,2026-09-21 11:10:00,2026-09-21 11:10:00,11
661,SIC-YJ71A8M8-KGZRJHPW-J,"èCèlèuèbè è2è7è9è è""èLèièmèaènèaè""è",LOCAL_CLUB,Veneto,VR,èLèièmèaènèaè,"èvèièaè èRèuègègèièeèrèoè èFèièaèbèaènèeè,è ènè.è è3è",è3è2è0è2è0è,,,Settimanale,,,è3è3è3è è9è6è0è0è3è6è0è,,èaècèaètèbèeèlèlèuènèoè@ègèmèaèièlè.ècèoèmè,,èAèCèAèTè èBèEèLèLèUèNèOè èOèDèVè,,,46.1016005,12.1890757,EXACT_VENUE,ACTIVE_VERIFIED_2026,,,,2026-09-21 11:10:00,2026-09-21 11:10:00,11
662,SIC-PWEYZNV7-R0999GRF-S,"èCèlèuèbè è2è8è5è è""èSèoèlèièdèaèlèeè""è",LOCAL_CLUB,Veneto,VR,èCèoèrènèeèdèoè èVèiècèeènètèiènèoè,"èVèièaè èGè.è èZèaènèeèlèlèaè,è ènè.è è1è1è",è3è6è0è7è3è,,,Settimanale,,,è3è3è3è è4è8è3è6è4è3è5è,,èaècèaètèvèaèlèlèeèaègènèoè@ègèmèaèièlè.ècèoèmè,,èAèCèAèTè èVèAèLèLèEèAèGèNèOè èOèDèVè,,,45.6203567,11.3227616,EXACT_VENUE,ACTIVE_VERIFIED_2026,,,,2026-09-21 11:10:00,2026-09-21 11:10:00,11
663,SIC-389G71EZ-2J91SGC1-Q,"èCèlèuèbè è2è8è8è è""èLèaè èCèlèeèsèsèièdèrèaè""è",LOCAL_CLUB,Veneto,VR,èVèeèrèoènèaè,"èCèièrècèoènèvèaèlèlèaèzèièoènèeè èPè.è èMèaèrècèoènècèeèlèlèiè,è ènè.è è8è/èbè",è3è7è1è2è3è,,,Settimanale,,,è0è4è5è è5è7è6è3è9è5è è/è è3è5è1è è9è8è7è1è5è8è1è,,èaècèaètèvèeèrèoènèaè@ètèièsècèaèlèiè.èiètè,,èAèCèAèTè èVèEèRèOèNèAè èOèDèVè,,,45.4382985,10.9783657,EXACT_VENUE,ACTIVE_VERIFIED_2026,,,,2026-09-21 11:10:00,2026-09-21 11:10:00,11
664,SIC-RBF4P5WN-8YYBX47K-T,"èCèlèuèbè è2è9è0è è""èIèlè èCèlèuèbè èdèeèlèlèaè èPèaècèeè""è",LOCAL_CLUB,Veneto,VR,èCèrèoècèeètètèaè èdèeèlè èMèoènètèeèlèlèoè,"èVèièaè èSèaènètè'èAènèdèrèeèaè,è ènè.è è1è",è3è1è0è3è5è,,,Settimanale,,,è0è4è2è3è è7è2è0è5è8è1è,,èaècèaètènèoèrèdèeèsètè@ègèmèaèièlè.ècèoèmè,,èAèCèAèTè èNèOèRèDè èEèSèTè èOèDèVè,,,45.8233396,12.0226157,EXACT_VENUE,ACTIVE_VERIFIED_2026,,,,2026-09-21 11:10:00,2026-09-21 11:10:00,11
665,SIC-1N1HMB9M-4WSHHGH6-5,èCèlèuèbè è2è9è3è,LOCAL_CLUB,Veneto,VR,èMèoènèsèeèlèiècèeè,"èVèièaè èMèaèrècèoènèiè,è ènè è1è9è",è3è5è0è4è3è,,,Settimanale,,,è3è3è8è è9è2è3è1è0è6è8è,,èaècèaètè.èbèaèsèsèaèpèaèdèoèvèaènèaè@ègèmèaèièlè.ècèoèmè,,èAèCèAèTè èBèAèSèSèAè èPèAèDèOèVèAèNèAè èOèDèVè,,,45.2368837,11.755977,EXACT_VENUE,ACTIVE_VERIFIED_2026,,,,2026-09-21 11:10:00,2026-09-21 11:10:00,11
666,SIC-G0HZJDB7-ZD9A80C2-8,"èCèlèuèbè è2è9è9è è""èFèeèlètèrèeè""è",LOCAL_CLUB,Veneto,VR,èFèeèlètèrèeè,"èVèièaè èBèoèsècèaèrèièzè,è ènè.è è2è",è3è2è0è3è2è,,,Settimanale,,,è3è3è9è è6è0è3è9è1è8è0è,,èaècèaètè.èfèeèlètèrèeè@èlèièbèeèrèoè.èiètè,,èAèCèAèTè èFèEèLèTèRèEè èOèDèVè,,,46.0219297,11.9037436,EXACT_VENUE,ACTIVE_VERIFIED_2026,,,,2026-09-21 11:10:00,2026-09-21 11:10:00,11
667,SIC-5WQYP12R-9TMK9743-4,èCèlèuèbè è3è0è,LOCAL_CLUB,Veneto,VR,èMèoègèlèièaènèoè èVèeènèeètèoè,èGèaèlèeèrèièaè èAèlèdèoè èMèoèrèoè,è3è1è0è2è1è,,,Settimanale,,,è3è3è6è è8è7è1è6è1è0è0è,,èaècèaètètèrèeèvèièsèoè@èlèièbèeèrèoè.èiètè,,èAèCèAèTè èTèRèEèVèIèSèOè èOèDèVè,,,45.5583823,12.2514904,EXACT_VENUE,ACTIVE_VERIFIED_2026,,,,2026-09-21 11:10:00,2026-09-21 11:10:00,11
668,SIC-3A807DMN-SKN05RRW-B,èCèlèuèbè è3è0è1è,LOCAL_CLUB,Veneto,VR,èSèaènè èBèièaègèièoè èdèiè èCèaèlèlèaèlètèaè,èVèièaè è2è èGèièuègènèoè,è3è1è0è4è8è,,,Settimanale,,,è3è7è1è è1è5è2è0è7è4è0è,,èaècèaètè.ènèuèoèvèiè.èoèrèièzèzèoènètèiè@ègèmèaèièlè.ècèoèmè,,èAèCèAèTè èNèUèOèVèIè èOèRèIèZèZèOèNèTèIè èOèDèVè,,,45.6860413,12.3786981,EXACT_VENUE,ACTIVE_VERIFIED_2026,,,,2026-09-21 11:10:00,2026-09-21 11:10:00,11
669,SIC-6R1KYYH6-BAZMJG55-5,"èCèlèuèbè è3è0è3è è""èCèiècèlèaèmèiènèoè""è",LOCAL_CLUB,Veneto,VR,èRèoèvèeèrèèè èVèeèrèoènèeèsèeè,"èPèièaèzèzèaè èVèiètètèoèrèièoè èEèmèaènèuèeèlèeè,è ènè.è è1è2è",è3è7è0è2è8è,,,Settimanale,,,è0è4è5è è9è7è3è3è2è2è,,èaècèaètèvèeèrèoènèaèeèsètè@ègèmèaèièlè.ècèoèmè,,èAèCèAèTè èVèEèRèOèNèAè èEèSèTè èOèDèVè,,,45.5930899,11.06578,EXACT_VENUE,ACTIVE_VERIFIED_2026,,,,2026-09-21 11:10:00,2026-09-21 11:10:00,11
670,SIC-CAJQCZRR-0HM1YEAY-G,èCèlèuèbè è3è0è9è,LOCAL_CLUB,Veneto,VR,èVèiègèoènèzèaè,"èVèièaè èPèaèrèaèdèièsèiè,è è4è",è3è5è0è1è0è,,,Settimanale,,,è3è4è8è è4è8è1è1è1è4è3è,,èaècèaètècèaèmèpèoèsèaèmèpèièeèrèoè@ègèmèaèièlè.ècèoèmè,,èAèCèAèTè èCèAèMèPèOèSèAèMèPèIèEèRèOè èOèDèVè,,,45.44874,11.9707,EXACT_VENUE,ACTIVE_VERIFIED_2026,,,,2026-09-21 11:10:00,2026-09-21 11:10:00,11
671,SIC-E8TP7X2H-BKWHMBND-G,"èCèlèuèbè è3è1è è""èPèaèdèoèlèaè èAèièaèrènèoèlèaè""è",LOCAL_CLUB,Veneto,VR,èCèoèmèeèlèiècèoè èSèuèpèeèrèièoèrèeè,"èPèièaèzèzèaè èSèaènè èLèuècèaè,è ènè.è è1è6è",è3è2è0è4è0è,,,Settimanale,,,è3è3è3è è9è6è0è0è3è6è0è,,èaècèaètèbèeèlèlèuènèoè@ègèmèaèièlè.ècèoèmè,,èAèCèAèTè èBèEèLèLèUèNèOè èOèDèVè,,,46.6020864,12.4786108,EXACT_VENUE,ACTIVE_VERIFIED_2026,,,,2026-09-21 11:10:00,2026-09-21 11:10:00,11
672,SIC-7Q5VJWZM-XMPFXE06-9,"èCèlèuèbè è3è1è1è è""èAèlèbèaè""è",LOCAL_CLUB,Veneto,VR,èMèoènètèoèrèsèoè èVèiècèeènètèiènèoè,,è3è6è0è5è0è,,,Settimanale,,,è3è3è5è è7è0è0è1è4è2è0è,,èaècèaètèvèaèlècèhèièaèmèpèoè@èaèrècèaètèvèeènèeètèoè.èiètè,,èAèCèAèTè èVèAèLèCèHèIèAèMèPèOè èOèDèVè,,,45.4879822,11.3638947,EXACT_VENUE,ACTIVE_VERIFIED_2026,,,,2026-09-21 11:10:00,2026-09-21 11:10:00,11
673,SIC-VAMKWTMK-ZK40QGY3-H,"èCèlèuèbè è3è1è3è è""èSèaèrèmèeèoèlèaè""è",LOCAL_CLUB,Veneto,VR,èSèeèrèmèeèoèlèaè èdèiè èRèuèbèaènèoè,"èVèièaèlèeè èPèoè’è,è ènè.è è1è6è",è3è5è0è3è0è,,,Settimanale,,,è3è4è9è è7è2è5è7è4è1è5è,,èaècèaètè.ècèoèlèlèiè@èlèièbèeèrèoè.èiètè,,èAèCèAèTè èCèOèLèLèIè èEèUèGèAèNèEèIè èOèDèVè,,,45.4231887,11.8192178,EXACT_VENUE,ACTIVE_VERIFIED_2026,,,,2026-09-21 11:10:00,2026-09-21 11:10:00,11
674,SIC-YQ2FB21D-DDNR4CJW-C,"èCèlèuèbè è3è1è6è è""èMèaèrècèoènè""è",LOCAL_CLUB,Veneto,VR,èMèaèrècèoènè,"èPèièaèzèzèaè èIèVè èNèoèvèeèmèbèrèeè,è ènè.è è3è3è",è3è0è0è3è0è,,,Settimanale,,,è3è5è1è è3è8è8è7è9è1è0è,,èaècèaètèmèeèsètèrèeè@ègèmèaèièlè.ècèoèmè,,èAèCèAèTè èMèEèSèTèRèEè èOèDèVè,,,45.565339,12.29922,EXACT_VENUE,ACTIVE_VERIFIED_2026,,,,2026-09-21 11:10:00,2026-09-21 11:10:00,11
675,SIC-MJ722ZF7-X7WP7JB3-6,"èCèlèuèbè è3è1è8è è""èPèièoèvèeènèeè""è",LOCAL_CLUB,Veneto,VR,èPèièoèvèeènèeè èRèoècècèhèeètètèeè,"èVèièaè èMèoènètèeè èPèaèsèuèbèièoè,è ènè.è4è7è",è3è6è0è1è3è,,,Settimanale,,,è3è5è1è è8è1è0è2è7è3è1è,,èaècèaètèvèaèlèoèrèiènèuèoèvèiè@ègèmèaèièlè.ècèoèmè,,èAèCèAèTè èVèAèLèOèRèIè èNèUèOèVèIè èOèDèVè,,,45.7453739,11.4229005,EXACT_VENUE,ACTIVE_VERIFIED_2026,,,,2026-09-21 11:10:00,2026-09-21 11:10:00,11
676,SIC-9BP160G2-TEZXVE67-R,"èCèlèuèbè è3è1è9è è""èLè'èAèsècèoèlètèoè""è",LOCAL_CLUB,Veneto,VR,èVèeèrèoènèaè,"èVèièaè èBèrèuènèeèlèlèeèsècèhèiè,è ènè.è è1è2è",è3è7è1è3è8è,,,Settimanale,,,è0è4è5è è5è7è6è3è9è5è è/è è3è5è1è è9è8è7è1è5è8è1è,,èaècèaètèvèeèrèoènèaè@ètèièsècèaèlèiè.èiètè,,èAèCèAèTè èVèEèRèOèNèAè èOèDèVè,,,45.4328755,10.971134,EXACT_VENUE,ACTIVE_VERIFIED_2026,,,,2026-09-21 11:10:00,2026-09-21 11:10:00,11
677,SIC-ST9EXZ3W-PNJT2D2Z-W,"èCèlèuèbè è3è2è è""èIèlè èMèeèlèoègèrèaènèoè""è",LOCAL_CLUB,Veneto,VR,èVèaèlèdèoèbèbèièaèdèeènèeè,"èVèièaè èRèoèmèaè,è ènè.è è3è8è",è3è1è0è4è9è,,,Settimanale,,,è0è4è2è3è è7è2è0è5è8è1è,,èaècèaètènèoèrèdèeèsètè@ègèmèaèièlè.ècèoèmè,,èAèCèAèTè èNèOèRèDè èEèSèTè èOèDèVè,,,45.9006591,11.9896703,EXACT_VENUE,ACTIVE_VERIFIED_2026,,,,2026-09-21 11:10:00,2026-09-21 11:10:00,11
678,SIC-E70KMRMA-61J2KCMP-4,"èCèlèuèbè è3è2è0è è""èSècèiènètèièlèlèaè""è",LOCAL_CLUB,Veneto,VR,èVèaèlèdèoèbèbèièaèdèeènèeè,"èVèièaè èRèoèmèaè,è ènè.è è3è8è",è3è1è0è4è9è,,,Settimanale,,,è0è4è2è3è è7è2è0è5è8è1è,,èaècèaètènèoèrèdèeèsètè@ègèmèaèièlè.ècèoèmè,,èAèCèAèTè èNèOèRèDè èEèSèTè èOèDèVè,,,45.9006591,11.9896703,EXACT_VENUE,ACTIVE_VERIFIED_2026,,,,2026-09-21 11:10:00,2026-09-21 11:10:00,11
679,SIC-4QRMVQ8S-G754GNPV-F,èCèlèuèbè è3è2è3è,LOCAL_CLUB,Veneto,VR,èTèrèeègènèaègèoè,èVèiècèoèlèoè èCèièpèoèlèlèaè è-è èLèeègèaètèaè èCèaèsèaèrèoè,è3è7è0è3è9è,,,Settimanale,,,è3è4è8è è8è8è1è3è9è1è8è,,èaècèaètèvèoè@èlèièbèeèrèoè.èiètè,,èAèCèAèTè èVèEèRèOèNèEèSèEè èOèRèIèEèNèTèAèLèEè èOèDèVè,,,45.5121989,11.1681662,EXACT_VENUE,ACTIVE_VERIFIED_2026,,,,2026-09-21 11:10:00,2026-09-21 11:10:00,11
680,SIC-VZMF2094-032MSPFC-7,"èCèlèuèbè è3è2è4è è""èRèoèbèeèrètèoè èCèhèièoèsèsèiè""è",LOCAL_CLUB,Veneto,VR,èVèeèrèoènèaè,"èVèièaè èTèrèaèpèaènèiè,è ènè.è è1è0è",è3è7è1è3è8è,,,Settimanale,,,è0è4è5è è5è7è6è3è9è5è è/è è3è5è1è è9è8è7è1è5è8è1è,,èaècèaètèvèeèrèoènèaè@ètèièsècèaèlèiè.èiètè,,èAèCèAèTè èVèEèRèOèNèAè èOèDèVè,,,45.4500868,10.958226,EXACT_VENUE,ACTIVE_VERIFIED_2026,,,,2026-09-21 11:10:00,2026-09-21 11:10:00,11
681,SIC-9SDR8M3M-2KNZ02SC-M,"èCèlèuèbè è3è2è5è è""èLèaè èFèoènètèaènèaè""è",LOCAL_CLUB,Veneto,VR,èRèeèsèaènèaè,"èVèièaè èCèaèsètèeèlèlèaènèaè,è ènè.è è6è",è3è1è0è2è3è,,,Settimanale,,,è0è4è2è3è è7è2è0è5è8è1è,,èaècèaètènèoèrèdèeèsètè@ègèmèaèièlè.ècèoèmè,,èAèCèAèTè èNèOèRèDè èEèSèTè èOèDèVè,,,45.6347361,11.9558536,EXACT_VENUE,ACTIVE_VERIFIED_2026,,,,2026-09-21 11:10:00,2026-09-21 11:10:00,11
682,SIC-1Q52Z2BY-ZKV0J9E3-G,èCèlèuèbè è3è2è6è,LOCAL_CLUB,Veneto,VR,èCèaèsètèeèlèfèrèaènècèoè èVèeènèeètèoè,"èVèièaè èdèeèiè èCèaèrèpèaènèiè,è ènè.è è1è6è/èzè",è3è1è0è3è3è,,,Settimanale,,,è0è4è2è3è è7è2è0è5è8è1è,,èaècèaètènèoèrèdèeèsètè@ègèmèaèièlè.ècèoèmè,,èAèCèAèTè èNèOèRèDè èEèSèTè èOèDèVè,,,45.6784189,11.9330986,EXACT_VENUE,ACTIVE_VERIFIED_2026,,,,2026-09-21 11:10:00,2026-09-21 11:10:00,11
683,SIC-NM9NKXKR-J45R20B3-S,"èCèlèuèbè è3è2è7è è""èLèaè èFèeènèiècèeè""è",LOCAL_CLUB,Veneto,VR,èVèeèrèoènèaè,"èVèièaè èMèaèrèiènè èFèaèlèièeèrèoè,è ènè.è è9è9è",è3è7è1è3è8è,,,Settimanale,,,è0è4è5è è5è7è6è3è9è5è è/è è3è5è1è è9è8è7è1è5è8è1è,,èaècèaètèvèeèrèoènèaè@ètèièsècèaèlèiè.èiètè,,èAèCèAèTè èVèEèRèOèNèAè èOèDèVè,,,45.4533046,10.9641566,EXACT_VENUE,ACTIVE_VERIFIED_2026,,,,2026-09-21 11:10:00,2026-09-21 11:10:00,11
684,SIC-B2XS9ZZM-MFA59792-4,"èCèlèuèbè è3è3è è""èLèaè èCèoènècèoèrèdèièaè""è",LOCAL_CLUB,Veneto,VR,èCèoènècèoèrèdèièaè èSèaègèiètètèaèrèièaè,"èVèièaè èCèlèaèuèdèièaè,è ènè.è è7è2è/è7è4è",è3è0è0è2è3è,,,Settimanale,,,è3è3è9è è1è3è3è3è8è8è6è,,èaècèaètèpèoèrètèoègèrèuèaèrèeèsèeè@ègèmèaèièlè.ècèoèmè,,èAèCèAèTè èPèOèRèTèOèGèRèUèAèRèEèSèEè èOèDèVè,,,45.7578663,12.8445398,EXACT_VENUE,ACTIVE_VERIFIED_2026,,,,2026-09-21 11:10:00,2026-09-21 11:10:00,11
685,SIC-NRSK3N8Q-M3ZX0MYF-1,"èCèlèuèbè è3è3è2è è""èAèièrèoènèeè""è",LOCAL_CLUB,Veneto,VR,èSèeètètèièmèoè èdèiè èCèiènètèoè èCèaèoèmèaègègèièoèrèeè,"èVèièaè èUèdèiènèeè,è ènè.è è3è5è",è3è0è0è2è0è,,,Settimanale,,,è3è3è9è è1è3è3è3è8è8è6è,,èaècèaètèpèoèrètèoègèrèuèaèrèeèsèeè@ègèmèaèièlè.ècèoèmè,,èAèCèAèTè èPèOèRèTèOèGèRèUèAèRèEèSèEè èOèDèVè,,,45.8365541,12.7817578,EXACT_VENUE,ACTIVE_VERIFIED_2026,,,,2026-09-21 11:10:00,2026-09-21 11:10:00,11
686,SIC-21YR3XXD-4X98JN8E-N,èCèlèuèbè è3è3è9è,LOCAL_CLUB,Veneto,VR,èCèoèrèrèeèzèzèoèlèaè,"èVèièaèlèeè èMèeèlèzèiè,è ènè.è è3è",è3è5è0è2è0è,,,Settimanale,,,è3è3è8è è9è2è3è1è0è6è8è,,èaècèaètè.èbèaèsèsèaèpèaèdèoèvèaènèaè@ègèmèaèièlè.ècèoèmè,,èAèCèAèTè èBèAèSèSèAè èPèAèDèOèVèAèNèAè èOèDèVè,,,45.2372363,12.0666998,EXACT_VENUE,ACTIVE_VERIFIED_2026,,,,2026-09-21 11:10:00,2026-09-21 11:10:00,11
687,SIC-QFSAX9RA-VF820D81-3,"èCèlèuèbè è3è4è è""èEèdèeèlè èWèeèièsèsè""è",LOCAL_CLUB,Veneto,VR,èSèaènè èMèaèrètèiènèoè èBèuèoènè èAèlèbèeèrègèoè,èVèièaè èMèaèzèzèiènèiè,è3è7è0è3è6è,,,Settimanale,,,è0è4è5è è9è7è3è3è2è2è,,èaècèaètèvèeèrèoènèaèeèsètè@ègèmèaèièlè.ècèoèmè,,èAèCèAèTè èVèEèRèOèNèAè èEèSèTè èOèDèVè,,,45.4213991,11.0926917,EXACT_VENUE,ACTIVE_VERIFIED_2026,,,,2026-09-21 11:10:00,2026-09-21 11:10:00,11
688,SIC-N6KTTESS-EW7JGGFB-S,èCèlèuèbè è3è4è0è,LOCAL_CLUB,Veneto,VR,èCèoènèsèeèlèvèeè,"èVèièaè èVèiètètèoèrèièoè èEèmèaènèuèeèlèeè èIèIè,è ènè.è è2è2è",è3è5è0è2è6è,,,Settimanale,,,è3è3è8è è9è2è3è1è0è6è8è,,èaècèaètè.èbèaèsèsèaèpèaèdèoèvèaènèaè@ègèmèaèièlè.ècèoèmè,,èAèCèAèTè èBèAèSèSèAè èPèAèDèOèVèAèNèAè èOèDèVè,,,45.2318389,11.8737434,EXACT_VENUE,ACTIVE_VERIFIED_2026,,,,2026-09-21 11:10:00,2026-09-21 11:10:00,11
689,SIC-PPEPGTB6-6YM13QVN-Z,èCèlèuèbè è3è4è1è,LOCAL_CLUB,Veneto,VR,èMèoènèsèeèlèiècèeè,"èVèièaè èCèaènèdèièeè,è ènè.è è7è",è3è5è0è4è3è,,,Settimanale,,,è3è3è8è è9è2è3è1è0è6è8è,,èaècèaètè.èbèaèsèsèaèpèaèdèoèvèaènèaè@ègèmèaèièlè.ècèoèmè,,èAèCèAèTè èBèAèSèSèAè èPèAèDèOèVèAèNèAè èOèDèVè,,,45.2264865,11.7385812,EXACT_VENUE,ACTIVE_VERIFIED_2026,,,,2026-09-21 11:10:00,2026-09-21 11:10:00,11
690,SIC-2ZCA59GW-S8CZ8ZRA-T,èCèlèuèbè è3è4è5è,LOCAL_CLUB,Veneto,VR,èAèbèbèaèzèièaè èPèièsèaènèiè èdèiè èVèièlèlèaè èdèeèlè èCèoènètèeè,"èVèièaè èMèaèrètèièrèiè èdèeèlèlèaè èLèièbèeèrètèàè,è è6è2è",è3è5è0è1è0è,,,Settimanale,,,è3è4è8è è4è8è1è1è1è4è3è,,èaècèaètècèaèmèpèoèsèaèmèpèièeèrèoè@ègèmèaèièlè.ècèoèmè,,èAèCèAèTè èCèAèMèPèOèSèAèMèPèIèEèRèOè èOèDèVè,,,45.6170594,11.854382,EXACT_VENUE,ACTIVE_VERIFIED_2026,,,,2026-09-21 11:10:00,2026-09-21 11:10:00,11
691,SIC-8NR41RCM-0AT3YXW9-C,"èCèlèuèbè è3è4è6è è""èCèhèièoègègèièaè""è",LOCAL_CLUB,Veneto,VR,èCèhèièoègègèièaè,èVèièaè èVèeèsèpèuècècèiè,è3è0è0è1è5è,,,Settimanale,,,è3è5è1è è3è8è8è7è9è1è0è,,èaècèaètèmèeèsètèrèeè@ègèmèaèièlè.ècèoèmè,,èAèCèAèTè èMèEèSèTèRèEè èOèDèVè,,,45.204202,12.295758,EXACT_VENUE,ACTIVE_VERIFIED_2026,,,,2026-09-21 11:10:00,2026-09-21 11:10:00,11
692,SIC-T12JMXHT-1GGFVDR8-S,"èCèlèuèbè è3è4è7è è""èMèièmèoèsèaè""è",LOCAL_CLUB,Veneto,VR,èCèeèrèeèaè,"èVèièaè èCè.è èBèaètètèièsètèiè,è ènè.è è7è",è3è7è0è5è3è,,,Settimanale,,,è3è4è9è è0è0è3è9è6è2è5è,,èaècèaètè.èbèaèsèsèoèvèeèrèoènèeèsèeè@ègèmèaèièlè.ècèoèmè,,èAèCèAèTè èBèAèSèSèOè èVèEèRèOèNèEèSèEè èOèDèVè,,,45.1969573,11.2095295,EXACT_VENUE,ACTIVE_VERIFIED_2026,,,,2026-09-21 11:10:00,2026-09-21 11:10:00,11
693,SIC-598YBTBR-6ZAXDN9H-Q,"èCèlèuèbè è3è4è9è è""èTèoèrèrèeè""è",LOCAL_CLUB,Veneto,VR,èTèoèrèrèeèbèeèlèvèiècèiènèoè,"èVèièaè èAèlèeèsèsèaènèdèrèoè èMèaènèzèoènèiè,è ènè.è è4è",è3è6è0è3è6è,,,Settimanale,,,è3è4è9è è1è9è4è0è0è6è8è,,èaècèaètèpèeèdèeèmèoènètèaènèaè@ègèmèaèièlè.ècèoèmè,,èAèCèAèTè èPèEèDèEèMèOèNèTèAèNèAè èOèDèVè,,,45.7196844,11.3123696,EXACT_VENUE,ACTIVE_VERIFIED_2026,,,,2026-09-21 11:10:00,2026-09-21 11:10:00,11
694,SIC-Y8G5J63K-TBHX939H-R,èCèlèuèbè è3è5è1è,LOCAL_CLUB,Veneto,VR,èSèaènètèaè èLèuècèièaè èdèiè èPèièaèvèeè,èVèièaè èFèoèrèeèsètèoè èEèsètè,è3è1è0è2è5è,,,Settimanale,,,è3è4è0è è5è7è2è8è3è9è4è,,èiènèfèoè@èaècèaètèsèiènèièsètèrèaèpèièaèvèeè.èiètè,,èAèCèAèTè èSèIèNèIèSèTèRèAè èPèIèAèVèEè èOèDèVè,,,45.8532862,12.2833729,EXACT_VENUE,ACTIVE_VERIFIED_2026,,,,2026-09-21 11:10:00,2026-09-21 11:10:00,11
695,SIC-JPGEAV20-PRQWDTST-N,"èCèlèuèbè è3è5è2è è""èLèeè èPèoèsècèoèlèeè""è",LOCAL_CLUB,Veneto,VR,èCèaèsètèeèlègèoèmèbèeèrètèoè,"èVèièaè èVèièlèlèaè,è ènè.è è3è8è",è3è6è0è7è0è,,,Settimanale,,,è3è3è3è è4è8è3è6è4è3è5è,,èaècèaètèvèaèlèlèeèaègènèoè@ègèmèaèièlè.ècèoèmè,,èAèCèAèTè èVèAèLèLèEèAèGèNèOè èOèDèVè,,,45.5871214,11.3927487,EXACT_VENUE,ACTIVE_VERIFIED_2026,,,,2026-09-21 11:10:00,2026-09-21 11:10:00,11
696,SIC-W83HAXPS-Y825KR24-X,èCèlèuèbè è3è5è5è,LOCAL_CLUB,Veneto,VR,èMèoènèsèaèlèiècèeè,"èVèièaè èMèaèrècèoènèiè,è ènè.è è1è9è",è3è5è0è4è3è,,,Settimanale,,,è3è3è8è è9è2è3è1è0è6è8è,,èaècèaètè.èbèaèsèsèaèpèaèdèoèvèaènèaè@ègèmèaèièlè.ècèoèmè,,èAèCèAèTè èBèAèSèSèAè èPèAèDèOèVèAèNèAè èOèDèVè,,,45.2368837,11.755977,EXACT_VENUE,ACTIVE_VERIFIED_2026,,,,2026-09-21 11:10:00,2026-09-21 11:10:00,11
697,SIC-EEDD7F0J-44NSRRZ3-X,èCèlèuèbè è3è5è7è,LOCAL_CLUB,Veneto,VR,èIèlèlèaèsèiè,èCèoèrèsèoè èCèeèsèaèrèeè èBèaètètèièsètèiè,è3è7è0è3è2è,,,Settimanale,,,è3è4è8è è8è8è1è3è9è1è8è,,èaècèaètèvèoè@èlèièbèeèrèoè.èiètè,,èAèCèAèTè èVèEèRèOèNèEèSèEè èOèRèIèEèNèTèAèLèEè èOèDèVè,,,45.4666411,11.1798055,EXACT_VENUE,ACTIVE_VERIFIED_2026,,,,2026-09-21 11:10:00,2026-09-21 11:10:00,11
698,SIC-73J7YCKC-9TYPGK7W-Y,"èCèlèuèbè è3è5è9è è""èPèeèrètèiènèiè-èSèaènè èMèaèrècèoè""è",LOCAL_CLUB,Veneto,VR,èMèeèsètèrèeè,"èVèièaè èGèaègèlèièaèrèdèiè,è ènè.è è1è è-è èRèièoènèeè èPèeèrètèiènèiè",è3è0è1è7è3è,,,Settimanale,,,è3è5è1è è3è8è8è7è9è1è0è,,èaècèaètèmèeèsètèrèeè@ègèmèaèièlè.ècèoèmè,,èAèCèAèTè èMèEèSèTèRèEè èOèDèVè,,,45.4855827,12.2698372,EXACT_VENUE,ACTIVE_VERIFIED_2026,,,,2026-09-21 11:10:00,2026-09-21 11:10:00,11
699,SIC-MSKEMWMQ-62V9SJAK-Y,"èCèlèuèbè è3è6è5è è""èSèiè èaèlèlèaè èVèiètèaè""è",LOCAL_CLUB,Veneto,VR,èCèaèsètèeèlèmèaèsèsèaè,,è4è5è0è3è5è,,,Settimanale,,,è3è3è5è è6è0è4è8è3è3è0è è/è è3è4è9è è5è3è8è0è5è6è6è,,èaècèaètèpèoèlèoècècè@ègèmèaèièlè.ècèoèmè,,èAèCèAèTè èPèOèLèEèSèIèNèEè èOèCèCèIèDèEèNèTèAèLèEè èOèDèVè,,,45.022199,11.3114098,EXACT_VENUE,ACTIVE_VERIFIED_2026,,,,2026-09-21 11:10:00,2026-09-21 11:10:00,11
700,SIC-RZNXY0M0-HWF3E916-K,"èCèlèuèbè è3è6è6è è""èIèlè èSèoèsètèeègènèoè""è",LOCAL_CLUB,Veneto,VR,èVèeèrèoènèaè,"èVèièaè èAèlèbèeèrèeè,è ènè.è è1è3è2è",è3è7è1è3è5è,,,Settimanale,,,è0è4è5è è8è2è0è5è1è7è5è,,èaècèaètèvèrèsèuèdè@ègèmèaèièlè.ècèoèmè,,èAèCèAèTè èVèEèRèOèNèAè èSèUèDè èOèDèVè,,,45.4251269,10.9569434,EXACT_VENUE,ACTIVE_VERIFIED_2026,,,,2026-09-21 11:10:00,2026-09-21 11:10:00,11
701,SIC-QK998PEZ-G2DFCEWX-N,"èCèlèuèbè è3è6è9è è""èLèaè èSèoèrègèeènètèeè""è",LOCAL_CLUB,Veneto,VR,èAènènèoènèeè èVèeènèeètèoè,"èVèièaè èPèoèsètèuèmèièaè,è ènè.è è5è4è",è3è0è0è2è0è,,,Settimanale,,,è3è3è9è è1è3è3è3è8è8è6è,,èaècèaètèpèoèrètèoègèrèuèaèrèeèsèeè@ègèmèaèièlè.ècèoèmè,,èAèCèAèTè èPèOèRèTèOèGèRèUèAèRèEèSèEè èOèDèVè,,,45.7953879,12.6842936,EXACT_VENUE,ACTIVE_VERIFIED_2026,,,,2026-09-21 11:10:00,2026-09-21 11:10:00,11
702,SIC-4ZYPAHRB-D7GW3QJ8-J,èCèlèuèbè è3è7è0è,LOCAL_CLUB,Veneto,VR,èPèoènèzèaènèoè èVèeènèeètèoè,"èVèièaè èRèuègèaè,è ènè.è è3è8è",è3è1è0è5è0è,,,Settimanale,,,è3è3è6è è8è7è1è6è1è0è0è,,èaècèaètètèrèeèvèièsèoè@èlèièbèeèrèoè.èiètè,,èAèCèAèTè èTèRèEèVèIèSèOè èOèDèVè,,,45.7198221,12.200493,EXACT_VENUE,ACTIVE_VERIFIED_2026,,,,2026-09-21 11:10:00,2026-09-21 11:10:00,11
703,SIC-5CNPHSBV-E6S2HR8A-N,"èCèlèuèbè è3è7è2è è""èSèaènètèaè èGèièuèsètèiènèaè""è",LOCAL_CLUB,Veneto,VR,èSèaèlèzèaènèoè èdèiè èSèaènètèaè èGèièuèsètèiènèaè,"èPèièaèzèzèaè èMèoènètèeè èGèrèaèpèpèaè,è ènè.è è9è",è3è2è0è3è5è,,,Settimanale,,,è3è3è9è è6è0è3è9è1è8è0è,,èaècèaètè.èfèeèlètèrèeè@èlèièbèeèrèoè.èiètè,,èAèCèAèTè èFèEèLèTèRèEè èOèDèVè,,,46.0815804,12.0483024,EXACT_VENUE,ACTIVE_VERIFIED_2026,,,,2026-09-21 11:10:00,2026-09-21 11:10:00,11
704,SIC-X71XHAEE-1YAK3VPS-1,èCèlèuèbè è3è7è8è,LOCAL_CLUB,Veneto,VR,èPèièaèzèzèoèlèaè èsèuèlè èBèrèeènètèaè,"èVèièaè èBèeèrègèaèmèiènè,è è7è",è3è5è0è1è6è,,,Settimanale,,,è3è4è8è è4è8è1è1è1è4è3è,,èaècèaètècèaèmèpèoèsèaèmèpèièeèrèoè@ègèmèaèièlè.ècèoèmè,,èAèCèAèTè èCèAèMèPèOèSèAèMèPèIèEèRèOè èOèDèVè,,,45.5423218,11.7828755,EXACT_VENUE,ACTIVE_VERIFIED_2026,,,,2026-09-21 11:10:00,2026-09-21 11:10:00,11
705,SIC-VFXWFPE5-D9H9KXRR-F,èCèlèuèbè è3è7è9è,LOCAL_CLUB,Veneto,VR,èSèaèoènèaèrèaè,èVèièaè èRèoèmèaè,è3è5è0è2è0è,,,Settimanale,,,è3è7è6è è1è2è1è8è7è4è1è,,èaècèaètèpèaèdèoèvèaè@èlèièbèeèrèoè.èiètè,,èAèCèAèTè èPèAèDèOèVèAè èOèDèVè,,,45.3671605,11.9857299,EXACT_VENUE,ACTIVE_VERIFIED_2026,,,,2026-09-21 11:10:00,2026-09-21 11:10:00,11
706,SIC-K4YMNWG3-YX5BAX3A-R,"èCèlèuèbè è3è8è1è è""èTèhèièeènèeè""è",LOCAL_CLUB,Veneto,VR,èTèhèièeènèeè,"èPèièaèzèzèaè èdèeèlè èGèièuèbèièlèeèoè,è ènè.è6è",è3è6è0è1è6è,,,Settimanale,,,è3è5è1è è8è1è0è2è7è3è1è,,èaècèaètèvèaèlèoèrèiènèuèoèvèiè@ègèmèaèièlè.ècèoèmè,,èAèCèAèTè èVèAèLèOèRèIè èNèUèOèVèIè èOèDèVè,,,45.7121565,11.4711771,EXACT_VENUE,ACTIVE_VERIFIED_2026,,,,2026-09-21 11:10:00,2026-09-21 11:10:00,11
707,SIC-PQWVEGC4-6ZPBD694-J,èCèlèuèbè è3è8è2è,LOCAL_CLUB,Veneto,VR,èSèuèsèeègèaènèaè,"èVèièaè èdèeèlèlèaè èCèhèièeèsèaè,è ènè.è è8è",è3è1è0è5è8è,,,Settimanale,,,è3è4è0è è5è7è2è8è3è9è4è,,èiènèfèoè@èaècèaètèsèiènèièsètèrèaèpèièaèvèeè.èiètè,,èAèCèAèTè èSèIèNèIèSèTèRèAè èPèIèAèVèEè èOèDèVè,,,45.8527573,12.2483902,EXACT_VENUE,ACTIVE_VERIFIED_2026,,,,2026-09-21 11:10:00,2026-09-21 11:10:00,11
708,SIC-WB5Z2MJQ-YCED5FQ2-P,"èCèlèuèbè è3è8è3è è""èAèAèAè èSèoèbèrèièeètèàè èCèeèrècèaèsèiè""è",LOCAL_CLUB,Veneto,VR,èVèaèlèdèaègènèoè,"èVèièaèlèeè èRèeègèiènèaè èMèaèrègèhèeèrèiètèaè,è ènè.è è4è2è",è3è6è0è7è8è,,,Settimanale,,,è3è3è3è è4è8è3è6è4è3è5è,,èaècèaètèvèaèlèlèeèaègènèoè@ègèmèaèièlè.ècèoèmè,,èAèCèAèTè èVèAèLèLèEèAèGèNèOè èOèDèVè,,,45.6385678,11.3016588,EXACT_VENUE,ACTIVE_VERIFIED_2026,,,,2026-09-21 11:10:00,2026-09-21 11:10:00,11
709,SIC-R2CCHJ6Q-3KZCEFF9-5,èCèlèuèbè è3è8è4è,LOCAL_CLUB,Veneto,VR,èSèeèrènèaègèlèièaè èdèeèlèlèaè èBèaètètèaègèlèièaè,èVèièaè èDèièvèièsèièoènèeè èJèuèlèièaè,è3è1è0è2è0è,,,Settimanale,,,è3è4è0è è5è7è2è8è3è9è4è,,èiènèfèoè@èaècèaètèsèiènèièsètèrèaèpèièaèvèeè.èiètè,,èAèCèAèTè èSèIèNèIèSèTèRèAè èPèIèAèVèEè èOèDèVè,,,45.8691762,12.1317084,EXACT_VENUE,ACTIVE_VERIFIED_2026,,,,2026-09-21 11:10:00,2026-09-21 11:10:00,11
710,SIC-XR2MX25N-YZCMFSRB-6,"èCèlèuèbè è3è8è5è è""èLè'èAèuèrèoèrèaè""è",LOCAL_CLUB,Veneto,VR,èSèaènè èMèiècèhèeèlèeè èaèlè èTèaègèlèièaèmèeènètèoè-èCèeèsèaèrèoèlèoè,"èVèièaè èCèoènècèièlèièaèzèièoènèeè,è ènè.è è2è",è3è0è0è2è8è,,,Settimanale,,,è3è3è9è è1è3è3è3è8è8è6è,,èaècèaètèpèoèrètèoègèrèuèaèrèeèsèeè@ègèmèaèièlè.ècèoèmè,,èAèCèAèTè èPèOèRèTèOèGèRèUèAèRèEèSèEè èOèDèVè,,,45.7227433,13.0105794,EXACT_VENUE,ACTIVE_VERIFIED_2026,,,,2026-09-21 11:10:00,2026-09-21 11:10:00,11
711,SIC-8B7WRHAB-WFGWBD6H-5,èCèlèuèbè è3è8è9è,LOCAL_CLUB,Veneto,VR,èSèaènè èFèièoèrè,"èVèièaè èMèaèrècèoènèiè,è ènè.è è2è",è3è1è0è2è0è,,,Settimanale,,,è3è4è0è è5è7è2è8è3è9è4è,,èiènèfèoè@èaècèaètèsèiènèièsètèrèaèpèièaèvèeè.èiètè,,èAèCèAèTè èSèIèNèIèSèTèRèAè èPèIèAèVèEè èOèDèVè,,,45.9210344,12.3577476,EXACT_VENUE,ACTIVE_VERIFIED_2026,,,,2026-09-21 11:10:00,2026-09-21 11:10:00,11
712,SIC-C0GZBP87-1RYJV1VK-K,èCèlèuèbè è3è9è3è,LOCAL_CLUB,Veneto,VR,èOèsèpèeèdèaèlèeètètèoè èEèuègèaènèeèoè,"èPèièaèzèzèaè èPè.è èPèeèrètèiènèiè,ènè.è è8è",è3è5è0è4è5è,,,Settimanale,,,è3è3è8è è9è2è3è1è0è6è8è,,èaècèaètè.èbèaèsèsèaèpèaèdèoèvèaènèaè@ègèmèaèièlè.ècèoèmè,,èAèCèAèTè èBèAèSèSèAè èPèAèDèOèVèAèNèAè èOèDèVè,,,45.223066,11.6132261,EXACT_VENUE,ACTIVE_VERIFIED_2026,,,,2026-09-21 11:10:00,2026-09-21 11:10:00,11
713,SIC-M34M5N98-W1KK0Q5R-V,èCèlèuèbè è3è9è4è,LOCAL_CLUB,Veneto,VR,èTèrèeèvèièsèoè,"èVèièaè èAènètèoènèièoè èSècèaèrèpèaè,è ènè.è è2è",è3è1è1è0è0è,,,Settimanale,,,è3è3è6è è8è7è1è6è1è0è0è,,èaècèaètètèrèeèvèièsèoè@èlèièbèeèrèoè.èiètè,,èAèCèAèTè èTèRèEèVèIèSèOè èOèDèVè,,,45.6591139,12.2548323,EXACT_VENUE,ACTIVE_VERIFIED_2026,,,,2026-09-21 11:10:00,2026-09-21 11:10:00,11
714,SIC-DNR1CAMF-TRM7CHJ4-G,èCèlèuèbè è4è0è1è,LOCAL_CLUB,Veneto,VR,èPèrèoèvèaè èdèiè èSèaènè èBèoènèièfèaècèièoè,èVèièaè èMèiècèhèeèlèaènègèeèlèoè,è3è7è0è4è7è,,,Settimanale,,,è3è4è8è è8è8è1è3è9è1è8è,,èaècèaètèvèoè@èlèièbèeèrèoè.èiètè,,èAèCèAèTè èVèEèRèOèNèEèSèEè èOèRèIèEèNèTèAèLèEè èOèDèVè,,,45.3967594,11.2992217,EXACT_VENUE,ACTIVE_VERIFIED_2026,,,,2026-09-21 11:10:00,2026-09-21 11:10:00,11
715,SIC-V7V8SXKY-YWCG05XC-N,"èCèlèuèbè è4è0è2è è""èSèaènè èVèiètèoè""è",LOCAL_CLUB,Veneto,VR,èSèaènè èVèiètèoè èdèiè èLèeègèuèzèzèaènèoè,èVèièaè èMèoènèsèiègènèoèrè èSècèhèiènèeèlèlèoètètèoè,è3è6è0è3è0è,,,Settimanale,,,è3è4è9è è1è9è4è0è0è6è8è,,èaècèaètèpèeèdèeèmèoènètèaènèaè@ègèmèaèièlè.ècèoèmè,,èAèCèAèTè èPèEèDèEèMèOèNèTèAèNèAè èOèDèVè,,,45.6801786,11.3769785,EXACT_VENUE,ACTIVE_VERIFIED_2026,,,,2026-09-21 11:10:00,2026-09-21 11:10:00,11
716,SIC-PEQYS9BZ-DQJFG48X-7,"èCèlèuèbè è4è0è5è è""èCèaèlèaèlèzèoè èCèaèdèoèrèeè èMèaèrèmèaèrèoèlèeè""è",LOCAL_CLUB,Veneto,VR,èCèaèlèaèlèzèoè èdèiè èCèaèdèoèrèeè,"èvèièaè èMèaèrècèoènèiè,è ènè.è è1è2è",è3è2è0è4è2è,,,Settimanale,,,è3è3è3è è9è6è0è0è3è6è0è,,èaècèaètèbèeèlèlèuènèoè@ègèmèaèièlè.ècèoèmè,,èAèCèAèTè èBèEèLèLèUèNèOè èOèDèVè,,,46.4462706,12.3867797,EXACT_VENUE,ACTIVE_VERIFIED_2026,,,,2026-09-21 11:10:00,2026-09-21 11:10:00,11
717,SIC-T4QB8C3E-1790JN5Z-H,èCèlèuèbè è4è1è,LOCAL_CLUB,Veneto,VR,èMèoègèlèièaènèoè èVèeènèeètèoè,èGèaèlèlèeèrèièaè èAèlèdèoè èMèoèrèoè,è3è1è0è2è1è,,,Settimanale,,,è3è3è6è è8è7è1è6è1è0è0è,,èaècèaètètèrèeèvèièsèoè@èlèièbèeèrèoè.èiètè,,èAèCèAèTè èTèRèEèVèIèSèOè èOèDèVè,,,45.5583823,12.2514904,EXACT_VENUE,ACTIVE_VERIFIED_2026,,,,2026-09-21 11:10:00,2026-09-21 11:10:00,11
718,SIC-QZZMSJA6-44SSQGMR-M,"èCèlèuèbè è4è1è1è è""èIèlè èLèaèmèpèièoènè""è",LOCAL_CLUB,Veneto,VR,èCèeèsèaèrèoèlèoè èdèiè èSèaènè èMèiècèhèeèlèeè èaèlè èTèaègèlèièaèmèeènètèoè,èPèièaèzèzèaè èZèaènècèaènèaèrèoè,è3è0è0è2è8è,,,Settimanale,,,è3è3è9è è1è3è3è3è8è8è6è,,èaècèaètèpèoèrètèoègèrèuèaèrèeèsèeè@ègèmèaèièlè.ècèoèmè,,èAèCèAèTè èPèOèRèTèOèGèRèUèAèRèEèSèEè èOèDèVè,,,45.720885,13.0129034,EXACT_VENUE,ACTIVE_VERIFIED_2026,,,,2026-09-21 11:10:00,2026-09-21 11:10:00,11
719,SIC-GSGYJ36P-74VYH3K3-E,èCèlèuèbè è4è1è2è,LOCAL_CLUB,Veneto,VR,èMèeèsètèrèeè,"èVèiècèoèlèoè èdèeèlèlèaè èPèiènèeètèaè,è ènè.è è3è",è3è0è1è7è4è,,,Settimanale,,,è3è5è1è è3è8è8è7è9è1è0è,,èaècèaètèmèeèsètèrèeè@ègèmèaèièlè.ècèoèmè,,èAèCèAèTè èMèEèSèTèRèEè èOèDèVè,,,45.5044771,12.2657522,EXACT_VENUE,ACTIVE_VERIFIED_2026,,,,2026-09-21 11:10:00,2026-09-21 11:10:00,11
720,SIC-XXPP6FX6-H4GRWWTF-P,"èCèlèuèbè è4è1è3è è""èIèlè èDèoènèoè""è",LOCAL_CLUB,Veneto,VR,èOècècèhèièoèbèeèlèlèoè,èVèièaè èAèmèeènèdèoèlèaè è–è èSè.èMè.è èMèaèdèdèaèlèeènèaè,è4è5è0è3è0è,,,Settimanale,,,è3è3è5è è6è0è4è8è3è3è0è è/è è3è4è9è è5è3è8è0è5è6è6è,,èaècèaètèpèoèlèoècècè@ègèmèaèièlè.ècèoèmè,,èAèCèAèTè èPèOèLèEèSèIèNèEè èOèCèCèIèDèEèNèTèAèLèEè èOèDèVè,,,44.8974962,11.6087901,EXACT_VENUE,ACTIVE_VERIFIED_2026,,,,2026-09-21 11:10:00,2026-09-21 11:10:00,11
721,SIC-GXAKG838-RMPWGPG8-0,èCèlèuèbè è4è1è8è,LOCAL_CLUB,Veneto,VR,èTèrèièsèsèiènèoè,èVèièaè è4è èNèoèvèeèmèbèrèeè,è3è6è0è7è0è,,,Settimanale,,,è3è3è3è è4è8è3è6è4è3è5è,,èaècèaètèvèaèlèlèeèaègènèoè@ègèmèaèièlè.ècèoèmè,,èAèCèAèTè èVèAèLèLèEèAèGèNèOè èOèDèVè,,,45.567189,11.3712006,EXACT_VENUE,ACTIVE_VERIFIED_2026,,,,2026-09-21 11:10:00,2026-09-21 11:10:00,11
722,SIC-Z4H9VZ91-1K9YXMNR-P,èCèlèuèbè è4è1è9è,LOCAL_CLUB,Veneto,VR,èPèaèpèoèzèzèeè,"èPèièaèzèzèaè èdèeèlèlèaè èLèièbèeèrètèàè,è ènè.è è1è",è4è5è0è1è0è,,,Settimanale,,,è3è7è6è è1è5è1è6è3è0è1è,,èaècèaètè.èbèaèsèsèoèpè@ètèièsècèaèlèiè.èiètè,,èAèCèAèTè èBèAèSèSèOè èPèOèLèEèSèIèNèEè èOèDèVè,,,44.9869325,12.0310286,EXACT_VENUE,ACTIVE_VERIFIED_2026,,,,2026-09-21 11:10:00,2026-09-21 11:10:00,11
723,SIC-XECA721Q-3F71E6HD-6,èCèlèuèbè è4è2è1è,LOCAL_CLUB,Veneto,VR,èVèeènèeèzèièaè,èCèaènènèaèrèeègègèièoè è3è4è5è8è,è3è0è1è2è1è,,,Settimanale,,,è3è4è6è è0è3è9è7è2è7è7è,,èaècèaètèvèeènèeèzèièaè@èyèaèhèoèoè.èiètè,,èAèCèAèTè èVèEèNèEèZèIèAè èOèDèVè,,,45.4461829,12.3262301,EXACT_VENUE,ACTIVE_VERIFIED_2026,,,,2026-09-21 11:10:00,2026-09-21 11:10:00,11
724,SIC-G74W7BFF-VXP9WATW-P,èCèlèuèbè è4è2è2è,LOCAL_CLUB,Veneto,VR,èVèiècèeènèzèaè,èVèièaè èCèaèlèvèiè è(èQèuèaèrètèièeèrèeè èdèiè èSèaènè èPèièoè èXè)è,è3è6è1è0è0è,,,Settimanale,,,è3è2è7è è1è9è3è4è7è1è7è,,èaècèaètèvèiècèeènèzèaè@èlèièbèeèrèoè.èiètè,,èAèCèAèTè èVèIèCèEèNèZèAè èOèDèVè,,,45.5470833,11.5679226,EXACT_VENUE,ACTIVE_VERIFIED_2026,,,,2026-09-21 11:10:00,2026-09-21 11:10:00,11
725,SIC-FC0JZPQM-DHPQGN1H-W,èCèlèuèbè è4è2è8è,LOCAL_CLUB,Veneto,VR,èCèaèvèaèzèaèlèeè,,è3è6è0è1è0è,,,Settimanale,,,è3è2è7è è1è9è3è4è7è1è7è,,èaècèaètèvèiècèeènèzèaè@èlèièbèeèrèoè.èiètè,,èAèCèAèTè èVèIèCèEèNèZèAè èOèDèVè,,,45.5955176,11.5821713,EXACT_VENUE,ACTIVE_VERIFIED_2026,,,,2026-09-21 11:10:00,2026-09-21 11:10:00,11
726,SIC-41FQPD5T-G5CP9HZJ-K,"èCèlèuèbè è4è3è1è è""èCèaèsètèeèlèlèoè""è",LOCAL_CLUB,Veneto,VR,èCèaèsètèeèlè èDè’èAèzèzèaènèoè,"èVèièaè èCèaèsètèeèlèlèoè,è ènè.è è2è6è",è3è7è0è6è0è,,,Settimanale,,,è0è4è5è è8è2è0è5è1è7è5è,,èaècèaètèvèrèsèuèdè@ègèmèaèièlè.ècèoèmè,,èAèCèAèTè èVèEèRèOèNèAè èSèUèDè èOèDèVè,,,45.353539,10.9459558,EXACT_VENUE,ACTIVE_VERIFIED_2026,,,,2026-09-21 11:10:00,2026-09-21 11:10:00,11
727,SIC-MDGBVHEP-FKC2PQM0-8,"èCèlèuèbè è4è3è2è è""èLèaè èRèiènèaèsècèiètèaè""è",LOCAL_CLUB,Veneto,VR,èVèeèrèoènèaè,"èVèièaè èVèoèlètèuèrènèoè,è ènè.è è2è0è/èAè",è3è7è1è3è5è,,,Settimanale,,,è0è4è5è è8è2è0è5è1è7è5è,,èaècèaètèvèrèsèuèdè@ègèmèaèièlè.ècèoèmè,,èAèCèAèTè èVèEèRèOèNèAè èSèUèDè èOèDèVè,,,45.4153995,10.9864152,EXACT_VENUE,ACTIVE_VERIFIED_2026,,,,2026-09-21 11:10:00,2026-09-21 11:10:00,11
728,SIC-5FCCFYS3-WZG7JDAV-X,èCèlèuèbè è4è3è4è,LOCAL_CLUB,Veneto,VR,èDèoèsèsèoèbèuèoènèoè,,è3è7è0è6è2è,,,Settimanale,,,è0è4è5è è9è8è7è3è3è7è,,èaècèaètè.ècèaèsètèeèlèsècèaèlèiègèeèrèoè@ègèmèaèièlè.ècèoèmè,,èAèCèAèTè èVèIèLèLèAèFèRèAèNèCèAè èCèAèSèTèEèLè èSèCèAèLèIèGèEèRèOè èOèDèVè,,,45.3941895,10.9148777,EXACT_VENUE,ACTIVE_VERIFIED_2026,,,,2026-09-21 11:10:00,2026-09-21 11:10:00,11
729,SIC-QGKWKK9Y-A2056NJ9-T,èCèlèuèbè è4è3è8è,LOCAL_CLUB,Veneto,VR,èVèiètètèoèrèièoè èVèeènèeètèoè,èPèièaèzèzèaè èFèièuèmèeè èSè.è èGèièaècèoèmèoè èdèiè èVèeègèlèièaè,è3è1è0è2è9è,,,Settimanale,,,è3è4è0è è5è7è2è8è3è9è4è,,èiènèfèoè@èaècèaètèsèiènèièsètèrèaèpèièaèvèeè.èiètè,,èAèCèAèTè èSèIèNèIèSèTèRèAè èPèIèAèVèEè èOèDèVè,,,45.9638243,12.3229352,EXACT_VENUE,ACTIVE_VERIFIED_2026,,,,2026-09-21 11:10:00,2026-09-21 11:10:00,11
730,SIC-5JYCKJRQ-R827QNM3-B,èCèlèuèbè è4è3è9è,LOCAL_CLUB,Veneto,VR,èSèaènè èGèièoèvèaènènèiè èIèlèaèrèièoènèeè,èPèièaèzèzèaè èAèlèdèoè èMèoèrèoè,è3è7è0è3è5è,,,Settimanale,,,è3è4è8è è8è8è1è3è9è1è8è,,èaècèaètèvèoè@èlèièbèeèrèoè.èiètè,,èAèCèAèTè èVèEèRèOèNèEèSèEè èOèRèIèEèNèTèAèLèEè èOèDèVè,,,45.5237096,11.2355757,EXACT_VENUE,ACTIVE_VERIFIED_2026,,,,2026-09-21 11:10:00,2026-09-21 11:10:00,11
731,SIC-Q0FW2YAV-8N1TC7R7-D,èCèlèuèbè è4è4è,LOCAL_CLUB,Veneto,VR,èMèaèsèeèrèaèdèaè èsèuèlè èPèièaèvèeè,"èVèièaè èCèaècècèièaènèiègèaè,è ènè.è è7è5è",è3è1è0è5è2è,,,Settimanale,,,è3è3è1è è8è0è9è7è0è0è7è,,èlèaèuèrèaè.èbèoèrètèoèlèuèzèzèiè@èhèoètèmèaèièlè.èiètè,,èAèCèAèTè èLèAè èSèPèEèRèAèNèZèAè èOèDèVè,,,45.7496569,12.3192933,EXACT_VENUE,ACTIVE_VERIFIED_2026,,,,2026-09-21 11:10:00,2026-09-21 11:10:00,11
732,SIC-MT9MGT92-PXFT96WR-T,"èCèlèuèbè è4è4è0è è""èQèuèeèrèoè""è",LOCAL_CLUB,Veneto,VR,èQèuèeèrèoè,"èVèièaè èRèoèmèaè,è è2è9è",è3è2è0è3è0è,,,Settimanale,,,è3è3è9è è6è0è3è9è1è8è0è,,èaècèaètè.èfèeèlètèrèeè@èlèièbèeèrèoè.èiètè,,èAèCèAèTè èFèEèLèTèRèEè èOèDèVè,,,45.9206694,11.9328279,EXACT_VENUE,ACTIVE_VERIFIED_2026,,,,2026-09-21 11:10:00,2026-09-21 11:10:00,11
733,SIC-07X2TRMC-6JD4T5B1-H,"èCèlèuèbè è4è4è2è è""èMèaèrèaènèoè""è",LOCAL_CLUB,Veneto,VR,èMèaèrèaènèoè èVèiècèeènètèiènèoè,"èPèièaèzèzèaè èSèièlèvèaè,è ènè.è è5è6è",è3è6è0è3è5è,,,Settimanale,,,è3è5è1è è8è1è0è2è7è3è1è,,èaècèaètèvèaèlèoèrèiènèuèoèvèiè@ègèmèaèièlè.ècèoèmè,,èAèCèAèTè èVèAèLèOèRèIè èNèUèOèVèIè èOèDèVè,,,45.693508,11.43062,EXACT_VENUE,ACTIVE_VERIFIED_2026,,,,2026-09-21 11:10:00,2026-09-21 11:10:00,11
734,SIC-63CXRJR3-V8KF704K-B,"èCèlèuèbè è4è4è3è è""èCèoèrèbèoèlèoènèeè""è",LOCAL_CLUB,Veneto,VR,èSèaènè èSètèiènèoè èdèiè èLèièvèeènèzèaè,"èVèièaè è èDèeèlè èPèoèpèoèlèoè,è ènè.è è2è6è",è3è0è0è2è9è,,,Settimanale,,,è3è3è9è è1è3è3è3è8è8è6è,,èaècèaètèpèoèrètèoègèrèuèaèrèeèsèeè@ègèmèaèièlè.ècèoèmè,,èAèCèAèTè èPèOèRèTèOèGèRèUèAèRèEèSèEè èOèDèVè,,,45.7300677,12.6759152,EXACT_VENUE,ACTIVE_VERIFIED_2026,,,,2026-09-21 11:10:00,2026-09-21 11:10:00,11
735,SIC-RVVGHC6A-N6BA51TD-K,"èCèlèuèbè è4è4è4è è""èMèaètèrèièoèsèkèaè""è",LOCAL_CLUB,Veneto,VR,èSèaènè èMèiècèhèeèlèeè èaèlè èTèaègèlèièaèmèeènètèoè,"èVèièaè èAèpèiècèièlèièaè,è ènè.è è1è5è/èAè",è3è0è0è2è8è,,,Settimanale,,,è3è3è9è è1è3è3è3è8è8è6è,,èaècèaètèpèoèrètèoègèrèuèaèrèeèsèeè@ègèmèaèièlè.ècèoèmè,,èAèCèAèTè èPèOèRèTèOèGèRèUèAèRèEèSèEè èOèDèVè,,,45.7950536,12.9652287,EXACT_VENUE,ACTIVE_VERIFIED_2026,,,,2026-09-21 11:10:00,2026-09-21 11:10:00,11
736,SIC-HE7BJ59H-ADMZMHQM-2,"èCèlèuèbè è4è4è5è è""èSè.èSè.è èTèrèiènèiètèàè""è",LOCAL_CLUB,Veneto,VR,èSècèhèièoè,"èVèièaè èdèeèiè èBèoèlèdèùè,è ènè.è è4è1è",è3è6è0è1è5è,,,Settimanale,,,è3è4è9è è1è9è4è0è0è6è8è,,èaècèaètèpèeèdèeèmèoènètèaènèaè@ègèmèaèièlè.ècèoèmè,,èAèCèAèTè èPèEèDèEèMèOèNèTèAèNèAè èOèDèVè,,,45.72528,11.362,EXACT_VENUE,ACTIVE_VERIFIED_2026,,,,2026-09-21 11:10:00,2026-09-21 11:10:00,11
737,SIC-7AG6Q56K-1XFMYR2S-T,"èCèlèuèbè è4è4è6è è""èQèuèaèdèrèièfèoègèlèièoè""è",LOCAL_CLUB,Veneto,VR,èPèoèrètèoègèrèuèaèrèoè,"èVèièaè èPèaèsètèrèeènègèoè,è ènè.è è2è8è/èBè",è3è0è0è2è6è,,,Settimanale,,,è3è3è9è è1è3è3è3è8è8è6è,,èaècèaètèpèoèrètèoègèrèuèaèrèeèsèeè@ègèmèaèièlè.ècèoèmè,,èAèCèAèTè èPèOèRèTèOèGèRèUèAèRèEèSèEè èOèDèVè,,,45.7844838,12.8336375,EXACT_VENUE,ACTIVE_VERIFIED_2026,,,,2026-09-21 11:10:00,2026-09-21 11:10:00,11
738,SIC-68BZTATD-ZFZAXMP3-A,"èCèlèuèbè è4è4è8è è""èAèbèaènèoè""è",LOCAL_CLUB,Veneto,VR,èAèbèaènèoè èTèeèrèmèeè,"èVèièaè èDèièaèzè,è ènè.è è9è8è",è3è5è0è3è1è,,,Settimanale,,,è3è4è9è è7è2è5è7è4è1è5è,,èaècèaètè.ècèoèlèlèiè@èlèièbèeèrèoè.èiètè,,èAèCèAèTè èCèOèLèLèIè èEèUèGèAèNèEèIè èOèDèVè,,,45.3613992,11.7975015,EXACT_VENUE,ACTIVE_VERIFIED_2026,,,,2026-09-21 11:10:00,2026-09-21 11:10:00,11
739,SIC-7MEP2X1Z-C1KJK9YP-E,èCèlèuèbè è4è5è0è,LOCAL_CLUB,Veneto,VR,èCèaèsètèeèlèlèeètètèoè è/è èBèrèeènèzèoènèeè,,è3è7è0è1è0è,,,Settimanale,,,è3è3è8è è6è2è8è3è9è6è6è,,èaècèaètèbèaèlèdèoègèaèrèdèaè@ègèmèaèièlè.ècèoèmè,,èAèCèAèTè èBèAèLèDèOè èGèAèRèDèAè èOèDèVè,,,45.6865805,10.7495339,EXACT_VENUE,ACTIVE_VERIFIED_2026,,,,2026-09-21 11:10:00,2026-09-21 11:10:00,11
740,SIC-NW8ZH1WM-PDJ02VZ5-4,èCèlèuèbè è4è5è1è,LOCAL_CLUB,Veneto,VR,èVèièlèlèaèfèrèaènècèaè,"èVèièaè èFèaènètèoènèiè,è ènè.è è1è",è3è7è0è6è9è,,,Settimanale,,,è0è4è5è è9è8è7è3è3è7è,,èaècèaètè.ècèaèsètèeèlèsècèaèlèiègèeèrèoè@ègèmèaèièlè.ècèoèmè,,èAèCèAèTè èVèIèLèLèAèFèRèAèNèCèAè èCèAèSèTèEèLè èSèCèAèLèIèGèEèRèOè èOèDèVè,,,45.349404,10.8378727,EXACT_VENUE,ACTIVE_VERIFIED_2026,,,,2026-09-21 11:10:00,2026-09-21 11:10:00,11
741,SIC-S794Q2ZB-8GRA2VKF-A,"èCèlèuèbè è4è5è3è è""èAèzèaèlèeèaè""è",LOCAL_CLUB,Veneto,VR,èBèoèvèoèlèoènèeè,"èVèièaè èGè.è èMèaèzèzèiènèiè,è ènè.è è3è",è3è7è0è5è1è,,,Settimanale,,,è3è4è9è è0è0è3è9è6è2è5è,,èaècèaètè.èbèaèsèsèoèvèeèrèoènèeèsèeè@ègèmèaèièlè.ècèoèmè,,èAèCèAèTè èBèAèSèSèOè èVèEèRèOèNèEèSèEè èOèDèVè,,,45.2598541,11.1148378,EXACT_VENUE,ACTIVE_VERIFIED_2026,,,,2026-09-21 11:10:00,2026-09-21 11:10:00,11
742,SIC-FE4KWSVM-E0RGVDBD-Z,"èCèlèuèbè è4è6è3è è""èTèièsèoèiè""è",LOCAL_CLUB,Veneto,VR,èBèeèlèlèuènèoè,èvèièaè èDèeèiè èMèoèlèaèsè,è3è2è1è0è0è,,,Settimanale,,,è3è3è3è è9è6è0è0è3è6è0è,,èaècèaètèbèeèlèlèuènèoè@ègèmèaèièlè.ècèoèmè,,èAèCèAèTè èBèEèLèLèUèNèOè èOèDèVè,,,46.1625369,12.1703163,EXACT_VENUE,ACTIVE_VERIFIED_2026,,,,2026-09-21 11:10:00,2026-09-21 11:10:00,11
743,SIC-H4GQF941-V1Z5VGJR-M,"èCèlèuèbè è4è6è5è è""èLè'èAèlèbèaè""è",LOCAL_CLUB,Veneto,VR,èLèaènècèoènè èdèiè èAènènèoènèeè èVèeènèeètèoè,"èVèièaè èPèaèlèuèdèiè,è ènè.è è2è",è3è0è0è2è0è,,,Settimanale,,,è3è3è9è è1è3è3è3è8è8è6è,,èaècèaètèpèoèrètèoègèrèuèaèrèeèsèeè@ègèmèaèièlè.ècèoèmè,,èAèCèAèTè èPèOèRèTèOèGèRèUèAèRèEèSèEè èOèDèVè,,,45.7617957,12.7188287,EXACT_VENUE,ACTIVE_VERIFIED_2026,,,,2026-09-21 11:10:00,2026-09-21 11:10:00,11
744,SIC-2NPV9G6V-P65NVCY3-2,"èCèlèuèbè è4è6è6è è""èPèiènèeèdèaè""è",LOCAL_CLUB,Veneto,VR,èBèièbèièoènèeè èdèiè èSèaènè èMèiècèhèeèlèeè èaèlè èTèaègèlèièaèmèeènètèoè,"èVèièaè èFèeènèiècèeè,è ènè.è è4è2è",è3è0è0è2è8è,,,Settimanale,,,è3è3è9è è1è3è3è3è8è8è6è,,èaècèaètèpèoèrètèoègèrèuèaèrèeèsèeè@ègèmèaèièlè.ècèoèmè,,èAèCèAèTè èPèOèRèTèOèGèRèUèAèRèEèSèEè èOèDèVè,,,45.6397188,13.0585921,EXACT_VENUE,ACTIVE_VERIFIED_2026,,,,2026-09-21 11:10:00,2026-09-21 11:10:00,11
745,SIC-XFNXZ22D-MB4HB5S6-1,"èCèlèuèbè è4è7è0è è""èLèeèvèeègèoè èCèaèsètèièoènè""è",LOCAL_CLUB,Veneto,VR,èBèeèlèlèuènèoè,èCèaèsètèièoènè,è3è2è1è0è0è,,,Settimanale,,,è3è3è3è è9è6è0è0è3è6è0è,,èaècèaètèbèeèlèlèuènèoè@ègèmèaèièlè.ècèoèmè,,èAèCèAèTè èBèEèLèLèUèNèOè èOèDèVè,,,46.1254683,12.2361275,EXACT_VENUE,ACTIVE_VERIFIED_2026,,,,2026-09-21 11:10:00,2026-09-21 11:10:00,11
746,SIC-S5DH8WN3-4JG7SJ33-2,"èCèlèuèbè è4è7è4è è""èCèlèeèmèaètèièsè""è",LOCAL_CLUB,Veneto,VR,èPèeèsècèaènètèiènèaè,"èVèièaè èPèaècèeè,è è1è5è",è3è7è0è2è6è,,,Settimanale,,,è0è4è5è è6è8è6è1è8è5è0è,,èaècèaètèaèdèiègèeèlèeèsèsèiènèièaè@ègèmèaèièlè.ècèoèmè,,èAèCèAèTè èAèDèIèGèEè è–è èLèEèSèSèIèNèIèAè èOèDèVè,,,45.4827011,10.8735475,EXACT_VENUE,ACTIVE_VERIFIED_2026,,,,2026-09-21 11:10:00,2026-09-21 11:10:00,11
747,SIC-GZMGCMVE-EXTA9PNT-0,"èCèlèuèbè è4è7è9è è""èLèeè èSèoèrègèeènètèiè""è",LOCAL_CLUB,Veneto,VR,èRèeècèoèaèrèoè èTèeèrèmèeè,"èPèièaèzèzèaè èDèoèlèoèmèiètèiè,è ènè.è è6è",è3è6è0è7è6è,,,Settimanale,,,è3è3è3è è4è8è3è6è4è3è5è,,èaècèaètèvèaèlèlèeèaègènèoè@ègèmèaèièlè.ècèoèmè,,èAèCèAèTè èVèAèLèLèEèAèGèNèOè èOèDèVè,,,45.7049088,11.2253401,EXACT_VENUE,ACTIVE_VERIFIED_2026,,,,2026-09-21 11:10:00,2026-09-21 11:10:00,11
748,SIC-1MFCWH24-X7G840RQ-9,"èCèlèuèbè è4è8è1è è""èIèrèièsè""è",LOCAL_CLUB,Veneto,VR,èCèaèsètèeèlègèuègèlèièeèlèmèoè,"èVèièaè èMèaègèeènètèaè,è ènè.è è2è4è1è",è4è5è0è2è0è,,,Settimanale,,,è3è3è5è è6è0è4è8è3è3è0è è/è è3è4è9è è5è3è8è0è5è6è6è,,èaècèaètèpèoèlèoècècè@ègèmèaèièlè.ècèoèmè,,èAèCèAèTè èPèOèLèEèSèIèNèEè èOèCèCèIèDèEèNèTèAèLèEè èOèDèVè,,,45.025837,11.5342918,EXACT_VENUE,ACTIVE_VERIFIED_2026,,,,2026-09-21 11:10:00,2026-09-21 11:10:00,11
749,SIC-PKG7E710-GPTEXKSK-X,"èCèlèuèbè è4è8è3è è""èNèoèaèlèeè""è",LOCAL_CLUB,Veneto,VR,èNèoèaèlèeè,èVèièaè èGè.è èBè.è èRèoèsèsèiè,è3è0è0è3è3è,,,Settimanale,,,è3è5è1è è3è8è8è7è9è1è0è,,èaècèaètèmèeèsètèrèeè@ègèmèaèièlè.ècèoèmè,,èAèCèAèTè èMèEèSèTèRèEè èOèDèVè,,,45.5513429,12.0652657,EXACT_VENUE,ACTIVE_VERIFIED_2026,,,,2026-09-21 11:10:00,2026-09-21 11:10:00,11
750,SIC-MZYS1EK7-PGP3BMMJ-E,èCèlèuèbè è4è8è5è,LOCAL_CLUB,Veneto,VR,èVèiègèaèsèièoè è-è èPèoèvèeègèlèièaènèoè,,è3è7è0è6è8è,,,Settimanale,,,è0è4è5è è9è8è7è3è3è7è,,èaècèaètè.ècèaèsètèeèlèsècèaèlèiègèeèrèoè@ègèmèaèièlè.ècèoèmè,,èAèCèAèTè èVèIèLèLèAèFèRèAèNèCèAè èCèAèSèTèEèLè èSèCèAèLèIèGèEèRèOè èOèDèVè,,,45.3169126,10.9421007,EXACT_VENUE,ACTIVE_VERIFIED_2026,,,,2026-09-21 11:10:00,2026-09-21 11:10:00,11
751,SIC-A2ZAXBVQ-VWXKNVDC-W,"èCèlèuèbè è4è8è6è è""èAèmèiècèièzèièaè""è",LOCAL_CLUB,Veneto,VR,èVèeèrèoènèaè,"èVèièaè èBèeènèeèdèeètètèiè,è ènè.è è2è6è",è3è7è1è3è5è,,,Settimanale,,,è0è4è5è è8è2è0è5è1è7è5è,,èaècèaètèvèrèsèuèdè@ègèmèaèièlè.ècèoèmè,,èAèCèAèTè èVèEèRèOèNèAè èSèUèDè èOèDèVè,,,45.404596,10.9864736,EXACT_VENUE,ACTIVE_VERIFIED_2026,,,,2026-09-21 11:10:00,2026-09-21 11:10:00,11
752,SIC-WH4QY44M-K4JY2CFA-M,"èCèlèuèbè è4è8è7è è""èMèièmèoèsèaè""è",LOCAL_CLUB,Veneto,VR,èNèeègèrèaèrè,"èVèièaè èSèaènè èVèiètèoè,è è1è",è3è7è0è2è4è,,,Settimanale,,,è0è4è5è è6è8è6è1è8è5è0è,,èaècèaètèaèdèiègèeèlèeèsèsèiènèièaè@ègèmèaèièlè.ècèoèmè,,èAèCèAèTè èAèDèIèGèEè è–è èLèEèSèSèIèNèIèAè èOèDèVè,,,45.51565,10.93839,EXACT_VENUE,ACTIVE_VERIFIED_2026,,,,2026-09-21 11:10:00,2026-09-21 11:10:00,11
753,SIC-GVZBADJJ-TVRHNSNB-X,"èCèlèuèbè è4è8è8è è""èLèaè èFèeènèiècèeè""è",LOCAL_CLUB,Veneto,VR,èSèaènè èGèièoèrègèièoè èdèiè èLèièvèeènèzèaè èCèaèoèrèlèeè,"èVèièaè èdèeèlèlèaè èLèièbèeèrètèaè,è ènè.è è4è",è3è0è0è2è1è,,,Settimanale,,,è3è3è9è è1è3è3è3è8è8è6è,,èaècèaètèpèoèrètèoègèrèuèaèrèeèsèeè@ègèmèaèièlè.ècèoèmè,,èAèCèAèTè èPèOèRèTèOèGèRèUèAèRèEèSèEè èOèDèVè,,,45.6523505,12.7960589,EXACT_VENUE,ACTIVE_VERIFIED_2026,,,,2026-09-21 11:10:00,2026-09-21 11:10:00,11
754,SIC-9HS42891-0QT8TD5X-2,èCèlèuèbè è4è9è1è,LOCAL_CLUB,Veneto,VR,èIèsèoèlèaè èVèiècèeènètèiènèaè,èPèièaèzèzèaè èMèaèrècèoènèiè,è3è6è0è3è3è,,,Settimanale,,,è3è2è7è è1è9è3è4è7è1è7è,,èaècèaètèvèiècèeènèzèaè@èlèièbèeèrèoè.èiètè,,èAèCèAèTè èVèIèCèEèNèZèAè èOèDèVè,,,45.6295786,11.4424413,EXACT_VENUE,ACTIVE_VERIFIED_2026,,,,2026-09-21 11:10:00,2026-09-21 11:10:00,11
755,SIC-G6425DQT-NFT8ZHXS-C,èCèlèuèbè è4è9è4è,LOCAL_CLUB,Veneto,VR,èSèoèmèmèaècèaèmèpèaègènèaè,,è3è7è0è6è6è,,,Settimanale,,,è0è4è5è è9è8è7è3è3è7è,,èaècèaètè.ècèaèsètèeèlèsècèaèlèiègèeèrèoè@ègèmèaèièlè.ècèoèmè,,èAèCèAèTè èVèIèLèLèAèFèRèAèNèCèAè èCèAèSèTèEèLè èSèCèAèLèIèGèEèRèOè èOèDèVè,,,45.4028205,10.84281,EXACT_VENUE,ACTIVE_VERIFIED_2026,,,,2026-09-21 11:10:00,2026-09-21 11:10:00,11
756,SIC-02E2N5GD-P95DYRTD-W,èCèlèuèbè è4è9è7è,LOCAL_CLUB,Veneto,VR,èPèoèrètèoè èTèoèlèlèeè,"èVèièaè èMèaètètèeèoètètèiè,è ènè.è è2è4è8è",è4è5è0è1è8è,,,Settimanale,,,è3è7è6è è1è5è1è6è3è0è1è,,èaècèaètè.èbèaèsèsèoèpè@ètèièsècèaèlèiè.èiètè,,èAèCèAèTè èBèAèSèSèOè èPèOèLèEèSèIèNèEè èOèDèVè,,,44.9508113,12.3304668,EXACT_VENUE,ACTIVE_VERIFIED_2026,,,,2026-09-21 11:10:00,2026-09-21 11:10:00,11
757,SIC-JBWDP47P-VDZZHM1G-M,èCèlèuèbè è4è9è9è,LOCAL_CLUB,Veneto,VR,èCèaèsètèeèlèfèrèaènècèoè èVèeènèeètèoè,"èVèièaè èdèeèiè èCèaèrèpèaènèiè,è ènè.è è1è6è/èzè",è3è1è0è3è3è,,,Settimanale,,,è0è4è2è3è è7è2è0è5è8è1è,,èaècèaètènèoèrèdèeèsètè@ègèmèaèièlè.ècèoèmè,,èAèCèAèTè èNèOèRèDè èEèSèTè èOèDèVè,,,45.6784189,11.9330986,EXACT_VENUE,ACTIVE_VERIFIED_2026,,,,2026-09-21 11:10:00,2026-09-21 11:10:00,11
758,SIC-A3NHSNVM-KSAX810B-G,"èCèlèuèbè è5è è""èVèeèrèsèoè èièlè èfèuètèuèrèoè""è",LOCAL_CLUB,Veneto,VR,èCèaèoèrèlèeè,èVèièaè èAèsètèeèsèeè,è3è0è0è2è1è,,,Settimanale,,,è3è3è9è è1è3è3è3è8è8è6è,,èaècèaètèpèoèrètèoègèrèuèaèrèeèsèeè@ègèmèaèièlè.ècèoèmè,,èAèCèAèTè èPèOèRèTèOèGèRèUèAèRèEèSèEè èOèDèVè,,,45.6003395,12.8805616,EXACT_VENUE,ACTIVE_VERIFIED_2026,,,,2026-09-21 11:10:00,2026-09-21 11:10:00,11
759,SIC-PFC38NJM-E5FH8ETK-G,èCèlèuèbè è5è0è0è,LOCAL_CLUB,Veneto,VR,èSèaènè èVèeènèdèeèmèièaènèoè,"èPèièaèzèzèaè èCèoèsènèiègèaè,è ènè.è è6è",è3è1è0è2è0è,,,Settimanale,,,è3è4è0è è5è7è2è8è3è9è4è,,èiènèfèoè@èaècèaètèsèiènèièsètèrèaèpèièaèvèeè.èiètè,,èAèCèAèTè èSèIèNèIèSèTèRèAè èPèIèAèVèEè èOèDèVè,,,45.886788,12.3448986,EXACT_VENUE,ACTIVE_VERIFIED_2026,,,,2026-09-21 11:10:00,2026-09-21 11:10:00,11
760,SIC-48SA8DHB-49FRW58S-S,èCèlèuèbè è5è0è2è,LOCAL_CLUB,Veneto,VR,èSècèhèièoè,"èVèièaè èDèaènèièeèlèeè èMèaènèiènè,è ènè.è1è",è3è6è0è1è5è,,,Settimanale,,,è3è4è9è è1è9è4è0è0è6è8è,,èaècèaètèpèeèdèeèmèoènètèaènèaè@ègèmèaèièlè.ècèoèmè,,èAèCèAèTè èPèEèDèEèMèOèNèTèAèNèAè èOèDèVè,,,45.7125771,11.3640959,EXACT_VENUE,ACTIVE_VERIFIED_2026,,,,2026-09-21 11:10:00,2026-09-21 11:10:00,11
761,SIC-MZB91FG9-C6JC8E55-V,èCèlèuèbè è5è0è3è,LOCAL_CLUB,Veneto,VR,èVèièlèlèaèfèrèaènècèaè,"èVèièaè èFèaènètèoènèiè,è ènè.è è1è",è3è7è0è6è9è,,,Settimanale,,,è0è4è5è è9è8è7è3è3è7è,,èaècèaètè.ècèaèsètèeèlèsècèaèlèiègèeèrèoè@ègèmèaèièlè.ècèoèmè,,èAèCèAèTè èVèIèLèLèAèFèRèAèNèCèAè èCèAèSèTèEèLè èSèCèAèLèIèGèEèRèOè èOèDèVè,,,45.349404,10.8378727,EXACT_VENUE,ACTIVE_VERIFIED_2026,,,,2026-09-21 11:10:00,2026-09-21 11:10:00,11
762,SIC-J77YQC0K-XSP8753Z-W,"èCèlèuèbè è5è0è4è è""èAèrècèoèbèaèlèeènèoè""è",LOCAL_CLUB,Veneto,VR,èVèeèrèoènèaè,"èVèièaè èPèeèrèiènèiè,è ènè.è è7è",è3è7è1è2è2è,,,Settimanale,,,è0è4è5è è9è7è3è3è2è2è,,èaècèaètèvèeèrèoènèaèeèsètè@ègèmèaèièlè.ècèoèmè,,èAèCèAèTè èVèEèRèOèNèAè èEèSèTè èOèDèVè,,,45.4383842,10.9916215,EXACT_VENUE,ACTIVE_VERIFIED_2026,,,,2026-09-21 11:10:00,2026-09-21 11:10:00,11
763,SIC-D67TRNSM-SEQXVTPP-5,"èCèlèuèbè è5è0è5è è""èPèrèièmèuèlèaè""è",LOCAL_CLUB,Veneto,VR,èSè.èAèmèbèrèoègèièoè èdèiè èVèaèlèpèoèlèiècèeèlèlèaè,"èVèièaè èMèaèrècèoènèiè,è è2è8è",è3è7è0è1è5è,,,Settimanale,,,è0è4è5è è6è8è6è1è8è5è0è,,èaècèaètèaèdèiègèeèlèeèsèsèiènèièaè@ègèmèaèièlè.ècèoèmè,,èAèCèAèTè èAèDèIèGèEè è–è èLèEèSèSèIèNèIèAè èOèDèVè,,,45.5268608,10.8380573,EXACT_VENUE,ACTIVE_VERIFIED_2026,,,,2026-09-21 11:10:00,2026-09-21 11:10:00,11
764,SIC-GC2CCCBC-Q5DABGYM-P,"èCèlèuèbè è5è0è6è è""èGèièrèaèsèoèlèeè""è",LOCAL_CLUB,Veneto,VR,èLèeègènèaègèoè,"èRèeèdèeènètèoèrèeè,è ènè.è è4è",è3è7è0è4è5è,,,Settimanale,,,è3è4è9è è0è0è3è9è6è2è5è,,èaècèaètè.èbèaèsèsèoèvèeèrèoènèeèsèeè@ègèmèaèièlè.ècèoèmè,,èAèCèAèTè èBèAèSèSèOè èVèEèRèOèNèEèSèEè èOèDèVè,,,45.1712624,11.3012196,EXACT_VENUE,ACTIVE_VERIFIED_2026,,,,2026-09-21 11:10:00,2026-09-21 11:10:00,11
765,SIC-Z987PHJC-6APSFW4X-8,"èCèlèuèbè è5è0è8è è""èFèiènèaèlèmèeènètèeè èIèoè""è",LOCAL_CLUB,Veneto,VR,èMèoènètèeèbèeèlèlèuènèaè,"èVèièaè èMèaètètèièeèlèlèoè,è ènè.è è4è",è3è1è0è4è4è,,,Settimanale,,,è0è4è2è3è è7è2è0è5è8è1è,,èaècèaètènèoèrèdèeèsètè@ègèmèaèièlè.ècèoèmè,,èAèCèAèTè èNèOèRèDè èEèSèTè èOèDèVè,,,45.7747005,12.0513512,EXACT_VENUE,ACTIVE_VERIFIED_2026,,,,2026-09-21 11:10:00,2026-09-21 11:10:00,11
766,SIC-YT5GMQHK-7PQPPN7C-7,"èCèlèuèbè è5è0è9è è""èFèièoèrè èdèiè èPèeèsècèoè""è",LOCAL_CLUB,Veneto,VR,èBèuèsèsèoèlèeènègèoè,"èVèièaè èSèaènè èVèaèlèeènètèiènèoè,è è3è6è",è3è7è0è1è2è,,,Settimanale,,,è3è3è1è è2è9è5è7è2è3è4è,,èaècèaètèsèièrèièuèsè@èlèièbèeèrèoè.èiètè,,èAèCèAèTè èSèIèRèIèUèSè èOèDèVè,,,45.4719393,10.8508132,EXACT_VENUE,ACTIVE_VERIFIED_2026,,,,2026-09-21 11:10:00,2026-09-21 11:10:00,11
767,SIC-DE9G7ZGP-SR36RD2R-A,"èCèlèuèbè è5è1è1è è""èLèeènètèièaèiè""è",LOCAL_CLUB,Veneto,VR,èLèeènètèièaèiè,"èVèièaè èGèaèlèièlèeèoè èGèaèlèièlèeèiè,è ènè.è è2è",è3è2è0è2è0è,,,Settimanale,,,è3è3è9è è6è0è3è9è1è8è0è,,èaècèaètè.èfèeèlètèrèeè@èlèièbèeèrèoè.èiètè,,èAèCèAèTè èFèEèLèTèRèEè èOèDèVè,,,46.0452314,12.0198282,EXACT_VENUE,ACTIVE_VERIFIED_2026,,,,2026-09-21 11:10:00,2026-09-21 11:10:00,11
768,SIC-02HD97C2-6D3HKTBJ-0,"èCèlèuèbè è5è1è2è è""èPèuèoèsè èDè'èAèlèpèaègèoè""è",LOCAL_CLUB,Veneto,VR,èPèuèoèsè èDè’èAèlèpèaègèoè,"èvèièaè èVèeèrèdèiè,è ènè.è è4è",è3è2è0è1è5è,,,Settimanale,,,è3è3è3è è9è6è0è0è3è6è0è,,èaècèaètèbèeèlèlèuènèoè@ègèmèaèièlè.ècèoèmè,,èAèCèAèTè èBèEèLèLèUèNèOè èOèDèVè,,,46.1426573,12.360857,EXACT_VENUE,ACTIVE_VERIFIED_2026,,,,2026-09-21 11:10:00,2026-09-21 11:10:00,11
769,SIC-PZMJ2KR3-BWAXKEZ7-4,"èCèlèuèbè è5è1è6è è""èIèlè èVèoèlèoè""è",LOCAL_CLUB,Veneto,VR,èBèoèrèsèeèaè,"èVèièaè èGè.è èSèaèvèoènèaèrèoèlèaè,è ènè.è è1è2è9è",è4è5è1è0è0è,,,Settimanale,,,è3è3è5è è6è0è4è8è3è3è0è è/è è3è4è9è è5è3è8è0è5è6è6è,,èaècèaètèpèoèlèoècècè@ègèmèaèièlè.ècèoèmè,,èAèCèAèTè èPèOèLèEèSèIèNèEè èOèCèCèIèDèEèNèTèAèLèEè èOèDèVè,,,45.040921,11.790858,EXACT_VENUE,ACTIVE_VERIFIED_2026,,,,2026-09-21 11:10:00,2026-09-21 11:10:00,11
770,SIC-D4HF1RYM-Y89S92GX-4,"èCèlèuèbè è5è2è è""èIèlè èSèoèrèrèièsèoè""è",LOCAL_CLUB,Veneto,VR,èSèaènè èSètèiènèoè èdèiè èLèièvèeènèzèaè,"èVèièaè èGèièoèvèaènènèiè èXèXèIèIèIè,è ènè.è è3è",è3è0è0è2è9è,,,Settimanale,,,è3è3è9è è1è3è3è3è8è8è6è,,èaècèaètèpèoèrètèoègèrèuèaèrèeèsèeè@ègèmèaèièlè.ècèoèmè,,èAèCèAèTè èPèOèRèTèOèGèRèUèAèRèEèSèEè èOèDèVè,,,45.72923,12.6771823,EXACT_VENUE,ACTIVE_VERIFIED_2026,,,,2026-09-21 11:10:00,2026-09-21 11:10:00,11
771,SIC-6ZD5XK8E-87X7ARSW-Q,èCèlèuèbè è5è2è2è,LOCAL_CLUB,Veneto,VR,èJèeèsèoèlèoè,"èVèièaè èCèeèsèaèrèeè èBèaètètèièsètèiè,è ènè.è è8è5è",è3è0è0è1è6è,,,Settimanale,,,è0è4è2è1è è4è8è9è9è6è3è è/è è3è5è3è è4è7è9è2è4è8è2è,,èaècèaètèbèaèsèsèoèpèièaèvèeè@ègèmèaèièlè.ècèoèmè,,èAèCèAèTè èBèAèSèSèOè èPèIèAèVèEè èOèDèVè,,,45.53671,12.64411,EXACT_VENUE,ACTIVE_VERIFIED_2026,,,,2026-09-21 11:10:00,2026-09-21 11:10:00,11
772,SIC-F2H65D6E-JCY5DPFG-X,"èCèlèuèbè è5è2è4è è""èSèaènètè'èAènètèoènèièoè""è",LOCAL_CLUB,Veneto,VR,èTèrèiècèhèièaènèaè,"èVèièaè èSè.è èAènètèoènèiènèoè èdèiè èTèoèrètèaèlè,è ènè.è è1è3è",è3è2è0è2è8è,,,Settimanale,,,è3è3è9è è6è0è3è9è1è8è0è,,èaècèaètè.èfèeèlètèrèeè@èlèièbèeèrèoè.èiètè,,èAèCèAèTè èFèEèLèTèRèEè èOèDèVè,,,46.03881,12.161902,EXACT_VENUE,ACTIVE_VERIFIED_2026,,,,2026-09-21 11:10:00,2026-09-21 11:10:00,11
773,SIC-Y4V3QHH4-NH69D9TX-R,èCèlèuèbè è5è2è5è,LOCAL_CLUB,Veneto,VR,èAèrècèoèlèeè,"èPèièaèzèzèaè èMèaèrècèoènèiè,è ènè.è è1è",è3è7è0è4è0è,,,Settimanale,,,è3è4è8è è8è8è1è3è9è1è8è,,èaècèaètèvèoè@èlèièbèeèrèoè.èiètè,,èAèCèAèTè èVèEèRèOèNèEèSèEè èOèRèIèEèNèTèAèLèEè èOèDèVè,,,45.3575554,11.2864426,EXACT_VENUE,ACTIVE_VERIFIED_2026,,,,2026-09-21 11:10:00,2026-09-21 11:10:00,11
774,SIC-ASAEC17Y-C4X9BR7G-F,"èCèlèuèbè è5è2è7è è""èNèuèvèoèlèeè""è",LOCAL_CLUB,Veneto,VR,èRèièeèsèeè èPèièoè èXè,"èVèièaè èSècèhèièaèvèoènèeèsècèaè,è ènè.è è1è3è",è3è1è0è3è9è,,,Settimanale,,,è0è4è2è3è è7è2è0è5è8è1è,,èaècèaètènèoèrèdèeèsètè@ègèmèaèièlè.ècèoèmè,,èAèCèAèTè èNèOèRèDè èEèSèTè èOèDèVè,,,45.7287078,11.9207289,EXACT_VENUE,ACTIVE_VERIFIED_2026,,,,2026-09-21 11:10:00,2026-09-21 11:10:00,11
775,SIC-B2N2X66E-9CMZ5J16-K,èCèlèuèbè è5è3è è/è è3è6è,LOCAL_CLUB,Veneto,VR,èSèaènè èDèoènèàè èdèiè èPèièaèvèeè,"èVèièaè èRèoèrèaètèoè,è ènè.è è2è",è3è0è0è2è7è,,,Settimanale,,,è0è4è2è1è è4è8è9è9è6è3è è/è è3è5è3è è4è7è9è2è4è8è2è,,èaècèaètèbèaèsèsèoèpèièaèvèeè@ègèmèaèièlè.ècèoèmè,,èAèCèAèTè èBèAèSèSèOè èPèIèAèVèEè èOèDèVè,,,45.6259542,12.5815097,EXACT_VENUE,ACTIVE_VERIFIED_2026,,,,2026-09-21 11:10:00,2026-09-21 11:10:00,11
776,SIC-0CKTB7WG-DZFD8TZW-P,"èCèlèuèbè è5è3è0è è""èTèoèrèrèeègèlèièaè""è",LOCAL_CLUB,Veneto,VR,èTèoèrèrèeègèlèièaè,"èVèièaè èVèiètètèoèrèièoè èVè.ètèoè,è ènè.è è7è",è3è5è0è3è8è,,,Settimanale,,,è3è4è9è è7è2è5è7è4è1è5è,,èaècèaètè.ècèoèlèlèiè@èlèièbèeèrèoè.èiètè,,èAèCèAèTè èCèOèLèLèIè èEèUèGèAèNèEèIè èOèDèVè,,,45.3351763,11.7314351,EXACT_VENUE,ACTIVE_VERIFIED_2026,,,,2026-09-21 11:10:00,2026-09-21 11:10:00,11
777,SIC-TYV5X2Y3-B8CZE1BF-S,èCèlèuèbè è5è3è3è,LOCAL_CLUB,Veneto,VR,èMèuèsèièlèeè èdèiè èPèièaèvèeè,"èVèièaè èMèièlèaènèoè,è ènè.è è3è8è",è3è0è0è2è4è,,,Settimanale,,,è0è4è2è1è è4è8è9è9è6è3è è/è è3è5è3è è4è7è9è2è4è8è2è,,èaècèaètèbèaèsèsèoèpèièaèvèeè@ègèmèaèièlè.ècèoèmè,,èAèCèAèTè èBèAèSèSèOè èPèIèAèVèEè èOèDèVè,,,45.6175592,12.5635086,EXACT_VENUE,ACTIVE_VERIFIED_2026,,,,2026-09-21 11:10:00,2026-09-21 11:10:00,11
778,SIC-XSV66VQ1-WSXPHZ4Y-V,èCèlèuèbè è5è3è5è,LOCAL_CLUB,Veneto,VR,èMèoènètèeèfèoèrètèeè èdè’èAèlèpèoènèeè,èVèièaè èGèaèrèièbèaèlèdèiè,è3è7è0è3è2è,,,Settimanale,,,è3è4è8è è8è8è1è3è9è1è8è,,èaècèaètèvèoè@èlèièbèeèrèoè.èiètè,,èAèCèAèTè èVèEèRèOèNèEèSèEè èOèRèIèEèNèTèAèLèEè èOèDèVè,,,45.4221876,11.2824198,EXACT_VENUE,ACTIVE_VERIFIED_2026,,,,2026-09-21 11:10:00,2026-09-21 11:10:00,11
779,SIC-X924ZNNW-F024V5T3-5,"èCèlèuèbè è5è4è2è è""èGèièrèaèsèoèlèiè""è",LOCAL_CLUB,Veneto,VR,èVèeèrèoènèaè,"èPèièaèzèzèaè èFèrèuègèoèsèeè,è ènè,è è7è/èBè",è3è7è1è3è2è,,,Settimanale,,,è0è4è5è è9è7è3è3è2è2è,,èaècèaètèvèeèrèoènèaèeèsètè@ègèmèaèièlè.ècèoèmè,,èAèCèAèTè èVèEèRèOèNèAè èEèSèTè èOèDèVè,,,45.4335449,11.0520634,EXACT_VENUE,ACTIVE_VERIFIED_2026,,,,2026-09-21 11:10:00,2026-09-21 11:10:00,11
780,SIC-AA3EDW3K-VM769Z0J-5,èCèlèuèbè è5è4è5è,LOCAL_CLUB,Veneto,VR,èGèoèdèeègèaè èdèiè èSèaènètè’èUèrèbèaènèoè,"èVèièaè èSèaènètè’èUèrèbèaènèoè,è ènè.è è9è7è",è3è1è0è1è0è,,,Settimanale,,,è3è4è0è è5è7è2è8è3è9è4è,,èiènèfèoè@èaècèaètèsèiènèièsètèrèaèpèièaèvèeè.èiètè,,èAèCèAèTè èSèIèNèIèSèTèRèAè èPèIèAèVèEè èOèDèVè,,,45.9120334,12.3885893,EXACT_VENUE,ACTIVE_VERIFIED_2026,,,,2026-09-21 11:10:00,2026-09-21 11:10:00,11
781,SIC-X4F5KKH6-DVVT3Q6F-P,èCèlèuèbè è5è4è6è,LOCAL_CLUB,Veneto,VR,èCèaèpèpèeèlèlèaè èMèaègègèièoèrèeè,"èVèièaè èAènèzèaènèoè,è ènè.è è1è4è2è",è3è1è0è1è2è,,,Settimanale,,,è3è4è0è è5è7è2è8è3è9è4è,,èiènèfèoè@èaècèaètèsèiènèièsètèrèaèpèièaèvèeè.èiètè,,èAèCèAèTè èSèIèNèIèSèTèRèAè èPèIèAèVèEè èOèDèVè,,,45.9853336,12.3316088,EXACT_VENUE,ACTIVE_VERIFIED_2026,,,,2026-09-21 11:10:00,2026-09-21 11:10:00,11
782,SIC-DGAAZCT0-B66RZNAX-Q,èCèlèuèbè è5è4è7è,LOCAL_CLUB,Veneto,VR,èSèaènè èBèoènèièfèaècèièoè,"èVèièaè èAèlècèièdèeè èDèeè èGèaèsèpèeèrèiè,è ènè.è è8è",è3è7è0è4è7è,,,Settimanale,,,è3è4è8è è8è8è1è3è9è1è8è,,èaècèaètèvèoè@èlèièbèeèrèoè.èiètè,,èAèCèAèTè èVèEèRèOèNèEèSèEè èOèRèIèEèNèTèAèLèEè èOèDèVè,,,45.4027456,11.2845609,EXACT_VENUE,ACTIVE_VERIFIED_2026,,,,2026-09-21 11:10:00,2026-09-21 11:10:00,11
783,SIC-GVC7P92G-CVT2C3AS-F,èCèlèuèbè è5è4è8è,LOCAL_CLUB,Veneto,VR,èPèoèrètèoè èVèièrèoè,èLèoècèaèlèiètèàè èDèoènèaèdèaè,è4è5è0è1è4è,,,Settimanale,,,è3è7è6è è1è5è1è6è3è0è1è,,èaècèaètè.èbèaèsèsèoèpè@ètèièsècèaèlèiè.èiètè,,èAèCèAèTè èBèAèSèSèOè èPèOèLèEèSèIèNèEè èOèDèVè,,,45.0381069,12.22054,EXACT_VENUE,ACTIVE_VERIFIED_2026,,,,2026-09-21 11:10:00,2026-09-21 11:10:00,11
784,SIC-866E258A-PBQE60Y0-A,èCèlèuèbè è5è4è9è,LOCAL_CLUB,Veneto,VR,èSèaènè èBèoènèièfèaècèièoè,"èVèièaè èAèlècèièdèeè èDèeè èGèaèsèpèeèrèiè,è ènè.è è8è",è3è7è0è4è7è,,,Settimanale,,,è3è4è8è è8è8è1è3è9è1è8è,,èaècèaètèvèoè@èlèièbèeèrèoè.èiètè,,èAèCèAèTè èVèEèRèOèNèEèSèEè èOèRèIèEèNèTèAèLèEè èOèDèVè,,,45.4027456,11.2845609,EXACT_VENUE,ACTIVE_VERIFIED_2026,,,,2026-09-21 11:10:00,2026-09-21 11:10:00,11
785,SIC-4H5QT2AM-3G9C83XZ-P,"èCèlèuèbè è5è5è0è è""èSèeèsètèoè èPèièaènèeètèaè""è",LOCAL_CLUB,Veneto,VR,èBèrèoègèlèièaènèoè,èVèièaè èGèeènèeèrèaèlèeè èTèoèmèbèaè,è3è6è0è7è0è,,,Settimanale,,,è3è3è3è è4è8è3è6è4è3è5è,,èaècèaètèvèaèlèlèeèaègènèoè@ègèmèaèièlè.ècèoèmè,,èAèCèAèTè èVèAèLèLèEèAèGèNèOè èOèDèVè,,,45.5897797,11.3660041,EXACT_VENUE,ACTIVE_VERIFIED_2026,,,,2026-09-21 11:10:00,2026-09-21 11:10:00,11
786,SIC-ZE9KNDAW-V4HGWB76-9,èCèlèuèbè è5è5è3è,LOCAL_CLUB,Veneto,VR,èVèiècèeènèzèaè,èVèièaè èPèièeèrè èLèuèiègèiè èdèaè èPèaèlèeèsètèrèiènèaè,è3è6è1è0è0è,,,Settimanale,,,è3è2è7è è1è9è3è4è7è1è7è,,èaècèaètèvèiècèeènèzèaè@èlèièbèeèrèoè.èiètè,,èAèCèAèTè èVèIèCèEèNèZèAè èOèDèVè,,,45.5390364,11.5153614,EXACT_VENUE,ACTIVE_VERIFIED_2026,,,,2026-09-21 11:10:00,2026-09-21 11:10:00,11
787,SIC-TG6MTRKX-G6CS92DZ-0,èCèlèuèbè è5è6è1è,LOCAL_CLUB,Veneto,VR,èSèaènè èPèièeètèrèoè èdèiè èFèeèlèeètètèoè,"èVèièaè èRèoènècèaèlèlèiè,è ènè.è è1è",è3è1è0è2è0è,,,Settimanale,,,è3è4è0è è5è7è2è8è3è9è4è,,èiènèfèoè@èaècèaètèsèiènèièsètèrèaèpèièaèvèeè.èiètè,,èAèCèAèTè èSèIèNèIèSèTèRèAè èPèIèAèVèEè èOèDèVè,,,45.930325,12.2371652,EXACT_VENUE,ACTIVE_VERIFIED_2026,,,,2026-09-21 11:10:00,2026-09-21 11:10:00,11
788,SIC-ZBWA382R-N5MV88CV-9,"èCèlèuèbè è5è6è2è è""èCèiècèlèaèmèiènèoè""è",LOCAL_CLUB,Veneto,VR,èVèeèrèoènèaè,"èVèièaè èVèoèlètèuèrènèoè,è ènè.è è2è0è/èAè",è3è7è1è3è5è,,,Settimanale,,,è0è4è5è è8è2è0è5è1è7è5è,,èaècèaètèvèrèsèuèdè@ègèmèaèièlè.ècèoèmè,,èAèCèAèTè èVèEèRèOèNèAè èSèUèDè èOèDèVè,,,45.4107917,10.9864402,EXACT_VENUE,ACTIVE_VERIFIED_2026,,,,2026-09-21 11:10:00,2026-09-21 11:10:00,11
789,SIC-AYMMAMNX-696YMZWK-H,"èCèlèuèbè è5è6è3è è""èIèlè èRèièsèvèeègèlèièoè""è",LOCAL_CLUB,Veneto,VR,èVèeèrèoènèaè,"èVèièaè èVèoèlètèuèrènèoè,è ènè.è è2è0è/èAè",è3è7è1è3è5è,,,Settimanale,,,è0è4è5è è8è2è0è5è1è7è5è,,èaècèaètèvèrèsèuèdè@ègèmèaèièlè.ècèoèmè,,èAèCèAèTè èVèEèRèOèNèAè èSèUèDè èOèDèVè,,,45.3827101,10.9958112,EXACT_VENUE,ACTIVE_VERIFIED_2026,,,,2026-09-21 11:10:00,2026-09-21 11:10:00,11
790,SIC-GJ1DSMWX-HJCGV2P9-D,"èCèlèuèbè è5è7è è""èIèlè èGèièrèaèsèoèlèeè""è",LOCAL_CLUB,Veneto,VR,èFèoèsèsèaèlètèaè èdèiè èPèoèrètèoègèrèuèaèrèoè,"èVèièaè èIèpèoèlèiètèoè èNèièeèvèoè,è ènè.è è9è",è3è0è0è2è5è,,,Settimanale,,,è3è3è9è è1è3è3è3è8è8è6è,,èaècèaètèpèoèrètèoègèrèuèaèrèeèsèeè@ègèmèaèièlè.ècèoèmè,,èAèCèAèTè èPèOèRèTèOèGèRèUèAèRèEèSèEè èOèDèVè,,,45.813898,12.886558,EXACT_VENUE,ACTIVE_VERIFIED_2026,,,,2026-09-21 11:10:00,2026-09-21 11:10:00,11
791,SIC-C9JYWBYW-MMMYDTEX-2,èCèlèuèbè è5è7è1è,LOCAL_CLUB,Veneto,VR,èCèaèsètèeèrèmèaènèoè,,è3è7è0è1è0è,,,Settimanale,,,è3è3è8è è6è2è8è3è9è6è6è,,èaècèaètèbèaèlèdèoègèaèrèdèaè@ègèmèaèièlè.ècèoèmè,,èAèCèAèTè èBèAèLèDèOè èGèAèRèDèAè èOèDèVè,,,45.5858343,10.7432813,EXACT_VENUE,ACTIVE_VERIFIED_2026,,,,2026-09-21 11:10:00,2026-09-21 11:10:00,11
792,SIC-PMZ3DB55-5CPZN17V-P,èCèlèuèbè è5è7è3è,LOCAL_CLUB,Veneto,VR,èMèaèlècèeèsèiènèeè,,è3è7è0è1è8è,,,Settimanale,,,è3è3è8è è6è2è8è3è9è6è6è,,èaècèaètèbèaèlèdèoègèaèrèdèaè@ègèmèaèièlè.ècèoèmè,,èAèCèAèTè èBèAèLèDèOè èGèAèRèDèAè èOèDèVè,,,45.7642335,10.8100928,EXACT_VENUE,ACTIVE_VERIFIED_2026,,,,2026-09-21 11:10:00,2026-09-21 11:10:00,11
793,SIC-J2Q8JV3F-BBMHB0FE-0,"èCèlèuèbè è5è7è5è è""èEèdèeèrèaè""è",LOCAL_CLUB,Veneto,VR,èSè.èAèmèbèrèoègèièoè èdèiè èVèaèlèpèoèlèiècèeèlèlèaè,"èVèièaè èDèoèmèeègèlèièaèrèaè,è è1è",è3è7è0è1è5è,,,Settimanale,,,è0è4è5è è6è8è6è1è8è5è0è,,èaècèaètèaèdèiègèeèlèeèsèsèiènèièaè@ègèmèaèièlè.ècèoèmè,,èAèCèAèTè èAèDèIèGèEè è–è èLèEèSèSèIèNèIèAè èOèDèVè,,,45.5173518,10.8064973,EXACT_VENUE,ACTIVE_VERIFIED_2026,,,,2026-09-21 11:10:00,2026-09-21 11:10:00,11
794,SIC-1NP88Z4Y-VMQSWEQZ-G,èCèlèuèbè è5è7è9è,LOCAL_CLUB,Veneto,VR,èCèaèzèzèaènèoè èdèiè èTèrèaèmèiègènèaè,"èPèièaèzèzèaè èGèièaècèoèmèoè èMèaètètèeèoètètèiè,è ènè.è è1è7è",è3è7è0è3è0è,,,Settimanale,,,è3è4è8è è8è8è1è3è9è1è8è,,èaècèaètèvèoè@èlèièbèeèrèoè.èiètè,,èAèCèAèTè èVèEèRèOèNèEèSèEè èOèRèIèEèNèTèAèLèEè èOèDèVè,,,45.4706515,11.2049335,EXACT_VENUE,ACTIVE_VERIFIED_2026,,,,2026-09-21 11:10:00,2026-09-21 11:10:00,11
795,SIC-J3AEB8V9-0GR7Z23V-W,"èCèlèuèbè è5è8è è""èCèaèvèaèrèzèaènèoè""è",LOCAL_CLUB,Veneto,VR,èBèeèlèlèuènèoè,"èvèièaè èCèaèsètèeèlèlèaènèiè,è ènè.è è1è",è3è2è1è0è0è,,,Settimanale,,,è3è3è3è è9è6è0è0è3è6è0è,,èaècèaètèbèeèlèlèuènèoè@ègèmèaèièlè.ècèoèmè,,èAèCèAèTè èBèEèLèLèUèNèOè èOèDèVè,,,46.1509608,12.2159476,EXACT_VENUE,ACTIVE_VERIFIED_2026,,,,2026-09-21 11:10:00,2026-09-21 11:10:00,11
796,SIC-Z4ZNDDF4-70GXK4F1-A,"èCèlèuèbè è5è8è0è è""èIèlè èGèièrèaèsèoèlèeè""è",LOCAL_CLUB,Veneto,VR,èTèrèeèvèiègènèaènèoè,"èVèièaè èTèrèeè èFèoèrènèiè,è ènè.è è1è6è/è3è",è3è1è0è4è0è,,,Settimanale,,,è0è4è2è3è è7è2è0è5è8è1è,,èaècèaètènèoèrèdèeèsètè@ègèmèaèièlè.ècèoèmè,,èAèCèAèTè èNèOèRèDè èEèSèTè èOèDèVè,,,45.736759,12.064025,EXACT_VENUE,ACTIVE_VERIFIED_2026,,,,2026-09-21 11:10:00,2026-09-21 11:10:00,11
797,SIC-JKHKPTNR-ZSJWS378-N,èCèlèuèbè è5è8è1è,LOCAL_CLUB,Veneto,VR,èVèiètètèoèrèièoè èVèeènèeètèoè,èVèièaè èFèrèaènècèeèsècèhèiènèiè,è3è1è0è2è9è,,,Settimanale,,,è3è4è0è è5è7è2è8è3è9è4è,,èiènèfèoè@èaècèaètèsèiènèièsètèrèaèpèièaèvèeè.èiètè,,èAèCèAèTè èSèIèNèIèSèTèRèAè èPèIèAèVèEè èOèDèVè,,,45.9786011,12.3017968,EXACT_VENUE,ACTIVE_VERIFIED_2026,,,,2026-09-21 11:10:00,2026-09-21 11:10:00,11
798,SIC-WE56A65S-HFJKKWH1-M,"èCèlèuèbè è5è8è4è è""èFèaènètèaèsèièaè""è",LOCAL_CLUB,Veneto,VR,èTèeègèlèièoè èVèeènèeètèoè,"èVèièaè èRèoèmèaè,è ènè.è è1è1è",è3è0è0è2è5è,,,Settimanale,,,è3è3è9è è1è3è3è3è8è8è6è,,èaècèaètèpèoèrètèoègèrèuèaèrèeèsèeè@ègèmèaèièlè.ècèoèmè,,èAèCèAèTè èPèOèRèTèOèGèRèUèAèRèEèSèEè èOèDèVè,,,45.8159405,12.8840245,EXACT_VENUE,ACTIVE_VERIFIED_2026,,,,2026-09-21 11:10:00,2026-09-21 11:10:00,11
799,SIC-PN5ZDCF7-DK22A8X7-G,èCèlèuèbè è5è9è0è,LOCAL_CLUB,Veneto,VR,èAèdèrèièaè,"èVèièaè èAènègèeèlèiè,è",è4è5è0è1è1è,,,Settimanale,,,è3è7è6è è1è5è1è6è3è0è1è,,èaècèaètè.èbèaèsèsèoèpè@ètèièsècèaèlèiè.èiètè,,èAèCèAèTè èBèAèSèSèOè èPèOèLèEèSèIèNèEè èOèDèVè,,,45.0502292,12.0567759,EXACT_VENUE,ACTIVE_VERIFIED_2026,,,,2026-09-21 11:10:00,2026-09-21 11:10:00,11
800,SIC-06SRPZPK-ARB0NNT5-K,èCèlèuèbè è5è9è3è,LOCAL_CLUB,Veneto,VR,èCèaèsètèeèlènèuèoèvèoè,"èVèièaè èPèoèlèdèeèrèiènè,è è2è/è4è",è3è7è0è1è4è,,,Settimanale,,,è3è3è8è è6è2è8è3è9è6è6è,,èaècèaètèbèaèlèdèoègèaèrèdèaè@ègèmèaèièlè.ècèoèmè,,èAèCèAèTè èBèAèLèDèOè èGèAèRèDèAè èOèDèVè,,,45.4456839,10.7653482,EXACT_VENUE,ACTIVE_VERIFIED_2026,,,,2026-09-21 11:10:00,2026-09-21 11:10:00,11
801,SIC-X7118RN8-87C21DHB-4,èCèlèuèbè è5è9è5è,LOCAL_CLUB,Veneto,VR,èVèiècèeènèzèaè,èSèaènè èPèièoè èXè,è3è6è1è0è0è,,,Settimanale,,,è3è2è7è è1è9è3è4è7è1è7è,,èaècèaètèvèiècèeènèzèaè@èlèièbèeèrèoè.èiètè,,èAèCèAèTè èVèIèCèEèNèZèAè èOèDèVè,,,45.5464457,11.5739547,EXACT_VENUE,ACTIVE_VERIFIED_2026,,,,2026-09-21 11:10:00,2026-09-21 11:10:00,11
802,SIC-PRW7K3X1-F0NKCNC9-T,èCèlèuèbè è5è9è7è,LOCAL_CLUB,Veneto,VR,èCèaèsètèeèlènèoèvèoè,èVèièaè èCèaèrèpèaècècèièoè,è3è6è0è3è0è,,,Settimanale,,,è3è2è7è è1è9è3è4è7è1è7è,,èaècèaètèvèiècèeènèzèaè@èlèièbèeèrèoè.èiètè,,èAèCèAèTè èVèIèCèEèNèZèAè èOèDèVè,,,45.6165135,11.4612722,EXACT_VENUE,ACTIVE_VERIFIED_2026,,,,2026-09-21 11:10:00,2026-09-21 11:10:00,11
803,SIC-3Z7KFSXN-522M9W07-N,"èCèlèuèbè è6è0è è""èMèoènètèiè èdèeèlè èSèoèlèeè""è",LOCAL_CLUB,Veneto,VR,èAègèoèrèdèoè,,è3è2è0è2è1è,,,Settimanale,,,è3è3è3è è8è2è1è1è5è9è5è,,èaècèaètèaègèoèrèdèiènèaè@èlèièbèeèrèoè.èiètè,,èAèCèAèTè èAèGèOèRèDèIèNèAè èOèDèVè,,,46.2838939,12.0345018,EXACT_VENUE,ACTIVE_VERIFIED_2026,,,,2026-09-21 11:10:00,2026-09-21 11:10:00,11
804,SIC-W8G5Z7DY-DRTF9BRC-Z,"èCèlèuèbè è6è0è0è è""èLèaè èVèiètèaè èèè èBèeèlèlèaè""è",LOCAL_CLUB,Veneto,VR,èAèsèoèlèoè,"èVèièaè èCèoènètèrèaèdèaè èBèeèrènèaèrèdèiè,è ènè.è è1è",è3è1è0è1è1è,,,Settimanale,,,è0è4è2è3è è7è2è0è5è8è1è,,èaècèaètènèoèrèdèeèsètè@ègèmèaèièlè.ècèoèmè,,èAèCèAèTè èNèOèRèDè èEèSèTè èOèDèVè,,,45.8091555,11.8890061,EXACT_VENUE,ACTIVE_VERIFIED_2026,,,,2026-09-21 11:10:00,2026-09-21 11:10:00,11
805,SIC-ZMP4BV30-B7B6ST3M-W,èCèlèuèbè è6è0è1è,LOCAL_CLUB,Veneto,VR,èVèeèsètèeènèaènèoèvèaè,,è3è7è0è3è0è,,,Settimanale,,,è3è4è8è è8è8è1è3è9è1è8è,,èaècèaètèvèoè@èlèièbèeèrèoè.èiètè,,èAèCèAèTè èVèEèRèOèNèEèSèEè èOèRèIèEèNèTèAèLèEè èOèDèVè,,,45.5746118,11.2323286,EXACT_VENUE,ACTIVE_VERIFIED_2026,,,,2026-09-21 11:10:00,2026-09-21 11:10:00,11
806,SIC-3T60JEEM-6AGS89HX-K,"èCèlèuèbè è6è0è4è è""èLè'èAèlèbèaè""è",LOCAL_CLUB,Veneto,VR,èCèaèsètèeèlè èDè’èAèzèzèaènèoè,"èVèièaè èCèaèsètèeèlèlèoè,è ènè.è è2è6è",è3è7è0è6è0è,,,Settimanale,,,è0è4è5è è8è2è0è5è1è7è5è,,èaècèaètèvèrèsèuèdè@ègèmèaèièlè.ècèoèmè,,èAèCèAèTè èVèEèRèOèNèAè èSèUèDè èOèDèVè,,,45.353539,10.9459558,EXACT_VENUE,ACTIVE_VERIFIED_2026,,,,2026-09-21 11:10:00,2026-09-21 11:10:00,11
807,SIC-AH0WCW4A-3KKXNDAM-9,"èCèlèuèbè è6è0è6è è""èAèzèzèuèrèrèoè""è",LOCAL_CLUB,Veneto,VR,èBèuèsèsèoèlèeènègèoè,"èVèièaè èDèoènè èGè.è èCèaèlèaèbèrèièaè,è è2è",è3è7è0è1è2è,,,Settimanale,,,è3è3è1è è2è9è5è7è2è3è4è,,èaècèaètèsèièrèièuèsè@èlèièbèeèrèoè.èiètè,,èAèCèAèTè èSèIèRèIèUèSè èOèDèVè,,,45.471915,10.8469086,EXACT_VENUE,ACTIVE_VERIFIED_2026,,,,2026-09-21 11:10:00,2026-09-21 11:10:00,11
808,SIC-CR584N4M-6PWE893S-X,"èCèlèuèbè è6è0è9è è""èSètèeèlèlèaè èAèlèpèiènèaè""è",LOCAL_CLUB,Veneto,VR,èVèeèrèoènèaè,"èVèièaè èPè.èdèeèlèlèaè èVèaèlèlèeè,è ènè.è è1è0è/èBè",è3è7è1è3è6è,,,Settimanale,,,è0è4è5è è8è2è0è5è1è7è5è,,èaècèaètèvèrèsèuèdè@ègèmèaèièlè.ècèoèmè,,èAèCèAèTè èVèEèRèOèNèAè èSèUèDè èOèDèVè,,,45.4041418,10.9473009,EXACT_VENUE,ACTIVE_VERIFIED_2026,,,,2026-09-21 11:10:00,2026-09-21 11:10:00,11
809,SIC-G42ENA8H-X2G6F1TV-7,"èCèlèuèbè è6è1è0è è""èAèuèrèoèrèaè""è",LOCAL_CLUB,Veneto,VR,èSèaènè èMèaèrètèiènèoè èBèuèoènè èAèlèbèeèrègèoè,èVèièaè èMèaèzèzèiènèiè,è3è7è0è3è6è,,,Settimanale,,,è0è4è5è è9è7è3è3è2è2è,,èaècèaètèvèeèrèoènèaèeèsètè@ègèmèaèièlè.ècèoèmè,,èAèCèAèTè èVèEèRèOèNèAè èEèSèTè èOèDèVè,,,45.4213991,11.0926917,EXACT_VENUE,ACTIVE_VERIFIED_2026,,,,2026-09-21 11:10:00,2026-09-21 11:10:00,11
810,SIC-Z3S1RQRE-HQKB18SC-B,èCèlèuèbè è6è1è2è,LOCAL_CLUB,Veneto,VR,èVèiètètèoèrèièoè èVèeènèeètèoè,èPèièaèzèzèaè èSèaènètèaè èGèièuèsètèiènèaè,è3è1è0è2è9è,,,Settimanale,,,è3è4è0è è5è7è2è8è3è9è4è,,èiènèfèoè@èaècèaètèsèiènèièsètèrèaèpèièaèvèeè.èiètè,,èAèCèAèTè èSèIèNèIèSèTèRèAè èPèIèAèVèEè èOèDèVè,,,46.0056956,12.2870965,EXACT_VENUE,ACTIVE_VERIFIED_2026,,,,2026-09-21 11:10:00,2026-09-21 11:10:00,11
811,SIC-Z93QQGYQ-C4N46KSF-5,èCèlèuèbè è6è1è5è,LOCAL_CLUB,Veneto,VR,èVèiècèeènèzèaè,"èVèièaèlèeè èSèaènè èLèaèzèzèaèrèoè,è ènè.è è1è1è2è",è3è6è1è0è0è,,,Settimanale,,,è3è2è7è è1è9è3è4è7è1è7è,,èaècèaètèvèiècèeènèzèaè@èlèièbèeèrèoè.èiètè,,èAèCèAèTè èVèIèCèEèNèZèAè èOèDèVè,,,45.5374513,11.5138463,EXACT_VENUE,ACTIVE_VERIFIED_2026,,,,2026-09-21 11:10:00,2026-09-21 11:10:00,11
812,SIC-N2RTE1SZ-0NCP6H27-Z,"èCèlèuèbè è6è2è è""èCèoèrètèiènèaè èAèmèpèeèzèzèoè èPèoèmèaègèaègènèoènè""è",LOCAL_CLUB,Veneto,VR,èCèoèrètèiènèaè èDè'èAèmèpèeèzèzèoè,"èLèoècèaèlèiètèàè èCèaèdèeèmèaèiè,è ènè.è è4è9è",è3è2è0è4è3è,,,Settimanale,,,è3è3è3è è9è6è0è0è3è6è0è,,èaècèaètèbèeèlèlèuènèoè@ègèmèaèièlè.ècèoèmè,,èAèCèAèTè èBèEèLèLèUèNèOè èOèDèVè,,,46.5528028,12.1319528,EXACT_VENUE,ACTIVE_VERIFIED_2026,,,,2026-09-21 11:10:00,2026-09-21 11:10:00,11
813,SIC-GBJ21F67-DBD8R715-T,èCèlèuèbè è6è2è3è,LOCAL_CLUB,Veneto,VR,èVèiècèeènèzèaè,"èVèièaè èPèaègèaènèiè,è ènè.è è2è",è3è6è1è0è0è,,,Settimanale,,,è3è2è7è è1è9è3è4è7è1è7è,,èaècèaètèvèiècèeènèzèaè@èlèièbèeèrèoè.èiètè,,èAèCèAèTè èVèIèCèEèNèZèAè èOèDèVè,,,45.5604049,11.5642577,EXACT_VENUE,ACTIVE_VERIFIED_2026,,,,2026-09-21 11:10:00,2026-09-21 11:10:00,11
814,SIC-SG1EK26E-A9EEYFDF-W,"èCèlèuèbè è6è2è9è è""èCèièmèeè èdè'èAèuètèaè""è",LOCAL_CLUB,Veneto,VR,èCèaèvèièoèlèaè èdèiè èFèaèlècèaèdèeè,,è3è2è0è2è0è,,,Settimanale,,,è3è3è3è è8è2è1è1è5è9è5è,,èaècèaètèaègèoèrèdèiènèaè@èlèièbèeèrèoè.èiètè,,èAèCèAèTè èAèGèOèRèDèIèNèAè èOèDèVè,,,46.3635646,11.8899543,EXACT_VENUE,ACTIVE_VERIFIED_2026,,,,2026-09-21 11:10:00,2026-09-21 11:10:00,11
815,SIC-G7RJRKC5-6GJ5R9DA-B,èCèlèuèbè è6è3è0è,LOCAL_CLUB,Veneto,VR,èAèdèrèièaè,"èPèièaèzèzèaè èBèuèzèzèoèlèaè,è ènè.è è2è",è4è5è0è1è1è,,,Settimanale,,,è3è7è6è è1è5è1è6è3è0è1è,,èaècèaètè.èbèaèsèsèoèpè@ètèièsècèaèlèiè.èiètè,,èAèCèAèTè èBèAèSèSèOè èPèOèLèEèSèIèNèEè èOèDèVè,,,45.05733116,12.05659915,EXACT_VENUE,ACTIVE_VERIFIED_2026,,,,2026-09-21 11:10:00,2026-09-21 11:10:00,11
816,SIC-RA328PK5-EW305DXG-2,èCèlèuèbè è6è3è2è,LOCAL_CLUB,Veneto,VR,èSèaèrèmèeèdèeè,èVèièaè èSèaènèdèrèoè èPèeèrètèiènèiè,è3è1è0è2è6è,,,Settimanale,,,è3è4è0è è5è7è2è8è3è9è4è,,èiènèfèoè@èaècèaètèsèiènèièsètèrèaèpèièaèvèeè.èiètè,,èAèCèAèTè èSèIèNèIèSèTèRèAè èPèIèAèVèEè èOèDèVè,,,45.9741291,12.383399,EXACT_VENUE,ACTIVE_VERIFIED_2026,,,,2026-09-21 11:10:00,2026-09-21 11:10:00,11
817,SIC-6PXPXYX6-RX9EH1RX-Z,"èCèlèuèbè è6è3è4è è""èVèièoèlèaè""è",LOCAL_CLUB,Veneto,VR,èRèièvèoèlèiè èVèeèrèoènèeèsèeè,"èVèièaè èBèrèaèmèaènètèeè,è è1è",è3è7è0è1è0è,,,Settimanale,,,è0è4è5è è6è8è6è1è8è5è0è,,èaècèaètèaèdèiègèeèlèeèsèsèiènèièaè@ègèmèaèièlè.ècèoèmè,,èAèCèAèTè èAèDèIèGèEè è–è èLèEèSèSèIèNèIèAè èOèDèVè,,,45.5718058,10.8118259,EXACT_VENUE,ACTIVE_VERIFIED_2026,,,,2026-09-21 11:10:00,2026-09-21 11:10:00,11
818,SIC-VE74K83H-4Y186EZK-3,"èCèlèuèbè è6è3è5è è""èVèiètèaè èNèuèoèvèaè""è",LOCAL_CLUB,Veneto,VR,èCèhèièaèmèpèoè,,è3è6è0è7è2è,,,Settimanale,,,è3è3è5è è7è0è0è1è4è2è0è,,èaècèaètèvèaèlècèhèièaèmèpèoè@èaèrècèaètèvèeènèeètèoè.èiètè,,èAèCèAèTè èVèAèLèCèHèIèAèMèPèOè èOèDèVè,,,45.5457622,11.2774926,EXACT_VENUE,ACTIVE_VERIFIED_2026,,,,2026-09-21 11:10:00,2026-09-21 11:10:00,11
819,SIC-1YKFRWGM-V6NX5A9T-R,èCèlèuèbè è6è4è4è,LOCAL_CLUB,Veneto,VR,èCèoèrèbèoèlèaè,èPèièaèzèzèaè èMèaèrètèièrèiè,è4è5è0è1è5è,,,Settimanale,,,è3è7è6è è1è5è1è6è3è0è1è,,èaècèaètè.èbèaèsèsèoèpè@ètèièsècèaèlèiè.èiètè,,èAèCèAèTè èBèAèSèSèOè èPèOèLèEèSèIèNèEè èOèDèVè,,,45.0059052,12.076725,EXACT_VENUE,ACTIVE_VERIFIED_2026,,,,2026-09-21 11:10:00,2026-09-21 11:10:00,11
820,SIC-T7Q3J7DB-06NF3QQT-X,"èCèlèuèbè è6è4è5è è""èAèrècèoèbèaèlèeènèoè""è",LOCAL_CLUB,Veneto,VR,èAèrèzèiègènèaènèoè,"èVèièaè èGè.è èBèoènèaèzèzèiè,è ènè.è è2è8è",è3è6è0è7è1è,,,Settimanale,,,è3è3è5è è7è0è0è1è4è2è0è,,èaècèaètèvèaèlècèhèièaèmèpèoè@èaèrècèaètèvèeènèeètèoè.èiètè,,èAèCèAèTè èVèAèLèCèHèIèAèMèPèOè èOèDèVè,,,45.5224355,11.331786,EXACT_VENUE,ACTIVE_VERIFIED_2026,,,,2026-09-21 11:10:00,2026-09-21 11:10:00,11
821,SIC-WE4VR1SQ-5ZGQ1AAC-D,"èCèlèuèbè è6è4è6è è""èMèeèlèoègèrèaènèoè""è",LOCAL_CLUB,Veneto,VR,èNèeègèrèaèrè,"èVèièaè èSèaènè èVèiètèoè,è è1è",è3è7è0è2è4è,,,Settimanale,,,è0è4è5è è6è8è6è1è8è5è0è,,èaècèaètèaèdèiègèeèlèeèsèsèiènèièaè@ègèmèaèièlè.ècèoèmè,,èAèCèAèTè èAèDèIèGèEè è–è èLèEèSèSèIèNèIèAè èOèDèVè,,,45.51565,10.93839,EXACT_VENUE,ACTIVE_VERIFIED_2026,,,,2026-09-21 11:10:00,2026-09-21 11:10:00,11
822,SIC-GPS6D2ZX-ZPK6WTC6-P,"èCèlèuèbè è6è4è7è è""èSèaènètèoèrèsèoè""è",LOCAL_CLUB,Veneto,VR,èSèaènètèoèrèsèoè,èVèièaè èAè.è èRèoèsèsèiè,è3è6è0è1è4è,,,Settimanale,,,è3è4è9è è1è9è4è0è0è6è8è,,èaècèaètèpèeèdèeèmèoènètèaènèaè@ègèmèaèièlè.ècèoèmè,,èAèCèAèTè èPèEèDèEèMèOèNèTèAèNèAè èOèDèVè,,,45.7380066,11.3930961,EXACT_VENUE,ACTIVE_VERIFIED_2026,,,,2026-09-21 11:10:00,2026-09-21 11:10:00,11
823,SIC-JNKTC1FV-0AD0EP2B-E,"èCèlèuèbè è6è5è7è è""èIèlè èCèaèmèmèiènèoè""è",LOCAL_CLUB,Veneto,VR,èSèaènè èGèièoèvèaènènèiè èLèuèpèaètèoètèoè,"èVèièaè èRèoèmèaè è,è ènè.è è5è",è3è7è0è5è7è,,,Settimanale,,,è0è4è5è è8è2è0è5è1è7è5è,,èaècèaètèvèrèsèuèdè@ègèmèaèièlè.ècèoèmè,,èAèCèAèTè èVèEèRèOèNèAè èSèUèDè èOèDèVè,,,45.3800597,11.0504507,EXACT_VENUE,ACTIVE_VERIFIED_2026,,,,2026-09-21 11:10:00,2026-09-21 11:10:00,11
824,SIC-SQDG1F2Y-HDPDCFDX-E,"èCèlèuèbè è6è5è8è è""èBèrèeègèaènèzèeè""è",LOCAL_CLUB,Veneto,VR,èBèrèeègèaènèzèeè,"èVèièaè èCèaèsètèeèlèlèeètètèoè,è ènè.è è5è4è",è3è6è0è4è2è,,,Settimanale,,,è3è5è1è è8è1è0è2è7è3è1è,,èaècèaètèvèaèlèoèrèiènèuèoèvèiè@ègèmèaèièlè.ècèoèmè,,èAèCèAèTè èVèAèLèOèRèIè èNèUèOèVèIè èOèDèVè,,,45.7085554,11.5617114,EXACT_VENUE,ACTIVE_VERIFIED_2026,,,,2026-09-21 11:10:00,2026-09-21 11:10:00,11
825,SIC-77MS8VXJ-NHHYZT8C-1,èCèlèuèbè è6è6è0è,LOCAL_CLUB,Veneto,VR,èVèaèlèeègègèièoè èSèuèlè èMèiènècèièoè,"èVèièaè èCèaèsètèeèlèlèoè,è ènè.è è4è3è",è3è7è0è6è7è,,,Settimanale,,,è0è4è5è è9è8è7è3è3è7è,,èaècèaètè.ècèaèsètèeèlèsècèaèlèiègèeèrèoè@ègèmèaèièlè.ècèoèmè,,èAèCèAèTè èVèIèLèLèAèFèRèAèNèCèAè èCèAèSèTèEèLè èSèCèAèLèIèGèEèRèOè èOèDèVè,,,45.3537588,10.7319228,EXACT_VENUE,ACTIVE_VERIFIED_2026,,,,2026-09-21 11:10:00,2026-09-21 11:10:00,11
826,SIC-G276YP22-Y195FWR3-9,èCèlèuèbè è6è6è1è,LOCAL_CLUB,Veneto,VR,èLèuègèaègènèaènèoè,,è3è7è0è6è0è,,,Settimanale,,,è0è4è5è è9è8è7è3è3è7è,,èaècèaètè.ècèaèsètèeèlèsècèaèlèiègèeèrèoè@ègèmèaèièlè.ècèoèmè,,èAèCèAèTè èVèIèLèLèAèFèRèAèNèCèAè èCèAèSèTèEèLè èSèCèAèLèIèGèEèRèOè èOèDèVè,,,45.4329691,10.8897096,EXACT_VENUE,ACTIVE_VERIFIED_2026,,,,2026-09-21 11:10:00,2026-09-21 11:10:00,11
827,SIC-XBHYG6RN-TGNFZB5Q-Y,"èCèlèuèbè è6è6è2è è""èMèuèsèsèoèiè è2è""è",LOCAL_CLUB,Veneto,VR,èBèeèlèlèuènèoè,èVèièaè èGèrèeègèoèrèièoè èXèVèIè,è3è2è1è0è0è,,,Settimanale,,,è3è3è3è è9è6è0è0è3è6è0è,,èaècèaètèbèeèlèlèuènèoè@ègèmèaèièlè.ècèoèmè,,èAèCèAèTè èBèEèLèLèUèNèOè èOèDèVè,,,46.1445802,12.2043906,EXACT_VENUE,ACTIVE_VERIFIED_2026,,,,2026-09-21 11:10:00,2026-09-21 11:10:00,11
828,SIC-7R3NPZQM-FD435RYF-E,èCèlèuèbè è6è6è5è,LOCAL_CLUB,Veneto,VR,èPèièoèmèbèiènèoè èDèeèsèeè,"èPèièaèzèzèaè èPèaèlèlèaèdèièoè,è è1è",è3è5è0è1è7è,,,Settimanale,,,è3è4è8è è4è8è1è1è1è4è3è,,èaècèaètècèaèmèpèoèsèaèmèpèièeèrèoè@ègèmèaèièlè.ècèoèmè,,èAèCèAèTè èCèAèMèPèOèSèAèMèPèIèEèRèOè èOèDèVè,,,45.6075133,11.9978588,EXACT_VENUE,ACTIVE_VERIFIED_2026,,,,2026-09-21 11:10:00,2026-09-21 11:10:00,11
829,SIC-W3G07BQF-X1DE2CMA-X,èCèlèuèbè è6è6è7è,LOCAL_CLUB,Veneto,VR,èCèaèvèaèièoènè èVèeèrèoènèeèsèeè,,è3è7è0è1è0è,,,Settimanale,,,è3è3è8è è6è2è8è3è9è6è6è,,èaècèaètèbèaèlèdèoègèaèrèdèaè@ègèmèaèièlè.ècèoèmè,,èAèCèAèTè èBèAèLèDèOè èGèAèRèDèAè èOèDèVè,,,45.5402498,10.7701136,EXACT_VENUE,ACTIVE_VERIFIED_2026,,,,2026-09-21 11:10:00,2026-09-21 11:10:00,11
830,SIC-F5VJ9YPZ-4B0M5APZ-0,èCèlèuèbè è6è7è,LOCAL_CLUB,Veneto,VR,èGèaèrèdèaè,,è3è7è0è1è6è,,,Settimanale,,,è3è3è8è è6è2è8è3è9è6è6è,,èaècèaètèbèaèlèdèoègèaèrèdèaè@ègèmèaèièlè.ècèoèmè,,èAèCèAèTè èBèAèLèDèOè èGèAèRèDèAè èOèDèVè,,,45.578107,10.697794,EXACT_VENUE,ACTIVE_VERIFIED_2026,,,,2026-09-21 11:10:00,2026-09-21 11:10:00,11
831,SIC-S84ZWMNJ-2RET8PFX-9,"èCèlèuèbè è6è7è1è è""èLè'èAèlèbèaè""è",LOCAL_CLUB,Veneto,VR,èNèoègèaèrèaè,"èVèièaè èRèaèfèfèaè,è ènè.è è2è1è",è3è7è0è5è4è,,,Settimanale,,,è3è4è9è è0è0è3è9è6è2è5è,,èaècèaètè.èbèaèsèsèoèvèeèrèoènèeèsèeè@ègèmèaèièlè.ècèoèmè,,èAèCèAèTè èBèAèSèSèOè èVèEèRèOèNèEèSèEè èOèDèVè,,,45.1677142,11.0470788,EXACT_VENUE,ACTIVE_VERIFIED_2026,,,,2026-09-21 11:10:00,2026-09-21 11:10:00,11
832,SIC-YAXEPW8F-JTNF10HG-3,"èCèlèuèbè è6è7è3è è""èNèuèoèvèaè èVèiètèaè""è",LOCAL_CLUB,Veneto,VR,èVèaèlè èLèièoènèaè,,è3è6è0è4è4è,,,Settimanale,,,è3è3è5è è7è0è0è1è4è2è0è,,èaècèaètèvèaèlècèhèièaèmèpèoè@èaèrècèaètèvèeènèeètèoè.èiètè,,èAèCèAèTè èVèAèLèCèHèIèAèMèPèOè èOèDèVè,,,45.421004,11.4638485,EXACT_VENUE,ACTIVE_VERIFIED_2026,,,,2026-09-21 11:10:00,2026-09-21 11:10:00,11
833,SIC-FZTEG4SZ-W31AWXM9-W,"èCèlèuèbè è6è7è4è è""èLèaè èSèeènègèièaè""è",LOCAL_CLUB,Veneto,VR,èSètèeèlèlèaèvèeènèaè,èVèièaè èLè.è èTèuèbèiènèiè,è3è7è0è2è3è,,,Settimanale,,,è0è4è5è è9è7è3è3è2è2è,,èaècèaètèvèeèrèoènèaèeèsètè@ègèmèaèièlè.ècèoèmè,,èAèCèAèTè èVèEèRèOèNèAè èEèSèTè èOèDèVè,,,45.5624639,10.9981396,EXACT_VENUE,ACTIVE_VERIFIED_2026,,,,2026-09-21 11:10:00,2026-09-21 11:10:00,11
834,SIC-8XFN9128-P9XRD52E-3,"èCèlèuèbè è6è8è3è è""èTèhèièeènèeè èSèeèdèeè è1è""è",LOCAL_CLUB,Veneto,VR,èTèhèièeènèeè,"èVèièaè è1è°è èMèaègègèièoè,è ènè.è è1è5è",è3è6è0è1è6è,,,Settimanale,,,è3è5è1è è8è1è0è2è7è3è1è,,èaècèaètèvèaèlèoèrèiènèuèoèvèiè@ègèmèaèièlè.ècèoèmè,,èAèCèAèTè èVèAèLèOèRèIè èNèUèOèVèIè èOèDèVè,,,45.7020945,11.4765801,EXACT_VENUE,ACTIVE_VERIFIED_2026,,,,2026-09-21 11:10:00,2026-09-21 11:10:00,11
835,SIC-8V35Q6PC-1ET9VEX1-F,èCèlèuèbè è6è8è6è,LOCAL_CLUB,Veneto,VR,èAèrècèeèlèlèaè è-è èPèaèdèoèvèaè,èVèièaè èTè.è èMèiènèièoè,è3è5è1è3è4è,,,Settimanale,,,è3è7è6è è1è2è1è8è7è4è1è,,èaècèaètèpèaèdèoèvèaè@èlèièbèeèrèoè.èiètè,,èAèCèAèTè èPèAèDèOèVèAè èOèDèVè,,,45.4239458,11.8809206,EXACT_VENUE,ACTIVE_VERIFIED_2026,,,,2026-09-21 11:10:00,2026-09-21 11:10:00,11
836,SIC-96RTBQEB-YM93DA82-F,"èCèlèuèbè è6è9è4è è""èTèhèièeènèeè èSèaènètèoè""è",LOCAL_CLUB,Veneto,VR,èTèhèièeènèeè,"èVèièaè èDèoènè èAè.è èZèièlèièoètètèoè,è ènè.è è4è",è3è6è0è1è6è,,,Settimanale,,,è3è5è1è è8è1è0è2è7è3è1è,,èaècèaètèvèaèlèoèrèiènèuèoèvèiè@ègèmèaèièlè.ècèoèmè,,èAèCèAèTè èVèAèLèOèRèIè èNèUèOèVèIè èOèDèVè,,,45.6748952,11.4872526,EXACT_VENUE,ACTIVE_VERIFIED_2026,,,,2026-09-21 11:10:00,2026-09-21 11:10:00,11
837,SIC-F8A6S4YR-QMG5643X-X,"èCèlèuèbè è6è9è5è è""èCèaèsèeè èdèiè èMèaèlèoè""è",LOCAL_CLUB,Veneto,VR,èMèaèlèoè,"èVèièaè èAènètèoènèeèlèlèaè,è ènè.è è6è",è3è6è0è3è4è,,,Settimanale,,,è3è4è9è è1è9è4è0è0è6è8è,,èaècèaètèpèeèdèeèmèoènètèaènèaè@ègèmèaèièlè.ècèoèmè,,èAèCèAèTè èPèEèDèEèMèOèNèTèAèNèAè èOèDèVè,,,45.6683716,11.3911851,EXACT_VENUE,ACTIVE_VERIFIED_2026,,,,2026-09-21 11:10:00,2026-09-21 11:10:00,11
838,SIC-SXFKN918-3MVRFABV-8,"èCèlèuèbè è7è0è1è è""èPèrèièmèaèvèeèrèaè""è",LOCAL_CLUB,Veneto,VR,èSèaènè èPèièeètèrèoè èdèiè èLèaèvèaègènèoè,,è3è7è0è3è0è,,,Settimanale,,,è0è4è5è è9è7è3è3è2è2è,,èaècèaètèvèeèrèoènèaèeèsètè@ègèmèaèièlè.ècèoèmè,,èAèCèAèTè èVèEèRèOèNèAè èEèSèTè èOèDèVè,,,45.4423024,11.1296171,EXACT_VENUE,ACTIVE_VERIFIED_2026,,,,2026-09-21 11:10:00,2026-09-21 11:10:00,11
839,SIC-7RNBKV34-1DTQYQZN-2,"èCèlèuèbè è7è0è4è è""èNèuèoèvèaè èSèpèeèrèaènèzèaè""è",LOCAL_CLUB,Veneto,VR,èCèrèeèsèpèaèdèoèrèoè,,è3è6è0è7è0è,,,Settimanale,,,è3è3è5è è7è0è0è1è4è2è0è,,èaècèaètèvèaèlècèhèièaèmèpèoè@èaèrècèaètèvèeènèeètèoè.èiètè,,èAèCèAèTè èVèAèLèCèHèIèAèMèPèOè èOèDèVè,,,45.6169075,11.2288998,EXACT_VENUE,ACTIVE_VERIFIED_2026,,,,2026-09-21 11:10:00,2026-09-21 11:10:00,11
840,SIC-F2174AW7-8KEKA1SZ-7,èCèlèuèbè è7è0è9è,LOCAL_CLUB,Veneto,VR,èPèeèsècèhèièeèrèaè èdèeèlè èGèaèrèdèaè,,è3è7è0è1è9è,,,Settimanale,,,è3è3è8è è6è2è8è3è9è6è6è,,èaècèaètèbèaèlèdèoègèaèrèdèaè@ègèmèaèièlè.ècèoèmè,,èAèCèAèTè èBèAèLèDèOè èGèAèRèDèAè èOèDèVè,,,45.4396385,10.6865449,EXACT_VENUE,ACTIVE_VERIFIED_2026,,,,2026-09-21 11:10:00,2026-09-21 11:10:00,11
841,SIC-QESZD6M8-92Q3XM95-B,"èCèlèuèbè è7è1è0è è""èPèeèlèmèoè""è",LOCAL_CLUB,Veneto,VR,èCèeènècèeènèiègèhèeè èAègèoèrèdèiènèoè,,è3è2è0è2è0è,,,Settimanale,,,è3è3è3è è8è2è1è1è5è9è5è,,èaècèaètèaègèoèrèdèiènèaè@èlèièbèeèrèoè.èiètè,,èAèCèAèTè èAèGèOèRèDèIèNèAè èOèDèVè,,,46.3419309,11.9713853,EXACT_VENUE,ACTIVE_VERIFIED_2026,,,,2026-09-21 11:10:00,2026-09-21 11:10:00,11
842,SIC-478E9CAG-Z6QC24D4-0,"èCèlèuèbè è7è1è2è è""èTèeèoèlèoè""è",LOCAL_CLUB,Veneto,VR,èTèeèoèlèoè,"èVèièaè èdèeèlèlèeè èRèoèsèeè,è ènè.è è5è4è",è3è5è0è3è7è,,,Settimanale,,,è3è4è9è è7è2è5è7è4è1è5è,,èaècèaètè.ècèoèlèlèiè@èlèièbèeèrèoè.èiètè,,èAèCèAèTè èCèOèLèLèIè èEèUèGèAèNèEèIè èOèDèVè,,,45.3494243,11.7510663,EXACT_VENUE,ACTIVE_VERIFIED_2026,,,,2026-09-21 11:10:00,2026-09-21 11:10:00,11
843,SIC-Z637PSBD-19116KTV-Z,"èCèlèuèbè è7è1è4è è""èMèaèrèièsèaè""è",LOCAL_CLUB,Veneto,VR,èTèrèièsèsèiènèoè,èVèièaè è4è èNèoèvèeèmèbèrèeè,è3è6è0è7è0è,,,Settimanale,,,è3è3è3è è4è8è3è6è4è3è5è,,èaècèaètèvèaèlèlèeèaègènèoè@ègèmèaèièlè.ècèoèmè,,èAèCèAèTè èVèAèLèLèEèAèGèNèOè èOèDèVè,,,45.567189,11.3712006,EXACT_VENUE,ACTIVE_VERIFIED_2026,,,,2026-09-21 11:10:00,2026-09-21 11:10:00,11
844,SIC-C5P1QQZW-H6XTV2NW-E,"èCèlèuèbè è7è1è7è è""èSèaènè èVèaèlèeènètèiènèoè""è",LOCAL_CLUB,Veneto,VR,èBèuèsèsèoèlèeènègèoè,"èVèièaè èSèaènè èVèaèlèeènètèiènèoè,è è3è6è",è3è7è0è1è2è,,,Settimanale,,,è3è3è1è è2è9è5è7è2è3è4è,,èaècèaètèsèièrèièuèsè@èlèièbèeèrèoè.èiètè,,èAèCèAèTè èSèIèRèIèUèSè èOèDèVè,,,45.4719393,10.8508132,EXACT_VENUE,ACTIVE_VERIFIED_2026,,,,2026-09-21 11:10:00,2026-09-21 11:10:00,11
845,SIC-PHTR72J4-0QCMRSZJ-Q,"èCèlèuèbè è7è1è8è è""èBèuècèaènèeèvèeè""è",LOCAL_CLUB,Veneto,VR,èVèeèrèoènèaè,"èVèièaè èVèoèlètèuèrènèoè,è ènè.è è2è0è/èAè",è3è7è1è3è5è,,,Settimanale,,,è0è4è5è è8è2è0è5è1è7è5è,,èaècèaètèvèrèsèuèdè@ègèmèaèièlè.ècèoèmè,,èAèCèAèTè èVèEèRèOèNèAè èSèUèDè èOèDèVè,,,45.3827101,10.9958112,EXACT_VENUE,ACTIVE_VERIFIED_2026,,,,2026-09-21 11:10:00,2026-09-21 11:10:00,11
846,SIC-REY1C7DG-AG7SS9VZ-4,èCèlèuèbè è7è2è0è,LOCAL_CLUB,Veneto,VR,èLèaèzèièsèeè,èVèièaèlèeè èRèoèmèaè è(èLèaèzèièsèeè)è,è3è7è0è1è7è,,,Settimanale,,,è3è3è8è è6è2è8è3è9è6è6è,,èaècèaètèbèaèlèdèoègèaèrèdèaè@ègèmèaèièlè.ècèoèmè,,èAèCèAèTè èBèAèLèDèOè èGèAèRèDèAè èOèDèVè,,,45.5083952,10.7335314,EXACT_VENUE,ACTIVE_VERIFIED_2026,,,,2026-09-21 11:10:00,2026-09-21 11:10:00,11
847,SIC-YH0YJZHJ-R404DDGP-0,"èCèlèuèbè è7è2è3è è""èCèaèsètèeèrèoètètèoè""è",LOCAL_CLUB,Veneto,VR,èSèaènè èPèièeètèrèoè èiènè èCèaèrèièaènèoè,"èVèièaè èCèhèièeèsèaè,è è6è2è",è3è7è0è2è9è,,,Settimanale,,,è0è4è5è è6è8è6è1è8è5è0è,,èaècèaètèaèdèiègèeèlèeèsèsèiènèièaè@ègèmèaèièlè.ècèoèmè,,èAèCèAèTè èAèDèIèGèEè è–è èLèEèSèSèIèNèIèAè èOèDèVè,,,45.5151259,10.8779419,EXACT_VENUE,ACTIVE_VERIFIED_2026,,,,2026-09-21 11:10:00,2026-09-21 11:10:00,11
848,SIC-GDQWN0JT-RJBSP8WQ-S,"èCèlèuèbè è7è2è5è è""èLèaè èRèuègèièaèdèaè""è",LOCAL_CLUB,Veneto,VR,èCèoèrènèeèdèoè èVèiècèeènètèiènèoè,"èPèièaèzèzèaè èNè.è èdèaè èCèoèrènèeèdèoè,è ènè.è è1è",è3è6è0è7è3è,,,Settimanale,,,è3è3è3è è4è8è3è6è4è3è5è,,èaècèaètèvèaèlèlèeèaègènèoè@ègèmèaèièlè.ècèoèmè,,èAèCèAèTè èVèAèLèLèEèAèGèNèOè èOèDèVè,,,45.6113208,11.3433386,EXACT_VENUE,ACTIVE_VERIFIED_2026,,,,2026-09-21 11:10:00,2026-09-21 11:10:00,11
849,SIC-TD2N7S0Q-D5HKWW59-7,èCèlèuèbè è7è3è,LOCAL_CLUB,Veneto,VR,èVèeèdèeèlèaègèoè,"èVèièaè èTèoènèièoèlèoè,è ènè.è è2è",è3è1è0è5è0è,,,Settimanale,,,è0è4è2è3è è7è2è0è5è8è1è,,èaècèaètènèoèrèdèeèsètè@ègèmèaèièlè.ècèoèmè,,èAèCèAèTè èNèOèRèDè èEèSèTè èOèDèVè,,,45.6881104,12.0309848,EXACT_VENUE,ACTIVE_VERIFIED_2026,,,,2026-09-21 11:10:00,2026-09-21 11:10:00,11
850,SIC-2QZ79AAE-1JZ1N559-7,"èCèlèuèbè è7è3è4è è""èTèhèièeènèeè èSèeèdèeè è2è""è",LOCAL_CLUB,Veneto,VR,èTèhèièeènèeè,"èVèièaè è1è°è èMèaègègèièoè,è ènè.è è1è5è",è3è6è0è1è6è,,,Settimanale,,,è3è5è1è è8è1è0è2è7è3è1è,,èaècèaètèvèaèlèoèrèiènèuèoèvèiè@ègèmèaèièlè.ècèoèmè,,èAèCèAèTè èVèAèLèOèRèIè èNèUèOèVèIè èOèDèVè,,,45.7020945,11.4765801,EXACT_VENUE,ACTIVE_VERIFIED_2026,,,,2026-09-21 11:10:00,2026-09-21 11:10:00,11
851,SIC-7YQFRQS2-YYT5A9GP-V,èCèlèuèbè è7è3è5è,LOCAL_CLUB,Veneto,VR,èMèaèsèsèaènèzèaègèoè,"èVèièaè èMèaèrècèoènèiè,è è1è",è3è5è0è1è0è,,,Settimanale,,,è3è4è8è è4è8è1è1è1è4è3è,,èaècèaètècèaèmèpèoèsèaèmèpèièeèrèoè@ègèmèaèièlè.ècèoèmè,,èAèCèAèTè èCèAèMèPèOèSèAèMèPèIèEèRèOè èOèDèVè,,,45.557187,12.004208,EXACT_VENUE,ACTIVE_VERIFIED_2026,,,,2026-09-21 11:10:00,2026-09-21 11:10:00,11
852,SIC-RVCGE68S-2A8DGBZ5-G,"èCèlèuèbè è7è3è6è è""èLè'èOèlèièvèoè""è",LOCAL_CLUB,Veneto,VR,èBèuèsèsèoèlèeènègèoè,"èVèièaè èSèaènè èVèaèlèeènètèiènèoè,è è3è6è",è3è7è0è1è2è,,,Settimanale,,,è3è3è1è è2è9è5è7è2è3è4è,,èaècèaètèsèièrèièuèsè@èlèièbèeèrèoè.èiètè,,èAèCèAèTè èSèIèRèIèUèSè èOèDèVè,,,45.4719393,10.8508132,EXACT_VENUE,ACTIVE_VERIFIED_2026,,,,2026-09-21 11:10:00,2026-09-21 11:10:00,11
853,SIC-P8PRVWJE-GH2ZB8C2-2,èCèlèuèbè è7è3è8è,LOCAL_CLUB,Veneto,VR,èLèoènègèaèrèeè,,è3è6è0è2è3è,,,Settimanale,,,è3è3è5è è5è2è8è3è9è8è7è,,èaècèaètèbèaèsèsèoèvèiècèeènètèiènèoè@èlèièbèeèrèoè.èiètè,,èAèCèAèTè èBèAèSèSèOè èVèIèCèEèNèTèIèNèOè èOèDèVè,,,45.4788955,11.6089584,EXACT_VENUE,ACTIVE_VERIFIED_2026,,,,2026-09-21 11:10:00,2026-09-21 11:10:00,11
854,SIC-99HVQDNX-M5QX52J7-9,èCèlèuèbè è7è4è,LOCAL_CLUB,Veneto,VR,èNèaènètèoè,èPèièaèzèzèaè èSèièmèpèoèsèièoè,è3è6è0è2è4è,,,Settimanale,,,è3è3è5è è5è2è8è3è9è8è7è,,èaècèaètèbèaèsèsèoèvèiècèeènètèiènèoè@èlèièbèeèrèoè.èiètè,,èAèCèAèTè èBèAèSèSèOè èVèIèCèEèNèTèIèNèOè èOèDèVè,,,45.4249814,11.5925343,EXACT_VENUE,ACTIVE_VERIFIED_2026,,,,2026-09-21 11:10:00,2026-09-21 11:10:00,11
855,SIC-EFY21JR1-YNV2HX3W-C,èCèlèuèbè è7è4è1è,LOCAL_CLUB,Veneto,VR,èVèiècèeènèzèaè,"èVèièaè èCèoèlèoèmèbèoè,è ènè.è è1è1è(èLèoècèaèlè.è èVè.è èdèeèlè èSèoèlèeè)è",è3è6è1è0è0è,,,Settimanale,,,è3è2è7è è1è9è3è4è7è1è7è,,èaècèaètèvèiècèeènèzèaè@èlèièbèeèrèoè.èiètè,,èAèCèAèTè èVèIèCèEèNèZèAè èOèDèVè,,,45.5470892,11.5094335,EXACT_VENUE,ACTIVE_VERIFIED_2026,,,,2026-09-21 11:10:00,2026-09-21 11:10:00,11
856,SIC-TC0H56EX-39NSW82J-X,"èCèlèuèbè è7è4è2è è""èOèrèièzèzèoènètèiè""è",LOCAL_CLUB,Veneto,VR,èPèièoèvèeèzèzèaènèoè èdèiè èPèaèsètèrèeènègèoè,"èVèièaè èCèhèièeèsèaè,è è1è6è",è3è7è0è1è0è,,,Settimanale,,,è0è4è5è è6è8è6è1è8è5è0è,,èaècèaètèaèdèiègèeèlèeèsèsèiènèièaè@ègèmèaèièlè.ècèoèmè,,èAèCèAèTè èAèDèIèGèEè è–è èLèEèSèSèIèNèIèAè èOèDèVè,,,45.5038727,10.7996468,EXACT_VENUE,ACTIVE_VERIFIED_2026,,,,2026-09-21 11:10:00,2026-09-21 11:10:00,11
857,SIC-XZKF5BDM-VN4SF8K2-D,èCèlèuèbè è7è4è3è,LOCAL_CLUB,Veneto,VR,èVèiècèeènèzèaè,"èVèièaè èRèièsèmèoènèdèoè,è ènè.è è1è è(èLèoècèaèlè.è èFèeèrèrèoèvèièeèrèiè)è",è3è6è1è0è0è,,,Settimanale,,,è3è2è7è è1è9è3è4è7è1è7è,,èaècèaètèvèiècèeènèzèaè@èlèièbèeèrèoè.èiètè,,èAèCèAèTè èVèIèCèEèNèZèAè èOèDèVè,,,45.5375792,11.5256578,EXACT_VENUE,ACTIVE_VERIFIED_2026,,,,2026-09-21 11:10:00,2026-09-21 11:10:00,11
858,SIC-4JJYBM70-TH562XR4-M,èCèlèuèbè è7è4è5è,LOCAL_CLUB,Veneto,VR,èSècèhèièoè,"èVèièaè èDèaènèièeèlèeè èMèaènèiènè,è ènè.è1è",è3è6è0è1è5è,,,Settimanale,,,è3è4è9è è1è9è4è0è0è6è8è,,èaècèaètèpèeèdèeèmèoènètèaènèaè@ègèmèaèièlè.ècèoèmè,,èAèCèAèTè èPèEèDèEèMèOèNèTèAèNèAè èOèDèVè,,,45.7125771,11.3640959,EXACT_VENUE,ACTIVE_VERIFIED_2026,,,,2026-09-21 11:10:00,2026-09-21 11:10:00,11
859,SIC-589V9HKA-605RHXTE-3,èCèlèuèbè è7è4è6è,LOCAL_CLUB,Veneto,VR,èTèoèrèrèeè èdèiè èMèoèsètèoè,"èPèièaèzèzèaè èIènèdèièpèeènèdèeènèzèaè,è ènè.è è2è",è3è0è0è2è0è,,,Settimanale,,,è0è4è2è1è è4è8è9è9è6è3è è/è è3è5è3è è4è7è9è2è4è8è2è,,èaècèaètèbèaèsèsèoèpèièaèvèeè@ègèmèaèièlè.ècèoèmè,,èAèCèAèTè èBèAèSèSèOè èPèIèAèVèEè èOèDèVè,,,45.6906801,12.710709,EXACT_VENUE,ACTIVE_VERIFIED_2026,,,,2026-09-21 11:10:00,2026-09-21 11:10:00,11
860,SIC-X11SQ45V-1HJVCD8F-Q,"èCèlèuèbè è7è4è7è è""èCèuèsèiègèhèeè""è",LOCAL_CLUB,Veneto,VR,èBèeèlèlèuènèoè,"èvèièaè èCèuèsèiègèhèeè,è ènè.è è3è7è",è3è2è1è0è0è,,,Settimanale,,,è3è3è3è è9è6è0è0è3è6è0è,,èaècèaètèbèeèlèlèuènèoè@ègèmèaèièlè.ècèoèmè,,èAèCèAèTè èBèEèLèLèUèNèOè èOèDèVè,,,46.158111,12.2275228,EXACT_VENUE,ACTIVE_VERIFIED_2026,,,,2026-09-21 11:10:00,2026-09-21 11:10:00,11
861,SIC-XPF931A7-G1GBK2JZ-S,èCèlèuèbè è7è4è8è,LOCAL_CLUB,Veneto,VR,èAèfèfèiè,,è3è7è0è1è0è,,,Settimanale,,,è3è3è8è è6è2è8è3è9è6è6è,,èaècèaètèbèaèlèdèoègèaèrèdèaè@ègèmèaèièlè.ècèoèmè,,èAèCèAèTè èBèAèLèDèOè èGèAèRèDèAè èOèDèVè,,,45.552506,10.7720528,EXACT_VENUE,ACTIVE_VERIFIED_2026,,,,2026-09-21 11:10:00,2026-09-21 11:10:00,11
862,SIC-DPW1YESY-PSDXPYTH-Q,èCèlèuèbè è7è5è,LOCAL_CLUB,Veneto,VR,èCèaèmèpèiègèlèièaè èdèeèiè èBèeèrèiècèiè,,è3è6è0è2è0è,,,Settimanale,,,è3è3è5è è5è2è8è3è9è8è7è,,èaècèaètèbèaèsèsèoèvèiècèeènètèiènèoè@èlèièbèeèrèoè.èiètè,,èAèCèAèTè èBèAèSèSèOè èVèIèCèEèNèTèIèNèOè èOèDèVè,,,45.3403921,11.5396629,EXACT_VENUE,ACTIVE_VERIFIED_2026,,,,2026-09-21 11:10:00,2026-09-21 11:10:00,11
863,SIC-X74RF249-VRJFG83E-N,"èCèlèuèbè è7è5è1è è""èRèiènèaèsècèiètèaè""è",LOCAL_CLUB,Veneto,VR,èCèhèièaèmèpèoè,,è3è6è0è7è2è,,,Settimanale,,,è3è3è5è è7è0è0è1è4è2è0è,,èaècèaètèvèaèlècèhèièaèmèpèoè@èaèrècèaètèvèeènèeètèoè.èiètè,,èAèCèAèTè èVèAèLèCèHèIèAèMèPèOè èOèDèVè,,,45.5457622,11.2774926,EXACT_VENUE,ACTIVE_VERIFIED_2026,,,,2026-09-21 11:10:00,2026-09-21 11:10:00,11
864,SIC-SH5QMWCQ-W7MP9WJZ-6,èCèlèuèbè è7è5è2è,LOCAL_CLUB,Veneto,VR,èSèoèvèièzèzèoè,èVèièaè èCèaèvè.è èVèiètètèoèrèièoè èVèeènèeètèoè,è3è6è0è5è0è,,,Settimanale,,,è3è2è7è è1è9è3è4è7è1è7è,,èaècèaètèvèiècèeènèzèaè@èlèièbèeèrèoè.èiètè,,èAèCèAèTè èVèIèCèEèNèZèAè èOèDèVè,,,45.5263562,11.4458687,EXACT_VENUE,ACTIVE_VERIFIED_2026,,,,2026-09-21 11:10:00,2026-09-21 11:10:00,11
865,SIC-W846DCKG-RWQ8Z6MH-R,"èCèlèuèbè è7è5è6è è""èDèeèlèfèiènèoè""è",LOCAL_CLUB,Veneto,VR,èBèuèsèsèoèlèeènègèoè,"èVèièaè èDèoènè èGè.è èCèaèlèaèbèrèièaè,è è2è",è3è7è0è1è2è,,,Settimanale,,,è3è3è1è è2è9è5è7è2è3è4è,,èaècèaètèsèièrèièuèsè@èlèièbèeèrèoè.èiètè,,èAèCèAèTè èSèIèRèIèUèSè èOèDèVè,,,45.471915,10.8469086,EXACT_VENUE,ACTIVE_VERIFIED_2026,,,,2026-09-21 11:10:00,2026-09-21 11:10:00,11
866,SIC-CR951F1Y-S4JCYXMB-K,èCèlèuèbè è7è5è7è,LOCAL_CLUB,Veneto,VR,èVèiècèeènèzèaè,"èVèièaèlèeè èSèaènè èLèaèzèzèaèrèoè,è ènè.è è1è1è2è",è3è6è1è0è0è,,,Settimanale,,,è3è2è7è è1è9è3è4è7è1è7è,,èaècèaètèvèiècèeènèzèaè@èlèièbèeèrèoè.èiètè,,èAèCèAèTè èVèIèCèEèNèZèAè èOèDèVè,,,45.5374513,11.5138463,EXACT_VENUE,ACTIVE_VERIFIED_2026,,,,2026-09-21 11:10:00,2026-09-21 11:10:00,11
867,SIC-4ZC7JHDC-VRY17WP7-Q,"èCèlèuèbè è7è5è7è è""èIènèsèièeèmèeè""è",LOCAL_CLUB,Veneto,VR,èMèoèlèiènèoè èdèiè èAèlètèièsèsèièmèoè,,è3è6è0è7è0è,,,Settimanale,,,è3è3è5è è7è0è0è1è4è2è0è,,èaècèaètèvèaèlècèhèièaèmèpèoè@èaèrècèaètèvèeènèeètèoè.èiètè,,èAèCèAèTè èVèAèLèCèHèIèAèMèPèOè èOèDèVè,,,45.6112278,11.243475,EXACT_VENUE,ACTIVE_VERIFIED_2026,,,,2026-09-21 11:10:00,2026-09-21 11:10:00,11
868,SIC-1ZS27W5D-Z9S4KEKX-Q,èCèlèuèbè è7è5è8è,LOCAL_CLUB,Veneto,VR,èPèièaèzèzèoèlèaè èsèuèlè èBèrèeènètèaè,"èVèièaè èCèoènètèaèrèiènèiè,è è4è4è",è3è5è0è1è6è,,,Settimanale,,,è3è4è8è è4è8è1è1è1è4è3è,,èaècèaètècèaèmèpèoèsèaèmèpèièeèrèoè@ègèmèaèièlè.ècèoèmè,,èAèCèAèTè èCèAèMèPèOèSèAèMèPèIèEèRèOè èOèDèVè,,,45.5411566,11.7832282,EXACT_VENUE,ACTIVE_VERIFIED_2026,,,,2026-09-21 11:10:00,2026-09-21 11:10:00,11
869,SIC-134WFHBR-3B54SZVF-B,èCèlèuèbè è7è5è9è,LOCAL_CLUB,Veneto,VR,èSèaènègèuèiènèeètètèoè,"èVèièaè èCèeèsèaèrèeè èBèaètètèièsètèiè,è ènè.è è2è9è",è3è7è0è5è8è,,,Settimanale,,,è3è4è9è è0è0è3è9è6è2è5è,,èaècèaètè.èbèaèsèsèoèvèeèrèoènèeèsèeè@ègèmèaèièlè.ècèoèmè,,èAèCèAèTè èBèAèSèSèOè èVèEèRèOèNèEèSèEè èOèDèVè,,,45.1815174,11.1525916,EXACT_VENUE,ACTIVE_VERIFIED_2026,,,,2026-09-21 11:10:00,2026-09-21 11:10:00,11
870,SIC-42FR0Y7S-S8RCFW8P-B,"èCèlèuèbè è7è6è è""èIèlè èTèuèlèièpèaènèoè""è",LOCAL_CLUB,Veneto,VR,èLèeènèdèiènèaèrèaè,"èVèièaè èMèoènètèeègèrèaèpèpèaè,è ènè.è è3è3è",è4è5è0è2è6è,,,Settimanale,,,è3è3è5è è6è0è4è8è3è3è0è è/è è3è4è9è è5è3è8è0è5è6è6è,,èaècèaètèpèoèlèoècècè@ègèmèaèièlè.ècèoèmè,,èAèCèAèTè èPèOèLèEèSèIèNèEè èOèCèCèIèDèEèNèTèAèLèEè èOèDèVè,,,45.0808382,11.5980215,EXACT_VENUE,ACTIVE_VERIFIED_2026,,,,2026-09-21 11:10:00,2026-09-21 11:10:00,11
871,SIC-XF2H93CM-EJ06DDG9-4,èCèlèuèbè è7è6è1è,LOCAL_CLUB,Veneto,VR,èIèsèoèlèaè èdèeèlèlèaè èSècèaèlèaè,èVèièaè èRèeèmèeèmèbèrèaèzèzèaè,è3è7è0è6è3è,,,Settimanale,,,è0è4è5è è9è8è7è3è3è7è,,èaècèaètè.ècèaèsètèeèlèsècèaèlèiègèeèrèoè@ègèmèaèièlè.ècèoèmè,,èAèCèAèTè èVèIèLèLèAèFèRèAèNèCèAè èCèAèSèTèEèLè èSèCèAèLèIèGèEèRèOè èOèDèVè,,,45.2700884,11.0048069,EXACT_VENUE,ACTIVE_VERIFIED_2026,,,,2026-09-21 11:10:00,2026-09-21 11:10:00,11
872,SIC-1SZCQVH5-9EQ1CA0N-B,"èCèlèuèbè è7è6è2è è""èAèrècèoèbèaèlèeènèoè è-è èNèiècèoèlèaè èMèaèzèzèoècècèoè""è",LOCAL_CLUB,Veneto,VR,èSèaènè èGèaèeètèaènèoè èdèiè èMèoènètèeèbèeèlèlèuènèaè,"èVèièaè èSèaènè èGèaèeètèaènèoè,è è1è3è6è",è3è1è0è4è4è,,,Settimanale,,,è3è5è1è è3è7è8è2è2è0è4è,,èiènèfèoè@èaècèaètèaèlèièdèeèlèlèaèlèièbèeèrètèaè.èiètè,,èAèCèAèTè èAèLèIè èDèEèLèLèAè èLèIèBèEèRèTèÀè èOèDèVè,,,45.7562891,12.0498205,EXACT_VENUE,ACTIVE_VERIFIED_2026,,,,2026-09-21 11:10:00,2026-09-21 11:10:00,11
873,SIC-BEE62QR0-NB5GMR21-0,"èCèlèuèbè è7è6è3è è""èVèiètèaè èNèuèoèvèaè""è",LOCAL_CLUB,Veneto,VR,èCèaèeèrèaènèoè èdèiè èSèaènè èMèaèrècèoè,"èVèièaèlèeè èFèrèaè'è èGèièoècèoènèdèoè,è è1è8è",è3è1è0è3è1è,,,Settimanale,,,è3è5è1è è3è7è8è2è2è0è4è,,èiènèfèoè@èaècèaètèaèlèièdèeèlèlèaèlèièbèeèrètèaè.èiètè,,èAèCèAèTè èAèLèIè èDèEèLèLèAè èLèIèBèEèRèTèÀè èOèDèVè,,,45.7851269,12.000635,EXACT_VENUE,ACTIVE_VERIFIED_2026,,,,2026-09-21 11:10:00,2026-09-21 11:10:00,11
874,SIC-2Z0FD0NY-5S7TW0S5-E,"èCèlèuèbè è7è6è4è è""èGèièoèièaè èdèiè èVèièvèeèrèeè""è",LOCAL_CLUB,Veneto,VR,èGèièaèvèeèrèaè èdèeèlè èMèoènètèeèlèlèoè,"èVèièaè èSècèhèièaèvèoènèeèsècèaè,è ènè.è è1è5è4è",è3è1è0è4è0è,,,Settimanale,,,è3è5è1è è3è7è8è2è2è0è4è,,èiènèfèoè@èaècèaètèaèlèièdèeèlèlèaèlèièbèeèrètèaè.èiètè,,èAèCèAèTè èAèLèIè èDèEèLèLèAè èLèIèBèEèRèTèÀè èOèDèVè,,,45.7931202,12.165623,EXACT_VENUE,ACTIVE_VERIFIED_2026,,,,2026-09-21 11:10:00,2026-09-21 11:10:00,11
875,SIC-ZVC4KJGR-M3VH6KGK-6,"èCèlèuèbè è7è6è5è è""èCèeènètèrèoè èPèaèdèoèvèaè""è",LOCAL_CLUB,Veneto,VR,èPèaèdèoèvèaè,"èVèièaè èAè.è èCèaèvèaèlèeètètèoè,è ènè.è è3è",è3è5è1è2è2è,,,Settimanale,,,è3è4è8è è3è3è0è4è8è2è0è,,èaècèaètèeècèoèlèoègèièaèsèoècèièaèlèeèpèdè@ègèmèaèièlè.ècèoèmè,,èAèCèAèTè èEèCèOèLèOèGèIèAè èSèOèCèIèAèLèEè èOèDèVè,,,45.3978395,11.873742,EXACT_VENUE,ACTIVE_VERIFIED_2026,,,,2026-09-21 11:10:00,2026-09-21 11:10:00,11
876,SIC-0ECCCX8Y-NVT7GCVF-Y,"èCèlèuèbè è7è6è6è è""èCèeènètèrèoè èPèaèdèoèvèaè""è",LOCAL_CLUB,Veneto,VR,èPèaèdèoèvèaè,"èVèièaè èAè.è èCèaèvèaèlèeètètèoè,è ènè.è è3è",è3è5è1è2è2è,,,Settimanale,,,è3è4è8è è3è3è0è4è8è2è0è,,èaècèaètèeècèoèlèoègèièaèsèoècèièaèlèeèpèdè@ègèmèaèièlè.ècèoèmè,,èAèCèAèTè èEèCèOèLèOèGèIèAè èSèOèCèIèAèLèEè èOèDèVè,,,45.3978395,11.873742,EXACT_VENUE,ACTIVE_VERIFIED_2026,,,,2026-09-21 11:10:00,2026-09-21 11:10:00,11
877,SIC-RTJEQX3Q-JA2HAKVC-7,"èCèlèuèbè è7è6è7è è""èAèrècèaèlèlèaè""è",LOCAL_CLUB,Veneto,VR,èAèrècèeèlèlèaè,"èVèièaèlèeè èAèrècèeèlèlèaè,è ènè.è2è3è",è3è5è1è3è2è,,,Settimanale,,,è3è4è8è è3è3è0è4è8è2è0è,,èaècèaètèeècèoèlèoègèièaèsèoècèièaèlèeèpèdè@ègèmèaèièlè.ècèoèmè,,èAèCèAèTè èEèCèOèLèOèGèIèAè èSèOèCèIèAèLèEè èOèDèVè,,,40.9618116,14.8330583,EXACT_VENUE,ACTIVE_VERIFIED_2026,,,,2026-09-21 11:10:00,2026-09-21 11:10:00,11
878,SIC-9VZNS4P8-SXYR6MTP-Y,"èCèlèuèbè è7è6è8è è""èGèuèièzèzèaè""è",LOCAL_CLUB,Veneto,VR,èPèaèdèoèvèaè,"èVèièaè èSècèuèoèlèeè,è ènè.è6è",è3è5è1è2è5è,,,Settimanale,,,è3è4è8è è3è3è0è4è8è2è0è,,èaècèaètèeècèoèlèoègèièaèsèoècèièaèlèeèpèdè@ègèmèaèièlè.ècèoèmè,,èAèCèAèTè èEèCèOèLèOèGèIèAè èSèOèCèIèAèLèEè èOèDèVè,,,45.373935,11.8701551,EXACT_VENUE,ACTIVE_VERIFIED_2026,,,,2026-09-21 11:10:00,2026-09-21 11:10:00,11
879,SIC-M2Y4DCPV-TZ838JB0-1,"èCèlèuèbè è7è6è9è è""èGèuèièzèzèaè""è",LOCAL_CLUB,Veneto,VR,èPèaèdèoèvèaè,"èVèièaè èSècèuèoèlèeè,è ènè.è7è",è3è5è1è2è5è,,,Settimanale,,,è3è4è8è è3è3è0è4è8è2è0è,,èaècèaètèeècèoèlèoègèièaèsèoècèièaèlèeèpèdè@ègèmèaèièlè.ècèoèmè,,èAèCèAèTè èEèCèOèLèOèGèIèAè èSèOèCèIèAèLèEè èOèDèVè,,,45.373935,11.8701551,EXACT_VENUE,ACTIVE_VERIFIED_2026,,,,2026-09-21 11:10:00,2026-09-21 11:10:00,11
880,SIC-J9W6FMW6-TAEHNACV-B,"èCèlèuèbè è7è7è è""èUènèiètèiè""è",LOCAL_CLUB,Veneto,VR,èAèrèzèiègènèaènèoè,"èVèièaè èGè.è èBèoènèaèzèzèiè,è ènè.è è2è8è",è3è6è0è7è1è,,,Settimanale,,,è3è3è5è è7è0è0è1è4è2è0è,,èaècèaètèvèaèlècèhèièaèmèpèoè@èaèrècèaètèvèeènèeètèoè.èiètè,,èAèCèAèTè èVèAèLèCèHèIèAèMèPèOè èOèDèVè,,,45.5224355,11.3317863,EXACT_VENUE,ACTIVE_VERIFIED_2026,,,,2026-09-21 11:10:00,2026-09-21 11:10:00,11
881,SIC-M60773FJ-X4RZJSSJ-3,èCèlèuèbè è7è8è,LOCAL_CLUB,Veneto,VR,èCèoènèeègèlèièaènèoè,"èVèièaè èCèeèsèaèrèeè èBèaètètèièsètèiè,è ènè.è è2è",è3è1è0è1è5è,,,Settimanale,,,è3è4è0è è5è7è2è8è3è9è4è,,èiènèfèoè@èaècèaètèsèiènèièsètèrèaèpèièaèvèeè.èiètè,,èAèCèAèTè èSèIèNèIèSèTèRèAè èPèIèAèVèEè èOèDèVè,,,45.8808267,12.2991583,EXACT_VENUE,ACTIVE_VERIFIED_2026,,,,2026-09-21 11:10:00,2026-09-21 11:10:00,11
882,SIC-5YNEDMQX-J619KHNF-A,èCèlèuèbè è8è1è,LOCAL_CLUB,Veneto,VR,èPèaèeèsèeè,èPèièaèzèzèaè èSèaènè èLèoèrèeènèzèoè,è3è1è0è3è8è,,,Settimanale,,,è3è3è6è è8è7è1è6è1è0è0è,,èaècèaètètèrèeèvèièsèoè@èlèièbèeèrèoè.èiètè,,èAèCèAèTè èTèRèEèVèIèSèOè èOèDèVè,,,45.7043518,12.1494593,EXACT_VENUE,ACTIVE_VERIFIED_2026,,,,2026-09-21 11:10:00,2026-09-21 11:10:00,11
883,SIC-9M2N2WJZ-3X66AB47-T,"èCèlèuèbè è8è2è è""èAègèoèrèdèoè""è",LOCAL_CLUB,Veneto,VR,èAègèoèrèdèoè,,è3è2è0è2è1è,,,Settimanale,,,è3è3è3è è8è2è1è1è5è9è5è,,èaècèaètèaègèoèrèdèiènèaè@èlèièbèeèrèoè.èiètè,,èAèCèAèTè èAèGèOèRèDèIèNèAè èOèDèVè,,,46.2838939,12.0345018,EXACT_VENUE,ACTIVE_VERIFIED_2026,,,,2026-09-21 11:10:00,2026-09-21 11:10:00,11
884,SIC-4MY6G8MA-QQC12251-1,èCèlèuèbè è8è4è,LOCAL_CLUB,Veneto,VR,èMèuèsèièlèeè èdèiè èPèièaèvèeè,"èVèièaè èMèièlèaènèoè,è ènè.è è3è8è",è3è0è0è2è4è,,,Settimanale,,,è0è4è2è1è è4è8è9è9è6è3è è/è è3è5è3è è4è7è9è2è4è8è2è,,èaècèaètèbèaèsèsèoèpèièaèvèeè@ègèmèaèièlè.ècèoèmè,,èAèCèAèTè èBèAèSèSèOè èPèIèAèVèEè èOèDèVè,,,45.6175592,12.5635086,EXACT_VENUE,ACTIVE_VERIFIED_2026,,,,2026-09-21 11:10:00,2026-09-21 11:10:00,11
885,SIC-NQNVR97T-0DF5R3QT-T,èCèlèuèbè è8è7è,LOCAL_CLUB,Veneto,VR,èCèaèrèbèoènèeèrèaè,èPèièaèzèzèaè èFèaèbèrèièsè,è3è1è0è3è0è,,,Settimanale,,,è3è3è1è è8è0è9è7è0è0è7è,,èlèaèuèrèaè.èbèoèrètèoèlèuèzèzèiè@èhèoètèmèaèièlè.èiètè,,èAèCèAèTè èLèAè èSèPèEèRèAèNèZèAè èOèDèVè,,,45.6813359,12.2890709,EXACT_VENUE,ACTIVE_VERIFIED_2026,,,,2026-09-21 11:10:00,2026-09-21 11:10:00,11
886,SIC-P0A7YCXD-GRQ7FQTB-N,"èCèlèuèbè è9è è""èBèeèlèlèuènèoè ècèiètètèàè""è",LOCAL_CLUB,Veneto,VR,èBèeèlèlèuènèoè,"èvèièaè èRèuègèoè,è ènè.è è2è1è",è3è2è1è0è0è,,,Settimanale,,,è3è3è3è è9è6è0è0è3è6è0è,,èaècèaètèbèeèlèlèuènèoè@ègèmèaèièlè.ècèoèmè,,èAèCèAèTè èBèEèLèLèUèNèOè èOèDèVè,,,46.1348666,12.2218733,EXACT_VENUE,ACTIVE_VERIFIED_2026,,,,2026-09-21 11:10:00,2026-09-21 11:10:00,11
887,SIC-N604Y37R-EC31KEY4-D,èCèlèuèbè è9è1è,LOCAL_CLUB,Veneto,VR,èJèeèsèoèlèoè,"èVèièaè èCèeèsèaèrèeè èBèaètètèièsètèiè,è ènè.è è8è5è",è3è0è0è1è6è,,,Settimanale,,,è0è4è2è1è è4è8è9è9è6è3è è/è è3è5è3è è4è7è9è2è4è8è2è,,èaècèaètèbèaèsèsèoèpèièaèvèeè@ègèmèaèièlè.ècèoèmè,,èAèCèAèTè èBèAèSèSèOè èPèIèAèVèEè èOèDèVè,,,45.53671,12.64411,EXACT_VENUE,ACTIVE_VERIFIED_2026,,,,2026-09-21 11:10:00,2026-09-21 11:10:00,11
888,SIC-E9B43TK0-TB7C48B3-4,èCèlèuèbè è9è3è,LOCAL_CLUB,Veneto,VR,èCèaèmèpèoèsèaèmèpèièeèrèoè,"èVèièaè èMèaèrècèoènèiè,è è2è0è",è3è5è0è1è0è,,,Settimanale,,,è3è4è8è è4è8è1è1è1è4è3è,,èaècèaètècèaèmèpèoèsèaèmèpèièeèrèoè@ègèmèaèièlè.ècèoèmè,,èAèCèAèTè èCèAèMèPèOèSèAèMèPèIèEèRèOè èOèDèVè,,,45.5704033,11.9295007,EXACT_VENUE,ACTIVE_VERIFIED_2026,,,,2026-09-21 11:10:00,2026-09-21 11:10:00,11
889,SIC-DB41FC45-KSC2659V-3,èCèlèuèbè è9è4è,LOCAL_CLUB,Veneto,VR,èNèoèvèeènètèaè èdèiè èPèièaèvèeè,"èVèièaè èGè.è èNèoèvèeènètèaè,è ènè.è è1è9è",è3è0è0è2è0è,,,Settimanale,,,è0è4è2è1è è4è8è9è9è6è3è è/è è3è5è3è è4è7è9è2è4è8è2è,,èaècèaètèbèaèsèsèoèpèièaèvèeè@ègèmèaèièlè.ècèoèmè,,èAèCèAèTè èBèAèSèSèOè èPèIèAèVèEè èOèDèVè,,,45.662542,12.532244,EXACT_VENUE,ACTIVE_VERIFIED_2026,,,,2026-09-21 11:10:00,2026-09-21 11:10:00,11
890,SIC-Y2T80ASR-3VWS37F7-G,"èCèlèuèbè è9è6è èPèoènètèeè èNèeèlèlèeè èAèlèpèiè""è",LOCAL_CLUB,Veneto,VR,èPèoènètèeè ènèeèlèlèeè èAèlèpèiè,,è3è2è0è1è4è,,,Settimanale,,,è3è3è3è è9è6è0è0è3è6è0è,,èaècèaètèbèeèlèlèuènèoè@ègèmèaèièlè.ècèoèmè,,èAèCèAèTè èBèEèLèLèUèNèOè èOèDèVè,,,46.1797634,12.2836011,EXACT_VENUE,ACTIVE_VERIFIED_2026,,,,2026-09-21 11:10:00,2026-09-21 11:10:00,11
2579,SIC-HMN1JZCY-4HETVMN3-2,AL-ANON Gruppo Fraternità,LOCAL_CLUB,Abruzzo,PE,Montesilvano,C/o Centro Pastorale - Via Pascoli 1,65015,,,Settimanale,,,0258018230 / 800087897,,usg@al-anon.it,,ARCAT Abruzzo,,,42.4618,14.2161,APPROXIMATE_CITY,ACTIVE_VERIFIED_2026,,,,2026-09-21 11:39:47,2026-09-21 11:39:47,11
2580,SIC-TB8X7GMD-K0QC90BA-Q,Alcolisti Anonimi – Gruppo Roseto degli Abruzzi,LOCAL_CLUB,Abruzzo,TE,Roseto degli Abruzzi,C/o Centro giovanile San Piamarta - Via Manzoni 227,64026,,,Settimanale,,,3388958339 / 3351949584,,aaitaly@tin.it,,ARCAT Abruzzo,,,42.6589,13.7044,APPROXIMATE_CITY,ACTIVE_VERIFIED_2026,,,,2026-09-21 11:39:47,2026-09-21 11:39:47,11
2581,SIC-M7NTME32-WVJ61KDY-W,NA NARCOTICI ANONIMI ITALIA – Gruppo Vivere veri,LOCAL_CLUB,Abruzzo,PE,Pescara,Via C. A. Dalla Chiesa 15,65125,,,Settimanale,,,3715937151,,picentroest@na-italia.org,,ARCAT Abruzzo,,,42.4618,14.2161,APPROXIMATE_CITY,ACTIVE_VERIFIED_2026,,,,2026-09-21 11:39:47,2026-09-21 11:39:47,11
2582,SIC-HSYDQGFT-YH4Z2Z7Z-W,Alcolisti Anonimi – Gruppo Ultima Spiaggia,LOCAL_CLUB,Molise,CB,Termoli,C/o Locali Chiesa Santa Maria degli Angeli - Via dei Pioppi,86039,,,Settimanale,,,3669223002,,aaitaly@tin.it,,ARCAT Molise,,,41.5603,14.6627,APPROXIMATE_CITY,ACTIVE_VERIFIED_2026,,,,2026-09-21 11:39:47,2026-09-21 11:39:47,11
2583,SIC-RX0T2FDJ-K2N501HW-0,AL-ANON – Gruppo Stella,LOCAL_CLUB,Basilicata,PZ,Potenza,"Via Tirreno, 2",85100,,,Settimanale,,,0258018230 / 800087897,,usg@al-anon.it,,ARCAT Basilicata,,,40.6404,15.8056,APPROXIMATE_CITY,ACTIVE_VERIFIED_2026,,,,2026-09-21 11:39:47,2026-09-21 11:39:47,11
2584,SIC-4FBFHA9P-56ARWQMW-G,Alcolisti Anonimi – Gruppo Fraternità Montesilvano,LOCAL_CLUB,Abruzzo,PE,Montesilvano,Via G. Pascoli 1,65016,,,Settimanale,,,3343962746,,aaitaly@tin.it,,ARCAT Abruzzo,,,42.4618,14.2161,APPROXIMATE_CITY,ACTIVE_VERIFIED_2026,,,,2026-09-21 11:39:47,2026-09-21 11:39:47,11
2585,SIC-5GQHBKWX-35C17ZQS-Q,Alcolisti Anonimi – Gruppo Pescara,LOCAL_CLUB,Abruzzo,PE,Pescara,C/o Centro di Circoscrizione Pescara Colli - Via Di Sotto 8/12,65100,,,Settimanale,,,3386650515 / 3351949584,,pescara1@aaitaly.it,,ARCAT Abruzzo,,,42.4618,14.2161,APPROXIMATE_CITY,ACTIVE_VERIFIED_2026,,,,2026-09-21 11:39:47,2026-09-21 11:39:47,11
2586,SIC-2335YW4G-MVEW8PKE-8,AL-ANON – Gruppo Rinascita,LOCAL_CLUB,Calabria,CS,Castrovillari,C/o Chiesa S. Francesco - Corso Calabria,87010,,,Settimanale,,,0258018230 / 800087897,,usg@al-anon.it,,ARCAT Calabria,,,39.3039,16.2518,APPROXIMATE_CITY,ACTIVE_VERIFIED_2026,,,,2026-09-21 11:39:47,2026-09-21 11:39:47,11
2587,SIC-4C1W61BB-5EXSSW52-9,NA NARCOTICI ANONIMI ITALIA – Gruppo Solo per oggi,LOCAL_CLUB,Calabria,CS,"V.le della Resistenza, 11/D",C/o Parrocchia S. Antonio,87036,,,Settimanale,,,0684025043,,cosenza@na-italia.org,,ARCAT Calabria,,,39.3039,16.2518,APPROXIMATE_CITY,ACTIVE_VERIFIED_2026,,,,2026-09-21 11:39:47,2026-09-21 11:39:47,11
2588,SIC-44QESVPJ-ZJ9HTMXV-D,AL-ANON – Gruppo Coraggio,LOCAL_CLUB,Calabria,CZ,Lamezia Terme,C/o Parrocchia S. G. Calabria - Via A. Riello 11,88046,,,Settimanale,,,0258018230 / 800087897,,usg@al-anon.it,,ARCAT Calabria,,,38.9098,16.5877,APPROXIMATE_CITY,ACTIVE_VERIFIED_2026,,,,2026-09-21 11:39:47,2026-09-21 11:39:47,11
2589,SIC-48J6SECM-A49CB575-J,AL-ANON – Gruppo Insieme,LOCAL_CLUB,Campania,CE,Caserta,C/o Comunità Cristiana - Via San Martino 25,81100,,,Settimanale,,,3343961082 / 800087897,,usg@al-anon.it,,ARCAT Campania,,,41.0726,14.3323,APPROXIMATE_CITY,ACTIVE_VERIFIED_2026,,,,2026-09-21 11:39:47,2026-09-21 11:39:47,11
2590,SIC-2RN37EB6-27S2J1D4-W,Alcolisti Anonimi – Gruppo Reggio Calabria,LOCAL_CLUB,Calabria,RC,Reggio Calabria,Via Giudecca 31,89100,,,Settimanale,,,3496183544 / 0965811348,,aaitaly@tin.it,,ARCAT Calabria,,,38.1113,15.6473,APPROXIMATE_CITY,ACTIVE_VERIFIED_2026,,,,2026-09-21 11:39:47,2026-09-21 11:39:47,11
2591,SIC-H0TJ7HZ3-QQNXQCQQ-Y,AL-ANON – Gruppo Incontro,LOCAL_CLUB,Campania,NA,Casoria,C/o Parrocchia dello Spirito Santo - Via L. Calabresi,80100,,,Settimanale,,,0258018230 / 800087897,,usg@al-anon.it,,ARCAT Campania,,,40.8518,14.2681,APPROXIMATE_CITY,ACTIVE_VERIFIED_2026,,,,2026-09-21 11:39:47,2026-09-21 11:39:47,11
2592,SIC-KPJANY5T-3RGYWBNH-J,Alcolisti Anonimi – Gruppo Il linguaggio del cuore,LOCAL_CLUB,Campania,NA,Napoli,C/o Chiesa San Ciro - Via Carnaro 2,80100,,,Settimanale,,,3343963669 / 800411406,,aaitaly@tin.it,,ARCAT Campania,,,40.8518,14.2681,APPROXIMATE_CITY,ACTIVE_VERIFIED_2026,,,,2026-09-21 11:39:47,2026-09-21 11:39:47,11
2593,SIC-1559E3FG-CCRT2BCW-5,AICAT – “La speranza”,TERRITORIAL_ACAT,Campania,SA,Salerno,"Via Michele Pironti, 14",84100,,,Settimanale,,,089792800 / 3485709631,,info@aicat.net,,ARCAT Campania,,,40.6824,14.7681,APPROXIMATE_CITY,ACTIVE_VERIFIED_2026,,,,2026-09-21 11:39:47,2026-09-21 11:39:47,11
2594,SIC-BBW6VGVB-K2P6ZZ5K-J,GA – ASSOCIAZIONE GIOCATORI ANONIMI ITALIA – Bologna Dickens,LOCAL_CLUB,Emilia-Romagna,BO,Bologna,"C/o Parrocchia San Pio X - Via C. Dickens, 3",40132,,,Settimanale,,,3454790037,,bologna.dickens@giocatorianonimi.org,,ARCAT Emilia-Romagna,,,44.4949,11.3426,APPROXIMATE_CITY,ACTIVE_VERIFIED_2026,,,,2026-09-21 11:39:47,2026-09-21 11:39:47,11
2595,SIC-7ZSJ0PCC-40XT3ZQ1-N,AICAT – “Insieme”,TERRITORIAL_ACAT,Campania,AV,Avellino,c/o Centro sociale Samantha della Porta - Via Morelli e Silvato,83100,,,Settimanale,,,089792800 / 32888080202,,segreteria@aicat.net,,ARCAT Campania,,,40.9148,14.7906,APPROXIMATE_CITY,ACTIVE_VERIFIED_2026,,,,2026-09-21 11:39:47,2026-09-21 11:39:47,11
2596,SIC-CKNN4ZGS-3P52E83D-7,GA – ASSOCIAZIONE GIOCATORI ANONIMI ITALIA – Bologna “S. Mamolo”,LOCAL_CLUB,Emilia-Romagna,BO,Bologna,"C/o Parrocchia della SS. Annunziata - Via S. Mamolo, 2",40136,,,Settimanale,,,3403381317,,bologna@giocatorianonimi.org,,ARCAT Emilia-Romagna,,,44.4949,11.3426,APPROXIMATE_CITY,ACTIVE_VERIFIED_2026,,,,2026-09-21 11:39:47,2026-09-21 11:39:47,11
2597,SIC-04GPS8RX-Z3BG4D0B-T,NA NARCOTICI ANONIMI ITALIA – Gruppo ABC,LOCAL_CLUB,Emilia-Romagna,PR,Parma,"P.zza San Benedetto (Centro storico) - Via Saffi, 1",43121,,,Settimanale,,,0684025043,,parma@na-italia.org,,ARCAT Emilia-Romagna,,,44.8015,10.3279,APPROXIMATE_CITY,ACTIVE_VERIFIED_2026,,,,2026-09-21 11:39:47,2026-09-21 11:39:47,11
2598,SIC-0N4ZS2EA-8JMJB8W6-Z,Ser.T. – SERVIZIO TOSSICODIPENDENZE – AUSL PARMAGruppo per persone con problemi di dipendenza da gioco d’azzardo,LOCAL_CLUB,Emilia-Romagna,PR,Parma,Via Mercati 15/b,43125,,,Settimanale,,,0521393136,,spaziogiovani@ausl.pr.it,,ARCAT Emilia-Romagna,,,44.8015,10.3279,APPROXIMATE_CITY,ACTIVE_VERIFIED_2026,,,,2026-09-21 11:39:47,2026-09-21 11:39:47,11
2599,SIC-0JBM7119-07R79BHR-N,Ser.T. – SERVIZIO TOSSICODIPENDENZE – FidenzaGruppo “L’altra ala”,LOCAL_CLUB,Emilia-Romagna,PR,Fidenza,"Via Berenini, 153",43036,,,Settimanale,,,0524515592 / 0524515652,,arcat.emiliaromagna@gmail.com,,ARCAT Emilia-Romagna,,,44.8015,10.3279,APPROXIMATE_CITY,ACTIVE_VERIFIED_2026,,,,2026-09-21 11:39:47,2026-09-21 11:39:47,11
2600,SIC-SQ27KMME-NM7MX2AJ-4,ASSOCIAZIONE CASAPERTA – Gruppi per persone con problemi di dipendenze patologiche,LOCAL_CLUB,Emilia-Romagna,PR,Parma,"Via Testi, 4/A",43122,,,Settimanale,,,0521786235,,volontaricasaperta@gruppoceis.org,,ARCAT Emilia-Romagna,,,44.8015,10.3279,APPROXIMATE_CITY,ACTIVE_VERIFIED_2026,,,,2026-09-21 11:39:47,2026-09-21 11:39:47,11
2601,SIC-6R5XTQ6P-WES9DT50-7,COMUNITÀ TERAPEUTICA CASA DI LODESANA – Gruppo per ragazzi con problemi di tossicodipendenza,LOCAL_CLUB,Emilia-Romagna,PR,Fidenza,"Via Capriolo, 75",43036,,,Settimanale,,,052483402,,arcat.emiliaromagna@gmail.com,,ARCAT Emilia-Romagna,,,44.8015,10.3279,APPROXIMATE_CITY,ACTIVE_VERIFIED_2026,,,,2026-09-21 11:39:47,2026-09-21 11:39:47,11
2602,SIC-KM8PNRRQ-YQVRXH3M-K,COMUNITÀ TERAPEUTICA BETANIA – Gruppo per persone con problemi di tossicodipendenza,LOCAL_CLUB,Emilia-Romagna,PR,Parma - Fraz. Marore,"Via del Lazzaretto, 26",43123,,,Settimanale,,,0521481771,,betania.associazione@gmail.com,,ARCAT Emilia-Romagna,,,44.8015,10.3279,APPROXIMATE_CITY,ACTIVE_VERIFIED_2026,,,,2026-09-21 11:39:47,2026-09-21 11:39:47,11
2603,SIC-Q1DPAEY8-5TYK8PXA-6,ACAT – ASSOCIAZIONE CLUB DEGLI ALCOLISTI IN TRATTAMENTOGruppi per famiglie con problemi alcolcorrelati,TERRITORIAL_ACAT,Emilia-Romagna,PR,Parma,"Via Ognibene, 2",43124,,,Settimanale,,,3333789296 / 3402721024,,metis62/@libero.it,,ARCAT Emilia-Romagna,,,44.8015,10.3279,APPROXIMATE_CITY,ACTIVE_VERIFIED_2026,,,,2026-09-21 11:39:47,2026-09-21 11:39:47,11
2604,SIC-4TE68CW8-GPVZ0KTR-2,COMUNITÀ TERAPEUTICA CASA DI LODESANA – Gruppo per familiari di ragazzi con problemi di tossicodipendenza,LOCAL_CLUB,Emilia-Romagna,PR,Fidenza,"Via Capriolo, 75",43036,,,Settimanale,,,052483402,,arcat.emiliaromagna@gmail.com,,ARCAT Emilia-Romagna,,,44.8015,10.3279,APPROXIMATE_CITY,ACTIVE_VERIFIED_2026,,,,2026-09-21 11:39:47,2026-09-21 11:39:47,11
2605,SIC-DSQF54VV-SDVATFX8-B,A.C.A.T. – Associazione Club Alcolisti in Trattamento,LOCAL_CLUB,Emilia-Romagna,MO,Modena,"Via Toniolo, 125",41122,,,Settimanale,,,3886066996,,acat.modena@hotmail.it,,ARCAT Emilia-Romagna,,,44.6471,10.9252,APPROXIMATE_CITY,ACTIVE_VERIFIED_2026,,,,2026-09-21 11:39:47,2026-09-21 11:39:47,11
2606,SIC-FEVXN1HK-H0JDDDZ4-C,AL-ANON – Gruppo Bologna Centro,LOCAL_CLUB,Emilia-Romagna,BO,Bologna,Via Polese 25,40122,,,Settimanale,,,3358202229 / 800411406,,usg@al-anon.it,,ARCAT Emilia-Romagna,,,44.4949,11.3426,APPROXIMATE_CITY,ACTIVE_VERIFIED_2026,,,,2026-09-21 11:39:47,2026-09-21 11:39:47,11
2607,SIC-JJ79G4X5-TMDGFJKV-2,AL-ANON – Gruppo Serena,LOCAL_CLUB,Emilia-Romagna,PC,Piacenza,C/o Congregazione delle Figlie di Gesù Buon Pastore - Via S. Marco 32,29100,,,Settimanale,,,0258018230 / 800087897,,usg@al-anon.it,,ARCAT Emilia-Romagna,,,45.0526,9.6934,APPROXIMATE_CITY,ACTIVE_VERIFIED_2026,,,,2026-09-21 11:39:47,2026-09-21 11:39:47,11
2608,SIC-R8Z1A8RK-S8F4V217-8,AL-ANON – Gruppo Aurora,LOCAL_CLUB,Emilia-Romagna,FE,Ferrara,C/o Centro Servizi alla Persona - Via Ripagrande 7/A,44100,,,Settimanale,,,0258018230 / 800087897,,usg@al-anon.it,,ARCAT Emilia-Romagna,,,44.8381,11.6198,APPROXIMATE_CITY,ACTIVE_VERIFIED_2026,,,,2026-09-21 11:39:47,2026-09-21 11:39:47,11
2609,SIC-0EHQSMM3-TZEWXDQB-K,AL-ANON – Gruppo Armonia,LOCAL_CLUB,Emilia-Romagna,MO,Castelfranco Emilia,C/o Ca' Ranuzza - Via Nenni 9,41013,,,Settimanale,,,0258018230 / 800087897,,usg@al-anon.it,,ARCAT Emilia-Romagna,,,44.6471,10.9252,APPROXIMATE_CITY,ACTIVE_VERIFIED_2026,,,,2026-09-21 11:39:47,2026-09-21 11:39:47,11
2610,SIC-YA7MJKX0-WJJ0T4ZX-4,Alcolisti Anonimi – gruppo Bologna Centro,LOCAL_CLUB,Emilia-Romagna,BO,Bologna,"Via Polese, 25",40123,,,Settimanale,,,3358202228 / 800411406,,aaitaly@tin.it,,ARCAT Emilia-Romagna,,,44.4949,11.3426,APPROXIMATE_CITY,ACTIVE_VERIFIED_2026,,,,2026-09-21 11:39:47,2026-09-21 11:39:47,11
2611,SIC-CPCACRTE-V2TRZRTZ-G,Alcolisti Anonimi – Gruppo Aurora,LOCAL_CLUB,Emilia-Romagna,FE,Ferrara,Via Ripagrande 7/a,44121,,,Settimanale,,,3343963257 / 800411406,,aaitaly@tin.it,,ARCAT Emilia-Romagna,,,44.8381,11.6198,APPROXIMATE_CITY,ACTIVE_VERIFIED_2026,,,,2026-09-21 11:39:47,2026-09-21 11:39:47,11
2612,SIC-HEQ4N3S6-P2A94DW0-Z,Alcolisti Anonimi – gruppo Sassi,LOCAL_CLUB,Emilia-Romagna,FC,Forlì,C/o Chiesa di San Paolo Apostolo - Via F. Antonio Pistocchi 19,47122,,,Settimanale,,,3347469746 / 800411406,,aaitaly@tin.it,,ARCAT Emilia-Romagna,,,44.2227,12.0407,APPROXIMATE_CITY,ACTIVE_VERIFIED_2026,,,,2026-09-21 11:39:47,2026-09-21 11:39:47,11
2613,SIC-RV4X4N88-MFQZQ4Q5-X,Alcolisti Anonimi – Gruppo Forlimpopoli,LOCAL_CLUB,Emilia-Romagna,FC,Forlimpopoli,Via Sendi 34,47034,,,Settimanale,,,3347469746 / 800411406,,aaitaly@tin.it,,ARCAT Emilia-Romagna,,,44.2227,12.0407,APPROXIMATE_CITY,ACTIVE_VERIFIED_2026,,,,2026-09-21 11:39:47,2026-09-21 11:39:47,11
2614,SIC-8QHAAH6H-2KPV8H7N-K,Alcolisti Anonimi – gruppo Armonia,LOCAL_CLUB,Emilia-Romagna,MO,Castelfranco Emilia,C/o Parco Ca' Ranuzza - Via Nenni 2,41013,,,Settimanale,,,3334208029 / 800411406,,aaitaly@tin.it,,ARCAT Emilia-Romagna,,,44.6471,10.9252,APPROXIMATE_CITY,ACTIVE_VERIFIED_2026,,,,2026-09-21 11:39:47,2026-09-21 11:39:47,11
2615,SIC-A3SKGZS1-V1NWZ07Q-V,Alcolisti Anonimi – gruppo Fidenza,LOCAL_CLUB,Emilia-Romagna,PR,Fidenza,C/o Convento Cappuccini - Via S. Francesco d'Assisi 7,43036,,,Settimanale,,,3388958181 / 800411406,,aaitaly@tin.it,,ARCAT Emilia-Romagna,,,44.8015,10.3279,APPROXIMATE_CITY,ACTIVE_VERIFIED_2026,,,,2026-09-21 11:39:47,2026-09-21 11:39:47,11
2616,SIC-EEKJFTN1-FTYM529X-2,Alcolisti Anonimi – gruppo Avventura,LOCAL_CLUB,Emilia-Romagna,RE,Reggio Emilia,C/o Parrocchia Regina Pacis - Via Gorizia 19,42122,,,Settimanale,,,3347469749 / 800411406,,reggioemilia@alcolistianonimi-emiliaromagna.it,,ARCAT Emilia-Romagna,,,44.6982,10.6312,APPROXIMATE_CITY,ACTIVE_VERIFIED_2026,,,,2026-09-21 11:39:47,2026-09-21 11:39:47,11
2617,SIC-R68VP2JN-3G28BTXR-A,Alcolisti Anonimi – gruppo Riccione,LOCAL_CLUB,Emilia-Romagna,FC,Riccione,Via Bergamo 2,47038,,,Settimanale,,,3403355135 / 800411406,,aaitaly@tin.it,,ARCAT Emilia-Romagna,,,44.2227,12.0407,APPROXIMATE_CITY,ACTIVE_VERIFIED_2026,,,,2026-09-21 11:39:47,2026-09-21 11:39:47,11
2618,SIC-0Q0GMKBW-M3472JFV-C,AL-ANON – Gruppo Monfalcone,LOCAL_CLUB,Friuli-Venezia Giulia,TS,Monfalcone,C/o ex Casa del Mutilato - Via Rossini 40,34074,,,Settimanale,,,0258018230 / 800087897,,usg@al-anon.it,,ARCAT Friuli-Venezia Giulia,,,45.6495,13.7768,APPROXIMATE_CITY,ACTIVE_VERIFIED_2026,,,,2026-09-21 11:39:47,2026-09-21 11:39:47,11
2619,SIC-3ZMD160D-SR42AFYC-F,Alcolisti Anonimi – gruppo Luce e Amore,LOCAL_CLUB,Friuli-Venezia Giulia,TS,Gorizia,C/o Parrocchia S. Ilario e Taziano - Via Colobini 6,34170,,,Settimanale,,,3371248101 / 800411406,,aaitaly@tin.it,,ARCAT Friuli-Venezia Giulia,,,45.6495,13.7768,APPROXIMATE_CITY,ACTIVE_VERIFIED_2026,,,,2026-09-21 11:39:47,2026-09-21 11:39:47,11
2620,SIC-S1QJEWJN-21HPW8QY-J,GA – ASSOCIAZIONE GIOCATORI ANONIMI ITALIA – Roma 1,LOCAL_CLUB,Lazio,RO,184 Roma,"Via Napoli, 56",,,,Settimanale,,,3409218986,,roma1@giocatorianonimi.org,,ARCAT Lazio,,,42.5,12.5,APPROXIMATE_CITY,ACTIVE_VERIFIED_2026,,,,2026-09-21 11:39:47,2026-09-21 11:39:47,11
2621,SIC-RE52RMBY-W7XBY2XH-5,Alcolisti Anonimi – gruppo Crederci,LOCAL_CLUB,Friuli-Venezia Giulia,UD,Carpeneto,C/o Poliambulatorio medico - Via Orgnan 2,33050,,,Settimanale,,,3388958205 / 800411406,,aaitaly@tin.it,,ARCAT Friuli-Venezia Giulia,,,46.0711,13.2346,APPROXIMATE_CITY,ACTIVE_VERIFIED_2026,,,,2026-09-21 11:39:47,2026-09-21 11:39:47,11
2622,SIC-V0S0Y2VF-PV77S7BX-M,GA – ASSOCIAZIONE GIOCATORI ANONIMI ITALIA – Frosinone,LOCAL_CLUB,Lazio,FR,3100 Frosinone,"Via Plebiscito, 12 c/o Zona Prefettura",,,,Settimanale,,,3895151353,,frosinone@giocatorianonimi.org,,ARCAT Lazio,,,42.5,12.5,APPROXIMATE_CITY,ACTIVE_VERIFIED_2026,,,,2026-09-21 11:39:47,2026-09-21 11:39:47,11
2623,SIC-QR30YV5N-CA18XAES-T,"NA NARCOTICI ANONIMI ITALIA – Gruppo Io non posso, noi possiamo",LOCAL_CLUB,Lazio,RO,199 Roma,"Via di S. Maria Goretti, 29",,,,Settimanale,,,3336730795 / 0684025043,,na-centro@na-italia.org,,ARCAT Lazio,,,42.5,12.5,APPROXIMATE_CITY,ACTIVE_VERIFIED_2026,,,,2026-09-21 11:39:47,2026-09-21 11:39:47,11
2624,SIC-MFH8RD6S-24WZ02ZZ-E,NA NARCOTICI ANONIMI ITALIA – Gruppo Insieme,LOCAL_CLUB,Lazio,RO,184 Roma,"Via Napoli, 58",,,,Settimanale,,,3336730795 / 0684025043,,na-centro@na-italia.org,,ARCAT Lazio,,,42.5,12.5,APPROXIMATE_CITY,ACTIVE_VERIFIED_2026,,,,2026-09-21 11:39:47,2026-09-21 11:39:47,11
2625,SIC-3SZM1F6D-9HXEWC1N-8,Associazione FAMILIARI ANONIMI ITALIA – Gruppo “Quadraro”,LOCAL_CLUB,Lazio,RM,P.le Spartaco 19,C/o Parrocchia Assunzione di Maria,00174,,,Settimanale,,,3756879478,,roma@familiarianonimiitalia.it,,ARCAT Lazio,,,41.9028,12.4964,APPROXIMATE_CITY,ACTIVE_VERIFIED_2026,,,,2026-09-21 11:39:47,2026-09-21 11:39:47,11
2626,SIC-J8005QNA-V6T10XAC-W,NA NARCOTICI ANONIMI ITALIA – Gruppo LaurentiNA,LOCAL_CLUB,Italia,14,144 Roma,"C/o Chiesa San Gregorio Barbarigo - Via delle Montagne Rocciose, 14",,,,Settimanale,,,3336730795 / 0684025043,,na-centro@na-italia.org,,AICAT Nazionale,,,42.5,12.5,APPROXIMATE_CITY,ACTIVE_VERIFIED_2026,,,,2026-09-21 11:39:47,2026-09-21 11:39:47,11
2627,SIC-54ESZZ5J-ZKBD8YBF-E,ALPA – ASSOCIAZIONE LIBERI DAL PANICO E DALL’ANSIA – Gruppi “Dipendenza affettiva”,LOCAL_CLUB,Lazio,RO,192 Roma,"V.le Giulio Cesare, 15",,,,Settimanale,,,0632600733 / 3317820602,,arcatlazio@gmail.com,,ARCAT Lazio,,,42.5,12.5,APPROXIMATE_CITY,ACTIVE_VERIFIED_2026,,,,2026-09-21 11:39:47,2026-09-21 11:39:47,11
2628,SIC-5PMJQJFR-6GCTVY9X-G,AL-ANON – Gruppo Non più soli,LOCAL_CLUB,Italia,31,P.za Risorgimento,C/o Chiesa Madonna delle Grazie S. Gerardo,,,,Settimanale,,,0258018230 / 800087897,,usg@al-anon.it,,AICAT Nazionale,,,42.5,12.5,APPROXIMATE_CITY,ACTIVE_VERIFIED_2026,,,,2026-09-21 11:39:47,2026-09-21 11:39:47,11
2629,SIC-BMX5Y5VR-DGV13C6S-K,Alcolisti Anonimi – gruppo Latina uno,LOCAL_CLUB,Italia,41,Rosa Mistica Centro Estrella,C/o Chiesa Tenda S. M. Madre della Chiesa,,,,Settimanale,,,3343958276 / 800411406,,aaitaly@tin.it,,AICAT Nazionale,,,42.5,12.5,APPROXIMATE_CITY,ACTIVE_VERIFIED_2026,,,,2026-09-21 11:39:47,2026-09-21 11:39:47,11
2630,SIC-8BX1B9EF-SQFD49KS-1,AL-ANON – Gruppo Formia,LOCAL_CLUB,Italia,40,4023 Formia,C/o Parrocchia Don Bosco - Via Appia lato Napoli,,,,Settimanale,,,0258018230 / 800087898,,usg@al-anon.it,,AICAT Nazionale,,,42.5,12.5,APPROXIMATE_CITY,ACTIVE_VERIFIED_2026,,,,2026-09-21 11:39:47,2026-09-21 11:39:47,11
2631,SIC-C5412R4T-YC7NXBS1-A,Alcolisti Anonimi – gruppo 24 ore,LOCAL_CLUB,Lazio,RM,Bracciano,C/o Convento Domenicane di S. Cecilia - Via S: Celso 3,00062,,,Settimanale,,,3386047836 / 800411406,,aaitaly@tin.it,,ARCAT Lazio,,,41.9028,12.4964,APPROXIMATE_CITY,ACTIVE_VERIFIED_2026,,,,2026-09-21 11:39:47,2026-09-21 11:39:47,11
2632,SIC-T7XTGBGZ-T5DGJZJT-4,ASSOCIAZIONE FAMILIARI ANONIMI ITALIA – Gruppo “Un giorno alla volta”,LOCAL_CLUB,Liguria,GE,Genova,"Salita del Prione, 26 int. 1 c/o Centro Civico “Remigio Zena”",16123,,,Settimanale,,,3407562955,,genova@familiarianonimiitalia.it,,ARCAT Liguria,,,44.4056,8.9463,APPROXIMATE_CITY,ACTIVE_VERIFIED_2026,,,,2026-09-21 11:39:47,2026-09-21 11:39:47,11
2633,SIC-52BYXCWH-ARVE76JJ-C,NA NARCOTICI ANONIMI ITALIA – Gruppo Limite estremo,LOCAL_CLUB,Liguria,GE,Genova,C/o Chiesa San Pietro e Santa Teresa di Albaro - Via Boselli,16146,,,Settimanale,,,3482477967,,nordovest@na-italia.org,,ARCAT Liguria,,,44.4056,8.9463,APPROXIMATE_CITY,ACTIVE_VERIFIED_2026,,,,2026-09-21 11:39:47,2026-09-21 11:39:47,11
2634,SIC-VZ56NAXN-J6DZG9HJ-H,NA NARCOTICI ANONIMI ITALIA – Gruppo Passo dopo passo,LOCAL_CLUB,Liguria,GE,Genova,"Vico del Campanile delle Vigne, 5",16123,,,Settimanale,,,3482477967,,nordovest@na-italia.org,,ARCAT Liguria,,,44.4056,8.9463,APPROXIMATE_CITY,ACTIVE_VERIFIED_2026,,,,2026-09-21 11:39:47,2026-09-21 11:39:47,11
2635,SIC-H2SS5A4A-VEB3CS70-P,NA NARCOTICI ANONIMI ITALIA – Gruppo Miracle Candlelight,LOCAL_CLUB,Liguria,GE,Genova,"Via del Molo, 10",16128,,,Settimanale,,,3482477967,,nordovest@na-italia.org,,ARCAT Liguria,,,44.4056,8.9463,APPROXIMATE_CITY,ACTIVE_VERIFIED_2026,,,,2026-09-21 11:39:47,2026-09-21 11:39:47,11
2636,SIC-SKQXQGFF-JWDASKT0-J,NA NARCOTICI ANONIMI ITALIA – Gruppo Tradizionalmente insieme,LOCAL_CLUB,Liguria,GE,Genova,"Via del Molo, 10",16128,,,Settimanale,,,3482477967,,nordovest@na-italia.org,,ARCAT Liguria,,,44.4056,8.9463,APPROXIMATE_CITY,ACTIVE_VERIFIED_2026,,,,2026-09-21 11:39:47,2026-09-21 11:39:47,11
2637,SIC-GHT0D6SZ-1TP95HHM-A,GA – ASSOCIAZIONE GIOCATORI ANONIMI ITALIA – Genova Consolazione 1,LOCAL_CLUB,Liguria,GE,Genova,"Via della Consolazione, 3",16121,,,Settimanale,,,3401529838,,genova@giocatorianonimi.org,,ARCAT Liguria,,,44.4056,8.9463,APPROXIMATE_CITY,ACTIVE_VERIFIED_2026,,,,2026-09-21 11:39:47,2026-09-21 11:39:47,11
2638,SIC-911391GK-NF2N7V5S-3,NA NARCOTICI ANONIMI ITALIA – Gruppo Il coraggio di cambiare,LOCAL_CLUB,Liguria,GE,Genova,C/o Chiesa SS Andrea e Ambrogio - Via Bellini 1,16152,,,Settimanale,,,010 5958822,,nordovest@na-italia.org,,ARCAT Liguria,,,44.4056,8.9463,APPROXIMATE_CITY,ACTIVE_VERIFIED_2026,,,,2026-09-21 11:39:47,2026-09-21 11:39:47,11
2639,SIC-AHDMJ9Q9-PXJNZ200-X,Alcolisti Anonimi – gruppo Esperia,LOCAL_CLUB,Liguria,SP,La Spezia,Via Piandarana 4,19122,,,Settimanale,,,3346404516 / 800411406,,aaesperia@libero.it,,ARCAT Liguria,,,44.1025,9.8241,APPROXIMATE_CITY,ACTIVE_VERIFIED_2026,,,,2026-09-21 11:39:47,2026-09-21 11:39:47,11
2640,SIC-NC9T8HY3-SHXVWAQ1-N,A.L.T. Associazione Lotta alle Tossicodipendenze Onlus,LOCAL_CLUB,Lombardia,BG,"Provincia di Bergamo, Lombardia",24100 Bergamo,24100,,,Settimanale,,,02 8461299,,a.l.t.treviglio@alice.it,,ARCAT Lombardia,,,45.6983,9.6773,APPROXIMATE_CITY,ACTIVE_VERIFIED_2026,,,,2026-09-21 11:39:47,2026-09-21 11:39:47,11
2641,SIC-JJHMZYJD-DRZNTY93-6,A.L.T. Associazione Lotta alle Tossicodipendenze Onlus,LOCAL_CLUB,Lombardia,BG,Treviglio,Via Crivelli. 11,24047,,,Settimanale,,,02 8461299,,a.l.t.treviglio@alice.it,,ARCAT Lombardia,,,45.6983,9.6773,APPROXIMATE_CITY,ACTIVE_VERIFIED_2026,,,,2026-09-21 11:39:47,2026-09-21 11:39:47,11
2642,SIC-4BBDM8QY-Z11NF9ZN-S,ACAT Como,TERRITORIAL_ACAT,Lombardia,CO,Como,Via S. Brigida 4,22100,,,Settimanale,,,3315490142,,cirilloangelo67@gmail.com,,ARCAT Lombardia,,,45.8081,9.0852,APPROXIMATE_CITY,ACTIVE_VERIFIED_2026,,,,2026-09-21 11:39:47,2026-09-21 11:39:47,11
2643,SIC-KAAJNCAV-N4P0F4WH-5,ACAT Cremona,TERRITORIAL_ACAT,Lombardia,CR,"Provincia di Cremona, Lombardia",26100 Cremona,26100,,,Settimanale,,,3358079564,,info@arcatlombardia.it,,ARCAT Lombardia,,,45.1332,10.0248,APPROXIMATE_CITY,ACTIVE_VERIFIED_2026,,,,2026-09-21 11:39:47,2026-09-21 11:39:47,11
2644,SIC-37RVA2MJ-VZX5VR2D-4,ACAT Pavia,TERRITORIAL_ACAT,Lombardia,PV,V.le Repubblica 40/B,C/o Francesca Caspani,27100,,,Settimanale,,,3382535878,,associazioneacatpavia@gmail.com,,ARCAT Lombardia,,,45.1847,9.1582,APPROXIMATE_CITY,ACTIVE_VERIFIED_2026,,,,2026-09-21 11:39:47,2026-09-21 11:39:47,11
2645,SIC-S3KA3K8X-1JAGS3ET-7,AL-ANON – Gruppo S.Giulia,LOCAL_CLUB,Lombardia,BS,Brescia,"C/o oratorio - 1° piano - Via Traversa 13, n. 3",25136,,,Settimanale,,,0258018230 / 800087897,,usg@al-anon.it,,ARCAT Lombardia,,,45.5416,10.2118,APPROXIMATE_CITY,ACTIVE_VERIFIED_2026,,,,2026-09-21 11:39:47,2026-09-21 11:39:47,11
2646,SIC-B38BH3VY-H934K0GE-T,AL-ANON – Gruppo Milano Sud,LOCAL_CLUB,Lombardia,MI,Milano,C/o Parrocchia SS. Celso e Nazzaro - Via Zumbini 19,20143,,,Settimanale,,,0258018230 / 800087897,,usg@al-anon.it,,ARCAT Lombardia,,,45.4642,9.19,APPROXIMATE_CITY,ACTIVE_VERIFIED_2026,,,,2026-09-21 11:39:47,2026-09-21 11:39:47,11
2647,SIC-6682JH6Y-EG8465PS-C,AL-ANON – Gruppo Lecco,LOCAL_CLUB,Lombardia,SO,P.zza Cappuccini 6,C/o Parrocchia S. Francesco,23900,,,Settimanale,,,0258018230 / 800087897,,usg@al-anon.it,,ARCAT Lombardia,,,46.1689,9.8693,APPROXIMATE_CITY,ACTIVE_VERIFIED_2026,,,,2026-09-21 11:39:47,2026-09-21 11:39:47,11
2648,SIC-Y23W52DY-E39D0ZB6-Z,AL-ANON – Gruppo Como 1,LOCAL_CLUB,Lombardia,CO,Como,C/o Parrocchia S. Giuseppe - Via Valleggio 19,22100,,,Settimanale,,,0258018230 / 800087897,,usg@al-anon.it,,ARCAT Lombardia,,,45.8081,9.0852,APPROXIMATE_CITY,ACTIVE_VERIFIED_2026,,,,2026-09-21 11:39:47,2026-09-21 11:39:47,11
2649,SIC-ME5NB4YJ-JR4WWK5T-D,ACAT Mantova – CAT Hudolin,TERRITORIAL_ACAT,Lombardia,MN,Roncoferraro,"c/o Palazzina Comunale - Via Roma, 11",46037,,,Settimanale,,,0376329771 / 3402163831,,pieroxausa@yahoo.it,,ARCAT Lombardia,,,45.1564,10.7914,APPROXIMATE_CITY,ACTIVE_VERIFIED_2026,,,,2026-09-21 11:39:47,2026-09-21 11:39:47,11
2650,SIC-V882VV5G-5RHCY7DD-2,AL-ANON – Gruppo La gioia,LOCAL_CLUB,Lombardia,MI,Sant'Angelo Lodigiano,C/o Oratorio femminile - Via Savarè 22,20079,,,Settimanale,,,3889530815 / 800087897,,usg@al-anon.it,,ARCAT Lombardia,,,45.4642,9.19,APPROXIMATE_CITY,ACTIVE_VERIFIED_2026,,,,2026-09-21 11:39:47,2026-09-21 11:39:47,11
2651,SIC-06139WVH-30BZY5V8-Y,AL-ANON – Gruppo Primavera Tre laghi,LOCAL_CLUB,Lombardia,MN,Mantova,C/o Sert - Via Hrovatin 2,46100,,,Settimanale,,,0258018230 / 800087897,,usg@al-anon.it,,ARCAT Lombardia,,,45.1564,10.7914,APPROXIMATE_CITY,ACTIVE_VERIFIED_2026,,,,2026-09-21 11:39:47,2026-09-21 11:39:47,11
2652,SIC-X61DC9EA-98PQ013N-0,AL-ANON – Gruppo Varese,LOCAL_CLUB,Lombardia,VA,P.zza Canonica 8,C/o sede Caritas,21100,,,Settimanale,,,800087897 / 0258018230,,usg@al-anon.it,,ARCAT Lombardia,,,45.8206,8.8251,APPROXIMATE_CITY,ACTIVE_VERIFIED_2026,,,,2026-09-21 11:39:47,2026-09-21 11:39:47,11
2653,SIC-NHV6H6Y6-E9ZXP3ET-4,AL-ANON – Gruppo Pavia,LOCAL_CLUB,Lombardia,PV,C.so Cairoli 2,C/o Oratorio S Francesco,27100,,,Settimanale,,,0258018230 / 800087897,,usg@al-anon.it,,ARCAT Lombardia,,,45.1847,9.1582,APPROXIMATE_CITY,ACTIVE_VERIFIED_2026,,,,2026-09-21 11:39:47,2026-09-21 11:39:47,11
2654,SIC-5T9RAT95-JX8Y78DN-W,Alcolisti Anonimi – gruppo Insieme,LOCAL_CLUB,Lombardia,CO,Como,Cc/o Parrocchia S. Martino di Rebbi - Via A. Lissi 11,22100,,,Settimanale,,,3386495707 / 800411406,,aaitaly@tin.it,,ARCAT Lombardia,,,45.8081,9.0852,APPROXIMATE_CITY,ACTIVE_VERIFIED_2026,,,,2026-09-21 11:39:47,2026-09-21 11:39:47,11
2655,SIC-9GAV9138-BNDKXKHS-K,Alcolisti Anonimi – gruppo Livigno,LOCAL_CLUB,Lombardia,SO,Livigno,C/o Cinema Lux - Via della Gesa 45,23030,,,Settimanale,,,3343951486 / 800411406,,aaitaly@tin.it,,ARCAT Lombardia,,,46.1689,9.8693,APPROXIMATE_CITY,ACTIVE_VERIFIED_2026,,,,2026-09-21 11:39:47,2026-09-21 11:39:47,11
2656,SIC-QGK2JMWJ-DWNT0FSE-B,GA – ASSOCIAZIONE GIOCATORI ANONIMI ITALIA – Monza,LOCAL_CLUB,Lombardia,MI,Monza,"Via Correggio, 59 c/o Casa del Volontariato",20900,,,Settimanale,,,3396839666,,monza@giocatorianonimi.org,,ARCAT Lombardia,,,45.4642,9.19,APPROXIMATE_CITY,ACTIVE_VERIFIED_2026,,,,2026-09-21 11:39:47,2026-09-21 11:39:47,11
2657,SIC-8K6FXK20-MK7SEAGW-X,GA – ASSOCIAZIONE GIOCATORI ANONIMI ITALIA – Busto Arsizio (VA),LOCAL_CLUB,Lombardia,VA,Busto Arsizio,"V.le della Repubblica, 44 c/o Casa di Corte Nuova",21052,,,Settimanale,,,3493864430,,busto@giocatorianonimi.org,,ARCAT Lombardia,,,45.8206,8.8251,APPROXIMATE_CITY,ACTIVE_VERIFIED_2026,,,,2026-09-21 11:39:47,2026-09-21 11:39:47,11
2658,SIC-MMC1B0JA-B7HKH9K9-P,GA – ASSOCIAZIONE GIOCATORI ANONIMI ITALIA – Brescia Cimabue,LOCAL_CLUB,Lombardia,BS,Brescia,"Via Cimabue, 16 c/o Casa delle Associazioni",25134,,,Settimanale,,,3332130908,,bresciacimabue@giocatorianonimi.org,,ARCAT Lombardia,,,45.5416,10.2118,APPROXIMATE_CITY,ACTIVE_VERIFIED_2026,,,,2026-09-21 11:39:47,2026-09-21 11:39:47,11
2659,SIC-FC06VY21-TC006QC1-0,GA – ASSOCIAZIONE GIOCATORI ANONIMI ITALIA – Como,LOCAL_CLUB,Lombardia,CO,Como,"Via Alfonso Lissi, 11 c/o Parrocchia S.Martino di Rebbio",22100,,,Settimanale,,,3404164053,,como@giocatorianonimi.org,,ARCAT Lombardia,,,45.8081,9.0852,APPROXIMATE_CITY,ACTIVE_VERIFIED_2026,,,,2026-09-21 11:39:47,2026-09-21 11:39:47,11
2660,SIC-01J8DJER-BMHDR5H1-H,GA – ASSOCIAZIONE GIOCATORI ANONIMI ITALIA – Bergamo,LOCAL_CLUB,Lombardia,BG,Torre Boldone,"Via Donizetti, 1",24020,,,Settimanale,,,3409777463,,bergamo@giocatorianonimi.org,,ARCAT Lombardia,,,45.6983,9.6773,APPROXIMATE_CITY,ACTIVE_VERIFIED_2026,,,,2026-09-21 11:39:47,2026-09-21 11:39:47,11
2661,SIC-VCFFP3TX-7HKNP6NW-D,GA – ASSOCIAZIONE GIOCATORI ANONIMI ITALIA – Bergamo Città,LOCAL_CLUB,Lombardia,BG,Bergamo,"Via San Tommaso de Calvi, 1 c/o Parrocchia San Tommaso",24127,,,Settimanale,,,3498218222,,bergamocitta@giocatorianonimi.orga,,ARCAT Lombardia,,,45.6983,9.6773,APPROXIMATE_CITY,ACTIVE_VERIFIED_2026,,,,2026-09-21 11:39:47,2026-09-21 11:39:47,11
2662,SIC-SZR83QJM-BPN0WMFT-6,GA – ASSOCIAZIONE GIOCATORI ANONIMI ITALIA – Castiglione Olona (VA),LOCAL_CLUB,Lombardia,VA,Castiglione Olona,"Via Verdi, 15 c/o Parrocchia Beata Vergine del Rosario",21043,,,Settimanale,,,3450796476,,castiglioneolona@giocatorianonimi.org,,ARCAT Lombardia,,,45.8206,8.8251,APPROXIMATE_CITY,ACTIVE_VERIFIED_2026,,,,2026-09-21 11:39:47,2026-09-21 11:39:47,11
2663,SIC-RZZFK65Z-64284KKD-A,GA – ASSOCIAZIONE GIOCATORI ANONIMI ITALIA – Vallecamonica (BS),LOCAL_CLUB,Lombardia,BS,Boario Terme,"V.le Italia, 69",25047,,,Settimanale,,,3393428449,,vallecamonica@giocatorianonimi.org,,ARCAT Lombardia,,,45.5416,10.2118,APPROXIMATE_CITY,ACTIVE_VERIFIED_2026,,,,2026-09-21 11:39:47,2026-09-21 11:39:47,11
2664,SIC-1B667D45-Z3YC4JZ0-N,Cremona: Servizio Dipendenze – Unità operativa di Cremona – SERD,LOCAL_CLUB,Lombardia,CR,Cremona,Via Postumia 23/g,26100,,,Settimanale,,,0372497548 / 0372497606,,sert.cremona@asst-cremona.it,,ARCAT Lombardia,,,45.1332,10.0248,APPROXIMATE_CITY,ACTIVE_VERIFIED_2026,,,,2026-09-21 11:39:47,2026-09-21 11:39:47,11
2665,SIC-5V1GY1ZV-NSNA881P-R,NA NARCOTICI ANONIMI ITALIA – Gruppo Insieme Possiamo,LOCAL_CLUB,Lombardia,VA,Saronno,Via Maestri del lavoro 33,21047,,,Settimanale,,,3391875713,,saronno@na-italia.org,,ARCAT Lombardia,,,45.8206,8.8251,APPROXIMATE_CITY,ACTIVE_VERIFIED_2026,,,,2026-09-21 11:39:47,2026-09-21 11:39:47,11
2666,SIC-MKM7XVQP-8A45C9ET-8,NA NARCOTICI ANONIMI ITALIA – Gruppo Wagner – alle 7 di sera,LOCAL_CLUB,Lombardia,MI,P.zza Wagner 2,C/o Parrocchia di San Pietro in Sala,20128,,,Settimanale,,,3391875713,,wagner@na-italia.org,,ARCAT Lombardia,,,45.4642,9.19,APPROXIMATE_CITY,ACTIVE_VERIFIED_2026,,,,2026-09-21 11:39:47,2026-09-21 11:39:47,11
2667,SIC-5FGBJB6V-HR0R7AZA-2,NA NARCOTICI ANONIMI ITALIA – Gruppo Il cielo è sempre più blu”,LOCAL_CLUB,Lombardia,MI,Milano,C/o Oratorio San Carlo alla Ca' Granda - Via Val Deon 5,20162,,,Settimanale,,,3391875713,,ilcielo@na-italia.org,,ARCAT Lombardia,,,45.4642,9.19,APPROXIMATE_CITY,ACTIVE_VERIFIED_2026,,,,2026-09-21 11:39:47,2026-09-21 11:39:47,11
2668,SIC-WDQX478N-S11D5RGD-T,NA NARCOTICI ANONIMI ITALIA – Gruppo Stratico,LOCAL_CLUB,Lombardia,MI,Milano,"C/o Parrocchia Don Orione, entrata dalla Caritas al primo piano - Via Strozzi 9",20148,,,Settimanale,,,3391875713,,stratico@na-italia.org,,ARCAT Lombardia,,,45.4642,9.19,APPROXIMATE_CITY,ACTIVE_VERIFIED_2026,,,,2026-09-21 11:39:47,2026-09-21 11:39:47,11
2669,SIC-P93KJH9X-WHKJCK54-4,NA NARCOTICI ANONIMI ITALIA – Gruppo Nuovi Orizzonti,LOCAL_CLUB,Lombardia,BS,Orzinuovi,Via Codagli 12,25034,,,Settimanale,,,3382346954,,orzinuovi@na-italia.org,,ARCAT Lombardia,,,45.5416,10.2118,APPROXIMATE_CITY,ACTIVE_VERIFIED_2026,,,,2026-09-21 11:39:47,2026-09-21 11:39:47,11
2670,SIC-MBC5MF0E-XQVVYXSZ-Y,NA NARCOTICI ANONIMI ITALIA – Gruppo Freedom,LOCAL_CLUB,Lombardia,BS,Rivoltella del Garda,"Via Circonvallazione, 31",25010,,,Settimanale,,,3382346954,,freedom@na-italia.org,,ARCAT Lombardia,,,45.5416,10.2118,APPROXIMATE_CITY,ACTIVE_VERIFIED_2026,,,,2026-09-21 11:39:47,2026-09-21 11:39:47,11
2671,SIC-H2RRDFPF-HT4JBGRR-4,NA NARCOTICI ANONIMI ITALIA – Gruppo L’urlo nel silenzio,LOCAL_CLUB,Lombardia,BS,Inzino di Gardone Val Trompia,"C/o Sala ex Mulino - Via Volta, 57",25063,,,Settimanale,,,3382346954,,brescia@na-italia.org,,ARCAT Lombardia,,,45.5416,10.2118,APPROXIMATE_CITY,ACTIVE_VERIFIED_2026,,,,2026-09-21 11:39:47,2026-09-21 11:39:47,11
2672,SIC-TFVQCSW8-KEND3NJV-K,C.E.R.e.S. Onlus – Centro Educativo Residenziale Segrate,LOCAL_CLUB,Lombardia,MI,Segrate,"Via dell'Olmo, 32",20090,,,Settimanale,,,022131065,,mail@ceressegrate.it,,ARCAT Lombardia,,,45.4642,9.19,APPROXIMATE_CITY,ACTIVE_VERIFIED_2026,,,,2026-09-21 11:39:47,2026-09-21 11:39:47,11
2673,SIC-Z2KV7JSM-HT6VKMJ7-J,AL-ANON – Gruppo Macerata,LOCAL_CLUB,Marche,MC,V.le S .Croce 13,c/o Parrocchia,62100,,,Settimanale,,,0258018230 / 800087899,,usg@al-anon.it,,ARCAT Marche,,,43.3002,13.4534,APPROXIMATE_CITY,ACTIVE_VERIFIED_2026,,,,2026-09-21 11:39:47,2026-09-21 11:39:47,11
2674,SIC-X9M4G3Y4-18VYACQB-D,AL-ANON – Gruppo Speranza,LOCAL_CLUB,Marche,PU,Pesaro,C/o Parrocchia San Carlo - Via Turati,61100,,,Settimanale,,,0258018230 / 800087897,,usg@al-anon.it,,ARCAT Marche,,,43.9102,12.9133,APPROXIMATE_CITY,ACTIVE_VERIFIED_2026,,,,2026-09-21 11:39:47,2026-09-21 11:39:47,11
2675,SIC-251REAMW-4J1ABG8C-Y,Alcolisti Anonimi – Gruppo Insieme,LOCAL_CLUB,Marche,MC,Macerata,"Vicolo Santa Croce, 13",62100,,,Settimanale,,,3346148514 / 800411406,,aaitaly@tin.it,,ARCAT Marche,,,43.3002,13.4534,APPROXIMATE_CITY,ACTIVE_VERIFIED_2026,,,,2026-09-21 11:39:47,2026-09-21 11:39:47,11
2676,SIC-VF75KVKS-EP18G309-H,Alcolisti Anonimi – Gruppo Urbino,LOCAL_CLUB,Marche,PU,Urbino,C/o Chiesa San Bernardino degli Zoccolanti - Via San Bernardino 8,61029,,,Settimanale,,,3343958749 / 800411406,,aaitaly@tin.it,,ARCAT Marche,,,43.9102,12.9133,APPROXIMATE_CITY,ACTIVE_VERIFIED_2026,,,,2026-09-21 11:39:47,2026-09-21 11:39:47,11
2677,SIC-7AP90BWR-QT25SX9Y-Q,Alcolisti Anonimi – Gruppo Fanum Fortunae,LOCAL_CLUB,Marche,PU,P.le San Paolo - Quartiere Vallato,C/o Parrocchia San Paolo Apostolo,61032,,,Settimanale,,,3343958733 / 800411406,,gruppofano@aa-areamarche.it,,ARCAT Marche,,,43.9102,12.9133,APPROXIMATE_CITY,ACTIVE_VERIFIED_2026,,,,2026-09-21 11:39:47,2026-09-21 11:39:47,11
2678,SIC-WB642JNJ-R9PFVWZ0-X,Alcolisti Anonimi – Gruppo Betania,LOCAL_CLUB,Marche,AN,P.zza della Vittoria 22,C/o Teatro Portone 1° piano,60019,,,Settimanale,,,3666671413 / 800411406,,aaitaly@tin.it,,ARCAT Marche,,,43.6158,13.5189,APPROXIMATE_CITY,ACTIVE_VERIFIED_2026,,,,2026-09-21 11:39:47,2026-09-21 11:39:47,11
2679,SIC-ARM7PJTD-5X2D04GF-F,GA – ASSOCIAZIONE GIOCATORI ANONIMI ITALIA – Torino 1 Marco Polo,LOCAL_CLUB,Piemonte,TO,Torino,"Via Marco Polo, 6",10129,,,Settimanale,,,3493518772,,torino@giocatorianonimi.org,,ARCAT Piemonte,,,45.0703,7.6869,APPROXIMATE_CITY,ACTIVE_VERIFIED_2026,,,,2026-09-21 11:39:47,2026-09-21 11:39:47,11
2680,SIC-Y02N2QSF-S7JKAAQM-T,GA – ASSOCIAZIONE GIOCATORI ANONIMI ITALIA – Domodossola,LOCAL_CLUB,Piemonte,NO,Domodossola,"Via dell'Artigianato, 13 c/o Casa Don Gianni Loc. Nosere",28845,,,Settimanale,,,3298861004,,domodossola@giocatorianonimi.org,,ARCAT Piemonte,,,45.4469,8.6212,APPROXIMATE_CITY,ACTIVE_VERIFIED_2026,,,,2026-09-21 11:39:47,2026-09-21 11:39:47,11
2681,SIC-3X50V350-YW5VKB3M-6,GA – ASSOCIAZIONE GIOCATORI ANONIMI ITALIA – Verbania,LOCAL_CLUB,Piemonte,NO,Verbania,"Via Vittorio Veneto, 135 c/o Oratorio S. Francesco",28922,,,Settimanale,,,3489232083,,verbania@giocatorianonimi.org,,ARCAT Piemonte,,,45.4469,8.6212,APPROXIMATE_CITY,ACTIVE_VERIFIED_2026,,,,2026-09-21 11:39:47,2026-09-21 11:39:47,11
2682,SIC-J1AC0EAG-W7P8ZGTD-0,GA – ASSOCIAZIONE GIOCATORI ANONIMI ITALIA – Alessandria,LOCAL_CLUB,Piemonte,AL,Alessandria,"Via Isonzo, 33 angolo V. Spalto Gamondio",15121,,,Settimanale,,,3921754932,,alessandria@giocatorianonimi.org,,ARCAT Piemonte,,,44.9129,8.6152,APPROXIMATE_CITY,ACTIVE_VERIFIED_2026,,,,2026-09-21 11:39:47,2026-09-21 11:39:47,11
2683,SIC-YZJHM7EC-EAEAJ5JQ-T,AL-ANON – Gruppo Asti,LOCAL_CLUB,Piemonte,AT,C.so Genova 9,C/o Parrocchia S. Pietro,14100,,,Settimanale,,,0258018230 / 800087897,,usg@al-anon.it,,ARCAT Piemonte,,,44.8991,8.2045,APPROXIMATE_CITY,ACTIVE_VERIFIED_2026,,,,2026-09-21 11:39:47,2026-09-21 11:39:47,11
2684,SIC-FP5AQ5CG-PWBAA8J7-G,AL-ANON – Gruppo L’Oasi,LOCAL_CLUB,Piemonte,AL,Tortona,C/o Palazzo comunale - Via Pernigotti 12,15057,,,Settimanale,,,0258018230 / 800087897,,usg@al-anon.it,,ARCAT Piemonte,,,44.9129,8.6152,APPROXIMATE_CITY,ACTIVE_VERIFIED_2026,,,,2026-09-21 11:39:47,2026-09-21 11:39:47,11
2685,SIC-QG6NFC4H-VAHH9TH7-0,AL-ANON – Gruppo Libertà,LOCAL_CLUB,Piemonte,VC,P.zza D'Agnes 4,C/o Convento Suore di Loreto,13100,,,Settimanale,,,0258018230 / 800087897,,usg@al-anon.it,,ARCAT Piemonte,,,45.3217,8.419,APPROXIMATE_CITY,ACTIVE_VERIFIED_2026,,,,2026-09-21 11:39:47,2026-09-21 11:39:47,11
2686,SIC-0710N723-BSB9X9RP-0,AL-ANON – Gruppo Mani tese,LOCAL_CLUB,Piemonte,NO,Novara,C/o Santuario SS. Crocifisso,28100,,,Settimanale,,,.0258018230 / 800087897,,usg@al-anon.it,,ARCAT Piemonte,,,45.4469,8.6212,APPROXIMATE_CITY,ACTIVE_VERIFIED_2026,,,,2026-09-21 11:39:47,2026-09-21 11:39:47,11
2687,SIC-YMC6WJYC-523V4CQP-0,AL-ANON – Gruppo L’aurora,LOCAL_CLUB,Piemonte,VC,Biella,C/o Centro Diurno Anziani - via Borriana 8,13900,,,Settimanale,,,0258018230 / 800087897,,usg@al-anon.it,,ARCAT Piemonte,,,45.3217,8.419,APPROXIMATE_CITY,ACTIVE_VERIFIED_2026,,,,2026-09-21 11:39:47,2026-09-21 11:39:47,11
2688,SIC-NM1GFH4V-41NQQWR3-W,ACAT – Alessandria Club 76,TERRITORIAL_ACAT,Piemonte,AL,Alessandria,Via Vochieri 80,15100,,,Settimanale,,,0131218955 / 3336677697,,arcatpiemonte@gmail.com,,ARCAT Piemonte,,,44.9129,8.6152,APPROXIMATE_CITY,ACTIVE_VERIFIED_2026,,,,2026-09-21 11:39:47,2026-09-21 11:39:47,11
2689,SIC-K5AN3R7P-JSPY4SW5-G,ACAT – Cuneo,TERRITORIAL_ACAT,Piemonte,CN,Cuneo,Via F. Cavalotti 35,12100,,,Settimanale,,,0171697970 / 800974254,,acatcuneo@interfree.it,,ARCAT Piemonte,,,44.3845,7.5427,APPROXIMATE_CITY,ACTIVE_VERIFIED_2026,,,,2026-09-21 11:39:47,2026-09-21 11:39:47,11
2690,SIC-04Z501E4-NFH4W4D2-D,ACAT – Asti,TERRITORIAL_ACAT,Piemonte,AT,Asti,Via Varrone 501,14100,,,Settimanale,,,0141556600,,arcatpiemonte@gmail.com,,ARCAT Piemonte,,,44.8991,8.2045,APPROXIMATE_CITY,ACTIVE_VERIFIED_2026,,,,2026-09-21 11:39:47,2026-09-21 11:39:47,11
2691,SIC-D0X4ANDP-WK0SHT4B-R,ACAT – Novara,TERRITORIAL_ACAT,Piemonte,NO,Novara,Corso F. Cavallotti 9,28100,,,Settimanale,,,800974255,,arcatpiemonte@gmail.com,,ARCAT Piemonte,,,45.4469,8.6212,APPROXIMATE_CITY,ACTIVE_VERIFIED_2026,,,,2026-09-21 11:39:47,2026-09-21 11:39:47,11
2692,SIC-896ADAQC-A6PESBB8-B,Alcolisti Anonimi – Gruppo Tortona,LOCAL_CLUB,Piemonte,AL,Tortona,C/o Accademia di Musica Perosi - Via Pietro Pernigotti 12,15057,,,Settimanale,,,3346196379 / 800411406,,aaitaly@tin.it,,ARCAT Piemonte,,,44.9129,8.6152,APPROXIMATE_CITY,ACTIVE_VERIFIED_2026,,,,2026-09-21 11:39:47,2026-09-21 11:39:47,11
2693,SIC-DH0C74XS-95X9KY71-S,ACAT – Verbano – Cusio – Ossola,TERRITORIAL_ACAT,Piemonte,NO,"Provincia di Verbania, Piemonte",28900 Verbano - Cusio - Ossola,28900,,,Settimanale,,,800974257,,arcatpiemonte@gmail.com,,ARCAT Piemonte,,,45.4469,8.6212,APPROXIMATE_CITY,ACTIVE_VERIFIED_2026,,,,2026-09-21 11:39:47,2026-09-21 11:39:47,11
2694,SIC-PA523J96-24GY0WMB-3,Alcolisti Anonimi – Gruppo Asti,LOCAL_CLUB,Piemonte,AT,C.so Genova 14,C/o Parrocchia San Pietro,14100,,,Settimanale,,,3355723243 / 800411406,,aaitaly@tin.it,,ARCAT Piemonte,,,44.8991,8.2045,APPROXIMATE_CITY,ACTIVE_VERIFIED_2026,,,,2026-09-21 11:39:47,2026-09-21 11:39:47,11
2695,SIC-44T88N58-4W6Z8J54-S,Alcolisti Anonimi – Gruppo L’Aurora,LOCAL_CLUB,Piemonte,VC,Biella,Via Borriana 8,13900,,,Settimanale,,,3356965866 / 800411406,,aaitaly@tin.it,,ARCAT Piemonte,,,45.3217,8.419,APPROXIMATE_CITY,ACTIVE_VERIFIED_2026,,,,2026-09-21 11:39:47,2026-09-21 11:39:47,11
2696,SIC-YQZ8AF14-3VXBVHRS-T,Alcolisti Anonimi – Gruppo Serenità,LOCAL_CLUB,Piemonte,CN,Cuneo,P.zza Secondo Risorgimento Alpini 3,12100,,,Settimanale,,,3351253519 / 800411406,,aaitaly@tin.it,,ARCAT Piemonte,,,44.3845,7.5427,APPROXIMATE_CITY,ACTIVE_VERIFIED_2026,,,,2026-09-21 11:39:47,2026-09-21 11:39:47,11
2697,SIC-TE9FWP78-GZ153EQ2-8,Alcolisti Anonimi – Gruppo Rinascita 2,LOCAL_CLUB,Piemonte,CN,Saluzzo,C/o oratorio Don Bosco - Via Donaudi,12137,,,Settimanale,,,3343949152 / 800411406,,aaitaly@tin.it,,ARCAT Piemonte,,,44.3845,7.5427,APPROXIMATE_CITY,ACTIVE_VERIFIED_2026,,,,2026-09-21 11:39:47,2026-09-21 11:39:47,11
2698,SIC-MPCHVRG7-NPZXW17H-K,Alcolisti Anonimi – Gruppo Rinascita,LOCAL_CLUB,Piemonte,NO,Boca,C/o Santuario S.S. Crocefisso - Via San Francesco 31 C,28010,,,Settimanale,,,3343962229 / 800411406,,aaitaly@tin.it,,ARCAT Piemonte,,,45.4469,8.6212,APPROXIMATE_CITY,ACTIVE_VERIFIED_2026,,,,2026-09-21 11:39:47,2026-09-21 11:39:47,11
2699,SIC-8ZMAJV0C-SA10DMVQ-B,Alcolisti Anonimi – Gruppo Umiltà,LOCAL_CLUB,Piemonte,CN,Mondovì,"C/o Centro anziani ""La torretta"" - Via P. Delvecchio 2/H",12084,,,Settimanale,,,3343949727 / 800411406,,aaitaly@tin.it,,ARCAT Piemonte,,,44.3845,7.5427,APPROXIMATE_CITY,ACTIVE_VERIFIED_2026,,,,2026-09-21 11:39:47,2026-09-21 11:39:47,11
2700,SIC-EHB4BZFN-K544S1BQ-C,GA – ASSOCIAZIONE GIOCATORI ANONIMI ITALIA – Taranto,LOCAL_CLUB,Puglia,TA,Taranto,V.le Magna Grecia c/o Chiesa S.Lorenzo da Brindisi,74100,,,Settimanale,,,3401214014,,taranto2005@giocatorianonimi.org,,ARCAT Puglia,,,40.4644,17.247,APPROXIMATE_CITY,ACTIVE_VERIFIED_2026,,,,2026-09-21 11:39:47,2026-09-21 11:39:47,11
2701,SIC-0QSXJG4Z-Z6EPEMAP-K,GA – ASSOCIAZIONE GIOCATORI ANONIMI ITALIA – Bari (Buon Pastore),LOCAL_CLUB,Puglia,BA,Bari,"V.le Einaudi, 2 c/o Chiesa del Buon Pastore",70125,,,Settimanale,,,3336513285,,bari.buonpastore@giocatorianonimi.org,,ARCAT Puglia,,,41.1171,16.8719,APPROXIMATE_CITY,ACTIVE_VERIFIED_2026,,,,2026-09-21 11:39:47,2026-09-21 11:39:47,11
2702,SIC-QZD438GH-HJ7FM780-5,AL-ANON – Gruppo La fenice,LOCAL_CLUB,Puglia,BA,Bari,C/o Parrocchia S. Francesco d'Assisi - Via Peucetia 5,70126,,,Settimanale,,,0258018230,,usg@al-anon.it,,ARCAT Puglia,,,41.1171,16.8719,APPROXIMATE_CITY,ACTIVE_VERIFIED_2026,,,,2026-09-21 11:39:47,2026-09-21 11:39:47,11
2703,SIC-R3ER2NC2-FF14G42T-J,Alcolisti Anonimi – Gruppo Amore,LOCAL_CLUB,Puglia,BA,Locorotondo,C/o Villa Mitolo - Via S.Elia 51/c,70010,,,Settimanale,,,371158515 / 800411406,,aaitaly@tin.it,,ARCAT Puglia,,,41.1171,16.8719,APPROXIMATE_CITY,ACTIVE_VERIFIED_2026,,,,2026-09-21 11:39:47,2026-09-21 11:39:47,11
2704,SIC-XVZN65RP-61Y79R35-2,Alcolisti Anonimi – Gruppo Serenità,LOCAL_CLUB,Puglia,TA,"Va della Repubblica, Paolo IV",C/o parrocchia Corpus Domini,74123,,,Settimanale,,,3343951515 / 800411406,,aaitaly@tin.it,,ARCAT Puglia,,,40.4644,17.247,APPROXIMATE_CITY,ACTIVE_VERIFIED_2026,,,,2026-09-21 11:39:47,2026-09-21 11:39:47,11
2705,SIC-XZP5DVF1-DEPRXQRX-N,Alcolisti Anonimi – Gruppo San Giorgio,LOCAL_CLUB,Italia,91,V.le Merello 7,C/o Il Cortile SS. Annunziata,,,,Settimanale,,,3667520233 / 800411406,,aaitaly@tin.it,,AICAT Nazionale,,,42.5,12.5,APPROXIMATE_CITY,ACTIVE_VERIFIED_2026,,,,2026-09-21 11:39:47,2026-09-21 11:39:47,11
2706,SIC-MVGE0TXP-3XP0HFAP-J,AL-ANON – Gruppo Verso la luce,LOCAL_CLUB,Italia,90,9045 Quartu Sant-Elena,"C/o Associazione Assogeni - Via Eligio Porcu, 116",,,,Settimanale,,,0258018230 / 800087897,,usg@al-anon.it,,AICAT Nazionale,,,42.5,12.5,APPROXIMATE_CITY,ACTIVE_VERIFIED_2026,,,,2026-09-21 11:39:47,2026-09-21 11:39:47,11
2707,SIC-V3YKWFDH-S2YETV1X-F,GA – ASSOCIAZIONE GIOCATORI ANONIMI ITALIA – Palermo,LOCAL_CLUB,Sicilia,PA,Palermo,"c/o Parrocchia Divina Provvidenza - Via Ammiraglio Rizzo, 68",90121,,,Settimanale,,,3793417623,,palermo@giocatorianonimi.org,,ARCAT Sicilia,,,38.1157,13.3615,APPROXIMATE_CITY,ACTIVE_VERIFIED_2026,,,,2026-09-21 11:39:47,2026-09-21 11:39:47,11
2708,SIC-2Q0FB954-94PE3A34-6,AL-ANON – Gruppo Gioia,LOCAL_CLUB,Sicilia,PA,Palermo,C/o Parrocchia S. Lucia - Via E. Albanese 2,90142,,,Settimanale,,,0258018230 / 800087897,,usg@al-anon.it,,ARCAT Sicilia,,,38.1157,13.3615,APPROXIMATE_CITY,ACTIVE_VERIFIED_2026,,,,2026-09-21 11:39:47,2026-09-21 11:39:47,11
2709,SIC-RZ9GN584-BX23S7TJ-6,Alcolisti Anonimi – Gruppo La Missione,LOCAL_CLUB,Sicilia,PA,Palermo,C/o parrocchia S. Lucia - Via Enrico Albanese 2,90139,,,Settimanale,,,3343949812 / 800411406,,aaitaly@tin.it,,ARCAT Sicilia,,,38.1157,13.3615,APPROXIMATE_CITY,ACTIVE_VERIFIED_2026,,,,2026-09-21 11:39:47,2026-09-21 11:39:47,11
2710,SIC-699R1HEN-3XP47K63-9,Alcolisti Anonimi – Gruppo Rinascita,LOCAL_CLUB,Sicilia,RG,Ragusa,C/o Parrocchia Sacro Cuore-Gesuiti - Via Sacro Cuore 46,97100,,,Settimanale,,,3343954648 / 800411406,,aaitaly@tin.it,,ARCAT Sicilia,,,36.9269,14.7307,APPROXIMATE_CITY,ACTIVE_VERIFIED_2026,,,,2026-09-21 11:39:47,2026-09-21 11:39:47,11
2711,SIC-4PP2DS2Y-9PREBHK7-0,NA NARCOTICI ANONIMI ITALIA – Gruppo Vivere il presente Careggi,LOCAL_CLUB,Toscana,FI,Firenze,C/o Centro alcologico - Via Ippocrate - padiglione 13,50136,,,Settimanale,,,3247787294,,info@arcattoscana.org,,ARCAT Toscana,,,43.7696,11.2558,APPROXIMATE_CITY,ACTIVE_VERIFIED_2026,,,,2026-09-21 11:39:47,2026-09-21 11:39:47,11
2712,SIC-WCHS8BNN-DKZKE1GG-J,NA NARCOTICI ANONIMI ITALIA – Gruppo Liberi di scegliere,LOCAL_CLUB,Toscana,FI,Firenze,"C/o Laboratorio Bricolandia - Via Liguria, 11",50145,,,Settimanale,,,3247787294,,piagge@na-italia.org,,ARCAT Toscana,,,43.7696,11.2558,APPROXIMATE_CITY,ACTIVE_VERIFIED_2026,,,,2026-09-21 11:39:47,2026-09-21 11:39:47,11
2713,SIC-EZFBPHFP-P5CSDKJT-5,NA NARCOTICI ANONIMI ITALIA – Gruppo Rinascita,LOCAL_CLUB,Toscana,FI,Empoli,C/o Parrocchia di San Giovanni Evangelista - Via G. Puccini 31,50053,,,Settimanale,,,3247787294,,empoli@na-italia.org,,ARCAT Toscana,,,43.7696,11.2558,APPROXIMATE_CITY,ACTIVE_VERIFIED_2026,,,,2026-09-21 11:39:47,2026-09-21 11:39:47,11
2714,SIC-6GT4RY6T-WAQGBQ3R-N,NA NARCOTICI ANONIMI ITALIA – Gruppo FunzioNA,LOCAL_CLUB,Toscana,PT,"P.zza dei Servi, 7",C/o CEIS,51100,,,Settimanale,,,3247787294,,pistoia@na-italia.org,,ARCAT Toscana,,,43.9333,10.9167,APPROXIMATE_CITY,ACTIVE_VERIFIED_2026,,,,2026-09-21 11:39:47,2026-09-21 11:39:47,11
2715,SIC-J3P0WDN6-6KM3XVZX-B,NA NARCOTICI ANONIMI ITALIA – Gruppo RitorNA,LOCAL_CLUB,Toscana,LU,Lucca,"C/o Chiesa di S. Anna - Via Castruccio Buonamici, 367",55100,,,Settimanale,,,3247787294,,lucca@na-italia.org,,ARCAT Toscana,,,43.843,10.5079,APPROXIMATE_CITY,ACTIVE_VERIFIED_2026,,,,2026-09-21 11:39:47,2026-09-21 11:39:47,11
2716,SIC-K6JVAH89-TJ8KSWPV-F,GA – ASSOCIAZIONE GIOCATORI ANONIMI ITALIA – Livorno,LOCAL_CLUB,Toscana,LI,Livorno,"Via San Giovanni, 30 c/o S.V.S.",57100,,,Settimanale,,,3341530525,,livorno@giocatorianonimi.org,,ARCAT Toscana,,,43.5485,10.3106,APPROXIMATE_CITY,ACTIVE_VERIFIED_2026,,,,2026-09-21 11:39:47,2026-09-21 11:39:47,11
2717,SIC-DWXV76KP-GJN7HE6A-H,GA – ASSOCIAZIONE GIOCATORI ANONIMI ITALIA – Firenze “Novoli”,LOCAL_CLUB,Toscana,FI,Firenze,Via Mario Morosi c/o Parrocchia S.Maria Ausiliatrice,50127,,,Settimanale,,,3382166566,,firenze@giocatorianonimi.org,,ARCAT Toscana,,,43.7696,11.2558,APPROXIMATE_CITY,ACTIVE_VERIFIED_2026,,,,2026-09-21 11:39:47,2026-09-21 11:39:47,11
2718,SIC-TEYGVMJB-3ZS7DE13-K,AL-ANON – Gruppo Europa,LOCAL_CLUB,Toscana,FI,Empoli,"C/o Centro Commerciale Coop - Via San Mamante, 44",50053,,,Settimanale,,,3889530816 / 800087897,,usg@al-anon.it,,ARCAT Toscana,,,43.7696,11.2558,APPROXIMATE_CITY,ACTIVE_VERIFIED_2026,,,,2026-09-21 11:39:47,2026-09-21 11:39:47,11
2719,SIC-C8037WH0-KM9V5JKT-T,AL-ANON – Gruppo La Farfalla,LOCAL_CLUB,Toscana,FI,Firenze,"C/o Quartiere 4 - Comunità dell'Isolotto - Via degli Aceri, 1",50142,,,Settimanale,,,3889530816 / 800087897,,usg@al-anon.it,,ARCAT Toscana,,,43.7696,11.2558,APPROXIMATE_CITY,ACTIVE_VERIFIED_2026,,,,2026-09-21 11:39:47,2026-09-21 11:39:47,11
2720,SIC-97RGB8FE-5TWNDD5T-6,AL-ANON – Gruppo Rinascita,LOCAL_CLUB,Toscana,LU,V.le Puccini 38,C/o Parrocchia S. Anna,55100,,,Settimanale,,,0258018230 / 800087897,,usg@al-anon.it,,ARCAT Toscana,,,43.843,10.5079,APPROXIMATE_CITY,ACTIVE_VERIFIED_2026,,,,2026-09-21 11:39:47,2026-09-21 11:39:47,11
2721,SIC-5MA3BRP8-YGVET020-9,AL-ANON – Gruppo La magnolia,LOCAL_CLUB,Toscana,FI,Firenze,"C/o Chiesa Anglo Americana St. James Church - Via Rucellai, 13",50123,,,Settimanale,,,0258018230,,usg@al-anon.it,,ARCAT Toscana,,,43.7696,11.2558,APPROXIMATE_CITY,ACTIVE_VERIFIED_2026,,,,2026-09-21 11:39:47,2026-09-21 11:39:47,11
2722,SIC-0CHABVT8-8A9NWPKN-6,AL-ANON – Gruppo L’ancora,LOCAL_CLUB,Toscana,LU,Viareggio,C/o Convento Servi Di Maria - Chiesa S. Andrea - Via Matteotti 3,55049,,,Settimanale,,,0258018230 / 800087897,,usg@al-anon.it,,ARCAT Toscana,,,43.843,10.5079,APPROXIMATE_CITY,ACTIVE_VERIFIED_2026,,,,2026-09-21 11:39:47,2026-09-21 11:39:47,11
2723,SIC-AHWY7FX3-JR4G7CVA-7,AL-ANON – Gruppo San Giuseppe,LOCAL_CLUB,Toscana,PI,Pisa,C/o Chiesa S. Pio X - Via Guardistallo 7,56127,,,Settimanale,,,0258018230 / 800087897,,usg@al-anon.it,,ARCAT Toscana,,,43.7228,10.4017,APPROXIMATE_CITY,ACTIVE_VERIFIED_2026,,,,2026-09-21 11:39:47,2026-09-21 11:39:47,11
2724,SIC-34AV9E7H-1XMS0A5C-P,AL-ANON – Gruppo Rucellai,LOCAL_CLUB,Toscana,FI,"P.zza S. Salvi, 4",C/o Centro Anziani,50135,,,Settimanale,,,0258018230 / 800087897,,usg@al-anon.it,,ARCAT Toscana,,,43.7696,11.2558,APPROXIMATE_CITY,ACTIVE_VERIFIED_2026,,,,2026-09-21 11:39:47,2026-09-21 11:39:47,11
2725,SIC-MP5GKEZK-F0EBDHMG-T,AICAT,TERRITORIAL_ACAT,Toscana,AR,"Provincia di Arezzo, Toscana",52100 Arezzo,52100,,,Settimanale,,,800974250 / 892750056,,info@arcattoscana.it,,ARCAT Toscana,,,43.4632,11.8796,APPROXIMATE_CITY,ACTIVE_VERIFIED_2026,,,,2026-09-21 11:39:47,2026-09-21 11:39:47,11
2726,SIC-4K5J9WXD-RNPXEFRY-8,AICAT,TERRITORIAL_ACAT,Toscana,FI,Empoli,c/o sig.ra Pinuccia Furlotti - Via delle Camelie 18-20,50053,,,Settimanale,,,800974250 / 3357549944,,acat.empolese@libero.it,,ARCAT Toscana,,,43.7696,11.2558,APPROXIMATE_CITY,ACTIVE_VERIFIED_2026,,,,2026-09-21 11:39:47,2026-09-21 11:39:47,11
2727,SIC-JMAY2Y3Z-DT2BW138-K,AICAT,TERRITORIAL_ACAT,Toscana,LI,Livorno,Via G. La Pira 5,57013,,,Settimanale,,,800974250 / 3405705181,,alcat_livorno@tiscali.it,,ARCAT Toscana,,,43.5485,10.3106,APPROXIMATE_CITY,ACTIVE_VERIFIED_2026,,,,2026-09-21 11:39:47,2026-09-21 11:39:47,11
2728,SIC-5NA1MVCS-RMHSRZJ0-3,AICAT – Grosseto Green,TERRITORIAL_ACAT,Toscana,GR,Grosseto,Via Inghilterra 45,58100,,,Settimanale,,,800974250 / 3476884798,,simonettazammarchi@hotmail.it,,ARCAT Toscana,,,42.7636,11.1119,APPROXIMATE_CITY,ACTIVE_VERIFIED_2026,,,,2026-09-21 11:39:47,2026-09-21 11:39:47,11
2729,SIC-MPYBVVJS-39DAQRY8-6,ACAT – Pr,TERRITORIAL_ACAT,Toscana,PO,Prato,Via Traversa Pistoiese 2,59100,,,Settimanale,,,3391199846 / 892750056,,acatpratese@acatpratese.org,,ARCAT Toscana,,,43.8777,11.1022,APPROXIMATE_CITY,ACTIVE_VERIFIED_2026,,,,2026-09-21 11:39:47,2026-09-21 11:39:47,11
2730,SIC-3MAD9H8Q-X36S80NK-W,AICAT,TERRITORIAL_ACAT,Toscana,LU,Lucca,V.le Castracani,55100,,,Settimanale,,,800974250 / 3473359683,,acatlucca@alice.it,,ARCAT Toscana,,,43.843,10.5079,APPROXIMATE_CITY,ACTIVE_VERIFIED_2026,,,,2026-09-21 11:39:47,2026-09-21 11:39:47,11
2731,SIC-CBS33Z08-MJZG6S31-S,AICAT,TERRITORIAL_ACAT,Toscana,SI,Siena,V.le Mazzini 95,53100,,,Settimanale,,,3337139808 / 892750056,,acat.siena@libero.it,,ARCAT Toscana,,,43.3188,11.3308,APPROXIMATE_CITY,ACTIVE_VERIFIED_2026,,,,2026-09-21 11:39:47,2026-09-21 11:39:47,11
2732,SIC-27N781DQ-8N3BH3J7-W,ASSOCIAZIONE A.M.A. AUTO MUTUO AIUTO TRENTO – Gruppo “Dipendenza da internet”,LOCAL_CLUB,Trentino-Alto Adige,TN,Trento,"Via Taramelli, 17",38122,,,Settimanale,,,0461239640,,ama.trento@tin.it,,APCAT Trentino,,,46.0679,11.1211,APPROXIMATE_CITY,ACTIVE_VERIFIED_2026,,,,2026-09-21 11:39:47,2026-09-21 11:39:47,11
2733,SIC-EB01ED82-BHHZCFYB-1,APCAT ALTO ADIGE,TERRITORIAL_ACAT,Trentino-Alto Adige,BZ,San Martino in Badia,"Via Piccolino, 71",39030,,,Settimanale,,,0474836744,,alcohol@raiunsozial.org,,APCAT Trentino,,,46.4983,11.3548,APPROXIMATE_CITY,ACTIVE_VERIFIED_2026,,,,2026-09-21 11:39:47,2026-09-21 11:39:47,11
2734,SIC-RP63TD0P-G70E77MR-Q,Alcolisti Anonimi – Gruppo Bolzano Duomo,LOCAL_CLUB,Trentino-Alto Adige,BZ,Bolzano,Via Marconi 9,39100,,,Settimanale,,,3346385497 / 3341888268,,aagruppoduomobz@gmail.com,,APCAT Trentino,,,46.4983,11.3548,APPROXIMATE_CITY,ACTIVE_VERIFIED_2026,,,,2026-09-21 11:39:47,2026-09-21 11:39:47,11
2735,SIC-305ZC6CH-RG9RBHPG-E,CENTRO STUDI APCAT TRENTINO,TERRITORIAL_ACAT,Trentino-Alto Adige,TN,Pergine Valsugana,Via Guglielmini 19,38057,,,Settimanale,,,0461391482,,segreteria@apcattrentino-centrostudi.it,,APCAT Trentino,,,46.0679,11.1211,APPROXIMATE_CITY,ACTIVE_VERIFIED_2026,,,,2026-09-21 11:39:47,2026-09-21 11:39:47,11
2736,SIC-2YMC4Z09-GPPDKKW8-R,APCAT TRENTINO,TERRITORIAL_ACAT,Trentino-Alto Adige,TN,Trento,"Via Scipio Sighele, 7",38100,,,Settimanale,,,0461914451 / 3391974593,,segreteria@apcattrentino-centrostudi.it,,APCAT Trentino,,,46.0679,11.1211,APPROXIMATE_CITY,ACTIVE_VERIFIED_2026,,,,2026-09-21 11:39:47,2026-09-21 11:39:47,11
2737,SIC-ZTZKQ645-P1Z9X0JH-A,Alcolisti Anonimi – Gruppo Le vite ritrovate,LOCAL_CLUB,Italia,60,SR142 12,"C/o locali parrocchiali, ingresso dopo la porta principale della chiesa",,,,Settimanale,,,3343956769 / 800411406,,aaitaly@tin.it,,AICAT Nazionale,,,42.5,12.5,APPROXIMATE_CITY,ACTIVE_VERIFIED_2026,,,,2026-09-21 11:39:47,2026-09-21 11:39:47,11
2738,SIC-M1MPXK84-B5NFZ18N-P,Alcolisti Anonimi – Gruppo Città di Castello,LOCAL_CLUB,Umbria,PE,6012 Città di Castello,"Via della Scatorbia, 2",,,,Settimanale,,,3343958683 / 800411406,,aaitaly@tin.it,,ARCAT Umbria,,,42.5,12.5,APPROXIMATE_CITY,ACTIVE_VERIFIED_2026,,,,2026-09-21 11:39:47,2026-09-21 11:39:47,11
2739,SIC-FR2CRXVD-V33FHDR8-9,AL-ANON – Gruppo Città di Castello II,LOCAL_CLUB,Umbria,PE,6012 Città di Castello,Via Del Brandano 2,,,,Settimanale,,,0258018230 / 800087897,,usg@al-anon.it,,ARCAT Umbria,,,42.5,12.5,APPROXIMATE_CITY,ACTIVE_VERIFIED_2026,,,,2026-09-21 11:39:47,2026-09-21 11:39:47,11
2740,SIC-DASK5W21-0KHT7EWY-Q,AL-ANON – Gruppo Tacito,LOCAL_CLUB,Italia,51,5100 Terni,C/o Parrocchia S. Paolo - Via Rossini 214,,,,Settimanale,,,0258018230 / 800087897,,usg@al-anon.it,,AICAT Nazionale,,,42.5,12.5,APPROXIMATE_CITY,ACTIVE_VERIFIED_2026,,,,2026-09-21 11:39:47,2026-09-21 11:39:47,11
2741,SIC-GQ067DX1-M23QMGRM-6,NA NARCOTICI ANONIMI ITALIA – Gruppo H24,LOCAL_CLUB,Italia,51,5100 Terni,C/o Chiesa San Giuseppe lavoratore - Via XX Settembre 166,,,,Settimanale,,,3715937151,,na-centro@na-italia.org,,AICAT Nazionale,,,42.5,12.5,APPROXIMATE_CITY,ACTIVE_VERIFIED_2026,,,,2026-09-21 11:39:47,2026-09-21 11:39:47,11
2742,SIC-HHRTZPH6-81AEESC5-9,ACAT ORVIETANO,TERRITORIAL_ACAT,Umbria,TE,5010 Orvieto,"Via Marte, 62",,,,Settimanale,,,0763341525 / 800-974250,,arcat@arcatumbria.net,,ARCAT Umbria,,,42.5,12.5,APPROXIMATE_CITY,ACTIVE_VERIFIED_2026,,,,2026-09-21 11:39:47,2026-09-21 11:39:47,11
2743,SIC-PNKJDGF5-85DA5E90-V,Alcolisti Anonimi – Gruppo Aosta,LOCAL_CLUB,Valle d'Aosta,AO,Aosta,C/o CSV - Via Avondo 8,11100,,,Settimanale,,,3343956489 / 800411406,,aaitaly@tin.it,,ARCAT Valle d'Aosta,,,45.737,7.319,APPROXIMATE_CITY,ACTIVE_VERIFIED_2026,,,,2026-09-21 11:39:47,2026-09-21 11:39:47,11
2744,SIC-441NS7WV-ABTG84F1-5,ARCAT – UMBRIA,TERRITORIAL_ACAT,Umbria,PE,6127 Perugia,"Via Cristoforo Colombo, 9/a",,,,Settimanale,,,3408672029 / 800-974250,,arcat@arcatumbria.net,,ARCAT Umbria,,,42.5,12.5,APPROXIMATE_CITY,ACTIVE_VERIFIED_2026,,,,2026-09-21 11:39:47,2026-09-21 11:39:47,11
2745,SIC-S7MZF4R3-S5F61FDD-C,ACAT Venezia,TERRITORIAL_ACAT,Veneto,VE,Venezia,Via Fossombroni 17,30172,,,Settimanale,,,3460397277 / 3473836840,,acatvenezia@yahoo.it,,ARCAT Veneto,,,45.4408,12.3155,APPROXIMATE_CITY,ACTIVE_VERIFIED_2026,,,,2026-09-21 11:39:47,2026-09-21 11:39:47,11
2746,SIC-AASYYKAY-0VE8F9NN-C,ACAT Rovigo,TERRITORIAL_ACAT,Veneto,RO,"Provincia di Rovigo, Veneto",45100 Rovigo,45100,,,Settimanale,,,800974250 / 3356048388,,cl.silvestrini@gmail.com,,ARCAT Veneto,,,45.0703,11.79,APPROXIMATE_CITY,ACTIVE_VERIFIED_2026,,,,2026-09-21 11:39:47,2026-09-21 11:39:47,11
2747,SIC-4DW8AYW3-WCVWC2Q5-V,ACAT Padova,TERRITORIAL_ACAT,Veneto,PD,Padova,Via Alzazia 3/c,35100,,,Settimanale,,,3761218741 / 3387281083,,acatpadova@libero.it,,ARCAT Veneto,,,45.4064,11.8768,APPROXIMATE_CITY,ACTIVE_VERIFIED_2026,,,,2026-09-21 11:39:47,2026-09-21 11:39:47,11
2748,SIC-1BYQ1K18-1K50M7CM-H,Acat Basso Isontino,TERRITORIAL_ACAT,Friuli-Venezia Giulia,TS,Monfalcone,Via Valentinis,34074,,,Settimanale,,,0481777299 / 3271119157,,acatbassoisontino@virgilio.it,,ARCAT Friuli-Venezia Giulia,,,45.6495,13.7768,APPROXIMATE_CITY,ACTIVE_VERIFIED_2026,,,,2026-09-21 11:39:47,2026-09-21 11:39:47,11
2749,SIC-WWAKMN55-MTZ2TGW2-C,ARCAT REGIONE VENETO,TERRITORIAL_ACAT,Veneto,TV,Trevignano,"Via Tre Forni, 16/3",31040,,,Settimanale,,,800974250 / 0423-677168,,segreteria@arcatveneto.it,,ARCAT Veneto,,,45.6669,12.243,APPROXIMATE_CITY,ACTIVE_VERIFIED_2026,,,,2026-09-21 11:39:47,2026-09-21 11:39:47,11
2750,SIC-ADD9FRNB-D8CQ6CBY-R,AL-ANON – Gruppo Meteora,LOCAL_CLUB,Veneto,BL,V.le Europa 22,C/o Ospedale S. Martino,32100,,,Settimanale,,,0258018230 / 800087897,,usg@al-anon.it,,ARCAT Veneto,,,46.1425,12.2167,APPROXIMATE_CITY,ACTIVE_VERIFIED_2026,,,,2026-09-21 11:39:47,2026-09-21 11:39:47,11
2751,SIC-RJSFSZ37-FQY8YX5W-0,AL-ANON – Gruppo San Martino,LOCAL_CLUB,Veneto,PD,Campo San Martino,C/o Distretto Sanitario N 4 - Via Forese 56,35010,,,Settimanale,,,0258018230 / 800087897,,usg@al-anon.it,,ARCAT Veneto,,,45.4064,11.8768,APPROXIMATE_CITY,ACTIVE_VERIFIED_2026,,,,2026-09-21 11:39:47,2026-09-21 11:39:47,11
2752,SIC-7QKJJV00-1RAS0SRH-Q,ACAT Verona,TERRITORIAL_ACAT,Veneto,VR,Verona,Via Puglie 7/A,37139,,,Settimanale,,,045576395 / 3293322418,,acatverona@tiscali.it,,ARCAT Veneto,,,45.4384,10.9916,APPROXIMATE_CITY,ACTIVE_VERIFIED_2026,,,,2026-09-21 11:39:47,2026-09-21 11:39:47,11
2753,SIC-FJZED0AT-D1N8JR4R-C,AL-ANON – Gruppo 1° Tradizione,LOCAL_CLUB,Veneto,TV,CastelFranco Veneto,C/o Palazzetto dello sport di Castelfranco Veneto - P.zza Donatori - Via Monfenera 1D,31033,,,Settimanale,,,0258018230 / 800087897,,usg@al-anon.it,,ARCAT Veneto,,,45.6669,12.243,APPROXIMATE_CITY,ACTIVE_VERIFIED_2026,,,,2026-09-21 11:39:47,2026-09-21 11:39:47,11
2754,SIC-5C3E9N38-VK640H2X-9,AL-ANON – Gruppo Il sorriso,LOCAL_CLUB,Veneto,TV,Capolongo Maggiore,C/o C.E.O.D. - Via Roma 10,31010,,,Settimanale,,,0258018230 / 800087897,,usg@al-anon.it,,ARCAT Veneto,,,45.6669,12.243,APPROXIMATE_CITY,ACTIVE_VERIFIED_2026,,,,2026-09-21 11:39:47,2026-09-21 11:39:47,11
2755,SIC-SHC0GM5P-5P3BRNG4-T,Alcolisti Anonimi – Gruppo Agner – Agordo,LOCAL_CLUB,Veneto,BL,Agordo,c/o Ospedale Civile Agordo - Via Fontana,32021,,,Settimanale,,,3347469848 / 800411406,,alcolistianonimiagordo@gmail.it,,ARCAT Veneto,,,46.1425,12.2167,APPROXIMATE_CITY,ACTIVE_VERIFIED_2026,,,,2026-09-21 11:39:47,2026-09-21 11:39:47,11
2756,SIC-6WX8CRT3-5SK8C3D0-P,Alcolisti Anonimi – Gruppo Benaco,LOCAL_CLUB,Veneto,VR,Calmasino di Benaco,"C/o Centro Giovanile Parrocchiale - Via Chiesa, 15",37011,,,Settimanale,,,3357719572 / 800411406,,gruppo.aa.benaco@gmail.com,,ARCAT Veneto,,,45.4384,10.9916,APPROXIMATE_CITY,ACTIVE_VERIFIED_2026,,,,2026-09-21 11:39:47,2026-09-21 11:39:47,11
2757,SIC-Y9A32J20-7QAA4FN2-T,AL-ANON – Gruppo Torri di Arcugnano,LOCAL_CLUB,Veneto,VI,Arcugnano,C/o Palazzo delle Associazioni - Via dell'Artigianato 15,36057,,,Settimanale,,,0258018230 / 800087897,,usg@al-anon.it,,ARCAT Veneto,,,45.5455,11.5355,APPROXIMATE_CITY,ACTIVE_VERIFIED_2026,,,,2026-09-21 11:39:47,2026-09-21 11:39:47,11
2758,SIC-BV234M67-Y38NK1ED-G,Alcolisti Anonimi – Gruppo Prima tradizione,LOCAL_CLUB,Veneto,TV,Castelfranco Veneto,C/o Opere Parrocchiali - Palazzetto dello Sport - Via V. Veneto 1,31033,,,Settimanale,,,3346515144 / 800411406,,aaitaly@tin.it,,ARCAT Veneto,,,45.6669,12.243,APPROXIMATE_CITY,ACTIVE_VERIFIED_2026,,,,2026-09-21 11:39:47,2026-09-21 11:39:47,11
2759,SIC-34BVDV8Q-ZJ4SMM2Y-5,Alcolisti Anonimi – Gruppo Euganeo,LOCAL_CLUB,Veneto,PD,Abano Terme,Via Diaz 98,35031,,,Settimanale,,,3316653851 / 800411406,,aaitaly@tin.it,,ARCAT Veneto,,,45.4064,11.8768,APPROXIMATE_CITY,ACTIVE_VERIFIED_2026,,,,2026-09-21 11:39:47,2026-09-21 11:39:47,11
2760,SIC-ANMFEERA-C5WVNPGY-Y,Alcolisti Anonimi – Gruppo Borso del Grappa,LOCAL_CLUB,Veneto,TV,Borso del Grappa,C/o Villa Azalea - Via Montegrappa 15,31030,,,Settimanale,,,3346354303 / 800411406,,aaitaly@tin.it,,ARCAT Veneto,,,45.6669,12.243,APPROXIMATE_CITY,ACTIVE_VERIFIED_2026,,,,2026-09-21 11:39:47,2026-09-21 11:39:47,11
2761,SIC-XVEJ8XW0-FQF9G95B-R,Alcolisti Anonimi – Gruppo Meteora,LOCAL_CLUB,Veneto,BL,V.le Europa 22,C/o ex Pediatria-ostetricia ospedale S. Martino,32100,,,Settimanale,,,3346516374 / 0437941578,,aaitaly@tin.it,,ARCAT Veneto,,,46.1425,12.2167,APPROXIMATE_CITY,ACTIVE_VERIFIED_2026,,,,2026-09-21 11:39:47,2026-09-21 11:39:47,11
2762,SIC-R9FDZJFY-BDTV7Q8Y-G,Alcolisti Anonimi – Gruppo Il sorriso,LOCAL_CLUB,Veneto,VE,Campolongo Maggiore,C/o CEOD - Via E. Fermi 3,30010,,,Settimanale,,,3343964048 / 800411406,,aaitaly@tin.it,,ARCAT Veneto,,,45.4408,12.3155,APPROXIMATE_CITY,ACTIVE_VERIFIED_2026,,,,2026-09-21 11:39:47,2026-09-21 11:39:47,11
2763,SIC-KN9KS58K-1HV7JW08-D,Alcolisti Anonimi – Gruppo Altavilla,LOCAL_CLUB,Veneto,VI,Altavilla,c/o Polisportiva Comunale - Via Mazzini,36067,,,Settimanale,,,3386518069 / 800411406,,aaitaly@tin.it,,ARCAT Veneto,,,45.5455,11.5355,APPROXIMATE_CITY,ACTIVE_VERIFIED_2026,,,,2026-09-21 11:39:47,2026-09-21 11:39:47,11
2764,SIC-KN413TAJ-S1EZ0F44-M,NA NARCOTICI ANONIMI ITALIA – Gruppo NA Mirano,LOCAL_CLUB,Veneto,VE,Mirano,"Via Luigi Mariutto, 13 (Edificio 7)",30035,,,Settimanale,,,0410986423,,mirano@na-italia.org,,ARCAT Veneto,,,45.4408,12.3155,APPROXIMATE_CITY,ACTIVE_VERIFIED_2026,,,,2026-09-21 11:39:47,2026-09-21 11:39:47,11
2765,SIC-2M4PTAG5-X781C5S4-6,NA NARCOTICI ANONIMI ITALIA – Gruppo N.A. (Castelfranco Veneto-Treviso),LOCAL_CLUB,Veneto,TV,Castelfranco Veneto,"C/o Ser.T - Via Ospedale, 18",31033,,,Settimanale,,,0410986423,,castelfranco@na-italia.org,,ARCAT Veneto,,,45.6669,12.243,APPROXIMATE_CITY,ACTIVE_VERIFIED_2026,,,,2026-09-21 11:39:47,2026-09-21 11:39:47,11
2766,SIC-KGDQ6HE5-KA11W238-P,NA NARCOTICI ANONIMI ITALIA – Gruppo Feltre,LOCAL_CLUB,Veneto,BL,Feltre,Via Monte Aurin 16,32032,,,Settimanale,,,0410986423,,feltre@na-italia.org,,ARCAT Veneto,,,46.1425,12.2167,APPROXIMATE_CITY,ACTIVE_VERIFIED_2026,,,,2026-09-21 11:39:47,2026-09-21 11:39:47,11
2767,SIC-JZAM5YRW-JTYTDJ1Q-G,GA – ASSOCIAZIONE GIOCATORI ANONIMI ITALIA – Mestre,LOCAL_CLUB,Veneto,VE,Mestre,Via S. Donà 2 c/o Chiesa di Carpenedo,30175,,,Settimanale,,,3713225554,,mestre@giocatorianonimi.org,,ARCAT Veneto,,,45.4408,12.3155,APPROXIMATE_CITY,ACTIVE_VERIFIED_2026,,,,2026-09-21 11:39:47,2026-09-21 11:39:47,11
2768,SIC-RK2ZQ109-BAHJ7FPB-G,GA – ASSOCIAZIONE GIOCATORI ANONIMI ITALIA – Padova,LOCAL_CLUB,Veneto,PD,Padova,"Via Montà, 208 c/o Parrocchia S. Bartolomeo",35100,,,Settimanale,,,3515758057,,padova2000@giocatorianonimi.org,,ARCAT Veneto,,,45.4064,11.8768,APPROXIMATE_CITY,ACTIVE_VERIFIED_2026,,,,2026-09-21 11:39:47,2026-09-21 11:39:47,11
2769,SIC-G2J8FMYM-87RSEE08-8,ASSOCIAZIONE FAMILIARI ANONIMI ITALIA – Gruppo “L’Aquila”,LOCAL_CLUB,Abruzzo,AQ,"P.le S.Pio X, 1 q - Località Torrione",c/o Parrocchia S.Pio X,67100,,,Settimanale,,,085 4212233,,laquila@familiarianonimiitalia.it,,ARCAT Abruzzo,,,42.3498,13.3995,APPROXIMATE_CITY,ACTIVE_VERIFIED_2026,,,,2026-09-21 11:39:47,2026-09-21 11:39:47,11
2770,SIC-Z6NAY4H8-2ZPX2RWM-E,ASSOCIAZIONE FAMILIARI ANONIMI ITALIA – Gruppo “Parma”,LOCAL_CLUB,Emilia-Romagna,PR,Parma,"P.le San Benedetto, 1 c/o Istituto Maria Ausiliatrice",43121,,,Settimanale,,,3928366652,,parma@familiarianonimiitalia.it,,ARCAT Emilia-Romagna,,,44.8015,10.3279,APPROXIMATE_CITY,ACTIVE_VERIFIED_2026,,,,2026-09-21 11:39:47,2026-09-21 11:39:47,11
2771,SIC-YZ3QMF18-VASHK7J7-H,ASSOCIAZIONE FAMILIARI ANONIMI ITALIA – Gruppo “Il coraggio di cambiare”,LOCAL_CLUB,Liguria,GE,Genova,"Via del Molo, 8/R c/o Parrocchia S. Marco",16128,,,Settimanale,,,3407562955,,genova@familiarianonimiitalia.it,,ARCAT Liguria,,,44.4056,8.9463,APPROXIMATE_CITY,ACTIVE_VERIFIED_2026,,,,2026-09-21 11:39:47,2026-09-21 11:39:47,11
2772,SIC-B6RNAS5V-2A7KRXGH-H,ASSOCIAZIONE FAMILIARI ANONIMI ITALIA – Gruppo “Roma”,LOCAL_CLUB,Lazio,RO,199 Roma,"Via S. Maria Goretti, 29 c/o Parrocchia S. Maria Goretti",,,,Settimanale,,,3315689695,,roma@familiarianonimiitalia.it,,ARCAT Lazio,,,42.5,12.5,APPROXIMATE_CITY,ACTIVE_VERIFIED_2026,,,,2026-09-21 11:39:47,2026-09-21 11:39:47,11
2773,SIC-23QCPB2S-279XMSP2-R,ASSOCIAZIONE FAMILIARI ANONIMI ITALIA – Gruppo “Bari”,LOCAL_CLUB,Puglia,BA,Bari,"Via Re David, 202 c/o Parrocchia S.Marcello",70125,,,Settimanale,,,3348871335,,bari@familiarianonimiitalia.it,,ARCAT Puglia,,,41.1171,16.8719,APPROXIMATE_CITY,ACTIVE_VERIFIED_2026,,,,2026-09-21 11:39:47,2026-09-21 11:39:47,11
2774,SIC-2FMCKBD3-1AJGGET1-G,ASSOCIAZIONE FAMILIARI ANONIMI ITALIA – Gruppo “Verona”,LOCAL_CLUB,Veneto,VR,Verona,"Via Molinara, 23 c/o Basilica Santa Teresa di Gesù Bambino",37135,,,Settimanale,,,3400023341,,verona@familiarianonimiitalia.it,,ARCAT Veneto,,,45.4384,10.9916,APPROXIMATE_CITY,ACTIVE_VERIFIED_2026,,,,2026-09-21 11:39:47,2026-09-21 11:39:47,11
2775,SIC-WZSZHMSV-E72ZJ2Q2-B,ASSOCIAZIONE FAMILIARI ANONIMI ITALIA – Gruppo “Arcobaleno”,LOCAL_CLUB,Veneto,VR,Villafranca di Verona,"C.so Vittorio Emanuele, 60 c/o Centro Caritas",37069,,,Settimanale,,,3294775753,,villafranca@familiarianonimiitalia.it,,ARCAT Veneto,,,45.4384,10.9916,APPROXIMATE_CITY,ACTIVE_VERIFIED_2026,,,,2026-09-21 11:39:47,2026-09-21 11:39:47,11
2776,SIC-4QQNEMFR-78V28WW9-Q,ASSOCIAZIONE FAMILIARI ANONIMI ITALIA – Gruppo “F.A. Brescia”,LOCAL_CLUB,Lombardia,BS,Brescia,Via Cimabue 16 c/o Casa delle Associazioni - Località San Polo,25134,,,Settimanale,,,3342557471,,brescia@familiarianonimiitalia.it,,ARCAT Lombardia,,,45.5416,10.2118,APPROXIMATE_CITY,ACTIVE_VERIFIED_2026,,,,2026-09-21 11:39:47,2026-09-21 11:39:47,11
2777,SIC-E7VB04Z8-BN64H6BB-T,ASSOCIAZIONE FAMILIARI ANONIMI ITALIA – Gruppo “La mia via”,LOCAL_CLUB,Lombardia,MI,Milano,"P.zza Wagner, 2 c/o Parrocchia di San Pietro in Sala",20145,,,Settimanale,,,3384532339,,milano@familiarianonimiitalia.it,,ARCAT Lombardia,,,45.4642,9.19,APPROXIMATE_CITY,ACTIVE_VERIFIED_2026,,,,2026-09-21 11:39:47,2026-09-21 11:39:47,11
2778,SIC-2FBH5BVG-T9PF4XRQ-2,ASSOCIAZIONE FAMILIARI ANONIMI ITALIA – Gruppo “Gardone Val Trompia”,LOCAL_CLUB,Lombardia,BS,Gardone Val Trompia,Via Roma c/o Scuole Andersen,25063,,,Settimanale,,,3342557471,,gardone@familiarianonimiitalia.it,,ARCAT Lombardia,,,45.5416,10.2118,APPROXIMATE_CITY,ACTIVE_VERIFIED_2026,,,,2026-09-21 11:39:47,2026-09-21 11:39:47,11
2779,SIC-GBAQ2KCB-M508MV8Q-4,ASSOCIAZIONE FAMILIARI ANONIMI ITALIA – Gruppo “Primavera”,LOCAL_CLUB,Lombardia,BS,Darfo Boario Terme,"C.so Italia, 69 c/o ex Guardia Medica",25047,,,Settimanale,,,3711730931,,darfoboarioterme@familiarianonimiitalia.it,,ARCAT Lombardia,,,45.5416,10.2118,APPROXIMATE_CITY,ACTIVE_VERIFIED_2026,,,,2026-09-21 11:39:47,2026-09-21 11:39:47,11
2780,SIC-DV3EP8AY-W4RTG0PA-F,ASSOCIAZIONE FAMILIARI ANONIMI ITALIA – Gruppo “La serenità”,LOCAL_CLUB,Lombardia,BS,Desenzano del Garda,"Via Circonvallazione, 31 c/o Centro Sociale Diurno per Anziani",25015,,,Settimanale,,,3387546245,,fadesenzano@yahoo.it,,ARCAT Lombardia,,,45.5416,10.2118,APPROXIMATE_CITY,ACTIVE_VERIFIED_2026,,,,2026-09-21 11:39:47,2026-09-21 11:39:47,11
2781,SIC-A9EDJY17-S4X5EFDJ-R,Alcolisti Anonimi – gruppo Savona,LOCAL_CLUB,Liguria,SV,Savona,Via Don Minzoni 54/R,17100,,,Settimanale,,,3668318913 / 800411406,,aagrupposavona@gmail.com,,ARCAT Liguria,,,44.3079,8.4811,APPROXIMATE_CITY,ACTIVE_VERIFIED_2026,,,,2026-09-21 11:39:47,2026-09-21 11:39:47,11
2782,SIC-4CFS95AC-8CPP0VYG-9,Alcolisti Anonimi – gruppo Colico,LOCAL_CLUB,Lombardia,SO,Colico,C/o Municipio - Via Municipio,23823,,,Settimanale,,,3334322170 / 800411406,,aaitaly@tin.it,,ARCAT Lombardia,,,46.1689,9.8693,APPROXIMATE_CITY,ACTIVE_VERIFIED_2026,,,,2026-09-21 11:39:47,2026-09-21 11:39:47,11
2783,SIC-FSYYET50-RY1YVEA0-E,Alcolisti Anonimi – Gruppo Lecco,LOCAL_CLUB,Lombardia,SO,P.zza dei Cappucini 6,C/o Oratorio Cappucini,23900,,,Settimanale,,,3343960776 / 800411406,,aaitaly@tin.it,,ARCAT Lombardia,,,46.1689,9.8693,APPROXIMATE_CITY,ACTIVE_VERIFIED_2026,,,,2026-09-21 11:39:47,2026-09-21 11:39:47,11
2784,SIC-D9DMAXX1-K4Q0WSE3-6,Alcolisti Anonimi – gruppo Como 1,LOCAL_CLUB,Lombardia,CO,Como,C/o Oratorio San Giuseppe - Via Valleggio 19,22100,,,Settimanale,,,3343950353 / 800411406,,aaitaly@tin.it,,ARCAT Lombardia,,,45.8081,9.0852,APPROXIMATE_CITY,ACTIVE_VERIFIED_2026,,,,2026-09-21 11:39:47,2026-09-21 11:39:47,11
2785,SIC-KZ22FW13-A57R67G6-M,ACAT BASSO LODIGIANO,TERRITORIAL_ACAT,Lombardia,MI,"Provincia di Lodi, Lombardia",20075 Lodi,20075,,,Settimanale,,,3396510654,,v.contardi@gmail.com,,ARCAT Lombardia,,,45.4642,9.19,APPROXIMATE_CITY,ACTIVE_VERIFIED_2026,,,,2026-09-21 11:39:47,2026-09-21 11:39:47,11
2786,SIC-XAFMY3R3-FHCSEKTQ-D,ACAT Clusone – Media Valle Seriana,TERRITORIAL_ACAT,Lombardia,BG,Albino,c/o Centro Anziani - Via B. O. Briolini 2f,24021,,,Settimanale,,,3349808448 / 3318173575,,acatmediavalleseriana@gmail.com,,ARCAT Lombardia,,,45.6983,9.6773,APPROXIMATE_CITY,ACTIVE_VERIFIED_2026,,,,2026-09-21 11:39:47,2026-09-21 11:39:47,11
2787,SIC-8NF3D9MX-VRMTYEJZ-Y,ACAT Parco dei Colli – Cat Villa d’Almè 1,TERRITORIAL_ACAT,Lombardia,BG,Villa d'Almè,C/o Sala polifunzionale - Passaggio del borgo,24011,,,Settimanale,,,3284891060,,donigirasole@libero.it,,ARCAT Lombardia,,,45.6983,9.6773,APPROXIMATE_CITY,ACTIVE_VERIFIED_2026,,,,2026-09-21 11:39:47,2026-09-21 11:39:47,11
2788,SIC-FMG5P9KW-GANZ8NXY-P,ACAT Parco dei Colli – Cat Villa d’Almè 2,TERRITORIAL_ACAT,Lombardia,BG,Villa d'Almè,C/o Sala polifunzionale - Passaggio del borgo,24011,,,Settimanale,,,3402716420,,opec.fuma@alice.it,,ARCAT Lombardia,,,45.6983,9.6773,APPROXIMATE_CITY,ACTIVE_VERIFIED_2026,,,,2026-09-21 11:39:47,2026-09-21 11:39:47,11
2789,SIC-8PTV788G-978CRYAZ-M,ACAT – Treviglio,TERRITORIAL_ACAT,Lombardia,BG,Treviglio,Via XXV Aprile 6/8,24047,,,Settimanale,,,3349480709,,officina.sacchi@libero.it,,ARCAT Lombardia,,,45.6983,9.6773,APPROXIMATE_CITY,ACTIVE_VERIFIED_2026,,,,2026-09-21 11:39:47,2026-09-21 11:39:47,11
2790,SIC-WYZZ5TXB-5S9BAC1C-S,ACAT – Valle Brembana,TERRITORIAL_ACAT,Lombardia,BG,Zogno,"c/o associazione Non solo sogni, Via Martiri della libertà 6",24019,,,Settimanale,,,3205749206,,opec.fuma@alice.it,,ARCAT Lombardia,,,45.6983,9.6773,APPROXIMATE_CITY,ACTIVE_VERIFIED_2026,,,,2026-09-21 11:39:47,2026-09-21 11:39:47,11
2791,SIC-6N1HJS2N-9P1ZJ8N6-V,ACAT Clusone – Alta Valle Seriana – Nuovi Orizzonti,TERRITORIAL_ACAT,Lombardia,BG,Clusone,C/o Oratorio Maschile - Viale Gusmini,24023,,,Settimanale,,,3407014052,,acataltavalseriana@tiscali.it,,ARCAT Lombardia,,,45.6983,9.6773,APPROXIMATE_CITY,ACTIVE_VERIFIED_2026,,,,2026-09-21 11:39:47,2026-09-21 11:39:47,11
2792,SIC-J8AAS993-NE749A0A-T,ACAT – Valcavallina/Valcalepio,TERRITORIAL_ACAT,Lombardia,BG,Chiuduno,C/o Parrocchia - Via Mons. Vistalli,24060,,,Settimanale,,,3201525284,,benaglimassimo@gmail.com,,ARCAT Lombardia,,,45.6983,9.6773,APPROXIMATE_CITY,ACTIVE_VERIFIED_2026,,,,2026-09-21 11:39:47,2026-09-21 11:39:47,11
2793,SIC-YVPAZC8D-CQ0K46EJ-0,ACAT Sondrio – CAT Tempo per la vita,TERRITORIAL_ACAT,Lombardia,SO,Sondrio,C/o Il villaggio - Via Angelo Custode 5,23100,,,Settimanale,,,3381797061,,info@arcatlombardia.it,,ARCAT Lombardia,,,46.1689,9.8693,APPROXIMATE_CITY,ACTIVE_VERIFIED_2026,,,,2026-09-21 11:39:47,2026-09-21 11:39:47,11
2794,SIC-VZN9DC0P-X2R9T4R0-3,ACAT dell’Isola Bergamasca – Cat Calusco d’Adda,TERRITORIAL_ACAT,Lombardia,BG,Calusco d'Adda,C/o Casa Papa Giovanni - Via dell'Assunta 243,24033,,,Settimanale,,,3496278088,,acatisolabergamasca@libero.it,,ARCAT Lombardia,,,45.6983,9.6773,APPROXIMATE_CITY,ACTIVE_VERIFIED_2026,,,,2026-09-21 11:39:47,2026-09-21 11:39:47,11
2795,SIC-BEMSMGEB-PBCXSWW3-T,ACAT dell’Isola Bergamasca – C.A.T. Ponte San Pietro,TERRITORIAL_ACAT,Lombardia,BG,Ponte San Pietro,C/o Centro Polifunzionale UFO - Via Legionari di Polonia 5,24036,,,Settimanale,,,3203162590,,info@arcatlombardia.it,,ARCAT Lombardia,,,45.6983,9.6773,APPROXIMATE_CITY,ACTIVE_VERIFIED_2026,,,,2026-09-21 11:39:47,2026-09-21 11:39:47,11
2796,SIC-QJT8T670-22VE27HJ-8,ACAT dell’Isola Bergamasca – Cat Terno d’Isola 1,TERRITORIAL_ACAT,Lombardia,BG,Terno d'Isola,"C/o ex Scuole elementari - Via G. Bravi, 15",24030,,,Settimanale,,,3491641703,,acatisolabergamasca@libero.it,,ARCAT Lombardia,,,45.6983,9.6773,APPROXIMATE_CITY,ACTIVE_VERIFIED_2026,,,,2026-09-21 11:39:47,2026-09-21 11:39:47,11
2797,SIC-QMHXYTZB-N6TC16SG-D,ACAT Clusone – Alta Valle Seriana – Nuovo Percorso,TERRITORIAL_ACAT,Lombardia,BG,Clusone,C/o Oratorio maschile Fiorine,24023,,,Settimanale,,,034620192 / 3337519188,,acataltavalseriana@tiscali.it,,ARCAT Lombardia,,,45.6983,9.6773,APPROXIMATE_CITY,ACTIVE_VERIFIED_2026,,,,2026-09-21 11:39:47,2026-09-21 11:39:47,11
2798,SIC-C49S3NYH-6Z5510SY-M,ACAT dell’Isola Bergamasca – Cat Terno d’Isola 2,TERRITORIAL_ACAT,Lombardia,BG,Terno d'Isola,"c/o Scuole elementari - Via G. Bravi, 15",24030,,,Settimanale,,,3491641703,,acatisolabergamasca@libero.it,,ARCAT Lombardia,,,45.6983,9.6773,APPROXIMATE_CITY,ACTIVE_VERIFIED_2026,,,,2026-09-21 11:39:47,2026-09-21 11:39:47,11
2799,SIC-F21WV7V7-KM64D9XX-Q,ACAT PAVIA – Cat 4 Girasole,TERRITORIAL_ACAT,Lombardia,PV,P.zza Torino 40,C/o Spazio Q,27100,,,Settimanale,,,3394362693,,info@arcatlombardia.it,,ARCAT Lombardia,,,45.1847,9.1582,APPROXIMATE_CITY,ACTIVE_VERIFIED_2026,,,,2026-09-21 11:39:47,2026-09-21 11:39:47,11
2800,SIC-99ZR788T-CWYA0309-H,ACAT Oltrepo’ Pavese,TERRITORIAL_ACAT,Lombardia,PV,Stradella,"Via Marconi, 17",27049,,,Settimanale,,,3920123491,,info@arcatlombardia.it,,ARCAT Lombardia,,,45.1847,9.1582,APPROXIMATE_CITY,ACTIVE_VERIFIED_2026,,,,2026-09-21 11:39:47,2026-09-21 11:39:47,11
2801,SIC-T5Z3N8M8-GZ38X2B9-K,ACAT PAVIA – Cat 5 Iris,TERRITORIAL_ACAT,Lombardia,PV,Travacò Siccomario,Via Gramsci 5,27020,,,Settimanale,,,3395841044,,info@arcatlombardia.it,,ARCAT Lombardia,,,45.1847,9.1582,APPROXIMATE_CITY,ACTIVE_VERIFIED_2026,,,,2026-09-21 11:39:47,2026-09-21 11:39:47,11
2802,SIC-E2VTJ63E-WN4Z1PM3-5,ACAT PAVIA – Cat 9 Nuova Vita,TERRITORIAL_ACAT,Lombardia,PV,Cava Manara,C/o Centro Diurno Le Querce - Via Conti 20,27051,,,Settimanale,,,3382369581,,info@arcatlombardia.it,,ARCAT Lombardia,,,45.1847,9.1582,APPROXIMATE_CITY,ACTIVE_VERIFIED_2026,,,,2026-09-21 11:39:47,2026-09-21 11:39:47,11
2803,SIC-VFR9N14V-SRNE3WKR-4,ACAT PAVIA – Cat 7 Mimosa,TERRITORIAL_ACAT,Lombardia,PV,Pavia,Cc/o Casa Parrocchiale S. Lanfranco - Via S. Lanfranco,27100,,,Settimanale,,,3382535878,,info@arcatlombardia.it,,ARCAT Lombardia,,,45.1847,9.1582,APPROXIMATE_CITY,ACTIVE_VERIFIED_2026,,,,2026-09-21 11:39:47,2026-09-21 11:39:47,11
2804,SIC-8GPJXDJH-VYBSGABH-4,ACAT PAVIA – Cat 2 Melograno,TERRITORIAL_ACAT,Lombardia,PV,Torre d'Isola,C/o Oratorio Don Bosco - Via De Paoli,27020,,,Settimanale,,,3482866660,,associazioneacatpavia@gmail.com,,ARCAT Lombardia,,,45.1847,9.1582,APPROXIMATE_CITY,ACTIVE_VERIFIED_2026,,,,2026-09-21 11:39:47,2026-09-21 11:39:47,11
2805,SIC-SN1Z4CA5-9VDA73W4-C,ACAT SONDRIO – cat Stella,TERRITORIAL_ACAT,Lombardia,SO,Sondrio,C/o Parrocchia del Rosario - Via Quadrio,23100,,,Settimanale,,,3387631179,,info@arcatlombardia.it,,ARCAT Lombardia,,,46.1689,9.8693,APPROXIMATE_CITY,ACTIVE_VERIFIED_2026,,,,2026-09-21 11:39:47,2026-09-21 11:39:47,11
2806,SIC-BJZJ8R33-C2KBV4BC-3,ACAT SONDRIO,TERRITORIAL_ACAT,Lombardia,SO,"Provincia di Sondrio, Lombardia",23100 Sondrio,23100,,,Settimanale,,,3391271528,,info@arcatlombardia.it,,ARCAT Lombardia,,,46.1689,9.8693,APPROXIMATE_CITY,ACTIVE_VERIFIED_2026,,,,2026-09-21 11:39:47,2026-09-21 11:39:47,11
2807,SIC-WSGJANT5-RQS1FCCP-A,ACAT SONDRIO – Cat Excelsior,TERRITORIAL_ACAT,Lombardia,SO,Tirano,C/o Il Villaggio - Via Angelo Custode 5,23037,,,Settimanale,,,3391271528,,info@arcatlombardia.it,,ARCAT Lombardia,,,46.1689,9.8693,APPROXIMATE_CITY,ACTIVE_VERIFIED_2026,,,,2026-09-21 11:39:47,2026-09-21 11:39:47,11
2808,SIC-D75D19M7-G72X2BCX-0,Cat Morbegno,LOCAL_CLUB,Lombardia,SO,Morbegno,C/o Centro Anziani,23017,,,Settimanale,,,3397373496,,info@arcatlombardia.it,,ARCAT Lombardia,,,46.1689,9.8693,APPROXIMATE_CITY,ACTIVE_VERIFIED_2026,,,,2026-09-21 11:39:47,2026-09-21 11:39:47,11
2809,SIC-EF4598FA-SBRCWPFD-8,ALATEEN Insieme le nostre ali……,LOCAL_CLUB,Lombardia,BG,Bergamo,C/o Oratorio di Longuelo - asilo vecchio - Via Longuelo 39,24126,,,Settimanale,,,3889530816 / 800087897,,usg@al-anon.it,,ARCAT Lombardia,,,45.6983,9.6773,APPROXIMATE_CITY,ACTIVE_VERIFIED_2026,,,,2026-09-21 11:39:47,2026-09-21 11:39:47,11
2810,SIC-GD7F20ZN-59PHCFD8-H,AL-ANON – Gruppo Amicizia,LOCAL_CLUB,Lombardia,SO,P.zza V° Alpini X,C/o Scuole Elementari,23100,,,Settimanale,,,0258018230 / 800087897,,usg@al-anon.it,,ARCAT Lombardia,,,46.1689,9.8693,APPROXIMATE_CITY,ACTIVE_VERIFIED_2026,,,,2026-09-21 11:39:47,2026-09-21 11:39:47,11
2811,SIC-SEQ6MGZ9-HAS8TM7R-D,AL-ANON – Gruppo Amicizia,LOCAL_CLUB,Lombardia,CO,P.zza Volontari della Libertà,C/o Parrocchia S. Michele,22063,,,Settimanale,,,0258018230 / 800087897,,usg@al-anon.it,,ARCAT Lombardia,,,45.8081,9.0852,APPROXIMATE_CITY,ACTIVE_VERIFIED_2026,,,,2026-09-21 11:39:47,2026-09-21 11:39:47,11
2812,SIC-Q286RWS2-TBZK5VNC-F,AL-ANON – Gruppo 12 & 12,LOCAL_CLUB,Lombardia,MI,Milano,"Cc/o Parrocchia S. Rita - Via S. Rita da Cascia, 22",20143,,,Settimanale,,,0258018230 / 800087897,,usg@al-anon.it,,ARCAT Lombardia,,,45.4642,9.19,APPROXIMATE_CITY,ACTIVE_VERIFIED_2026,,,,2026-09-21 11:39:47,2026-09-21 11:39:47,11
2813,SIC-DVS1JCSZ-TAXCZWYZ-C,AL-ANON – Gruppo Insieme Como II,LOCAL_CLUB,Lombardia,CO,Como,C/o Parrocchia S. Maria Regina - Via M. Quadrio 10,22100,,,Settimanale,,,0258018230 / 800087897,,usg@al-anon.it,,ARCAT Lombardia,,,45.8081,9.0852,APPROXIMATE_CITY,ACTIVE_VERIFIED_2026,,,,2026-09-21 11:39:47,2026-09-21 11:39:47,11
2814,SIC-1FYA357R-0XS2KPC7-2,AL-ANON – Gruppo Merate,LOCAL_CLUB,Lombardia,SO,P.zza della Vittoria,C/o Centro Anziani Comunale,23870,,,Settimanale,,,0258018230 / 800087897,,usg@al-anon.it,,ARCAT Lombardia,,,46.1689,9.8693,APPROXIMATE_CITY,ACTIVE_VERIFIED_2026,,,,2026-09-21 11:39:47,2026-09-21 11:39:47,11
2815,SIC-DW08CK8A-VCZXY1K3-6,AL-ANON – Gruppo Arca,LOCAL_CLUB,Lombardia,PV,Voghera,C/o Parrocchia S. Pietro Don Orione - Via Emilia 263,27058,,,Settimanale,,,0258018230 / 0258018230,,usg@al-anon.it,,ARCAT Lombardia,,,45.1847,9.1582,APPROXIMATE_CITY,ACTIVE_VERIFIED_2026,,,,2026-09-21 11:39:47,2026-09-21 11:39:47,11
2816,SIC-EEPJH48J-J1JVSMR6-H,AL-ANON – Gruppo Bisuschio,LOCAL_CLUB,Lombardia,VA,Bisuschio,C/o Centro Anziani - Via Martinelli,21050,,,Settimanale,,,800087897 / 0258018230,,usg@al-anon.it,,ARCAT Lombardia,,,45.8206,8.8251,APPROXIMATE_CITY,ACTIVE_VERIFIED_2026,,,,2026-09-21 11:39:47,2026-09-21 11:39:47,11
2817,SIC-4D5MBRW2-2T2SQZ8B-7,AL-ANON – Gruppo Longuelo,LOCAL_CLUB,Lombardia,BG,Bergamo,"C/o Asilo Vecchio - Via Longuelo, 39",24129,,,Settimanale,,,0258018230 / 800087897,,usg@al-anon.it,,ARCAT Lombardia,,,45.6983,9.6773,APPROXIMATE_CITY,ACTIVE_VERIFIED_2026,,,,2026-09-21 11:39:47,2026-09-21 11:39:47,11
2818,SIC-EV05HH5Z-9ZKSNQ82-4,ALATEEN – Gruppo Milano 1,LOCAL_CLUB,Lombardia,MI,Milano,c/o Parrocchia B.V.Addolorata - Via Stratico 9,20148,,,Settimanale,,,0258018230 / 800087897,,usg@al-anon.it,,ARCAT Lombardia,,,45.4642,9.19,APPROXIMATE_CITY,ACTIVE_VERIFIED_2026,,,,2026-09-21 11:39:47,2026-09-21 11:39:47,11
2819,SIC-K4DP5EY5-WG7ZATVJ-A,AL-ANON – Gruppo L’ancora,LOCAL_CLUB,Lombardia,SO,Colico,C/o Comune di Colico - Via Campione 7,23015,,,Settimanale,,,0258018230 / 800087897,,usg@al-anon.it,,ARCAT Lombardia,,,46.1689,9.8693,APPROXIMATE_CITY,ACTIVE_VERIFIED_2026,,,,2026-09-21 11:39:47,2026-09-21 11:39:47,11
2820,SIC-41BRWWGE-K0CXSEH3-9,Alcolisti Anonimi – gruppo Dodici Passi,LOCAL_CLUB,Lombardia,BG,Bergamo,C/o Centro Terza età - Via San Tommaso de' Calvi 1,24128,,,Settimanale,,,3356035025 / 800411406,,aaitaly@tin.it,,ARCAT Lombardia,,,45.6983,9.6773,APPROXIMATE_CITY,ACTIVE_VERIFIED_2026,,,,2026-09-21 11:39:47,2026-09-21 11:39:47,11
2821,SIC-JSVJ2HZH-ZEA2RDDR-Q,AL-ANON – Gruppo Serenità,LOCAL_CLUB,Lombardia,SO,Livigno,C/o Cinema Parrocchiale - Via Dalla Gesa,23030,,,Settimanale,,,0258018230 / 800087897,,usg@al-anon.it,,ARCAT Lombardia,,,46.1689,9.8693,APPROXIMATE_CITY,ACTIVE_VERIFIED_2026,,,,2026-09-21 11:39:47,2026-09-21 11:39:47,11
2822,SIC-H9B0EJ10-17493TMR-T,AL-ANON – Gruppo Santa Lucia,LOCAL_CLUB,Lombardia,BG,Bergamo,C/o Centro Sociale - Via Carpinoni 18,24126,,,Settimanale,,,0258018230 / 800087897,,usg@al-anon.it,,ARCAT Lombardia,,,45.6983,9.6773,APPROXIMATE_CITY,ACTIVE_VERIFIED_2026,,,,2026-09-21 11:39:47,2026-09-21 11:39:47,11
2823,SIC-PT63FJBN-R0Z5NV66-F,Alcolisti Anonimi – gruppo Santa Lucia,LOCAL_CLUB,Lombardia,BG,Bergamo,Cc/o Centro Terza Età - Via Carpinoni 18,24126,,,Settimanale,,,3669001598 / 800411406,,aaitaly@tin.it,,ARCAT Lombardia,,,45.6983,9.6773,APPROXIMATE_CITY,ACTIVE_VERIFIED_2026,,,,2026-09-21 11:39:47,2026-09-21 11:39:47,11
2824,SIC-6TPTCB6P-TGH3KX6Q-F,Alcolisti Anonimi – gruppo Longuelo,LOCAL_CLUB,Lombardia,BG,Bergamo,C/o vecchio Oratorio - Via Longuelo 39,24127,,,Settimanale,,,3666094115 / 800411406,,aaitaly@tin.it,,ARCAT Lombardia,,,45.6983,9.6773,APPROXIMATE_CITY,ACTIVE_VERIFIED_2026,,,,2026-09-21 11:39:47,2026-09-21 11:39:47,11
2825,SIC-BKY635KX-4Y2BXWN6-5,A.N.D. – AZZARDO E NUOVE DIPENDENZE,LOCAL_CLUB,Lombardia,VA,Gallarate,"Via G. Cardano, 18 c/o Studio Legale De Micco",21013,,,Settimanale,,,3381342318,,azzardo.nuovedipendenze@virgilio.it,,ARCAT Lombardia,,,45.8206,8.8251,APPROXIMATE_CITY,ACTIVE_VERIFIED_2026,,,,2026-09-21 11:39:47,2026-09-21 11:39:47,11
2826,SIC-TRVFA8D8-SG5XTY5G-S,Alcolisti Anonimi – gruppo Contea – Bormio,LOCAL_CLUB,Lombardia,SO,P.zza V° Alpini,Cc/o Scuole Elementari,23032,,,Settimanale,,,3343950495 / 800411406,,aaitaly@tin.it,,ARCAT Lombardia,,,46.1689,9.8693,APPROXIMATE_CITY,ACTIVE_VERIFIED_2026,,,,2026-09-21 11:39:47,2026-09-21 11:39:47,11
2827,SIC-680SNEMP-D1C08AAZ-G,A.N.D. – AZZARDO E NUOVE DIPENDENZE – Gruppo “AND-in-Gruppo – Aiuto Psicologico per Giocatori e Familiari”,LOCAL_CLUB,Lombardia,VA,Varese,"Via Cairoli, 14 c/o Centro Anziani Comune di Varese",21100,,,Settimanale,,,3393674668,,azzardo.nuovedipendenze@virgilio.it,,ARCAT Lombardia,,,45.8206,8.8251,APPROXIMATE_CITY,ACTIVE_VERIFIED_2026,,,,2026-09-21 11:39:47,2026-09-21 11:39:47,11
2828,SIC-1XHXEVS5-AZ5AQ94M-M,Alcolisti Anonimi – gruppo Amicizia,LOCAL_CLUB,Lombardia,CO,P.zza Volontari della Libertà 5,C/o Parrocchia San Michele,22063,,,Settimanale,,,3343948444 / 800411406,,aaitaly@tin.it,,ARCAT Lombardia,,,45.8081,9.0852,APPROXIMATE_CITY,ACTIVE_VERIFIED_2026,,,,2026-09-21 11:39:47,2026-09-21 11:39:47,11
2829,SIC-WJ6JWHPH-Q30Q7TS6-Z,GA – ASSOCIAZIONE GIOCATORI ANONIMI ITALIA – Milano 1 Palestrina,LOCAL_CLUB,Lombardia,MI,Milano,"Via Palestrina, 5",20124,,,Settimanale,,,3337465303,,milano.palestrina@giocatorianonimi.org,,ARCAT Lombardia,,,45.4642,9.19,APPROXIMATE_CITY,ACTIVE_VERIFIED_2026,,,,2026-09-21 11:39:47,2026-09-21 11:39:47,11
2830,SIC-50S9D1W9-FT175W26-B,ACAT CREMONA – C.E.F. Soresina,TERRITORIAL_ACAT,Lombardia,CR,Soresina,C/o oratorio Sirino - Via Don Bosco 7,26015,,,Settimanale,,,3348036655,,info@arcatlombardia.it,,ARCAT Lombardia,,,45.1332,10.0248,APPROXIMATE_CITY,ACTIVE_VERIFIED_2026,,,,2026-09-21 11:39:47,2026-09-21 11:39:47,11
2831,SIC-29RDGH1V-CN6VT09F-5,NA NARCOTICI ANONIMI ITALIA – Gruppo Liberi di scegliere,LOCAL_CLUB,Lombardia,CO,Como,"C/o Parrocchia S. Martino di Rebbio - Via Lissi, 11",22100,,,Settimanale,,,3391875713,,como@na-italia.org,,ARCAT Lombardia,,,45.8081,9.0852,APPROXIMATE_CITY,ACTIVE_VERIFIED_2026,,,,2026-09-21 11:39:47,2026-09-21 11:39:47,11
2832,SIC-GE5T4JCX-SFAZMHHD-G,Alcolisti Anonimi – gruppo Amicizia,LOCAL_CLUB,Lombardia,MN,Volta Mantovana,c/o Oratorio Parrocchiale - Via Beata Paola 1,46049,,,Settimanale,,,3343950621 / 800411406,,aaitaly@tin.it,,ARCAT Lombardia,,,45.1564,10.7914,APPROXIMATE_CITY,ACTIVE_VERIFIED_2026,,,,2026-09-21 11:39:47,2026-09-21 11:39:47,11
2833,SIC-S15PKA59-6CSZSVE6-C,ACAT PAVIA – Cat Mede,TERRITORIAL_ACAT,Lombardia,PV,Mede,C/o Casa della Carità - Via Cavour 3,27035,,,Settimanale,,,0384823400,,info@arcatlombardia.it,,ARCAT Lombardia,,,45.1847,9.1582,APPROXIMATE_CITY,ACTIVE_VERIFIED_2026,,,,2026-09-21 11:39:47,2026-09-21 11:39:47,11
2834,SIC-6EAV1E83-C618XY7C-A,Alcolisti Anonimi – gruppo Il Gabbiano,LOCAL_CLUB,Lombardia,MI,Milano,Via P. Borsieri 6,20159,,,Settimanale,,,3334322175 / 800411406,,aaitaly@tin.it,,ARCAT Lombardia,,,45.4642,9.19,APPROXIMATE_CITY,ACTIVE_VERIFIED_2026,,,,2026-09-21 11:39:47,2026-09-21 11:39:47,11
2835,SIC-VZ2YC78C-W2PQ978C-F,ACAT Alto Pavese – Cat Landriano,TERRITORIAL_ACAT,Lombardia,PV,Landriano,C/o Scuola Media - Via Verdi,27015,,,Settimanale,,,3388782077,,info@arcatlombardia.it,,ARCAT Lombardia,,,45.1847,9.1582,APPROXIMATE_CITY,ACTIVE_VERIFIED_2026,,,,2026-09-21 11:39:47,2026-09-21 11:39:47,11
2836,SIC-PJC6XND2-7QRE5YTZ-X,Alcolisti Anonimi – Gruppo Rinascita,LOCAL_CLUB,Lombardia,MI,Magenta,C/o Centro Culturale Paolo VI - Via San Martino 11,20013,,,Settimanale,,,3668339813 / 800411406,,aaitaly@tin.it,,ARCAT Lombardia,,,45.4642,9.19,APPROXIMATE_CITY,ACTIVE_VERIFIED_2026,,,,2026-09-21 11:39:47,2026-09-21 11:39:47,11
2837,SIC-96JM7WPM-9TA1V4RC-T,AL-ANON – Gruppo Vighizzolo,LOCAL_CLUB,Lombardia,BS,Vighizzolo Montichiari,C/o Oratorio - Via S. Giovanni 253,25018,,,Settimanale,,,0258018230 / 800087897,,usg@al-anon.it,,ARCAT Lombardia,,,45.5416,10.2118,APPROXIMATE_CITY,ACTIVE_VERIFIED_2026,,,,2026-09-21 11:39:47,2026-09-21 11:39:47,11
2838,SIC-Y51TCCPG-2FPWDCF2-S,AL-ANON – Gruppo Palazzolo,LOCAL_CLUB,Lombardia,BS,Palazzolo sull'Oglio,C/o Centro Diurno Disabili - Via Roncaglie 2/A,25036,,,Settimanale,,,0258018230 / 800087897,,usg@al-anon.it,,ARCAT Lombardia,,,45.5416,10.2118,APPROXIMATE_CITY,ACTIVE_VERIFIED_2026,,,,2026-09-21 11:39:47,2026-09-21 11:39:47,11
2839,SIC-338R2Z7N-VMXQ31DR-9,AL-ANON – Gruppo Malegno,LOCAL_CLUB,Lombardia,BS,Malegno,C/o Centro Anziani - Via Cava 36,25053,,,Settimanale,,,0258018230 / 800087897,,usg@al-anon.it,,ARCAT Lombardia,,,45.5416,10.2118,APPROXIMATE_CITY,ACTIVE_VERIFIED_2026,,,,2026-09-21 11:39:47,2026-09-21 11:39:47,11
2840,SIC-JYBYRMFQ-3MY7GZBW-3,ACAT OLTREPO PAVESE – cat Voghera,TERRITORIAL_ACAT,Lombardia,PV,P.zza Meardi 2,C/o Sala Zonca,27058,,,Settimanale,,,3281423563,,info@arcatlombardia.it,,ARCAT Lombardia,,,45.1847,9.1582,APPROXIMATE_CITY,ACTIVE_VERIFIED_2026,,,,2026-09-21 11:39:47,2026-09-21 11:39:47,11
2841,SIC-CKWV2REQ-V83XPDYN-V,AL-ANON – Gruppo Fraternità,LOCAL_CLUB,Lombardia,BS,Ospitaletto,C/o Cooperativa Gruppo Fraternità - Via Trepola 195,25035,,,Settimanale,,,3889530816 / 800087897,,usg@al-anon.it,,ARCAT Lombardia,,,45.5416,10.2118,APPROXIMATE_CITY,ACTIVE_VERIFIED_2026,,,,2026-09-21 11:39:47,2026-09-21 11:39:47,11
2842,SIC-9FDWY3GA-H54S7KZD-K,ALATEEN – Gruppo Alateen per sempre,LOCAL_CLUB,Lombardia,MI,Cernusco sul Naviglio,"Via Giordano Colombo, 17",20063,,,Settimanale,,,3889530816 / 800087897,,usg@al-anon.it,,ARCAT Lombardia,,,45.4642,9.19,APPROXIMATE_CITY,ACTIVE_VERIFIED_2026,,,,2026-09-21 11:39:47,2026-09-21 11:39:47,11
2843,SIC-HV9F7MHD-0S9JP39H-P,AL-ANON – Gruppo Aurora,LOCAL_CLUB,Lombardia,BS,Rivoltella del Garda,C/o Centro Sociale - Via Circonvallazione 31,25010,,,Settimanale,,,0258018230 / 800087897,,usg@al-anon.it,,ARCAT Lombardia,,,45.5416,10.2118,APPROXIMATE_CITY,ACTIVE_VERIFIED_2026,,,,2026-09-21 11:39:47,2026-09-21 11:39:47,11
2844,SIC-K5BPKRNE-TK8Q8PQ6-C,ALATEEN – Gruppo Alateen “Amici tra amici”,LOCAL_CLUB,Lombardia,MI,Seregno,"Via Bellini, 1 c/o N.O.A.",20831,,,Settimanale,,,0258018230 / 800087897,,usg@al-anon.it,,ARCAT Lombardia,,,45.4642,9.19,APPROXIMATE_CITY,ACTIVE_VERIFIED_2026,,,,2026-09-21 11:39:47,2026-09-21 11:39:47,11
2845,SIC-4KMTNE50-RWVYP01E-7,AL-ANON – Gruppo Figli Adulti Manerbio,LOCAL_CLUB,Lombardia,BS,Manerbio,C/o Distretto Sanitario - Via Palestro 55/A,25025,,,Settimanale,,,0258018230 / 800087897,,usg@al-anon.it,,ARCAT Lombardia,,,45.5416,10.2118,APPROXIMATE_CITY,ACTIVE_VERIFIED_2026,,,,2026-09-21 11:39:47,2026-09-21 11:39:47,11
2846,SIC-3VQKESCY-R7ZDFGVW-V,AL-ANON – Gruppo Figli Adulti S. Andrea,LOCAL_CLUB,Lombardia,BS,Concesio,Via T. Antonelli 4 - località Campagnole,25062,,,Settimanale,,,0258018230 / 800087897,,usg@al-anon.it,,ARCAT Lombardia,,,45.5416,10.2118,APPROXIMATE_CITY,ACTIVE_VERIFIED_2026,,,,2026-09-21 11:39:47,2026-09-21 11:39:47,11
2847,SIC-X133SF48-6E15YYDW-7,AL-ANON – Gruppo Vita Nuova,LOCAL_CLUB,Lombardia,MI,Cassano d-Adda,C/o Casa Berna - Via Berna 6,20062,,,Settimanale,,,0258018230 / 800087897,,usg@al-anon.it,,ARCAT Lombardia,,,45.4642,9.19,APPROXIMATE_CITY,ACTIVE_VERIFIED_2026,,,,2026-09-21 11:39:47,2026-09-21 11:39:47,11
2848,SIC-JCFYNWVM-NZHVG829-5,AL-ANON – Gruppo Milano 1,LOCAL_CLUB,Lombardia,MI,Milano,C/o Parrocchia B.V. Addolorata - Via Stratico 9,20148,,,Settimanale,,,0258018230 / 800087897,,usg@al-anon.it,,ARCAT Lombardia,,,45.4642,9.19,APPROXIMATE_CITY,ACTIVE_VERIFIED_2026,,,,2026-09-21 11:39:47,2026-09-21 11:39:47,11
2849,SIC-TT72F40H-ECB8B04B-3,AL-ANON – Gruppo Il sorriso,LOCAL_CLUB,Lombardia,MI,Cernusco sul Naviglio,"Via Giordano Colombo, 17",20063,,,Settimanale,,,0258018230 / 800087897,,usg@al-anon.it,,ARCAT Lombardia,,,45.4642,9.19,APPROXIMATE_CITY,ACTIVE_VERIFIED_2026,,,,2026-09-21 11:39:47,2026-09-21 11:39:47,11
2850,SIC-A9SHFCXG-HS8N7X04-E,AL-ANON – Gruppo Il Gabbiano,LOCAL_CLUB,Lombardia,MI,Milano,C/o Parrocchia del Redentore - Via Palestrina 5,20124,,,Settimanale,,,0258018230 / 800087897,,usg@al-anon.it,,ARCAT Lombardia,,,45.4642,9.19,APPROXIMATE_CITY,ACTIVE_VERIFIED_2026,,,,2026-09-21 11:39:47,2026-09-21 11:39:47,11
2851,SIC-N031E18Q-NGDDVMMM-K,AL-ANON – Gruppo Villoresi,LOCAL_CLUB,Lombardia,MI,Castano Primo,C/o Casa di Riposo S. Giuseppe - Via Arco Nuovo 16,20022,,,Settimanale,,,0258018230 / 800087897,,usg@al-anon.it,,ARCAT Lombardia,,,45.4642,9.19,APPROXIMATE_CITY,ACTIVE_VERIFIED_2026,,,,2026-09-21 11:39:47,2026-09-21 11:39:47,11
2852,SIC-HCY5J088-80RETE3J-E,AL-ANON – Gruppo Un giorno migliore,LOCAL_CLUB,Lombardia,MI,Melzo,"C/o Palazzina delle associazioni - Via De Amicis, 7",20066,,,Settimanale,,,0258018230 / 800087897,,usg@al-anon.it,,ARCAT Lombardia,,,45.4642,9.19,APPROXIMATE_CITY,ACTIVE_VERIFIED_2026,,,,2026-09-21 11:39:47,2026-09-21 11:39:47,11
2853,SIC-DM984K36-YC4NQ950-5,AL-ANON – Gruppo Il coraggio di cambiare,LOCAL_CLUB,Lombardia,MI,Desio,"C/o Centro Parrocchiale - Via Portichetto, 19",20033,,,Settimanale,,,0258018230 / 800087897,,usg@al-anon.it,,ARCAT Lombardia,,,45.4642,9.19,APPROXIMATE_CITY,ACTIVE_VERIFIED_2026,,,,2026-09-21 11:39:47,2026-09-21 11:39:47,11
2854,SIC-NV8WXVDJ-XP9DTKRZ-D,AL-ANON – Gruppo Figli Adulti Girasole,LOCAL_CLUB,Lombardia,MI,Milano,C/o Parrocchia S .Maria del Suffragio - Via Bonvesin de La Riva 2,20129,,,Settimanale,,,0258018230 / 800087897,,usg@al-anon.it,,ARCAT Lombardia,,,45.4642,9.19,APPROXIMATE_CITY,ACTIVE_VERIFIED_2026,,,,2026-09-21 11:39:47,2026-09-21 11:39:47,11
2855,SIC-PQX0SBQ3-FSAHXWX5-3,Alcolisti Anonimi – gruppo Sondrio,LOCAL_CLUB,Lombardia,SO,Sondrio,C/o Associazione Amici Anziani - Via Maffei 40,23100,,,Settimanale,,,3669063759 / 800411406,,aaitaly@tin.it,,ARCAT Lombardia,,,46.1689,9.8693,APPROXIMATE_CITY,ACTIVE_VERIFIED_2026,,,,2026-09-21 11:39:47,2026-09-21 11:39:47,11
2856,SIC-GN86BYX3-XG77WKY4-B,AL-ANON – Gruppo Speranza,LOCAL_CLUB,Lombardia,SO,Bellano,C/o Casa Anziani - Via Plinio,23822,,,Settimanale,,,0258018230 / 800087897,,usg@al-anon.it,,ARCAT Lombardia,,,46.1689,9.8693,APPROXIMATE_CITY,ACTIVE_VERIFIED_2026,,,,2026-09-21 11:39:47,2026-09-21 11:39:47,11
2857,SIC-3NNX77TW-MPA5ZRZC-P,Alcolisti Anonimi – gruppo Castel Goffredo,LOCAL_CLUB,Lombardia,MN,Castel Goffredo,C/o Scuola Materna Audino - Via San Luigi 5,46042,,,Settimanale,,,3347345290 / 800411406,,aaitaly@tin.it,,ARCAT Lombardia,,,45.1564,10.7914,APPROXIMATE_CITY,ACTIVE_VERIFIED_2026,,,,2026-09-21 11:39:47,2026-09-21 11:39:47,11
2858,SIC-0X03YMR8-C548024Z-E,Alcolisti Anonimi – gruppo Gioia,LOCAL_CLUB,Lombardia,CR,Lodi,C/o Parrocchia S. Alberto - Via Saragat 4,26900,,,Settimanale,,,3371569070 / 800411406,,aaitaly@tin.it,,ARCAT Lombardia,,,45.1332,10.0248,APPROXIMATE_CITY,ACTIVE_VERIFIED_2026,,,,2026-09-21 11:39:47,2026-09-21 11:39:47,11
2859,SIC-Q9Y2GVDM-09Z4K2P3-D,A.A. Alcolisti Anonimi – gruppo Allodola,LOCAL_CLUB,Lombardia,VA,P.zza Unità d'Italia,C/o ex palazzina comunale,21049,,,Settimanale,,,3357112729 / 800411406,,aatradate@aa-arealombardia.it,,ARCAT Lombardia,,,45.8206,8.8251,APPROXIMATE_CITY,ACTIVE_VERIFIED_2026,,,,2026-09-21 11:39:47,2026-09-21 11:39:47,11
2860,SIC-Z3GGQJX3-XAY6S68J-T,Alcolisti Anonimi – Gruppo Pavia,LOCAL_CLUB,Lombardia,PV,C.so Cairoli 2,c/o Oratorio Chiesa S. Francesco,27100,,,Settimanale,,,3347468054 / 800411406,,aaitaly@tin.it,,ARCAT Lombardia,,,45.1847,9.1582,APPROXIMATE_CITY,ACTIVE_VERIFIED_2026,,,,2026-09-21 11:39:47,2026-09-21 11:39:47,11
2861,SIC-WT6Q9AAT-H5QW59NC-F,Alcolisti Anonimi – gruppo Primavera – Tre laghi,LOCAL_CLUB,Lombardia,MN,Mantova,c/o SERT - Via Hrovatin 2,46100,,,Settimanale,,,3343960312 / 800411406,,aaitaly@tin.it,,ARCAT Lombardia,,,45.1564,10.7914,APPROXIMATE_CITY,ACTIVE_VERIFIED_2026,,,,2026-09-21 11:39:47,2026-09-21 11:39:47,11
2862,SIC-G3KZTN17-CN13CA2X-0,Alcolisti Anonimi – gruppo S. Francesca Cabrini,LOCAL_CLUB,Lombardia,CR,S.Angelo Lodigiano,C/o Oratorio Femminile - Via Don Savarè,26866,,,Settimanale,,,3343947264 / 800411406,,aaitaly@tin.it,,ARCAT Lombardia,,,45.1332,10.0248,APPROXIMATE_CITY,ACTIVE_VERIFIED_2026,,,,2026-09-21 11:39:47,2026-09-21 11:39:47,11
2863,SIC-VVSEYMJH-PT48MJGW-Y,A.A. Alcolisti Anonimi – gruppo Busto Arsizio,LOCAL_CLUB,Lombardia,VA,Busto Arsizio,"C/o Centro sociale Sant'Anna - Via Stoppani, 4",21052,,,Settimanale,,,3666480205 / 800411406,,aa.bustoarsizio@aa-arealombardia.it,,ARCAT Lombardia,,,45.8206,8.8251,APPROXIMATE_CITY,ACTIVE_VERIFIED_2026,,,,2026-09-21 11:39:47,2026-09-21 11:39:47,11
2864,SIC-W06RE76N-3CNPZWYD-J,A.A. Alcolisti Anonimi – gruppo Il risveglio,LOCAL_CLUB,Lombardia,VA,Lavena Ponte Tresa,"C/o Edificio comunale - Via Libertà , 28",21037,,,Settimanale,,,3669056671 / 800411406,,aa.pontetresa@aa-arealombardia.it,,ARCAT Lombardia,,,45.8206,8.8251,APPROXIMATE_CITY,ACTIVE_VERIFIED_2026,,,,2026-09-21 11:39:47,2026-09-21 11:39:47,11
2865,SIC-M3J7MK82-0PJVG87M-F,Alcolisti Anonimi – gruppo Arcobaleno,LOCAL_CLUB,Lombardia,MN,Quistello,Cc/o Oratorio - Via IV Novembre 4,46026,,,Settimanale,,,3343949690 / 800411406,,aaitaly@tin.it,,ARCAT Lombardia,,,45.1564,10.7914,APPROXIMATE_CITY,ACTIVE_VERIFIED_2026,,,,2026-09-21 11:39:47,2026-09-21 11:39:47,11
2866,SIC-A2202J7M-VBJ9CK6N-W,A.A. Alcolisti Anonimi – gruppo Ippodromo,LOCAL_CLUB,Lombardia,VA,Varese,C/o Oratorio Maria Immacolata - Via Rovereto 46,21100,,,Settimanale,,,3347469738 / 800411406,,aaippodromo@aa-arealombardia.it,,ARCAT Lombardia,,,45.8206,8.8251,APPROXIMATE_CITY,ACTIVE_VERIFIED_2026,,,,2026-09-21 11:39:47,2026-09-21 11:39:47,11
2867,SIC-W66QMB8C-VET07S7M-K,A.A. Alcolisti Anonimi – gruppo Varese,LOCAL_CLUB,Lombardia,VA,"P.zza Canonica, 8",C/o Parrocchia S. Vittore,21200,,,Settimanale,,,3357949082 / 800411406,,aa.varese@aa-arealombardia.it,,ARCAT Lombardia,,,45.8206,8.8251,APPROXIMATE_CITY,ACTIVE_VERIFIED_2026,,,,2026-09-21 11:39:47,2026-09-21 11:39:47,11
2868,SIC-W90KX8Y4-6C0GESP2-3,Alcolisti Anonimi – gruppo Ispra,LOCAL_CLUB,Lombardia,VA,Ispra,"C/o Casa parrocchiale - Via Madonnina del Grappa, 15",21027,,,Settimanale,,,3669056674 / 800411406,,aa.ispra@aa-arealombardia.ti,,ARCAT Lombardia,,,45.8206,8.8251,APPROXIMATE_CITY,ACTIVE_VERIFIED_2026,,,,2026-09-21 11:39:47,2026-09-21 11:39:47,11
2869,SIC-H5J5V9EX-V83X1YMC-R,Alcolisti Anonimi – gruppo Ritorno alla vita,LOCAL_CLUB,Lombardia,BG,Treviglio,Via Tommaso Crivelli 9/11,24047,,,Settimanale,,,3343949876 / 800411406,,aaitaly@tin.it,,ARCAT Lombardia,,,45.6983,9.6773,APPROXIMATE_CITY,ACTIVE_VERIFIED_2026,,,,2026-09-21 11:39:47,2026-09-21 11:39:47,11
2870,SIC-WC8DQCGT-3WFZM1YZ-S,A.A. Alcolisti Anonimi – Gruppo Saronno,LOCAL_CLUB,Lombardia,VA,Saronno,C/o oratorio Regina Pacis - Via Roma 119,21047,,,Settimanale,,,3343951786 / 800411406,,aasaronno@aa-arealombardia.it,,ARCAT Lombardia,,,45.8206,8.8251,APPROXIMATE_CITY,ACTIVE_VERIFIED_2026,,,,2026-09-21 11:39:47,2026-09-21 11:39:47,11
2871,SIC-Q8RGJCP5-JEQ06Y7Y-3,Alcolisti Anonimi – gruppo Arcobaleno,LOCAL_CLUB,Lombardia,BG,Seriate,Cc/o Oratorio Maschile - Via Monsignor Carozzi,24168,,,Settimanale,,,3343948604 / 800411406,,aaitaly@tin.it,,ARCAT Lombardia,,,45.6983,9.6773,APPROXIMATE_CITY,ACTIVE_VERIFIED_2026,,,,2026-09-21 11:39:47,2026-09-21 11:39:47,11
2872,SIC-W0E7265G-6S9GKHGG-B,Alcolisti Anonimi – gruppo Vivere Sobri,LOCAL_CLUB,Lombardia,BG,P.zza Marconi 2,C/o Centro Caritas,24060,,,Settimanale,,,3356078955 / 800411406,,aaitaly@tin.it,,ARCAT Lombardia,,,45.6983,9.6773,APPROXIMATE_CITY,ACTIVE_VERIFIED_2026,,,,2026-09-21 11:39:47,2026-09-21 11:39:47,11
2873,SIC-VKSR2FTJ-3ER4NZ9E-B,Alcolisti Anonimi – gruppo Brescia 1,LOCAL_CLUB,Lombardia,BS,Brescia,C/o Oratorio S. Antonio - Via Antegnati 17,25127,,,Settimanale,,,3347468109 / 800411406,,aaitaly@tin.it,,ARCAT Lombardia,,,45.5416,10.2118,APPROXIMATE_CITY,ACTIVE_VERIFIED_2026,,,,2026-09-21 11:39:47,2026-09-21 11:39:47,11
2874,SIC-MRA0MT6Y-YS6R07KR-B,Alcolisti Anonimi – gruppo La Madonnina,LOCAL_CLUB,Lombardia,BS,Via G. Bosco 22A,con ingresso pedonale e parcheggio in via Ester Roversi,25010,,,Settimanale,,,3346518186 / 800411406,,aaitaly@tin.it,,ARCAT Lombardia,,,45.5416,10.2118,APPROXIMATE_CITY,ACTIVE_VERIFIED_2026,,,,2026-09-21 11:39:47,2026-09-21 11:39:47,11
2875,SIC-8GM2G143-3MYXRBM3-2,Alcolisti Anonimi – gruppo Serenità,LOCAL_CLUB,Lombardia,BS,Brescia,C/o Casa Albergo - Via Altopiani d'Asiago 15,25127,,,Settimanale,,,3343950024 / 800411406,,aaitaly@tin.it,,ARCAT Lombardia,,,45.5416,10.2118,APPROXIMATE_CITY,ACTIVE_VERIFIED_2026,,,,2026-09-21 11:39:47,2026-09-21 11:39:47,11
2876,SIC-DHSKEEX4-AD7NF0FC-3,Alcolisti Anonimi – gruppo Leonessa,LOCAL_CLUB,Lombardia,BS,"Traversa XII, 12/a - Vill. Sereno",Cc/o Centro Socio Culturale,25125,,,Settimanale,,,3334252168 / 800411406,,aaitaly@tin.it,,ARCAT Lombardia,,,45.5416,10.2118,APPROXIMATE_CITY,ACTIVE_VERIFIED_2026,,,,2026-09-21 11:39:47,2026-09-21 11:39:47,11
2877,SIC-T9KCYT5E-CWYA5EDG-K,Alcolisti Anonimi – gruppo Sant’Andrea,LOCAL_CLUB,Lombardia,BS,Concesio,Via T. Antonelli 4,25062,,,Settimanale,,,3347345282 / 800411406,,aaitaly@tin.it,,ARCAT Lombardia,,,45.5416,10.2118,APPROXIMATE_CITY,ACTIVE_VERIFIED_2026,,,,2026-09-21 11:39:47,2026-09-21 11:39:47,11
2878,SIC-TVFXKDDF-ZYX80Q46-1,Alcolisti Anonimi – Gruppo Chiari,LOCAL_CLUB,Lombardia,BS,Chiari,C/o Centro Giovanile 2000 - Via Tagliata,25032,,,Settimanale,,,3356151701 / 800411406,,aaitaly@tin.it,,ARCAT Lombardia,,,45.5416,10.2118,APPROXIMATE_CITY,ACTIVE_VERIFIED_2026,,,,2026-09-21 11:39:47,2026-09-21 11:39:47,11
2879,SIC-JVT10S32-VCQQ6VDP-9,Alcolisti Anonimi – gruppo Gardone Val Trompia,LOCAL_CLUB,Lombardia,BS,Gardone Val Trompia,Via G. Zanardelli 350,25163,,,Settimanale,,,3371569070 / 800411406,,aaitaly@tin.it,,ARCAT Lombardia,,,45.5416,10.2118,APPROXIMATE_CITY,ACTIVE_VERIFIED_2026,,,,2026-09-21 11:39:47,2026-09-21 11:39:47,11
2880,SIC-0B9KGYGW-PJ6S9A6F-W,Alcolisti Anonimi – gruppo Alta Valle Camonica,LOCAL_CLUB,Lombardia,BS,Malonno,C/o ex Scuole elementari - Via Lava,25040,,,Settimanale,,,3334396268 / 800411406,,aaitaly@tin.it,,ARCAT Lombardia,,,45.5416,10.2118,APPROXIMATE_CITY,ACTIVE_VERIFIED_2026,,,,2026-09-21 11:39:47,2026-09-21 11:39:47,11
2881,SIC-PYT26FMH-QW93VYHF-K,Alcolisti Anonimi – gruppo In cammino,LOCAL_CLUB,Lombardia,BS,Darfo Boario Terme,C.so Italia 69,25047,,,Settimanale,,,3356111994 / 800411406,,aaitaly@tin.it,,ARCAT Lombardia,,,45.5416,10.2118,APPROXIMATE_CITY,ACTIVE_VERIFIED_2026,,,,2026-09-21 11:39:47,2026-09-21 11:39:47,11
2882,SIC-QBM58S5A-8RGR57XQ-W,Alcolisti Anonimi – gruppo Aurora,LOCAL_CLUB,Lombardia,BS,Desenzano del Garda,C/o Centro Sociale - Via Circonvallazione 31,25015,,,Settimanale,,,3347469789 / 800411406,,aaitaly@tin.it,,ARCAT Lombardia,,,45.5416,10.2118,APPROXIMATE_CITY,ACTIVE_VERIFIED_2026,,,,2026-09-21 11:39:47,2026-09-21 11:39:47,11
2883,SIC-YYK9PEMD-8X98V909-S,Alcolisti Anonimi – gruppo Ospitaletto,LOCAL_CLUB,Lombardia,BS,Ospitaletto,C/o Comunità Fraternità - Via Trepola 195,25035,,,Settimanale,,,3347469668 / 800411406,,aaitaly@tin.it,,ARCAT Lombardia,,,45.5416,10.2118,APPROXIMATE_CITY,ACTIVE_VERIFIED_2026,,,,2026-09-21 11:39:47,2026-09-21 11:39:47,11
2884,SIC-J02AGA0J-YDF8NXTA-W,Alcolisti Anonimi – Gruppo Manerbio,LOCAL_CLUB,Lombardia,BS,Manerbio,Via Palestro 55,25025,,,Settimanale,,,3356472956 / 800411406,,aa.manerbio@aa-arealombardia.it,,ARCAT Lombardia,,,45.5416,10.2118,APPROXIMATE_CITY,ACTIVE_VERIFIED_2026,,,,2026-09-21 11:39:47,2026-09-21 11:39:47,11
2885,SIC-ABVW54MW-P8CCT788-Y,Alcolisti Anonimi – gruppo Vighizzolo,LOCAL_CLUB,Lombardia,BS,Vighizzolo di Montichiari,"C/o Oratorio Parrocchia S. Giovanni - Via San Giovanni, 258",25018,,,Settimanale,,,3347468047 / 800411406,,aaitaly@tin.it,,ARCAT Lombardia,,,45.5416,10.2118,APPROXIMATE_CITY,ACTIVE_VERIFIED_2026,,,,2026-09-21 11:39:47,2026-09-21 11:39:47,11
2886,SIC-PXS1QD95-M6DK8930-1,Alcolisti Anonimi – Gruppo L’amicizia 2,LOCAL_CLUB,Lombardia,MI,P.zza Anselmo IV,C/o Centro Caritas,20813,,,Settimanale,,,3316566746 / 800411406,,aaitaly@tin.it,,ARCAT Lombardia,,,45.4642,9.19,APPROXIMATE_CITY,ACTIVE_VERIFIED_2026,,,,2026-09-21 11:39:47,2026-09-21 11:39:47,11
2887,SIC-1CEHQV70-2HAA7WKV-8,Alcolisti Anonimi – gruppo AA Palazzolo,LOCAL_CLUB,Lombardia,BS,Palazzolo sull'Oglio,C/o Centro diurno disabili - Via Roncaglie 2,25036,,,Settimanale,,,3356001289 / 800411406,,aaitaly@tin.it,,ARCAT Lombardia,,,45.5416,10.2118,APPROXIMATE_CITY,ACTIVE_VERIFIED_2026,,,,2026-09-21 11:39:47,2026-09-21 11:39:47,11
2888,SIC-34DH79PF-B41WKV5K-3,Alcolisti Anonimi – Gruppo Appartenenza,LOCAL_CLUB,Lombardia,MI,Buccinasco,C/o Cascina Robbiolo - Via Aldo Moro 7,20090,,,Settimanale,,,3347345304 / 800411406,,aaitaly@tin.it,,ARCAT Lombardia,,,45.4642,9.19,APPROXIMATE_CITY,ACTIVE_VERIFIED_2026,,,,2026-09-21 11:39:47,2026-09-21 11:39:47,11
2889,SIC-C2TF89ZW-48PY5YAP-M,Alcolisti Anonimi – Gruppo Il Carroccio,LOCAL_CLUB,Lombardia,MI,Legnano,c/o A.S.L. Distretto n. 4 - Via Savonarola 3,20025,,,Settimanale,,,3343953693 / 800411406,,aalegnano@aa-arealombardia.it,,ARCAT Lombardia,,,45.4642,9.19,APPROXIMATE_CITY,ACTIVE_VERIFIED_2026,,,,2026-09-21 11:39:47,2026-09-21 11:39:47,11
2890,SIC-WT342WA9-J8MAJ7G9-C,Alcolisti Anonimi – Gruppo Fuori dal tunnel,LOCAL_CLUB,Lombardia,MI,Arese,V.le dei Platani 6,20020,,,Settimanale,,,3357155687 / 800411406,,aaitaly@tin.it,,ARCAT Lombardia,,,45.4642,9.19,APPROXIMATE_CITY,ACTIVE_VERIFIED_2026,,,,2026-09-21 11:39:47,2026-09-21 11:39:47,11
2891,SIC-906E2AVB-S5QFH72T-C,Alcolisti Anonimi – gruppo Speranza III,LOCAL_CLUB,Lombardia,MI,Cernusco sul Naviglio,Via M. Buonarroti 57,20063,,,Settimanale,,,3666682740 / 800411406,,aaitaly@tin.it,,ARCAT Lombardia,,,45.4642,9.19,APPROXIMATE_CITY,ACTIVE_VERIFIED_2026,,,,2026-09-21 11:39:47,2026-09-21 11:39:47,11
2892,SIC-5GS05H47-WWVJ13ZH-D,Alcolisti Anonimi – gruppo Malegno,LOCAL_CLUB,Lombardia,BS,Malegno,Via Cava 36,25030,,,Settimanale,,,3356016856 / 800411406,,aaitaly@tin.it,,ARCAT Lombardia,,,45.5416,10.2118,APPROXIMATE_CITY,ACTIVE_VERIFIED_2026,,,,2026-09-21 11:39:47,2026-09-21 11:39:47,11
2893,SIC-D9V3CBXB-48YZF5VT-0,Alcolisti Anonimi – gruppo Speranza,LOCAL_CLUB,Lombardia,MI,Brugherio,Via Oberdan 83,20861,,,Settimanale,,,3316705318 / 800411406,,aaitaly@tin.it,,ARCAT Lombardia,,,45.4642,9.19,APPROXIMATE_CITY,ACTIVE_VERIFIED_2026,,,,2026-09-21 11:39:47,2026-09-21 11:39:47,11
2894,SIC-73X9QCBX-YG5N5RDH-2,Alcolisti Anonimi – Gruppo Ticinese,LOCAL_CLUB,Lombardia,MI,Milano,C/o Comunità di San Egidio (vicino a San Vittore) - Via Olivetani 3,20100,,,Settimanale,,,3343949766 / 800411406,,pierbellavite@gmail.com,,ARCAT Lombardia,,,45.4642,9.19,APPROXIMATE_CITY,ACTIVE_VERIFIED_2026,,,,2026-09-21 11:39:47,2026-09-21 11:39:47,11
2895,SIC-QS9GBBD5-4KPC7EKA-1,Alcolisti Anonimi – Gruppo Barona Nuovi Orizzonti,LOCAL_CLUB,Lombardia,MI,Milano,C/o Parrocchia San Nazzaro e Celso - Via Zumbini 19,20143,,,Settimanale,,,3334326273 / 800411406,,aaitaly@tin.it,,ARCAT Lombardia,,,45.4642,9.19,APPROXIMATE_CITY,ACTIVE_VERIFIED_2026,,,,2026-09-21 11:39:47,2026-09-21 11:39:47,11
2896,SIC-Q7GEFYV3-82AHZQDP-5,Alcolisti Anonimi – gruppo Vita Nuova,LOCAL_CLUB,Lombardia,MI,Cassano d-Adda,C/o Spazio città - Via G. Versi 26,20062,,,Settimanale,,,3316560975 / 800411406,,aaitaly@tin.it,,ARCAT Lombardia,,,45.4642,9.19,APPROXIMATE_CITY,ACTIVE_VERIFIED_2026,,,,2026-09-21 11:39:47,2026-09-21 11:39:47,11
2897,SIC-91TNBFVC-W7VCZFXF-6,Alcolisti Anonimi – Gruppo Desio,LOCAL_CLUB,Lombardia,MI,Desio,Cc/o Il Centro - Via Portichetto 19,20832,,,Settimanale,,,3669047797 / 800411406,,aaitaly@tin.it,,ARCAT Lombardia,,,45.4642,9.19,APPROXIMATE_CITY,ACTIVE_VERIFIED_2026,,,,2026-09-21 11:39:47,2026-09-21 11:39:47,11
2898,SIC-XBZ1VFFQ-V1N0Z0PF-M,Alcolisti Anonimi – Gruppo Al Carmine,LOCAL_CLUB,Lombardia,MI,Milano,C/o Oratorio - Via del Carmine 10,20121,,,Settimanale,,,3355351617 / 800411406,,aaitaly@tin.it,,ARCAT Lombardia,,,45.4642,9.19,APPROXIMATE_CITY,ACTIVE_VERIFIED_2026,,,,2026-09-21 11:39:47,2026-09-21 11:39:47,11
2899,SIC-EXS6TAZZ-RQHTWGVZ-F,Alcolisti Anonimi – gruppo Milano Uno,LOCAL_CLUB,Lombardia,MI,Milano,C/o Parrocchia B.V. Addolorata - Via Stratico 9/11,20148,,,Settimanale,,,3351779151 / 800411406,,aaitaly@tin.it,,ARCAT Lombardia,,,45.4642,9.19,APPROXIMATE_CITY,ACTIVE_VERIFIED_2026,,,,2026-09-21 11:39:47,2026-09-21 11:39:47,11
2900,SIC-KGFZ0MBG-C7160DFH-T,Alcolisti Anonimi – gruppo Fraternità,LOCAL_CLUB,Lombardia,MI,Milano,C/o Chiesa S. Martiri - Via Ojetti ang. Via Betti,20151,,,Settimanale,,,3356123498 / 800411406,,aaitaly@tin.it,,ARCAT Lombardia,,,45.4642,9.19,APPROXIMATE_CITY,ACTIVE_VERIFIED_2026,,,,2026-09-21 11:39:47,2026-09-21 11:39:47,11
2901,SIC-5KA52Z3B-A4YNDQT8-T,Alcolisti Anonimi – Gruppo Kolbe,LOCAL_CLUB,Lombardia,MI,V.le Corsica 68,C/o Centro Kolbe,20137,,,Settimanale,,,3343952573 / 800411406,,aaitaly@tin.it,,ARCAT Lombardia,,,45.4642,9.19,APPROXIMATE_CITY,ACTIVE_VERIFIED_2026,,,,2026-09-21 11:39:47,2026-09-21 11:39:47,11
2902,SIC-JKB7T70P-C3VM8WYG-Z,Alcolisti Anonimi – gruppo Il Girasole,LOCAL_CLUB,Lombardia,MI,Milano,C/o Parrocchia S.M. del Suffragio - Via Bonvesin de la Riva 2,20129,,,Settimanale,,,3394480334 / 800411406,,aaitaly@tin.it,,ARCAT Lombardia,,,45.4642,9.19,APPROXIMATE_CITY,ACTIVE_VERIFIED_2026,,,,2026-09-21 11:39:47,2026-09-21 11:39:47,11
2903,SIC-NZ94PX8M-AN6FEQDQ-P,Alcolisti Anonimi – gruppo Speranza,LOCAL_CLUB,Lombardia,MI,Monza,C/o Centro Civico Cantalupo - Via Cederna 19,20900,,,Settimanale,,,3316571157 / 800411406,,aaitaly@tin.it,,ARCAT Lombardia,,,45.4642,9.19,APPROXIMATE_CITY,ACTIVE_VERIFIED_2026,,,,2026-09-21 11:39:47,2026-09-21 11:39:47,11
2904,SIC-XK5H8QXY-XK9N46BQ-D,Alcolisti Anonimi – Gruppo Wagner,LOCAL_CLUB,Lombardia,MI,P.zza Wagner 2,C/o Parrocchia San Pietro in Sala,20145,,,Settimanale,,,3343951471 / 800411406,,aaitaly@tin.it,,ARCAT Lombardia,,,45.4642,9.19,APPROXIMATE_CITY,ACTIVE_VERIFIED_2026,,,,2026-09-21 11:39:47,2026-09-21 11:39:47,11
2905,SIC-P5D4834Y-KNX3TZ2W-Q,Alcolisti Anonimi – Gruppo Novate Milanese,LOCAL_CLUB,Lombardia,MI,Novate Milanese,C/o Parrocchia S. Carlo - Via Gran Paradiso 2/4,20026,,,Settimanale,,,3343959674 / 800411406,,aanovate@aa-arealombardia.it,,ARCAT Lombardia,,,45.4642,9.19,APPROXIMATE_CITY,ACTIVE_VERIFIED_2026,,,,2026-09-21 11:39:47,2026-09-21 11:39:47,11
2906,SIC-DZ6QWN9C-DW1RTD3S-G,Alcolisti Anonimi – Gruppo Il Risveglio,LOCAL_CLUB,Lombardia,MI,Rho,c/o Centro Civico Stellanda - Via Giuseppe Giusti 2,20017,,,Settimanale,,,3343949583 / 800411406,,aarho@aa-arealombardia.it,,ARCAT Lombardia,,,45.4642,9.19,APPROXIMATE_CITY,ACTIVE_VERIFIED_2026,,,,2026-09-21 11:39:47,2026-09-21 11:39:47,11
2907,SIC-QKYHK9QH-PANVZ0W0-7,Alcolisti Anonimi – gruppo Muggiò,LOCAL_CLUB,Lombardia,MI,Muggiò,C/o Casa Albergo - Via San Carlo 1,20835,,,Settimanale,,,3356083972 / 800411406,,aaitaly@tin.it,,ARCAT Lombardia,,,45.4642,9.19,APPROXIMATE_CITY,ACTIVE_VERIFIED_2026,,,,2026-09-21 11:39:47,2026-09-21 11:39:47,11
2908,SIC-EJ0R5A8Z-HH6EW36Y-8,Alcolisti Anonimi – gruppo Seregno,LOCAL_CLUB,Lombardia,MI,Seregno,Cc/o NOA - Via Vincenzo Bellini 1,20831,,,Settimanale,,,3666813478 / 800411406,,aaitaly@tin.it,,ARCAT Lombardia,,,45.4642,9.19,APPROXIMATE_CITY,ACTIVE_VERIFIED_2026,,,,2026-09-21 11:39:47,2026-09-21 11:39:47,11
2909,SIC-J3N84CK2-GZJ821B3-8,Alcolisti Anonimi – gruppo Sesto San Giovanni,LOCAL_CLUB,Lombardia,MI,Sesto S. Giovanni,C/o Struttura comunale - Via Rovani 217,20099,,,Settimanale,,,3357232799 / 800411406,,grupposesto@aa-arealombardia.it,,ARCAT Lombardia,,,45.4642,9.19,APPROXIMATE_CITY,ACTIVE_VERIFIED_2026,,,,2026-09-21 11:39:47,2026-09-21 11:39:47,11
2910,SIC-T3X2YYYX-8927YJAK-R,Alcolisti Anonimi – gruppo San Donato,LOCAL_CLUB,Lombardia,MI,P.zza Pio XII 1,c/o Parrocchia,20097,,,Settimanale,,,3355463328 / 800411406,,aaitaly@tin.it,,ARCAT Lombardia,,,45.4642,9.19,APPROXIMATE_CITY,ACTIVE_VERIFIED_2026,,,,2026-09-21 11:39:47,2026-09-21 11:39:47,11
2911,SIC-H1WCYM4X-36437VYN-8,Alcolisti Anonimi – Gruppo Il sorriso,LOCAL_CLUB,Lombardia,MI,Vimercate,C/o Oratorio maschile - Via Val Camonica 21,20871,,,Settimanale,,,3371558834 / 800411406,,aaitaly@tin.it,,ARCAT Lombardia,,,45.4642,9.19,APPROXIMATE_CITY,ACTIVE_VERIFIED_2026,,,,2026-09-21 11:39:47,2026-09-21 11:39:47,11
2912,SIC-D63AJPTY-WTZ9AB8Z-Z,ACAT CARATE BRIANZA – Cat Verano Brianza,TERRITORIAL_ACAT,Lombardia,MI,Verano Brianza,C/o Comune - Via N. Sauro 24,20843,,,Settimanale,,,3204251808,,somarecesare@yahoo.it,,ARCAT Lombardia,,,45.4642,9.19,APPROXIMATE_CITY,ACTIVE_VERIFIED_2026,,,,2026-09-21 11:39:47,2026-09-21 11:39:47,11
2913,SIC-SWW6MAZJ-7ZV8GQFW-1,C.A.T. Club degli alcolisti in trattamento,LOCAL_CLUB,Abruzzo,CH,Lanciano,Via Ortona (Zona Olmo di Riccio 3),66034,,,Settimanale,,,0872710591 / 3396352005,,arcatabruzzo@gmail.com,,ARCAT Abruzzo,,,42.351,14.1675,APPROXIMATE_CITY,ACTIVE_VERIFIED_2026,,,,2026-09-21 11:39:47,2026-09-21 11:39:47,11
2914,SIC-X826R2YY-S26NG2VZ-R,Alcolisti Anonimi – gruppo I laghi,LOCAL_CLUB,Lombardia,CO,Erba,C/o Parrocchia SS. Pietro e Paolo - Via Marconi 20,22036,,,Settimanale,,,3343953111 / 800411406,,aaitaly@tin.it,,ARCAT Lombardia,,,45.8081,9.0852,APPROXIMATE_CITY,ACTIVE_VERIFIED_2026,,,,2026-09-21 11:39:47,2026-09-21 11:39:47,11
2915,SIC-EF40HEWV-RA7PT6ZJ-2,C.E.I.S. – Gruppo G.A.P. (Gruppo per familiari di giocatori patologici),LOCAL_CLUB,Abruzzo,PE,Pescara,V.le V. Colonna 8,65123,,,Settimanale,,,0854151199,,ceis.pe@cespe.net,,ARCAT Abruzzo,,,42.4618,14.2161,APPROXIMATE_CITY,ACTIVE_VERIFIED_2026,,,,2026-09-21 11:39:47,2026-09-21 11:39:47,11
2916,SIC-F8SBZEQB-NAFWEYT9-K,NA NARCOTICI ANONIMI ITALIA – gruppo L’unità,LOCAL_CLUB,Piemonte,TO,Torino,"Via Federico Campana, 28",10125,,,Settimanale,,,3391875713,,torino@na-italia.org,,ARCAT Piemonte,,,45.0703,7.6869,APPROXIMATE_CITY,ACTIVE_VERIFIED_2026,,,,2026-09-21 11:39:47,2026-09-21 11:39:47,11
2917,SIC-BEMF853W-SD9WYE2P-M,SERVIZIO DIPENDENZE PATOLOGICHE ASL 15 CUNEO – Gruppo “Insieme per non fumare più”,LOCAL_CLUB,Piemonte,CN,Cuneo,"C.so Francia, 10",12100,,,Settimanale,,,0171450176,,distretto.sudovest@aslcn1.it,,ARCAT Piemonte,,,44.3845,7.5427,APPROXIMATE_CITY,ACTIVE_VERIFIED_2026,,,,2026-09-21 11:39:47,2026-09-21 11:39:47,11
2918,SIC-55RHPSQB-WVAWPJTV-7,GRUPPI DI AUTO AIUTO – AREA METROPOLITANA DI BOLOGNA – CAT San Luca,LOCAL_CLUB,Emilia-Romagna,BO,Bologna,C/o Sala Roncati Casa della Comunità Porto Saragozza - Via S. Isaia 94/A,40100,,,Settimanale,,,3470415231,,patriziaguccini46@gmail.com,,ARCAT Emilia-Romagna,,,44.4949,11.3426,APPROXIMATE_CITY,ACTIVE_VERIFIED_2026,,,,2026-09-21 11:39:47,2026-09-21 11:39:47,11
2919,SIC-P8T84P02-3K8EFDXM-Z,GRUPPI DI AUTO AIUTO – AREA METROPOLITANA DI BOLOGNA – CAT Castenaso e Granarolo dell’Emilia,LOCAL_CLUB,Emilia-Romagna,BO,P.zza Mandini 8,C/o saletta condominiale,40055,,,Settimanale,,,366377245,,r.carli@ausl.bologna.it,,ARCAT Emilia-Romagna,,,44.4949,11.3426,APPROXIMATE_CITY,ACTIVE_VERIFIED_2026,,,,2026-09-21 11:39:47,2026-09-21 11:39:47,11
2920,SIC-7AKQAFCK-VXTRH68V-H,GRUPPI DI AUTO AIUTO – AREA METROPOLITANA DI BOLOGNA – ACAT della pianura bolognese e del circondario di Imola,TERRITORIAL_ACAT,Emilia-Romagna,BO,Castel Maggiore,"C/o Centro sociale ""Sandro Pertini"" - Via Lirone 30",40013,,,Settimanale,,,3663377245,,acatbolognaimola@gmail.com,,ARCAT Emilia-Romagna,,,44.4949,11.3426,APPROXIMATE_CITY,ACTIVE_VERIFIED_2026,,,,2026-09-21 11:39:47,2026-09-21 11:39:47,11
2921,SIC-W08XDRD1-Q5J55MW3-4,GRUPPI DI AUTO AIUTO – AREA METROPOLITANA DI BOLOGNA – CAT Castel Maggiore,LOCAL_CLUB,Emilia-Romagna,BO,Castelmaggiore,P.zza 2 agosto 1980 2,40013,,,Settimanale,,,3663377245,,arcat.emiliaromagna@gmail.com,,ARCAT Emilia-Romagna,,,44.4949,11.3426,APPROXIMATE_CITY,ACTIVE_VERIFIED_2026,,,,2026-09-21 11:39:47,2026-09-21 11:39:47,11
2922,SIC-93YKNS85-M2D8JR87-G,CAT Budrio,LOCAL_CLUB,Emilia-Romagna,BO,Budrio,"C/o Sala Comunale ""Esse"" - Via Garibaldi, 39",40054,,,Settimanale,,,3355719683,,m.viaggi@ausl.bologna.it,,ARCAT Emilia-Romagna,,,44.4949,11.3426,APPROXIMATE_CITY,ACTIVE_VERIFIED_2026,,,,2026-09-21 11:39:47,2026-09-21 11:39:47,11
2923,SIC-TGTEYZVJ-6994655H-W,Gruppo “ANR” Familiari di persone con problemi di tossicodipendenza,LOCAL_CLUB,Emilia-Romagna,BO,Bologna,"Cc/o Centro Civico Corticella - Via Gorki, 12",40128,,,Settimanale,,,3381142924 / 3388241748,,anrnastrorosso@gmail.com,,ARCAT Emilia-Romagna,,,44.4949,11.3426,APPROXIMATE_CITY,ACTIVE_VERIFIED_2026,,,,2026-09-21 11:39:47,2026-09-21 11:39:47,11
2924,SIC-YXNQFQZC-05BD9EH3-E,Acat Bologna – cat Medicina,TERRITORIAL_ACAT,Emilia-Romagna,BO,Medicina,C/o Villa Pasi - Via Turati 8,40059,,,Settimanale,,,3425748523,,stefanodondina@gmail.com,,ARCAT Emilia-Romagna,,,44.4949,11.3426,APPROXIMATE_CITY,ACTIVE_VERIFIED_2026,,,,2026-09-21 11:39:47,2026-09-21 11:39:47,11
2925,SIC-44C8PK04-5YRX3ZTK-B,Alcolisti Anonimi – Gruppo Empoli,LOCAL_CLUB,Toscana,FI,Empoli,Via San Mamante 44,50035,,,Settimanale,,,3343956540 / 800411406,,aaempoli@gmail.com,,ARCAT Toscana,,,43.7696,11.2558,APPROXIMATE_CITY,ACTIVE_VERIFIED_2026,,,,2026-09-21 11:39:47,2026-09-21 11:39:47,11
2926,SIC-KZVJGWX4-2X50NZKS-R,Alcolisti Anonimi – Gruppo Le cure,LOCAL_CLUB,Toscana,FI,Firenze,C/o Chiesa di San Marco Vecchio - Via Faentina 131,50133,,,Settimanale,,,3356738491 / 800411406,,aalecure@gmail.com,,ARCAT Toscana,,,43.7696,11.2558,APPROXIMATE_CITY,ACTIVE_VERIFIED_2026,,,,2026-09-21 11:39:47,2026-09-21 11:39:47,11
2927,SIC-CHPXBNET-Y0RA5Q9P-F,Alcolisti Anonimi – Gruppo Vivere,LOCAL_CLUB,Toscana,AR,Cortona,Pieve San Michele Arcangelo e Metelliano,52044,,,Settimanale,,,3371117462 / 800411406,,alcolistanonimi.gruppovivere@gmail.com,,ARCAT Toscana,,,43.4632,11.8796,APPROXIMATE_CITY,ACTIVE_VERIFIED_2026,,,,2026-09-21 11:39:47,2026-09-21 11:39:47,11
2928,SIC-1VVFG5DS-EM3VA4CZ-G,Alcolisti Anonimi – Gruppo Le due porte,LOCAL_CLUB,Toscana,FI,Firenze,C/o Parrocchia S. Francesco - Via M. Mercati 3,50139,,,Settimanale,,,3343956119 / 800411406,,ledueporte2005@gmail.com,,ARCAT Toscana,,,43.7696,11.2558,APPROXIMATE_CITY,ACTIVE_VERIFIED_2026,,,,2026-09-21 11:39:47,2026-09-21 11:39:47,11
2929,SIC-5TRA72VG-72Q4V9K0-P,Alcolisti Anonimi – Gruppo Le mimose,LOCAL_CLUB,Toscana,FI,Firenze,C/o Albergo popolare - Via Aceri 1,50142,,,Settimanale,,,3358394346 / 800411406,,a.a.lemimosefirenze@gmail.com,,ARCAT Toscana,,,43.7696,11.2558,APPROXIMATE_CITY,ACTIVE_VERIFIED_2026,,,,2026-09-21 11:39:47,2026-09-21 11:39:47,11
2930,SIC-9K6WTQET-BXZ0A5JD-M,Alcolisti Anonimi – Gruppo Rinasco,LOCAL_CLUB,Toscana,FI,Firenze,C/o S.Maria a Coverciano - Via Manni 85,50135,,,Settimanale,,,3666679931 / 800411406,,a.a.rinascofirenze@gmail.com,,ARCAT Toscana,,,43.7696,11.2558,APPROXIMATE_CITY,ACTIVE_VERIFIED_2026,,,,2026-09-21 11:39:47,2026-09-21 11:39:47,11
2931,SIC-P28K2R4R-TXDFVFC3-0,Alcolisti Anonimi – Gruppo Mugello,LOCAL_CLUB,Toscana,FI,C.so Matteotti 231,C/o Gruppo giovanile salesiani,50032,,,Settimanale,,,3356409303 / 800411406,,gruppomugello@gmail.com,,ARCAT Toscana,,,43.7696,11.2558,APPROXIMATE_CITY,ACTIVE_VERIFIED_2026,,,,2026-09-21 11:39:47,2026-09-21 11:39:47,11
2932,SIC-HKV6MSJ5-W344AWX7-C,Alcolisti Anonimi – Gruppo San Frediano,LOCAL_CLUB,Toscana,FI,Firenze,C/o Albergo Popolare - Via della Chiesa 66,50125,,,Settimanale,,,3357323879 / 800411406,,sanfredianogruppoaa@gmail.com,,ARCAT Toscana,,,43.7696,11.2558,APPROXIMATE_CITY,ACTIVE_VERIFIED_2026,,,,2026-09-21 11:39:47,2026-09-21 11:39:47,11
2933,SIC-JNPFPK30-ZJ70N2FV-Y,Alcolisti Anonimi – Gruppo Puccini,LOCAL_CLUB,Toscana,LU,Lucca,C/0 Parrocchia S. Anna - Via Buonamici 381,55100,,,Settimanale,,,3669040385 / 800411406,,aagruppolucca@gmail.com,,ARCAT Toscana,,,43.843,10.5079,APPROXIMATE_CITY,ACTIVE_VERIFIED_2026,,,,2026-09-21 11:39:47,2026-09-21 11:39:47,11
2934,SIC-TTFDXE8Y-3RSN8QGF-F,Alcolisti Anonimi – Gruppo Il messaggio,LOCAL_CLUB,Toscana,FI,Prato,C/o Cenacolo Francescano - Via Armando Diaz 15,50047,,,Settimanale,,,3343953416 / 800411406,,a.a.ilmessaggioprato@gmail.com,,ARCAT Toscana,,,43.7696,11.2558,APPROXIMATE_CITY,ACTIVE_VERIFIED_2026,,,,2026-09-21 11:39:47,2026-09-21 11:39:47,11
2935,SIC-P490PC5R-WAADXHNT-N,Alcolisti Anonimi – Gruppo Primavera 90,LOCAL_CLUB,Toscana,LU,Pieve a Nievole,C/o C.E.I.S. - Via Bruno Buozzi 33,55118,,,Settimanale,,,3343956304 / 800411406,,aaprimavera90@gmail.com,,ARCAT Toscana,,,43.843,10.5079,APPROXIMATE_CITY,ACTIVE_VERIFIED_2026,,,,2026-09-21 11:39:47,2026-09-21 11:39:47,11
2936,SIC-4W5D7CAG-DVFY59PB-G,Alcolisti Anonimi – Gruppo La speranza,LOCAL_CLUB,Toscana,SI,Siena,Via A. Sansedoni 2,53100,,,Settimanale,,,3343956011 / 800411406,,aasienagruppolasperanza@gmail.com,,ARCAT Toscana,,,43.3188,11.3308,APPROXIMATE_CITY,ACTIVE_VERIFIED_2026,,,,2026-09-21 11:39:47,2026-09-21 11:39:47,11
2937,SIC-KJY554KY-CANVG0Y0-M,Alcolisti Anonimi – Gruppo Il Carmine,LOCAL_CLUB,Toscana,PI,Pisa,C/o Parrocchia Immacolata Concezione di Maria - Via V. Cuoco 1,56100,,,Settimanale,,,3346222533 / 800411406,,gruppoaapisa@gmail.com,,ARCAT Toscana,,,43.7228,10.4017,APPROXIMATE_CITY,ACTIVE_VERIFIED_2026,,,,2026-09-21 11:39:47,2026-09-21 11:39:47,11
2938,SIC-BH20MPAQ-2FN9MEFY-6,NA NARCOTICI ANONIMI ITALIA – Gruppo Il messaggio,LOCAL_CLUB,Toscana,FI,Firenze,C/o Associazione Lila Toscana - Via delle Casine 12/r,50100,,,Settimanale,,,3247787294,,ilmessaggio@na-italia.org,,ARCAT Toscana,,,43.7696,11.2558,APPROXIMATE_CITY,ACTIVE_VERIFIED_2026,,,,2026-09-21 11:39:47,2026-09-21 11:39:47,11
2939,SIC-XVDD6BAP-M4R6H939-5,GA – ASSOCIAZIONE GIOCATORI ANONIMI ITALIA – Firenze “Le piagge”,LOCAL_CLUB,Toscana,FI,Firenze,"Via Liguria, 11 c/o Laboratorio Bricolandia",50145,,,Settimanale,,,3382166566,,firenze@giocatorianonimi.org,,ARCAT Toscana,,,43.7696,11.2558,APPROXIMATE_CITY,ACTIVE_VERIFIED_2026,,,,2026-09-21 11:39:47,2026-09-21 11:39:47,11
2940,SIC-BDAKG68D-PP2DCHGT-F,GA – ASSOCIAZIONE GIOCATORI ANONIMI ITALIA – Firenze “Gavinana”,LOCAL_CLUB,Toscana,FI,Firenze,"Via Carlo Marsuppini, 7 c/o S.Maria a Ricorboli",50125,,,Settimanale,,,3382166566,,firenze@giocatorianonimi.org,,ARCAT Toscana,,,43.7696,11.2558,APPROXIMATE_CITY,ACTIVE_VERIFIED_2026,,,,2026-09-21 11:39:47,2026-09-21 11:39:47,11
2941,SIC-AZP3TA66-Y6F0Z6RB-6,GA – ASSOCIAZIONE GIOCATORI ANONIMI ITALIA – Poggibonsi – Colle,LOCAL_CLUB,Toscana,SI,Poggibonsi,"Via della Costituzione, 27 c/o Parrocchia di S.Giuseppe",53036,,,Settimanale,,,3881783166,,poggibonsi@giocatorianonimi.org,,ARCAT Toscana,,,43.3188,11.3308,APPROXIMATE_CITY,ACTIVE_VERIFIED_2026,,,,2026-09-21 11:39:47,2026-09-21 11:39:47,11
2942,SIC-0RQ099BE-3GS6VVZH-F,AL-ANON – Gruppo Il Messaggio,LOCAL_CLUB,Toscana,PO,Prato,C/o Convento Frati Cappuccini - Via A. Diaz 15,59100,,,Settimanale,,,0258018230 / 800087897,,usg@al-anon.it,,ARCAT Toscana,,,43.8777,11.1022,APPROXIMATE_CITY,ACTIVE_VERIFIED_2026,,,,2026-09-21 11:39:47,2026-09-21 11:39:47,11
2943,SIC-4MV6QVXZ-7MRAVW2Q-M,Alcolisti Anonimi – Gruppo Sincerità Merano,LOCAL_CLUB,Trentino-Alto Adige,TN,Merano,P.zza Duomo entrata Vicolo Passiria 7,38012,,,Settimanale,,,3346468163 / 800411406,,info@aaitaly.it,,APCAT Trentino,,,46.0679,11.1211,APPROXIMATE_CITY,ACTIVE_VERIFIED_2026,,,,2026-09-21 11:39:47,2026-09-21 11:39:47,11
2944,SIC-BX8HAG55-XPYAHQAF-Y,Alcolisti Anonimi – Gruppo Borgo Valsugana,LOCAL_CLUB,Trentino-Alto Adige,TN,Borgo Valsugana,C/o Oratorio Parrocchiale - Via XXIV Maggio,38050,,,Settimanale,,,3343951736 / 3316653251,,borgogruppo.aa@gmail.com,,APCAT Trentino,,,46.0679,11.1211,APPROXIMATE_CITY,ACTIVE_VERIFIED_2026,,,,2026-09-21 11:39:47,2026-09-21 11:39:47,11
2945,SIC-CHEJMDS4-1D2B3WP4-Z,Alcolisti Anonimi – Gruppo Amicizia Lizzana,LOCAL_CLUB,Trentino-Alto Adige,TN,Rovereto,"Via Giovanni Panizza, 17",38068,,,Settimanale,,,3341888043 / 800411406,,alcolistianonimi.lizzana@gmail.com,,APCAT Trentino,,,46.0679,11.1211,APPROXIMATE_CITY,ACTIVE_VERIFIED_2026,,,,2026-09-21 11:39:47,2026-09-21 11:39:47,11
2946,SIC-BM9252V4-6CZ6MNJ4-9,Alcolisti Anonimi – Gruppo Trento,LOCAL_CLUB,Trentino-Alto Adige,TN,Trento,"C/o Casa Parrocchiale - Via alla Formigheta, 13-15",38121,,,Settimanale,,,3316709856 / 800411406,,alcolistianonimitrento@gmail.com,,APCAT Trentino,,,46.0679,11.1211,APPROXIMATE_CITY,ACTIVE_VERIFIED_2026,,,,2026-09-21 11:39:47,2026-09-21 11:39:47,11
2947,SIC-4W2KS2MA-YYWZ1QE2-4,Alcolisti Anonimi – Gruppo Rovereto,LOCAL_CLUB,Trentino-Alto Adige,TN,Rovereto,"Via Leonardo da Vinci, 17",38068,,,Settimanale,,,3357176061 / 800411406,,aarovereto1984@gmail.com,,APCAT Trentino,,,46.0679,11.1211,APPROXIMATE_CITY,ACTIVE_VERIFIED_2026,,,,2026-09-21 11:39:47,2026-09-21 11:39:47,11
2948,SIC-F8MHDX5Y-ZXBVN3AW-S,AL-ANON – Gruppo Europa,LOCAL_CLUB,Trentino-Alto Adige,BZ,Bolzano,V.le Europa 53,39100,,,Settimanale,,,0258018230 / 800087897,,usg@al-anon.it,,APCAT Trentino,,,46.4983,11.3548,APPROXIMATE_CITY,ACTIVE_VERIFIED_2026,,,,2026-09-21 11:39:47,2026-09-21 11:39:47,11
2949,SIC-5H0JQ4RD-R0C3YAKF-A,AL-ANON – Gruppo Borgo Valsugana,LOCAL_CLUB,Trentino-Alto Adige,TN,Borgo Valsugana,C/o Oratorio - Via 24 Maggio 16,38051,,,Settimanale,,,0258018230 / 800087897,,usg@al-anon.it,,APCAT Trentino,,,46.0679,11.1211,APPROXIMATE_CITY,ACTIVE_VERIFIED_2026,,,,2026-09-21 11:39:47,2026-09-21 11:39:47,11
2950,SIC-B4ETZ0CD-95PWTFPH-2,AL-ANON – Gruppo Amicizia,LOCAL_CLUB,Trentino-Alto Adige,TN,Lizzana di Rovereto,"C/o Sala Circoscrizione - Via Panizza, 17",38068,,,Settimanale,,,0258018230 / 800087897,,usg@al-anon.it,,APCAT Trentino,,,46.0679,11.1211,APPROXIMATE_CITY,ACTIVE_VERIFIED_2026,,,,2026-09-21 11:39:47,2026-09-21 11:39:47,11
2951,SIC-00BC6ZDN-AHR26TYP-V,AL-ANON – Gruppo di Brunico See_Bockhaus_Oberangen,LOCAL_CLUB,Trentino-Alto Adige,BZ,Brunico,See Bockhaus - Oberangen,39031,,,Settimanale,,,0258018230 / 800087897,,usg@al-anon.it,,APCAT Trentino,,,46.4983,11.3548,APPROXIMATE_CITY,ACTIVE_VERIFIED_2026,,,,2026-09-21 11:39:47,2026-09-21 11:39:47,11
2952,SIC-QQVTRC84-64V879Z3-5,AL-ANON – Gruppo Rovereto,LOCAL_CLUB,Trentino-Alto Adige,TN,Rovereto (Loc. Fucine),C/o Sala Circoscrizionale - Via Leonardo Da Vinci 5,38068,,,Settimanale,,,0258018230 / 800087897,,grupporovereto.alanon@gmail.com,,APCAT Trentino,,,46.0679,11.1211,APPROXIMATE_CITY,ACTIVE_VERIFIED_2026,,,,2026-09-21 11:39:47,2026-09-21 11:39:47,11
2953,SIC-4MSCP1Y4-N1DAKAFM-M,AL-ANON – Gruppo St. Etienne,LOCAL_CLUB,Valle d'Aosta,AO,Aosta,"C/o parrocchia. St. Etienne - Via Martine, 16",11100,,,Settimanale,,,0258018231 / 800087897,,usg@al-anon.it,,ARCAT Valle d'Aosta,,,45.737,7.319,APPROXIMATE_CITY,ACTIVE_VERIFIED_2026,,,,2026-09-21 11:39:47,2026-09-21 11:39:47,11
2954,SIC-DNR7BVMN-R90S6R84-4,AL-ANON – Gruppo Figli Adulti Granta Parey,LOCAL_CLUB,Valle d'Aosta,AO,Aosta,C/o Centro Servizi Volontariato - Via Avondo 8,11100,,,Settimanale,,,0258018231 / 800087897,,usg@al-anon.it,,ARCAT Valle d'Aosta,,,45.737,7.319,APPROXIMATE_CITY,ACTIVE_VERIFIED_2026,,,,2026-09-21 11:39:47,2026-09-21 11:39:47,11
2955,SIC-J6EVYRSB-8TNAKAY5-P,AL-ANON – Gruppo Semplicità,LOCAL_CLUB,Valle d'Aosta,AO,Aosta,C/o Parrocchia S. Martin - Via S. Martin De Corleans,11100,,,Settimanale,,,0258018231 / 800087897,,usg@al-anon.it,,ARCAT Valle d'Aosta,,,45.737,7.319,APPROXIMATE_CITY,ACTIVE_VERIFIED_2026,,,,2026-09-21 11:39:47,2026-09-21 11:39:47,11
2956,SIC-F9FAPXWN-X9FCF3AN-Q,ALATEEN – Gruppo Calamita,LOCAL_CLUB,Valle d'Aosta,AO,Aosta,C/o parroccha - Via S. Martin De Corleans,11100,,,Settimanale,,,3889530816 / 800087897,,usg@al-anon.it,,ARCAT Valle d'Aosta,,,45.737,7.319,APPROXIMATE_CITY,ACTIVE_VERIFIED_2026,,,,2026-09-21 11:39:47,2026-09-21 11:39:47,11
2957,SIC-VVTXB98W-3JRZ21SQ-7,Alcolisti Anonimi – Gruppo Semplicità,LOCAL_CLUB,Valle d'Aosta,AO,Aosta,C/o Parrocchia - Via S. Martin de Corleans,11100,,,Settimanale,,,3343949040 / 800411406,,aaitaly@tin.it,,ARCAT Valle d'Aosta,,,45.737,7.319,APPROXIMATE_CITY,ACTIVE_VERIFIED_2026,,,,2026-09-21 11:39:47,2026-09-21 11:39:47,11
2958,SIC-XFXXQ1Q7-YPV52NRT-9,CAT ALTO ADIGE – Club “Putia 2”,LOCAL_CLUB,Trentino-Alto Adige,BZ,San Martino in Badia,Via Piccolino 71,39030,,,Settimanale,,,0474836744 / 0474523182,,alcohol@raiunsozial.org,,APCAT Trentino,,,46.4983,11.3548,APPROXIMATE_CITY,ACTIVE_VERIFIED_2026,,,,2026-09-21 11:39:47,2026-09-21 11:39:47,11
2959,SIC-K2YD8Q0W-YJDNF1TG-9,CAT ALTO ADIGE – Club “Orion 21”,LOCAL_CLUB,Trentino-Alto Adige,BZ,San Martino in Badia,Via Piccolino 71,39030,,,Settimanale,,,0474836744,,alcohol@raiunsozial.org,,APCAT Trentino,,,46.4983,11.3548,APPROXIMATE_CITY,ACTIVE_VERIFIED_2026,,,,2026-09-21 11:39:47,2026-09-21 11:39:47,11
2960,SIC-ZVK3DZ3K-TPJ0TGTK-R,CAT ALTO ADIGE – Club “I Delfini 20”,LOCAL_CLUB,Trentino-Alto Adige,BZ,San Martino in Badia,Via Piccolino 71,39030,,,Settimanale,,,0474836744 / 3462210803,,alcohol@raiunsozial.org,,APCAT Trentino,,,46.4983,11.3548,APPROXIMATE_CITY,ACTIVE_VERIFIED_2026,,,,2026-09-21 11:39:47,2026-09-21 11:39:47,11
2961,SIC-MA28QF33-TPCPM59Z-4,CAT ALTO ADIGE – Club “Kaktus 6”,LOCAL_CLUB,Trentino-Alto Adige,BZ,San Martino in Badia,Via Piccolino 71,39030,,,Settimanale,,,0474836744 / 3402547446,,alcohol@raiunsozial.org,,APCAT Trentino,,,46.4983,11.3548,APPROXIMATE_CITY,ACTIVE_VERIFIED_2026,,,,2026-09-21 11:39:47,2026-09-21 11:39:47,11
2962,SIC-2WSHCW3D-M6NGKNWN-K,CAT ALTO ADIGE – Club “Bo’ 1”,LOCAL_CLUB,Trentino-Alto Adige,BZ,San Martino in Badia,Via Piccolino 71,39030,,,Settimanale,,,0474836744 / 3356977604,,alcohol@raiunsozial.org,,APCAT Trentino,,,46.4983,11.3548,APPROXIMATE_CITY,ACTIVE_VERIFIED_2026,,,,2026-09-21 11:39:47,2026-09-21 11:39:47,11
2963,SIC-600QZWMR-81K849KM-9,Club degli Alcolisti in Trattamento Alto Adige – Club “Club Florian 11” Valdaora,LOCAL_CLUB,Trentino-Alto Adige,BZ,San Martino in Badia,Via Piccolino 71,39030,,,Settimanale,,,0474836744 / 3498962833,,alcohol@raiunsozial.org,,APCAT Trentino,,,46.4983,11.3548,APPROXIMATE_CITY,ACTIVE_VERIFIED_2026,,,,2026-09-21 11:39:47,2026-09-21 11:39:47,11
2964,SIC-A932DF0V-F93HGGRT-7,CAT ALTO ADIGE – Club “St. Jakob 17”,LOCAL_CLUB,Trentino-Alto Adige,BZ,San Martino in Badia,Via Piccolino 71,39030,,,Settimanale,,,0474836744 / 3493541326,,alcohol@raiunsozial.org,,APCAT Trentino,,,46.4983,11.3548,APPROXIMATE_CITY,ACTIVE_VERIFIED_2026,,,,2026-09-21 11:39:47,2026-09-21 11:39:47,11
2965,SIC-8GVT2NP2-2W2KGRPV-R,GA – ASSOCIAZIONE GIOCATORI ANONIMI ITALIA – Seregno (MB),LOCAL_CLUB,Lombardia,MI,Seregno,"Via Cavour, 87 c/o Oratorio San Rocco",20831,,,Settimanale,,,3335760996,,seregno@giocatorianonimi.org,,ARCAT Lombardia,,,45.4642,9.19,APPROXIMATE_CITY,ACTIVE_VERIFIED_2026,,,,2026-09-21 11:39:47,2026-09-21 11:39:47,11
2966,SIC-5G5HWRVR-Z6Y6ZJ4N-4,GA – ASSOCIAZIONE GIOCATORI ANONIMI ITALIA – Grassobbio,LOCAL_CLUB,Lombardia,BG,Grassobbio,"Via Roma, 25 c/o Centro Anziani",24050,,,Settimanale,,,3396299847,,grassobbio@giocatorianonimi.org,,ARCAT Lombardia,,,45.6983,9.6773,APPROXIMATE_CITY,ACTIVE_VERIFIED_2026,,,,2026-09-21 11:39:47,2026-09-21 11:39:47,11
2967,SIC-JFPXVH8Q-X4C8HZ5E-F,GA – ASSOCIAZIONE GIOCATORI ANONIMI ITALIA – Genova Sampierdarena,LOCAL_CLUB,Liguria,GE,Genova Sampierdarena,"Via Priv. Madonna delle Grazie, 1",16151,,,Settimanale,,,3401529838,,genova@giocatorianonimi.org,,ARCAT Liguria,,,44.4056,8.9463,APPROXIMATE_CITY,ACTIVE_VERIFIED_2026,,,,2026-09-21 11:39:47,2026-09-21 11:39:47,11
2968,SIC-D3M2G7AK-M6DJ7NFH-N,GA – ASSOCIAZIONE GIOCATORI ANONIMI ITALIA – Savona,LOCAL_CLUB,Liguria,SV,Savona,"C/o Casa dell'auto mutuo aiuto - Via Francesco Crispi, 22",17100,,,Settimanale,,,3200142431,,savona@giocatorianonimi.org,,ARCAT Liguria,,,44.3079,8.4811,APPROXIMATE_CITY,ACTIVE_VERIFIED_2026,,,,2026-09-21 11:39:47,2026-09-21 11:39:47,11
2969,SIC-8EHC1837-6EJYTFZT-4,AL-ANON – Gruppo Nuovo Inizio,LOCAL_CLUB,Lombardia,MI,P.zza S. Fedele 1,C/o Parrocchia S. Fedele,20121,,,Settimanale,,,0258018231 / 800087897,,usg@al-anon.it,,ARCAT Lombardia,,,45.4642,9.19,APPROXIMATE_CITY,ACTIVE_VERIFIED_2026,,,,2026-09-21 11:39:47,2026-09-21 11:39:47,11
2970,SIC-EYGZNMJG-82RRW1MW-K,AL-ANON – Gruppo Wagner,LOCAL_CLUB,Lombardia,MI,P.zza Wagner 2,C/o Chiesa S. Pietro In Sala,20145,,,Settimanale,,,0258018231 / 800087897,,usg@al-anon.it,,ARCAT Lombardia,,,45.4642,9.19,APPROXIMATE_CITY,ACTIVE_VERIFIED_2026,,,,2026-09-21 11:39:47,2026-09-21 11:39:47,11
2971,SIC-R9N2N0Y7-107879VM-T,AL-ANON – Gruppo San Donato,LOCAL_CLUB,Lombardia,MI,P.zza Pio XII 1,C/o Parrocchia S. Donato,20097,,,Settimanale,,,0258018231 / 800087897,,usg@al-anon.it,,ARCAT Lombardia,,,45.4642,9.19,APPROXIMATE_CITY,ACTIVE_VERIFIED_2026,,,,2026-09-21 11:39:47,2026-09-21 11:39:47,11
2972,SIC-QSVXANM7-9WBK6B86-S,AL-ANON – Gruppo Risveglio,LOCAL_CLUB,Lombardia,MI,Rho,C/o Centro Creativo Tortuga - Via Giusti,20017,,,Settimanale,,,0258018231 / 800087897,,usg@al-anon.it,,ARCAT Lombardia,,,45.4642,9.19,APPROXIMATE_CITY,ACTIVE_VERIFIED_2026,,,,2026-09-21 11:39:47,2026-09-21 11:39:47,11
2973,SIC-91D01CFZ-9NVMMNF2-1,ALATEEN – Gruppo “Boccioli di Girasole”,LOCAL_CLUB,Lombardia,MI,Milano,"c/o Oratorio Parrocchia S. Maria del Sufragio - Via Bonvesin della Riva, 2",20129,,,Settimanale,,,0258018230 / 800087897,,usg@al-anon.it,,ARCAT Lombardia,,,45.4642,9.19,APPROXIMATE_CITY,ACTIVE_VERIFIED_2026,,,,2026-09-21 11:39:47,2026-09-21 11:39:47,11
2974,SIC-GBZYQZ9V-QG3GS59W-2,ACAT VAL D’ENZA – CAT di Campegine,TERRITORIAL_ACAT,Emilia-Romagna,RE,Campegine,"Via Amendola, 51 c/o Centro Culturale",42040,,,Settimanale,,,3397941056,,acat.valdenza@gmail.com,,ARCAT Emilia-Romagna,,,44.6982,10.6312,APPROXIMATE_CITY,ACTIVE_VERIFIED_2026,,,,2026-09-21 11:39:47,2026-09-21 11:39:47,11
2975,SIC-Q78AMYQF-3SARDRGG-T,ACAT Val d’Enza – CAT Sant’Ilario d’Enza,TERRITORIAL_ACAT,Emilia-Romagna,RE,Sant'Ilario d'Enza,"Via Piave, 2 c/o Centro Sportivo",42049,,,Settimanale,,,3491261428,,acat.valdenza@gmail.com,,ARCAT Emilia-Romagna,,,44.6982,10.6312,APPROXIMATE_CITY,ACTIVE_VERIFIED_2026,,,,2026-09-21 11:39:47,2026-09-21 11:39:47,11
2976,SIC-BMJE0YXF-Q0YB86XT-N,ACAT Val D’Enza – CAT di Ciano D’Enza,TERRITORIAL_ACAT,Emilia-Romagna,RE,Ciano d'Enza - Canossa,Sede Associazioni,42026,,,Settimanale,,,3355344024,,acat.valdenza@gmail.com,,ARCAT Emilia-Romagna,,,44.6982,10.6312,APPROXIMATE_CITY,ACTIVE_VERIFIED_2026,,,,2026-09-21 11:39:47,2026-09-21 11:39:47,11
2977,SIC-RE8PKBCZ-J2SRGA1E-7,ACAT Val d’Enza – CAT Montecchio Emilia,TERRITORIAL_ACAT,Emilia-Romagna,RE,Montecchio Emilia,"P.zza Repubblica, 19",42027,,,Settimanale,,,3402291056,,acat.valdenza@gmail.com,,ARCAT Emilia-Romagna,,,44.6982,10.6312,APPROXIMATE_CITY,ACTIVE_VERIFIED_2026,,,,2026-09-21 11:39:47,2026-09-21 11:39:47,11
2978,SIC-4CHH9BRR-6AYGGVNE-9,ACAT VAL d’Enza – ASSOCIAZIONE DEI CLUB ALCOLOGICI TERRITORIALI – CAT di Cavriago,TERRITORIAL_ACAT,Emilia-Romagna,RE,Cavriago,"Via Paterlini, 21/A c/o locali ex Centro per le Famiglie",42025,,,Settimanale,,,3383063625,,acat.valdenza@gmail.com,,ARCAT Emilia-Romagna,,,44.6982,10.6312,APPROXIMATE_CITY,ACTIVE_VERIFIED_2026,,,,2026-09-21 11:39:47,2026-09-21 11:39:47,11
2979,SIC-Z192JZY1-37ZKE21R-T,AFOL di Monza e Brianza – COMUNE DI VIMERCATE – COOPERATIVA SOCIALE AERIS – CGIL – CISL – UIL.- Gruppo per persone che hanno perso il lavoro,LOCAL_CLUB,Lombardia,MI,Vimercate,"Via Dozio, 1 c/o Centro S. Gerolamo",20871,,,Settimanale,,,3452582037,,coordinamento.amalav@coopaeris.it,,ARCAT Lombardia,,,45.4642,9.19,APPROXIMATE_CITY,ACTIVE_VERIFIED_2026,,,,2026-09-21 11:39:47,2026-09-21 11:39:47,11
2980,SIC-GSZNRP2Z-P9YF32G5-W,CASA DEL VOLONTARIATO E DELL’A.M.A. – CASA A.M.A. – Gruppo Dipendenze da gioco,LOCAL_CLUB,Friuli-Venezia Giulia,UD,Pordenone,"Via De Paoli, 19",33170,,,Settimanale,,,043420042 / 3401004102,,casavolontariatopn@virgilio.it,,ARCAT Friuli-Venezia Giulia,,,46.0711,13.2346,APPROXIMATE_CITY,ACTIVE_VERIFIED_2026,,,,2026-09-21 11:39:47,2026-09-21 11:39:47,11
2981,SIC-YNMVZXWC-ATXY2WFR-J,Gruppo “Dipendenze affettive”,LOCAL_CLUB,Friuli-Venezia Giulia,UD,Pordenone,"Via De Paoli, 19",33170,,,Settimanale,,,043420042,,casavolontariatopn@virgilio.it,,ARCAT Friuli-Venezia Giulia,,,46.0711,13.2346,APPROXIMATE_CITY,ACTIVE_VERIFIED_2026,,,,2026-09-21 11:39:47,2026-09-21 11:39:47,11
2982,SIC-MB6S2YDX-3X6KXHMZ-K,ACAT Alto Varesotto – CAT Luino 1 “Furio Ercole Ferri”,TERRITORIAL_ACAT,Lombardia,VA,Luino,"Via B. Luini, 16",21016,,,Settimanale,,,3482838496,,info@arcatlombardia.it,,ARCAT Lombardia,,,45.8206,8.8251,APPROXIMATE_CITY,ACTIVE_VERIFIED_2026,,,,2026-09-21 11:39:47,2026-09-21 11:39:47,11
2983,SIC-Z9Z6JX8B-PGEKTMT7-C,ACAT Alto Varesotto – cat Tutti per uno,TERRITORIAL_ACAT,Lombardia,VA,Cocquio Trevisago,"C/o Oratorio San Andrea - Via Generale Maletti, 18",21034,,,Settimanale,,,3397803395,,info@arcatlombardia.it,,ARCAT Lombardia,,,45.8206,8.8251,APPROXIMATE_CITY,ACTIVE_VERIFIED_2026,,,,2026-09-21 11:39:47,2026-09-21 11:39:47,11
2984,SIC-KA44WABY-4KJHA1VW-7,ACAT Alto Varesotto – CAT “Passo dopo passo”,TERRITORIAL_ACAT,Lombardia,VA,Cuveglio,Via Milano 2/b,21030,,,Settimanale,,,340.3884919,,info@arcatlombardia.it,,ARCAT Lombardia,,,45.8206,8.8251,APPROXIMATE_CITY,ACTIVE_VERIFIED_2026,,,,2026-09-21 11:39:47,2026-09-21 11:39:47,11
2985,SIC-4A0V1FDA-N52Y4FEJ-Y,GA – ASSOCIAZIONE GIOCATORI ANONIMI ITALIA – Torino S.Marino 1,LOCAL_CLUB,Piemonte,MI,Torino,"C.so Unione Sovietica, 220/D",20134,,,Settimanale,,,3333415352,,torino@giocatorianonimi.org,,ARCAT Piemonte,,,45.4642,9.19,APPROXIMATE_CITY,ACTIVE_VERIFIED_2026,,,,2026-09-21 11:39:47,2026-09-21 11:39:47,11
2986,SIC-0H8BS96A-WZCQC6S5-X,GA – ASSOCIAZIONE GIOCATORI ANONIMI ITALIA – Corso Peschiera (TO),LOCAL_CLUB,Piemonte,TO,Torino,"C.so Peschiera, 364",10139,,,Settimanale,,,3493518772,,torino@giocatorianonimi.org,,ARCAT Piemonte,,,45.0703,7.6869,APPROXIMATE_CITY,ACTIVE_VERIFIED_2026,,,,2026-09-21 11:39:47,2026-09-21 11:39:47,11
2987,SIC-PCM9AQH4-2MY91HNY-S,GA – ASSOCIAZIONE GIOCATORI ANONIMI ITALIA – Torino S.Marino 2,LOCAL_CLUB,Piemonte,TO,Torino,"C.so Unione Sovietica, 220/D",10134,,,Settimanale,,,3333415352,,torino@giocatorianonimi.org,,ARCAT Piemonte,,,45.0703,7.6869,APPROXIMATE_CITY,ACTIVE_VERIFIED_2026,,,,2026-09-21 11:39:47,2026-09-21 11:39:47,11
2988,SIC-WT961W4R-KRZ7CQTW-K,GA – ASSOCIAZIONE GIOCATORI ANONIMI ITALIA – Martinsicuro,LOCAL_CLUB,Abruzzo,TE,Martinsicuro,"Via Patini, 2 c/o Scuole Medie Fraz. Villa Rosa",64014,,,Settimanale,,,3484006175,,martinsicuro@giocatorianonimi.org,,ARCAT Abruzzo,,,42.6589,13.7044,APPROXIMATE_CITY,ACTIVE_VERIFIED_2026,,,,2026-09-21 11:39:47,2026-09-21 11:39:47,11
2989,SIC-SAA26JGS-HHA69NXZ-6,GA – ASSOCIAZIONE GIOCATORI ANONIMI ITALIA – Pescara,LOCAL_CLUB,Abruzzo,PE,"L.go Madonna, 62",C/o Associazione “I Colori della Vita”,65125,,,Settimanale,,,3519124935,,pescara@giocatorianonimi.org,,ARCAT Abruzzo,,,42.4618,14.2161,APPROXIMATE_CITY,ACTIVE_VERIFIED_2026,,,,2026-09-21 11:39:47,2026-09-21 11:39:47,11
2990,SIC-D714GQ5P-872GEYBY-S,GA – ASSOCIAZIONE GIOCATORI ANONIMI ITALIA – Santa Maria Capua Vetere,LOCAL_CLUB,Campania,CE,Santa Maria Capua Vetere,"Via Galatina, 160",81055,,,Settimanale,,,3315835074,,santamariacapuavetere@giocatorianonimi.org,,ARCAT Campania,,,41.0726,14.3323,APPROXIMATE_CITY,ACTIVE_VERIFIED_2026,,,,2026-09-21 11:39:47,2026-09-21 11:39:47,11
2991,SIC-QE2NQHKP-WNM7EHVY-3,GA – ASSOCIAZIONE GIOCATORI ANONIMI ITALIA – Scafati Salerno,LOCAL_CLUB,Campania,SA,Scafati,"Via Ferrara,3 (Piazza Falcone e Borsellino) c/o Maranathà O.",84018,,,Settimanale,,,3884941816,,scafati@giocatorianonimi.org,,ARCAT Campania,,,40.6824,14.7681,APPROXIMATE_CITY,ACTIVE_VERIFIED_2026,,,,2026-09-21 11:39:47,2026-09-21 11:39:47,11
2992,SIC-JZA5RV9N-RNK7CSE4-4,GA – ASSOCIAZIONE GIOCATORI ANONIMI ITALIA – Forlì,LOCAL_CLUB,Emilia-Romagna,FC,Forlì,"C/o Circoscrizione 2 Forlì - Via Curiel, 51",47121,,,Settimanale,,,3345948509,,forli@giocatorianonimi.org,,ARCAT Emilia-Romagna,,,44.2227,12.0407,APPROXIMATE_CITY,ACTIVE_VERIFIED_2026,,,,2026-09-21 11:39:47,2026-09-21 11:39:47,11
2993,SIC-CTFGM7PR-K84RAYJX-0,GA – ASSOCIAZIONE GIOCATORI ANONIMI ITALIA – Modena,LOCAL_CLUB,Emilia-Romagna,MO,Modena,C/o Parrocchia San Pio X - Via Bellini 10,41121,,,Settimanale,,,3334254671,,modena@giocatorianonimi.org,,ARCAT Emilia-Romagna,,,44.6471,10.9252,APPROXIMATE_CITY,ACTIVE_VERIFIED_2026,,,,2026-09-21 11:39:47,2026-09-21 11:39:47,11
2994,SIC-SSZ56ZYR-YZNVQ7KX-F,GA – ASSOCIAZIONE GIOCATORI ANONIMI ITALIA – Cesena,LOCAL_CLUB,Emilia-Romagna,FC,Cesena,Via Emilia Levante 1346,47521,,,Settimanale,,,3393328544 / 3669767970,,gacesena@giocatorianonimi.org,,ARCAT Emilia-Romagna,,,44.2227,12.0407,APPROXIMATE_CITY,ACTIVE_VERIFIED_2026,,,,2026-09-21 11:39:47,2026-09-21 11:39:47,11
2995,SIC-T3QJREA6-M8BNVP01-C,GA – ASSOCIAZIONE GIOCATORI ANONIMI ITALIA – Ravenna Mercoledì,LOCAL_CLUB,Emilia-Romagna,RA,Ravenna,"C/o Casa Volontariato - Via Oriani, 44",48121,,,Settimanale,,,3669768038 / 3669767970,,ravenna2@giocatorianonimi.org,,ARCAT Emilia-Romagna,,,44.4184,12.2035,APPROXIMATE_CITY,ACTIVE_VERIFIED_2026,,,,2026-09-21 11:39:47,2026-09-21 11:39:47,11
2996,SIC-BD4GQGDP-G3YDEMC0-1,GA – ASSOCIAZIONE GIOCATORI ANONIMI ITALIA – Roma 4,LOCAL_CLUB,Lazio,RO,166 Roma,"Via Montiglio, 18 c/o Chiesa ""Gesù Divino Maestro""",,,,Settimanale,,,3347659246,,roma4pinetasacchetti@giocatorianonimi.org,,ARCAT Lazio,,,42.5,12.5,APPROXIMATE_CITY,ACTIVE_VERIFIED_2026,,,,2026-09-21 11:39:47,2026-09-21 11:39:47,11
2997,SIC-2WQ6M9ZC-QX8A0VKE-H,GA – ASSOCIAZIONE GIOCATORI ANONIMI ITALIA – Acilia,LOCAL_CLUB,Lazio,RO,125 Acilia,"Via Ludovico Antomelli,1 c/o Chiesa San Leonardo",,,,Settimanale,,,3669767953,,acilia@giocatorianonimi.org,,ARCAT Lazio,,,42.5,12.5,APPROXIMATE_CITY,ACTIVE_VERIFIED_2026,,,,2026-09-21 11:39:47,2026-09-21 11:39:47,11
2998,SIC-6YVT1Z23-KAKK83GK-R,GA – ASSOCIAZIONE GIOCATORI ANONIMI ITALIA – Rimini,LOCAL_CLUB,Emilia-Romagna,FC,Rimini,"C/o ""A good space"" - Via Bramante 10",47924,,,Settimanale,,,3669768012,,rimini@giocatorianonimi.org,,ARCAT Emilia-Romagna,,,44.2227,12.0407,APPROXIMATE_CITY,ACTIVE_VERIFIED_2026,,,,2026-09-21 11:39:47,2026-09-21 11:39:47,11
2999,SIC-23M3M3G8-AB8PC1RJ-Y,GA – ASSOCIAZIONE GIOCATORI ANONIMI ITALIA – Ravenna Giovedì,LOCAL_CLUB,Emilia-Romagna,RA,Ravenna,"C/o Casa Volontariato - Via Oriani, 44",48121,,,Settimanale,,,3476485617,,ravenna1@giocatorianonimi.org,,ARCAT Emilia-Romagna,,,44.4184,12.2035,APPROXIMATE_CITY,ACTIVE_VERIFIED_2026,,,,2026-09-21 11:39:47,2026-09-21 11:39:47,11
3000,SIC-82Q7EYG9-KBQRC52G-C,GA – ASSOCIAZIONE GIOCATORI ANONIMI ITALIA – Civita Castellana,LOCAL_CLUB,Lazio,VI,1033 Civita Castellana,"Via Terni, 26 c/o Parrocchia S. Luigi Gonzaga - Frz. Sassacci",,,,Settimanale,,,3478992852,,civitacastellana@giocatorianonimi.org,,ARCAT Lazio,,,42.5,12.5,APPROXIMATE_CITY,ACTIVE_VERIFIED_2026,,,,2026-09-21 11:39:47,2026-09-21 11:39:47,11
3001,SIC-1HCH74YN-QTS9V1JP-2,GA – ASSOCIAZIONE GIOCATORI ANONIMI ITALIA – Roma 5,LOCAL_CLUB,Lazio,RO,152 Roma,"P.zza Madonna de La Salette, 1 c/o Parrocchia",,,,Settimanale,,,3349446550,,roma5@giocatorianonimi.org,,ARCAT Lazio,,,42.5,12.5,APPROXIMATE_CITY,ACTIVE_VERIFIED_2026,,,,2026-09-21 11:39:47,2026-09-21 11:39:47,11
3002,SIC-PGSG8TK3-1FH1KA9T-P,GA – ASSOCIAZIONE GIOCATORI ANONIMI ITALIA – Roma 3 – Pietralata,LOCAL_CLUB,Lazio,RO,158 Roma,"Via Matteo Tondi, 80",,,,Settimanale,,,3339985473,,roma3pietralata@giocatorianonimi.org,,ARCAT Lazio,,,42.5,12.5,APPROXIMATE_CITY,ACTIVE_VERIFIED_2026,,,,2026-09-21 11:39:47,2026-09-21 11:39:47,11
3003,SIC-7QYKWGX3-B3DDFW9Z-H,GA – ASSOCIAZIONE GIOCATORI ANONIMI ITALIA – Roma 7,LOCAL_CLUB,Lazio,RO,139 Roma,"Via Cavriglia, 8 c/o Parrocchia San Frumenzio",,,,Settimanale,,,3311567367,,roma7@giocatorianonimi.org,,ARCAT Lazio,,,42.5,12.5,APPROXIMATE_CITY,ACTIVE_VERIFIED_2026,,,,2026-09-21 11:39:47,2026-09-21 11:39:47,11
3004,SIC-2ZGR7VZD-MFQKDFEW-C,GA – ASSOCIAZIONE GIOCATORI ANONIMI ITALIA – Roma 2 – Gregorio VII,LOCAL_CLUB,Lazio,RO,165 Roma,"Via del Cottolengo, 4",,,,Settimanale,,,3349446545,,roma2@giocatorianonimi.org,,ARCAT Lazio,,,42.5,12.5,APPROXIMATE_CITY,ACTIVE_VERIFIED_2026,,,,2026-09-21 11:39:47,2026-09-21 11:39:47,11
3005,SIC-1FJR70C9-0EM4P5BG-E,GA – ASSOCIAZIONE GIOCATORI ANONIMI ITALIA – Genova Crimea,LOCAL_CLUB,Liguria,GE,Genova,Via Crimea (P.zza Alimonda) c/o Chiesa Nostra Signora del Rimedio - Sala Profumo,16129,,,Settimanale,,,3401529838,,genova@giocatorianonimi.org,,ARCAT Liguria,,,44.4056,8.9463,APPROXIMATE_CITY,ACTIVE_VERIFIED_2026,,,,2026-09-21 11:39:47,2026-09-21 11:39:47,11
3006,SIC-1QH5P9T4-7KGF0KKH-8,GA – ASSOCIAZIONE GIOCATORI ANONIMI ITALIA -Terracina,LOCAL_CLUB,Lazio,LA,4019 Terracina,P.zza Alfredo Fiorini c/o Parrocchia San Domenico Savio,,,,Settimanale,,,3248969018,,terracina@giocatorianonimi.org,,ARCAT Lazio,,,42.5,12.5,APPROXIMATE_CITY,ACTIVE_VERIFIED_2026,,,,2026-09-21 11:39:47,2026-09-21 11:39:47,11
3007,SIC-HXAX88Q0-RZVW7GMH-3,GA – ASSOCIAZIONE GIOCATORI ANONIMI ITALIA – Tivoli,LOCAL_CLUB,Lazio,RO,19 Tivoli,Via 5 Giornate c/o S.Michele Arcangelo Chiesa del Gesù,,,,Settimanale,,,3664838059,,tivoli@giocatorianonimi.org,,ARCAT Lazio,,,42.5,12.5,APPROXIMATE_CITY,ACTIVE_VERIFIED_2026,,,,2026-09-21 11:39:47,2026-09-21 11:39:47,11
3008,SIC-1N1EFMKJ-HGRTBC4Z-V,GA – ASSOCIAZIONE GIOCATORI ANONIMI ITALIA – Dalmine 1,LOCAL_CLUB,Lombardia,BG,Dalmine,"V.le Betelli, 3 c/o Oratorio San Giuseppe",24044,,,Settimanale,,,3347630916,,dalmine@giocatorianonimi.org,,ARCAT Lombardia,,,45.6983,9.6773,APPROXIMATE_CITY,ACTIVE_VERIFIED_2026,,,,2026-09-21 11:39:47,2026-09-21 11:39:47,11
3009,SIC-MH21JTC9-KKJG3Q1H-S,GA – ASSOCIAZIONE GIOCATORI ANONIMI ITALIA – Pavia,LOCAL_CLUB,Lombardia,PV,Pavia,"P.le Torino, 40 - Pavia",27100,,,Settimanale,,,3387062849,,pavia@giocatorianonimi.org,,ARCAT Lombardia,,,45.1847,9.1582,APPROXIMATE_CITY,ACTIVE_VERIFIED_2026,,,,2026-09-21 11:39:47,2026-09-21 11:39:47,11
3010,SIC-HFWY8N15-VR6BQPXY-X,GA – ASSOCIAZIONE GIOCATORI ANONIMI ITALIA – Dalmine 2,LOCAL_CLUB,Lombardia,BG,Dalmine,"V.le Betelli, 3 c/o Oratorio San Giuseppe",24044,,,Settimanale,,,3497095312,,dalmine2@giocatorianonimi.org,,ARCAT Lombardia,,,45.6983,9.6773,APPROXIMATE_CITY,ACTIVE_VERIFIED_2026,,,,2026-09-21 11:39:47,2026-09-21 11:39:47,11
3011,SIC-REN2NVGS-86JPAXRQ-N,GA – ASSOCIAZIONE GIOCATORI ANONIMI ITALIA – Bari (San Sabino),LOCAL_CLUB,Puglia,BA,Bari,Via Caduti 25 Luglio c/o Chiesa San Sabino,70126,,,Settimanale,,,3466625542,,bari.sansabino@giocatorianonimi.org,,ARCAT Puglia,,,41.1171,16.8719,APPROXIMATE_CITY,ACTIVE_VERIFIED_2026,,,,2026-09-21 11:39:47,2026-09-21 11:39:47,11
3012,SIC-SB0NYN88-K2RGYCBB-A,GA – ASSOCIAZIONE GIOCATORI ANONIMI ITALIA – Campobasso,LOCAL_CLUB,Molise,CB,Campobasso,Via Principe di Piemonte c/o Parrocchia Sant'Antonio di Padova,86100,,,Settimanale,,,3384353926,,campobasso@giocatorianonimi.org,,ARCAT Molise,,,41.5603,14.6627,APPROXIMATE_CITY,ACTIVE_VERIFIED_2026,,,,2026-09-21 11:39:47,2026-09-21 11:39:47,11
3013,SIC-6SMF7KQD-MGTND2SC-1,GA – ASSOCIAZIONE GIOCATORI ANONIMI ITALIA – Porto Sant-Elpidio (Fermo),LOCAL_CLUB,Marche,AP,Porto Sant'Elpidio,"Via Garda, 14",63821,,,Settimanale,,,3339360996,,portosantelpidio@giocatorianonimi.org,,ARCAT Marche,,,42.855,13.5764,APPROXIMATE_CITY,ACTIVE_VERIFIED_2026,,,,2026-09-21 11:39:47,2026-09-21 11:39:47,11
3014,SIC-K4TMRFDY-QTXTRXJC-E,GA – ASSOCIAZIONE GIOCATORI ANONIMI ITALIA – Vizzolo Predabissi,LOCAL_CLUB,Lombardia,MI,Mezzate,Via Buzzati Nigra 14,20068,,,Settimanale,,,3464713139,,vizzolo.predabissi@giocatorianonimi.org,,ARCAT Lombardia,,,45.4642,9.19,APPROXIMATE_CITY,ACTIVE_VERIFIED_2026,,,,2026-09-21 11:39:47,2026-09-21 11:39:47,11
3015,SIC-T4TXGB62-JM8FZ3P6-7,GA – ASSOCIAZIONE GIOCATORI ANONIMI ITALIA – Modugno,LOCAL_CLUB,Puglia,BA,Modugno,V.le della Repubblica c/o Parrocchia dell'Immacolata pressi Caserma dei Carabinieri,70026,,,Settimanale,,,3426399322,,modugno@giocatorianonimi.org,,ARCAT Puglia,,,41.1171,16.8719,APPROXIMATE_CITY,ACTIVE_VERIFIED_2026,,,,2026-09-21 11:39:47,2026-09-21 11:39:47,11
3016,SIC-9GCPHE0Q-3CWQW7HM-0,GA – ASSOCIAZIONE GIOCATORI ANONIMI ITALIA – Brindisi,LOCAL_CLUB,Puglia,BR,Brindisi,s/s 379 uscita Contrada Jaddico c/o Santuario S.Maria,72100,,,Settimanale,,,3272890500,,brindisi@giocatorianonimi.org,,ARCAT Puglia,,,40.6327,17.9418,APPROXIMATE_CITY,ACTIVE_VERIFIED_2026,,,,2026-09-21 11:39:47,2026-09-21 11:39:47,11
3017,SIC-ZP4FZ8S3-EPDRNM8X-2,GA – ASSOCIAZIONE GIOCATORI ANONIMI ITALIA – Triggiano,LOCAL_CLUB,Puglia,BA,Triggiano,V.le Gramsci c/o Parrocchia di S. Giuseppe Moscati,70019,,,Settimanale,,,3456152146,,triggiano@giocatorianonimi.org,,ARCAT Puglia,,,41.1171,16.8719,APPROXIMATE_CITY,ACTIVE_VERIFIED_2026,,,,2026-09-21 11:39:47,2026-09-21 11:39:47,11
3018,SIC-856NACCF-GSVM5K74-W,GA – ASSOCIAZIONE GIOCATORI ANONIMI ITALIA – Lucca,LOCAL_CLUB,Toscana,LU,Lucca,"V.le Puccini, 44 cortile interno Chiesa di S.Anna",55100,,,Settimanale,,,3669767953,,lucca@giocatorianonimi.org,,ARCAT Toscana,,,43.843,10.5079,APPROXIMATE_CITY,ACTIVE_VERIFIED_2026,,,,2026-09-21 11:39:47,2026-09-21 11:39:47,11
3019,SIC-8686FHQK-H851QAQB-0,GA – ASSOCIAZIONE GIOCATORI ANONIMI ITALIA – Massa Carrara,LOCAL_CLUB,Toscana,MS,Fosdinovo di Carrara,"Via Borghetto, 111 c/o Parrocchia di Caniparola",54035,,,Settimanale,,,3209674501,,massacarrara@giocatorianonimi.org,,ARCAT Toscana,,,44.0367,10.1417,APPROXIMATE_CITY,ACTIVE_VERIFIED_2026,,,,2026-09-21 11:39:47,2026-09-21 11:39:47,11
3020,SIC-S446FZZ2-PP6H2GRG-Z,GA – ASSOCIAZIONE GIOCATORI ANONIMI ITALIA – Ragusa,LOCAL_CLUB,Sicilia,RG,Ragusa,Via del Sacro Cuore c/o Chiesa del Sacro Cuore (locali dei Gesuiti),97100,,,Settimanale,,,3345352107,,ragusa@giocatorianonimi.org,,ARCAT Sicilia,,,36.9269,14.7307,APPROXIMATE_CITY,ACTIVE_VERIFIED_2026,,,,2026-09-21 11:39:47,2026-09-21 11:39:47,11
3021,SIC-44PPEVKS-SS2X4ZYK-N,GA – ASSOCIAZIONE GIOCATORI ANONIMI ITALIA – Terni,LOCAL_CLUB,Umbria,TE,5100 Terni,Via XX Settembre c/o Chiesa S.Giuseppe Lavoratore,,,,Settimanale,,,3465179214,,terni@giocatorianonimi.org,,ARCAT Umbria,,,42.5,12.5,APPROXIMATE_CITY,ACTIVE_VERIFIED_2026,,,,2026-09-21 11:39:47,2026-09-21 11:39:47,11
3022,SIC-XY72M74P-90W34W1D-0,GA – ASSOCIAZIONE GIOCATORI ANONIMI ITALIA,LOCAL_CLUB,Veneto,TV,Conegliano,"Via Ortigara, 131 Loc. Parè di fronte Stop & Go",31015,,,Settimanale,,,3888080930,,conegliano@giocatorianonimi.org,,ARCAT Veneto,,,45.6669,12.243,APPROXIMATE_CITY,ACTIVE_VERIFIED_2026,,,,2026-09-21 11:39:47,2026-09-21 11:39:47,11
3023,SIC-47DEP5JB-3ZSCY0FA-5,GA – ASSOCIAZIONE GIOCATORI ANONIMI ITALIA – Dolo,LOCAL_CLUB,Veneto,VE,Dolo,"Via Dauli, 16 c/o Parrocchia San Rocco Dolo",30031,,,Settimanale,,,3515907004,,dolo@giocatorianonimi.org,,ARCAT Veneto,,,45.4408,12.3155,APPROXIMATE_CITY,ACTIVE_VERIFIED_2026,,,,2026-09-21 11:39:47,2026-09-21 11:39:47,11
3024,SIC-Q8CAQ7B5-53W5ZN3S-2,GA – ASSOCIAZIONE GIOCATORI ANONIMI ITALIA – Treviso,LOCAL_CLUB,Veneto,TV,Treviso,"Via San Lazzaro, 1",31100,,,Settimanale,,,3713797955,,treviso@giocatorianonimi.org,,ARCAT Veneto,,,45.6669,12.243,APPROXIMATE_CITY,ACTIVE_VERIFIED_2026,,,,2026-09-21 11:39:47,2026-09-21 11:39:47,11
3025,SIC-0PWEMZ68-YJ28K2B3-T,GA – ASSOCIAZIONE GIOCATORI ANONIMI ITALIA – Vicenza 1,LOCAL_CLUB,Veneto,VI,Vicenza,"Via Rismondo, 2 c/o Circoscrizione 7",36100,,,Settimanale,,,3713235795,,vicenza1@giocatorianonimi.org,,ARCAT Veneto,,,45.5455,11.5355,APPROXIMATE_CITY,ACTIVE_VERIFIED_2026,,,,2026-09-21 11:39:47,2026-09-21 11:39:47,11
3026,SIC-DAKYTHGM-32EM74YV-5,A.L.T. Associazione Lotta alle Tossicodipendenze Onlus,LOCAL_CLUB,Lombardia,BG,Bergamo,c/o Oratorio di Boccaleone,24125,,,Settimanale,,,02 8461299,,a.l.t.treviglio@alice.it,,ARCAT Lombardia,,,45.6983,9.6773,APPROXIMATE_CITY,ACTIVE_VERIFIED_2026,,,,2026-09-21 11:39:47,2026-09-21 11:39:47,11
3027,SIC-9PE319EH-P235CWXW-B,A.S.L.MILANO1 (Dipartimento Dipendenze) – AMALO – Gruppo per giocatori d’azzardo dipendenti,LOCAL_CLUB,Lombardia,MI,Parabiago,"Via Spagliardi, 19",20015,,,Settimanale,,,0331498615,,ana.baronchelli@asl1.mi.it,,ARCAT Lombardia,,,45.4642,9.19,APPROXIMATE_CITY,ACTIVE_VERIFIED_2026,,,,2026-09-21 11:39:47,2026-09-21 11:39:47,11
3028,SIC-6CJVHTKD-T580T8PR-3,NA NARCOTICI ANONIMI ITALIA – Gruppo La fenice,LOCAL_CLUB,Emilia-Romagna,FC,Gattolino,Via Targhini 2731,47521,,,Settimanale,,,0684025043,,cesena@na-italia.org,,ARCAT Emilia-Romagna,,,44.2227,12.0407,APPROXIMATE_CITY,ACTIVE_VERIFIED_2026,,,,2026-09-21 11:39:47,2026-09-21 11:39:47,11
3029,SIC-B3AM1VF2-ZH8B9VD7-Q,NA NARCOTICI ANONIMI ITALIA – Gruppo La-Qui-La,LOCAL_CLUB,Abruzzo,AQ,L'Aquila,"C/o Parrocchia S, Francesco d'Assisi in Pettino - Via Canada 6",67100,,,Settimanale,,,3715937151,,laquila@na-italia.org,,ARCAT Abruzzo,,,42.3498,13.3995,APPROXIMATE_CITY,ACTIVE_VERIFIED_2026,,,,2026-09-21 11:39:47,2026-09-21 11:39:47,11
3030,SIC-WTY94G2R-9EW7VVP8-3,NA NARCOTICI ANONIMI ITALIA – Gruppo Trastevere,LOCAL_CLUB,Lazio,RO,153 Roma,P.zza S. Maria in Trastevere,,,,Settimanale,,,3336730795 / 0684025043,,na-centro@na-italia.org,,ARCAT Lazio,,,42.5,12.5,APPROXIMATE_CITY,ACTIVE_VERIFIED_2026,,,,2026-09-21 11:39:47,2026-09-21 11:39:47,11
3031,SIC-NZKZA9HM-2KJ5BYCA-S,NA NARCOTICI ANONIMI ITALIA – Gruppo La GiustiniaNA,LOCAL_CLUB,Italia,18,189 Roma,"C/o Parrocchia Beata Maria Vergine Immacolata - - Via Cassia, 1286",,,,Settimanale,,,3336730795 / 0684025043,,na-centro@na-italia.org,,AICAT Nazionale,,,42.5,12.5,APPROXIMATE_CITY,ACTIVE_VERIFIED_2026,,,,2026-09-21 11:39:47,2026-09-21 11:39:47,11
3032,SIC-RYMTR26F-EBNXNAVX-4,NA NARCOTICI ANONIMI ITALIA – Gruppo Un giorno alla volta,LOCAL_CLUB,Marche,PU,Pesaro,"C/o Casa delle Associazioni - Via del Miralfiore, 6",61122,,,Settimanale,,,07211748136,,pesaro@na-italia.org,,ARCAT Marche,,,43.9102,12.9133,APPROXIMATE_CITY,ACTIVE_VERIFIED_2026,,,,2026-09-21 11:39:47,2026-09-21 11:39:47,11
3033,SIC-N81VZEBM-YKP8AHTN-J,NA NARCOTICI ANONIMI ITALIA – Gruppo La Via,LOCAL_CLUB,Veneto,VR,Verona,Via Udine 2a,37135,,,Settimanale,,,0684025043 / 0684025043,,lavia@na-italia.org,,ARCAT Veneto,,,45.4384,10.9916,APPROXIMATE_CITY,ACTIVE_VERIFIED_2026,,,,2026-09-21 11:39:47,2026-09-21 11:39:47,11
3034,SIC-MTRT7HBJ-60HB6P26-V,NA NARCOTICI ANONIMI ITALIA – Gruppo Cento celle c’è,LOCAL_CLUB,Italia,10,100 Roma,C/o Parrocchia S. Felice da Cantalice - Piazza S. Felice da Cantalice,,,,Settimanale,,,3336730795,,na-centro@na-italia.org,,AICAT Nazionale,,,42.5,12.5,APPROXIMATE_CITY,ACTIVE_VERIFIED_2026,,,,2026-09-21 11:39:47,2026-09-21 11:39:47,11
3035,SIC-5Z3Z7RG6-C1YHBY7C-8,ASSOCIAZIONE FAMILIARI ANONIMI ITALIA – Gruppo “Rende”,LOCAL_CLUB,Calabria,CS,Rende,Via della Resistenza c/o Parrocchia S.Antonio,87039,,,Settimanale,,,3332774200,,rende@familiarianonimiitalia.it,,ARCAT Calabria,,,39.3039,16.2518,APPROXIMATE_CITY,ACTIVE_VERIFIED_2026,,,,2026-09-21 11:39:47,2026-09-21 11:39:47,11
3036,SIC-BDHTQJ1B-VGYJ1ZBM-0,NA NARCOTICI ANONIMI ITALIA – Gruppo Una vita nuova,LOCAL_CLUB,Lazio,RO,157 Roma,"Via delle Cave di Pietralata, 81/C",,,,Settimanale,,,3336730795 / 0684025043,,na-centro@na-italia.org,,ARCAT Lazio,,,42.5,12.5,APPROXIMATE_CITY,ACTIVE_VERIFIED_2026,,,,2026-09-21 11:39:47,2026-09-21 11:39:47,11
3037,SIC-Q22SQEE4-TD8ZHM25-9,ASSOCIAZIONE FAMILIARI ANONIMI ITALIA – Gruppo “La Strada”,LOCAL_CLUB,Lombardia,BS,Brescia,"V.le Duca degli Abruzzi, 88 c/o Centro Giovanile Volta (1°piano)",25124,,,Settimanale,,,3248007472,,falastrada@familiarianonimiitalia.it,,ARCAT Lombardia,,,45.5416,10.2118,APPROXIMATE_CITY,ACTIVE_VERIFIED_2026,,,,2026-09-21 11:39:47,2026-09-21 11:39:47,11
3038,SIC-9SQYRBEY-GQFC02BA-X,NA NARCOTICI ANONIMI ITALIA – Gruppo Un nuovo inizio,LOCAL_CLUB,Liguria,GE,Genova,"C/o Chiesa SS. Andrea e Ambrogio - Via Bellini, 1",16152,,,Settimanale,,,3482477967,,nordovest@na-italia.org,,ARCAT Liguria,,,44.4056,8.9463,APPROXIMATE_CITY,ACTIVE_VERIFIED_2026,,,,2026-09-21 11:39:47,2026-09-21 11:39:47,11
3039,SIC-4M6FJR58-WTD3P8Q7-P,NA NARCOTICI ANONIMI ITALIA – Gruppo Il Faro,LOCAL_CLUB,Marche,PU,Fano,"Via del Ponte, 12",61032,,,Settimanale,,,0684025043,,emiliaromagna@na-italia.org,,ARCAT Marche,,,43.9102,12.9133,APPROXIMATE_CITY,ACTIVE_VERIFIED_2026,,,,2026-09-21 11:39:47,2026-09-21 11:39:47,11
3040,SIC-H1M0B5KE-ACXE8ZXK-R,ASSOCIAZIONE FAMILIARI ANONIMI ITALIA – Gruppo “Rinascita”,LOCAL_CLUB,Piemonte,TO,Collegno,"Via Roma, 102 c/o BASCO (Banco delle Associazioni Solidarietà Collegno) - Via Roma, 102",10093,,,Settimanale,,,3451354444,,collegno@familiarianonimiitalia.it,,ARCAT Piemonte,,,45.0703,7.6869,APPROXIMATE_CITY,ACTIVE_VERIFIED_2026,,,,2026-09-21 11:39:47,2026-09-21 11:39:47,11
3041,SIC-Z5ESHN86-M7WMK5J4-H,NA NARCOTICI ANONIMI ITALIA – Gruppo “Mori”,LOCAL_CLUB,Sardegna,CA,9124 Cagliari,Via Liguria 10,,,,Settimanale,,,3450780015,,cagliari@na-italia.org,,ARCAT Sardegna,,,42.5,12.5,APPROXIMATE_CITY,ACTIVE_VERIFIED_2026,,,,2026-09-21 11:39:47,2026-09-21 11:39:47,11
3042,SIC-WTEARZ6X-7ZSAQNBH-K,Alcolisti Anonimi – Gruppo Speranza,LOCAL_CLUB,Emilia-Romagna,RE,Guastalla,Via Gaetano Donizetti 4,42016,,,Settimanale,,,3347469749 / 800411406,,aaitaly@tin.it,,ARCAT Emilia-Romagna,,,44.6982,10.6312,APPROXIMATE_CITY,ACTIVE_VERIFIED_2026,,,,2026-09-21 11:39:47,2026-09-21 11:39:47,11
3043,SIC-SS8613A6-JKXYF922-Q,Alcolisti Anonimi – Gruppo L’incontro,LOCAL_CLUB,Emilia-Romagna,RE,Montecchio Emilia,Via A. D'Este 28,42027,,,Settimanale,,,3347469749 / 800087897,,reggioemilia@alcolistianonimi-emiliaromagna.it,,ARCAT Emilia-Romagna,,,44.6982,10.6312,APPROXIMATE_CITY,ACTIVE_VERIFIED_2026,,,,2026-09-21 11:39:47,2026-09-21 11:39:47,11
3044,SIC-R11KAX8F-ACV8HDB5-4,Alcolisti Anonimi – Gruppo La Fenice,LOCAL_CLUB,Sicilia,ME,P.zza Castelli,C/o Santa Maria delle Grazie in Gravitelli,98100,,,Settimanale,,,3343963143 / 800411406,,aaitaly@tin.it,,ARCAT Sicilia,,,38.1938,15.554,APPROXIMATE_CITY,ACTIVE_VERIFIED_2026,,,,2026-09-21 11:39:47,2026-09-21 11:39:47,11
3045,SIC-JV859DP1-XZZRVT71-W,Alcolisti Anonimi – gruppo Reggio Uno,LOCAL_CLUB,Emilia-Romagna,RE,Reggio Emilia,Via Medaglie d’oro della Resistenza 4,42122,,,Settimanale,,,3347469749 / 800411406,,reggioemilia@alcolistianonimi-emiliaromagna.it,,ARCAT Emilia-Romagna,,,44.6982,10.6312,APPROXIMATE_CITY,ACTIVE_VERIFIED_2026,,,,2026-09-21 11:39:47,2026-09-21 11:39:47,11
3046,SIC-5FJ7SG96-JEVPGZVE-Z,AL-ANON – Gruppo Incontro,LOCAL_CLUB,Sicilia,ME,Messina,C/o Chiesa Maria SS. delle Gravide - Via Castelli Pietro,98122,,,Settimanale,,,0258018231 / 800087897,,usg@al-anon.it,,ARCAT Sicilia,,,38.1938,15.554,APPROXIMATE_CITY,ACTIVE_VERIFIED_2026,,,,2026-09-21 11:39:47,2026-09-21 11:39:47,11
3047,SIC-WCAVY04G-PC9XNXWP-E,AL-ANON – Gruppo Consorzio,LOCAL_CLUB,Emilia-Romagna,RE,Reggio Emilia,C/o Struttura del Comune - Via Medaglie d'Oro della Resistenza 4,42122,,,Settimanale,,,0258018231 / 800087897,,usg@al-anon.it,,ARCAT Emilia-Romagna,,,44.6982,10.6312,APPROXIMATE_CITY,ACTIVE_VERIFIED_2026,,,,2026-09-21 11:39:47,2026-09-21 11:39:47,11
3048,SIC-PQZF4NV2-B6R434CY-F,Alcolisti Anonimi – Gruppo L’Aurora,LOCAL_CLUB,Sicilia,ME,Sant’Agata di Militello,C/o parrocchia Sacro Cuore - Via Medici 411a,98076,,,Settimanale,,,3343962178 / 800411406,,aaitaly@tin.it,,ARCAT Sicilia,,,38.1938,15.554,APPROXIMATE_CITY,ACTIVE_VERIFIED_2026,,,,2026-09-21 11:39:47,2026-09-21 11:39:47,11
3049,SIC-CP23JMN4-QWEAZEJ0-P,AL-ANON – Gruppo 7 Comuni,LOCAL_CLUB,Veneto,VI,Asiago,"C/o Patronato maschile - Via Matteotti, 23",36012,,,Settimanale,,,0258018231 / 800087897,,usg@al-anon.it,,ARCAT Veneto,,,45.5455,11.5355,APPROXIMATE_CITY,ACTIVE_VERIFIED_2026,,,,2026-09-21 11:39:47,2026-09-21 11:39:47,11
3050,SIC-PDCQGABB-HS83K0DK-2,AL-ANON – Gruppo Bassano,LOCAL_CLUB,Veneto,VI,P.le Cadorna 34,C/o Centro giovanile,36061,,,Settimanale,,,0258018231 / 800087897,,usg@al-anon.it,,ARCAT Veneto,,,45.5455,11.5355,APPROXIMATE_CITY,ACTIVE_VERIFIED_2026,,,,2026-09-21 11:39:47,2026-09-21 11:39:47,11
3051,SIC-62G9W871-EZA5TZMH-F,AL-ANON – Gruppo Oasi,LOCAL_CLUB,Veneto,VI,Camisano Vicentino,C/o Centro Sociale Diurno - Via Pomari 7,36043,,,Settimanale,,,3889530816 / 800087897,,usg@al-anon.it,,ARCAT Veneto,,,45.5455,11.5355,APPROXIMATE_CITY,ACTIVE_VERIFIED_2026,,,,2026-09-21 11:39:47,2026-09-21 11:39:47,11
3052,SIC-E0H78Q1X-28ZC4W6Y-Y,AL-ANON – Gruppo Montecchio Maggiore,LOCAL_CLUB,Veneto,VI,Montecchio Maggiore,C/o Ex Villa Pellizzari Centro Anziani - Via Murialdo 47 S. Vitale,36075,,,Settimanale,,,0258018230 / 800087897,,usg@al-anon.it,,ARCAT Veneto,,,45.5455,11.5355,APPROXIMATE_CITY,ACTIVE_VERIFIED_2026,,,,2026-09-21 11:39:47,2026-09-21 11:39:47,11
3053,SIC-ECFC5AGJ-FHVBA1B1-Z,AL-ANON- Gruppo Romano d’Ezzelino,LOCAL_CLUB,Veneto,VI,Romano d’Ezzelino,"P.le Cadorna, 47",36060,,,Settimanale,,,.0258018230 / 800087897,,usg@al-anon.it,,ARCAT Veneto,,,45.5455,11.5355,APPROXIMATE_CITY,ACTIVE_VERIFIED_2026,,,,2026-09-21 11:39:47,2026-09-21 11:39:47,11
3054,SIC-8JKBKMVP-C2ATBHV4-S,AL-ANON – Gruppo Valchiampo,LOCAL_CLUB,Veneto,VI,Chiampo,C/o Seminario Francescano - Via Pieve,36072,,,Settimanale,,,0258018230 / 800087897,,usg@al-anon.it,,ARCAT Veneto,,,45.5455,11.5355,APPROXIMATE_CITY,ACTIVE_VERIFIED_2026,,,,2026-09-21 11:39:47,2026-09-21 11:39:47,11
3055,SIC-N8DH3HHD-DHB9KFS8-4,AL-ANON – Gruppo Il coraggio di cambiare,LOCAL_CLUB,Veneto,VI,Via Crosara 1,C/o Ex Casello Ferroviario,36023,,,Settimanale,,,0258018230 / 800087897,,usg@al-anon.it,,ARCAT Veneto,,,45.5455,11.5355,APPROXIMATE_CITY,ACTIVE_VERIFIED_2026,,,,2026-09-21 11:39:47,2026-09-21 11:39:47,11
3056,SIC-DYPYMST8-VR4Y2PXD-9,AL-ANON – Gruppo Serenità,LOCAL_CLUB,Veneto,VI,Creazzo,C/o Ex Anagrafe - Via Manzoni 11,36051,,,Settimanale,,,0258018231 / 800087897,,usg@al-anon.it,,ARCAT Veneto,,,45.5455,11.5355,APPROXIMATE_CITY,ACTIVE_VERIFIED_2026,,,,2026-09-21 11:39:47,2026-09-21 11:39:47,11
3057,SIC-K2GARB8N-EF38BBKQ-B,AL-ANON – Gruppo Città di Thiene,LOCAL_CLUB,Veneto,VI,Thiene,C/o Casa delle Associazioni - Via 1° Maggio,36016,,,Settimanale,,,0258018230 / 800087897,,usg@al-anon.it,,ARCAT Veneto,,,45.5455,11.5355,APPROXIMATE_CITY,ACTIVE_VERIFIED_2026,,,,2026-09-21 11:39:47,2026-09-21 11:39:47,11
3058,SIC-EDVJ4F5W-QNP1JWQ4-F,AL-ANON – Gruppo Città di Schio,LOCAL_CLUB,Veneto,VI,Schio,C/o Stabile del Comune - Via Conte G.B. 9,36015,,,Settimanale,,,0258018230 / 800087897,,usg@al-anon.it,,ARCAT Veneto,,,45.5455,11.5355,APPROXIMATE_CITY,ACTIVE_VERIFIED_2026,,,,2026-09-21 11:39:47,2026-09-21 11:39:47,11
3059,SIC-YWV23W0V-3ST32CQV-Q,AL-ANON – Gruppo Valsugana,LOCAL_CLUB,Veneto,VI,Via Roma 9,C/o Ex Stazione Ferroviaria,36020,,,Settimanale,,,0258018230 / 800087897,,usg@al-anon.it,,ARCAT Veneto,,,45.5455,11.5355,APPROXIMATE_CITY,ACTIVE_VERIFIED_2026,,,,2026-09-21 11:39:47,2026-09-21 11:39:47,11
3060,SIC-WVHH8GZ5-RDYXF9N0-9,AL-ANON – Gruppo Ieri Oggi Domani,LOCAL_CLUB,Veneto,VI,Marostica,C/o Parrocchia S. Maria Assunta - Via Campo Marzio 7/A,36063,,,Settimanale,,,0258018230 / 800087897,,usg@al-anon.it,,ARCAT Veneto,,,45.5455,11.5355,APPROXIMATE_CITY,ACTIVE_VERIFIED_2026,,,,2026-09-21 11:39:47,2026-09-21 11:39:47,11
3061,SIC-KYKZYYDQ-K82KCJR4-7,AL-ANON – Gruppo Incontro,LOCAL_CLUB,Veneto,VI,Torrebelvicino,C/o Casa della Gioventù - Via Fogazzaro 49,36015,,,Settimanale,,,0258018230 / 800087897,,usg@al-anon.it,,ARCAT Veneto,,,45.5455,11.5355,APPROXIMATE_CITY,ACTIVE_VERIFIED_2026,,,,2026-09-21 11:39:47,2026-09-21 11:39:47,11
3062,SIC-FK1M6C4C-X50R3X8P-8,AL-ANON – Gruppo Vicenza 2,LOCAL_CLUB,Veneto,VI,Contrà Mure S. Domenico 6,C/o USL,36100,,,Settimanale,,,0258018230 / 800087897,,usg@al-anon.it,,ARCAT Veneto,,,45.5455,11.5355,APPROXIMATE_CITY,ACTIVE_VERIFIED_2026,,,,2026-09-21 11:39:47,2026-09-21 11:39:47,11
3063,SIC-QRNWQRV9-5FBCVCBT-0,AL-ANON – Gruppo Valdagno,LOCAL_CLUB,Veneto,VI,Valdagno,C/o ex abit. Custode Istituto Ipsia - Loc Belfiore - Via A. De Gasperi 1,36078,,,Settimanale,,,0258018230 / 800087897,,usg@al-anon.it,,ARCAT Veneto,,,45.5455,11.5355,APPROXIMATE_CITY,ACTIVE_VERIFIED_2026,,,,2026-09-21 11:39:47,2026-09-21 11:39:47,11
3064,SIC-DC6RRSXN-PYZSTXVQ-J,AL-ANON – Gruppo Vicenza 1,LOCAL_CLUB,Veneto,VI,V.le della Pace 89,C/o Villa Tacchi,36100,,,Settimanale,,,0258018230 / 800087897,,usg@al-anon.it,,ARCAT Veneto,,,45.5455,11.5355,APPROXIMATE_CITY,ACTIVE_VERIFIED_2026,,,,2026-09-21 11:39:47,2026-09-21 11:39:47,11
3065,SIC-X4AQTZH6-5T8MS2W8-B,AL-ANON – Gruppo Laghetto,LOCAL_CLUB,Veneto,VI,Vicenza,C/o Circoscrizione 5 - Via Lago di Pusiano 7,36100,,,Settimanale,,,0258018230 / 800087897,,usg@al-anon.it,,ARCAT Veneto,,,45.5455,11.5355,APPROXIMATE_CITY,ACTIVE_VERIFIED_2026,,,,2026-09-21 11:39:47,2026-09-21 11:39:47,11
3066,SIC-BE135CJB-9HSXTSZY-R,AL-ANON/ALATEEN – Gruppo Figli Adulti Friends in Al-Anon,LOCAL_CLUB,Veneto,VI,Montecchio Maggiore,C/o Casa della Comunità - Via Duomo 1,36075,,,Settimanale,,,0258018230 / 800087897,,usg@al-anon.it,,ARCAT Veneto,,,45.5455,11.5355,APPROXIMATE_CITY,ACTIVE_VERIFIED_2026,,,,2026-09-21 11:39:47,2026-09-21 11:39:47,11
3067,SIC-J1KCS9SD-GAQN81AJ-N,AL-ANON – Gruppo Non siamo più soli,LOCAL_CLUB,Sicilia,AG,Favara,C/o Seminario vescovile - Via P. S. Mattarella 14,92026,,,Settimanale,,,0258018230 / 800087897,,usg@al-anon.it,,ARCAT Sicilia,,,37.3111,13.5765,APPROXIMATE_CITY,ACTIVE_VERIFIED_2026,,,,2026-09-21 11:39:47,2026-09-21 11:39:47,11
3068,SIC-Y3VXKZGZ-NRJRZA2S-B,ALATEEN – Gruppo “Gamberetti”,LOCAL_CLUB,Veneto,VI,Montecchio Maggiore,"c/o Centro Anziani - Via Murialdo, 47 - S. Vitale",36075,,,Settimanale,,,0258018230 / 800087897,,usg@al-anon.it,,ARCAT Veneto,,,45.5455,11.5355,APPROXIMATE_CITY,ACTIVE_VERIFIED_2026,,,,2026-09-21 11:39:47,2026-09-21 11:39:47,11
3069,SIC-NZXDKYTR-X7ZDQ7N5-Y,AL-ANON – Gruppo Rinascita,LOCAL_CLUB,Sicilia,PA,Palermo,C/o Parrocchia S. Lucia - Via Enrico Albanese 2,90139,,,Settimanale,,,0258018230 / 800087897,,usg@al-anon.it,,ARCAT Sicilia,,,38.1157,13.3615,APPROXIMATE_CITY,ACTIVE_VERIFIED_2026,,,,2026-09-21 11:39:47,2026-09-21 11:39:47,11
3070,SIC-HG7PY3X1-KYMKJW2R-C,Alcolisti Anonimi – Gruppo Agape,LOCAL_CLUB,Sicilia,PA,P.zza Cappuccini 1,C/o Convento dei Cappuccini,90123,,,Settimanale,,,3343947127 / 800411406,,aaitaly@tin.it,,ARCAT Sicilia,,,38.1157,13.3615,APPROXIMATE_CITY,ACTIVE_VERIFIED_2026,,,,2026-09-21 11:39:47,2026-09-21 11:39:47,11
3071,SIC-E1XHJ5WX-M4E4K8G7-3,AL-ANON – Gruppo Serenità,LOCAL_CLUB,Sicilia,PA,Palermo,C/o Parrocchia S. Maria della Pace - P.zza della Parrocchia e via O. Orlandini 2,90046,,,Settimanale,,,0258018230 / 800087897,,usg@al-anon.it,,ARCAT Sicilia,,,38.1157,13.3615,APPROXIMATE_CITY,ACTIVE_VERIFIED_2026,,,,2026-09-21 11:39:47,2026-09-21 11:39:47,11
3072,SIC-W0DBJZN1-ETC4661Y-7,ACAT LECCO e VALLE SAN MARTINO – Cat Lecco San Giovanni,TERRITORIAL_ACAT,Lombardia,SO,Lecco,"Via Nino Castelli, 2",23900,,,Settimanale,,,3517813201,,cat.leccosangiovanni@gmail.com,,ARCAT Lombardia,,,46.1689,9.8693,APPROXIMATE_CITY,ACTIVE_VERIFIED_2026,,,,2026-09-21 11:39:47,2026-09-21 11:39:47,11
3073,SIC-DECPCSAB-2ADZXQ43-2,ACAT LECCO e VALLE SAN MARTINO – Cat Oggiono,TERRITORIAL_ACAT,Lombardia,SO,Oggiono,"C/o Centro anziani - Via Lazzaretto, 44",23808,,,Settimanale,,,3771234624,,cat.oggiono@gmail.com,,ARCAT Lombardia,,,46.1689,9.8693,APPROXIMATE_CITY,ACTIVE_VERIFIED_2026,,,,2026-09-21 11:39:47,2026-09-21 11:39:47,11
3074,SIC-E1A4GM44-1P69NHKJ-A,ACAT LECCO e VALLE SAN MARTINO – Cat Garlate,TERRITORIAL_ACAT,Lombardia,SO,Garlate,C/o Oratorio Don Bosco - Via Volta 5,23852,,,Settimanale,,,3407802055,,cat.garlate@gmail.com,,ARCAT Lombardia,,,46.1689,9.8693,APPROXIMATE_CITY,ACTIVE_VERIFIED_2026,,,,2026-09-21 11:39:47,2026-09-21 11:39:47,11
3075,SIC-16K29246-E4EVBWA2-7,Alcolisti Anonimi – Gruppo Coraggio,LOCAL_CLUB,Calabria,CZ,Lamezia Terme,C/o Chiesa San Giovanni - Via Capizzaglie,88046,,,Settimanale,,,3382404864 / 0961773798,,aaitaly@tin.it,,ARCAT Calabria,,,38.9098,16.5877,APPROXIMATE_CITY,ACTIVE_VERIFIED_2026,,,,2026-09-21 11:39:47,2026-09-21 11:39:47,11
3076,SIC-EKC4ZM7S-318Y9BWE-J,Alcolisti Anonimi – Gruppo Insieme in cammino,LOCAL_CLUB,Campania,BN,San Vitale III - Provinciale Vitulanese,C/o Scuola statale,82100,,,Settimanale,,,3666650738 / 800411406,,aaitaly@tin.it,,ARCAT Campania,,,41.1297,14.7824,APPROXIMATE_CITY,ACTIVE_VERIFIED_2026,,,,2026-09-21 11:39:47,2026-09-21 11:39:47,11
3077,SIC-5XV9VV3N-27WMDXWG-H,Alcolisti Anonimi – Gruppo Ricomincio da qui,LOCAL_CLUB,Campania,CE,Vitulazio,C/o Santa Maria dell'Agnena - Via Piemonte 4,81041,,,Settimanale,,,3355266241 / 800411406,,aaitaly@tin.it,,ARCAT Campania,,,41.0726,14.3323,APPROXIMATE_CITY,ACTIVE_VERIFIED_2026,,,,2026-09-21 11:39:47,2026-09-21 11:39:47,11
3078,SIC-JHBYQ5YR-PJBN1TE7-1,Alcolisti Anonimi – Gruppo Albatros un volo verso la libertà,LOCAL_CLUB,Campania,NA,Frattaminore,"Via San Nicola, 10",80020,,,Settimanale,,,3343956292 / 800411406,,aaitaly@tin.it,,ARCAT Campania,,,40.8518,14.2681,APPROXIMATE_CITY,ACTIVE_VERIFIED_2026,,,,2026-09-21 11:39:47,2026-09-21 11:39:47,11
3079,SIC-JC5M9TD6-XF0RMK73-1,Alcolisti Anonimi – Gruppo Solo per oggi,LOCAL_CLUB,Campania,NA,Arzano,C/o Chiesa Spirito - Via L. Calabresi,80022,,,Settimanale,,,3343957811 / 800411406,,aaitaly@tin.it,,ARCAT Campania,,,40.8518,14.2681,APPROXIMATE_CITY,ACTIVE_VERIFIED_2026,,,,2026-09-21 11:39:47,2026-09-21 11:39:47,11
3080,SIC-5SPE1E0D-PRNX6ENK-S,Alcolisti Anonimi – Gruppo Il coraggio di cambiare,LOCAL_CLUB,Campania,NA,Napoli,C/o Chiesa delle Pentite - c/o Chiesa delle Pentite Via Pasquale Scura 17,80134,,,Settimanale,,,3343957553 / 800411406,,aaitaly@tin.it,,ARCAT Campania,,,40.8518,14.2681,APPROXIMATE_CITY,ACTIVE_VERIFIED_2026,,,,2026-09-21 11:39:47,2026-09-21 11:39:47,11
3081,SIC-RRSF610C-HHPKXH2F-Y,Alcolisti Anonimi – Gruppo La pietra,LOCAL_CLUB,Campania,NA,Napoli,C/o Villa Medisa - Via di Pozzuoli 110,80124,,,Settimanale,,,3343956355 / 800411406,,aaitaly@tin.it,,ARCAT Campania,,,40.8518,14.2681,APPROXIMATE_CITY,ACTIVE_VERIFIED_2026,,,,2026-09-21 11:39:47,2026-09-21 11:39:47,11
3082,SIC-XH837ZF4-PP2DYWSM-R,Alcolisti Anonimi – Gruppo Domenica pomeriggio,LOCAL_CLUB,Campania,NA,Napoli,C/o Villa Medusa - Via Pozzuoli 100,80121,,,Settimanale,,,3351949586 / 800411406,,aaitaly@tin.it,,ARCAT Campania,,,40.8518,14.2681,APPROXIMATE_CITY,ACTIVE_VERIFIED_2026,,,,2026-09-21 11:39:47,2026-09-21 11:39:47,11
3083,SIC-QC44NJ3J-WWKT46XC-H,Alcolisti Anonimi – Gruppo Foligno,LOCAL_CLUB,Italia,60,6034 Foligno,C/o Chiesa di S. G. Battista - Via A. Allegri 2,,,,Settimanale,,,3332689228 / 800411406,,aaitaly@tin.it,,AICAT Nazionale,,,42.5,12.5,APPROXIMATE_CITY,ACTIVE_VERIFIED_2026,,,,2026-09-21 11:39:47,2026-09-21 11:39:47,11
3084,SIC-B1ENF3CC-6P6VBM01-S,Alcolisti Anonimi – Gruppo C. Tacito,LOCAL_CLUB,Italia,51,5100 Terni,C/o Chiesa San Paolo - Via G. Rossini 214,,,,Settimanale,,,3317329976 / 800411406,,aaitaly@tin.it,,AICAT Nazionale,,,42.5,12.5,APPROXIMATE_CITY,ACTIVE_VERIFIED_2026,,,,2026-09-21 11:39:47,2026-09-21 11:39:47,11
3085,SIC-0F60V02M-7WFWSTH5-F,Alcolisti Anonimi – Gruppo Perugia uno,LOCAL_CLUB,Umbria,PE,6100 Perugia,Via C. Colombo 13/a,,,,Settimanale,,,3347469666 / 800411406,,aaitaly@tin.it,,ARCAT Umbria,,,42.5,12.5,APPROXIMATE_CITY,ACTIVE_VERIFIED_2026,,,,2026-09-21 11:39:47,2026-09-21 11:39:47,11
3086,SIC-VHJB11P8-FGDW9CTT-R,Alcolisti Anonimi – Gruppo Nuova speranza,LOCAL_CLUB,Puglia,BT,Barletta,C/o Parrocchia S.S. Trinità - Via Palmitessa 38,76121,,,Settimanale,,,3665830224 / 800411406,,aaitaly@tin.it,,ARCAT Puglia,,,41.3197,16.2827,APPROXIMATE_CITY,ACTIVE_VERIFIED_2026,,,,2026-09-21 11:39:47,2026-09-21 11:39:47,11
3087,SIC-TJWAGHGP-THN2D8Y5-Q,Alcolisti Anonimi – Gruppo Per dono,LOCAL_CLUB,Puglia,BA,Castellana Grotte,Via N. Pinto 32,70013,,,Settimanale,,,337932320 / 800411406,,aaitaly@tin.it,,ARCAT Puglia,,,41.1171,16.8719,APPROXIMATE_CITY,ACTIVE_VERIFIED_2026,,,,2026-09-21 11:39:47,2026-09-21 11:39:47,11
3088,SIC-7RTD5A32-PCHNV8VB-Q,Alcolisti Anonimi – Gruppo Rinascita,LOCAL_CLUB,Puglia,BA,P.za San Francesco d'Assisi 5,C/o Parrocchia San Francesco d'Assisi,70126,,,Settimanale,,,3666004039 / 800411406,,aaitaly@tin.it,,ARCAT Puglia,,,41.1171,16.8719,APPROXIMATE_CITY,ACTIVE_VERIFIED_2026,,,,2026-09-21 11:39:47,2026-09-21 11:39:47,11
3089,SIC-2GPB4XPT-C5PGY6KY-H,AL-ANON – Gruppo Nuovo giorno,LOCAL_CLUB,Italia,71,S.V. TAV S. Camillo,C/o Serd S. Camillo,,,,Settimanale,,,0258018230 / 800087897,,usg@al-anon.it,,AICAT Nazionale,,,42.5,12.5,APPROXIMATE_CITY,ACTIVE_VERIFIED_2026,,,,2026-09-21 11:39:47,2026-09-21 11:39:47,11
3090,SIC-RTZ88E2C-DWN2HZGZ-T,Alcolisti Anonimi – Gruppo Speranza,LOCAL_CLUB,Marche,AP,Ascoli Piceno,"Via Assisi, 2",63100,,,Settimanale,,,3343965161 / 800411406,,aaitaly@tin.it,,ARCAT Marche,,,42.855,13.5764,APPROXIMATE_CITY,ACTIVE_VERIFIED_2026,,,,2026-09-21 11:39:47,2026-09-21 11:39:47,11
3091,SIC-Z5RRZ783-ADVYBWFC-W,Alcolisti Anonimi – Gruppo Tre rose,LOCAL_CLUB,Marche,AN,L.go San Cosma 5/a,C/o Parrocchia SS. Cosma e Damiano,60121,,,Settimanale,,,3666163697 / 800411406,,aaitaly@tin.it,,ARCAT Marche,,,43.6158,13.5189,APPROXIMATE_CITY,ACTIVE_VERIFIED_2026,,,,2026-09-21 11:39:47,2026-09-21 11:39:47,11
3092,SIC-A450VDT6-X6KK42VT-Q,Alcolisti Anonimi – Gruppo Collemarino,LOCAL_CLUB,Marche,AN,Collemarino,Via Maurizio Bufalini 3,60126,,,Settimanale,,,3343959077 / 800411406,,aaitaly@tin.it,,ARCAT Marche,,,43.6158,13.5189,APPROXIMATE_CITY,ACTIVE_VERIFIED_2026,,,,2026-09-21 11:39:47,2026-09-21 11:39:47,11
3093,SIC-Q1PC60WA-QTQM0DB9-C,Alcolisti Anonimi – Gruppo Il faro,LOCAL_CLUB,Puglia,BA,L.go San Francesco da Paola,C/o Convento S. Francesco da Paola,70043,,,Settimanale,,,3356026668 / 800411406,,aaitaly@tin.it,,ARCAT Puglia,,,41.1171,16.8719,APPROXIMATE_CITY,ACTIVE_VERIFIED_2026,,,,2026-09-21 11:39:47,2026-09-21 11:39:47,11
3094,SIC-D6B6MDE9-65210WWS-A,Alcolisti Anonimi – Gruppo Fra Ignazio,LOCAL_CLUB,Italia,90,9025 Sanluri,C/o Convento Cappuccini - Via S. Rocco 6,,,,Settimanale,,,3667522538 / 800411406,,aaitaly@tin.it,,AICAT Nazionale,,,42.5,12.5,APPROXIMATE_CITY,ACTIVE_VERIFIED_2026,,,,2026-09-21 11:39:47,2026-09-21 11:39:47,11
3095,SIC-8KCBW7NT-JDVVBS2E-6,Alcolisti Anonimi – Gruppo Insieme,LOCAL_CLUB,Sicilia,CT,P.zza S. Maria della Guardia,C/o Convento Frati Cappuccini,95100,,,Settimanale,,,3343962596 / 800411406,,aaitaly@tin.it,,ARCAT Sicilia,,,37.5079,15.0873,APPROXIMATE_CITY,ACTIVE_VERIFIED_2026,,,,2026-09-21 11:39:47,2026-09-21 11:39:47,11
3096,SIC-CQPJD2QH-8ANX1QTT-V,Alcolisti Anonimi – Gruppo La speranza,LOCAL_CLUB,Marche,PU,Pesaro,C/o Cinema Solaris - Via F. Turati 42,61100,,,Settimanale,,,3343958785 / 800411406,,aaitaly@tin.it,,ARCAT Marche,,,43.9102,12.9133,APPROXIMATE_CITY,ACTIVE_VERIFIED_2026,,,,2026-09-21 11:39:47,2026-09-21 11:39:47,11
3097,SIC-4G3SR9Z6-R2665RH8-K,Alcolisti Anonimi – Gruppo Tre legati,LOCAL_CLUB,Marche,MC,V.le Trento e Trieste,C/o parrocchia Santa Famiglia,62029,,,Settimanale,,,3343962925 / 800411406,,aaitaly@tin.it,,ARCAT Marche,,,43.3002,13.4534,APPROXIMATE_CITY,ACTIVE_VERIFIED_2026,,,,2026-09-21 11:39:47,2026-09-21 11:39:47,11
3098,SIC-0HRAFMJB-9HRH2XTQ-V,Alcolisti Anonimi – gruppo Genova Centro,LOCAL_CLUB,Liguria,GE,Genova,Via Ugo Foscolo 3 cancello,16121,,,Settimanale,,,3355764696 / 800411406,,aagenovacentro@libero.it,,ARCAT Liguria,,,44.4056,8.9463,APPROXIMATE_CITY,ACTIVE_VERIFIED_2026,,,,2026-09-21 11:39:47,2026-09-21 11:39:47,11
3099,SIC-N9ZGGVYA-R0XKYS54-S,Alcolisti Anonimi – gruppo Ge-Sestri P,LOCAL_CLUB,Liguria,GE,Genova Sestri,c/o Parrocchia della Natività - Via San Giovanni Battista 21,16154,,,Settimanale,,,3346827526 / 800411406,,aage-sestriponente@hotmail.it,,ARCAT Liguria,,,44.4056,8.9463,APPROXIMATE_CITY,ACTIVE_VERIFIED_2026,,,,2026-09-21 11:39:47,2026-09-21 11:39:47,11
3100,SIC-3FJTJR8G-8SPPYVA9-C,Alcolisti Anonimi – gruppo Chiavari,LOCAL_CLUB,Liguria,GE,Chiavari,Via Rupinaro 11,16043,,,Settimanale,,,3346712986 / 3351949573,,aachiavari@outlook.it,,ARCAT Liguria,,,44.4056,8.9463,APPROXIMATE_CITY,ACTIVE_VERIFIED_2026,,,,2026-09-21 11:39:47,2026-09-21 11:39:47,11
3101,SIC-G8KF381H-YGMJM53W-7,Alcolisti Anonimi – Gruppo Idice,LOCAL_CLUB,Emilia-Romagna,BO,San Lazzaro di Savena,C/o Oratorio Parrocchia San Francesco - Via Torino 26/A,40068,,,Settimanale,,,800411406 / 3358202228,,aaitaly@tin.it,,ARCAT Emilia-Romagna,,,44.4949,11.3426,APPROXIMATE_CITY,ACTIVE_VERIFIED_2026,,,,2026-09-21 11:39:47,2026-09-21 11:39:47,11
3102,SIC-MRJ7M4X5-AAPDAXWC-9,Alcolisti Anonimi – Gruppo Semplicità,LOCAL_CLUB,Emilia-Romagna,BO,Bologna,C/o Parrocchia San Bartolomeo - Via Beverara 86,40131,,,Settimanale,,,3358202228 / 800411406,,aaitaly@tin.it,,ARCAT Emilia-Romagna,,,44.4949,11.3426,APPROXIMATE_CITY,ACTIVE_VERIFIED_2026,,,,2026-09-21 11:39:47,2026-09-21 11:39:47,11
3103,SIC-A7EMQMVQ-BQJ6NCVR-0,Alcolisti Anonimi – Gruppo San Benedetto,LOCAL_CLUB,Liguria,IM,Arma di Taggia,C/o Centro Polivalente comunale - Via San Francesco 2,18011,,,Settimanale,,,3922921912 / 800411406,,aaitaly@tin.it,,ARCAT Liguria,,,43.8872,8.0289,APPROXIMATE_CITY,ACTIVE_VERIFIED_2026,,,,2026-09-21 11:39:47,2026-09-21 11:39:47,11
3104,SIC-5T9MK2XW-1ZZN4269-H,Alcolisti Anonimi – Gruppo Santerno,LOCAL_CLUB,Emilia-Romagna,BO,Imola,"Via Poletti, 2",40026,,,Settimanale,,,3358202228 / 3356997173,,aaitaly@tin.it,,ARCAT Emilia-Romagna,,,44.4949,11.3426,APPROXIMATE_CITY,ACTIVE_VERIFIED_2026,,,,2026-09-21 11:39:47,2026-09-21 11:39:47,11
3105,SIC-ET32C7KT-HHXAG74N-S,Alcolisti Anonimi – gruppo Pomposa,LOCAL_CLUB,Emilia-Romagna,FE,Torbiera,C/o Parrocchia di Torbiera,44021,,,Settimanale,,,3343963527 / 800411406,,aaitaly@tin.it,,ARCAT Emilia-Romagna,,,44.8381,11.6198,APPROXIMATE_CITY,ACTIVE_VERIFIED_2026,,,,2026-09-21 11:39:47,2026-09-21 11:39:47,11
3106,SIC-EHSF3333-5R6RMV55-0,Alcolisti Anonimi – Gruppo Serenità,LOCAL_CLUB,Emilia-Romagna,FC,Cesena,"c/o Associazione Volontà Romagna, campanello interno 2 - Via Serraglio, 16",47521,,,Settimanale,,,3347469746 / 800411406,,arcat.emiliaromagna@gmail.com,,ARCAT Emilia-Romagna,,,44.2227,12.0407,APPROXIMATE_CITY,ACTIVE_VERIFIED_2026,,,,2026-09-21 11:39:47,2026-09-21 11:39:47,11
3107,SIC-JMSV46Y6-BTSXVGGE-Q,Alcolisti Anonimi – gruppo Bassa Modenese,LOCAL_CLUB,Emilia-Romagna,MO,Mirandola,Via Gramsci 322,41037,,,Settimanale,,,3334208029 / 800411406,,aaitaly@tin.it,,ARCAT Emilia-Romagna,,,44.6471,10.9252,APPROXIMATE_CITY,ACTIVE_VERIFIED_2026,,,,2026-09-21 11:39:47,2026-09-21 11:39:47,11
3108,SIC-Y07KZ8P6-6VQC5Q53-Y,Alcolisti Anonimi – gruppo Giardini,LOCAL_CLUB,Emilia-Romagna,MO,Modena,Piazza Liberazione 13,41124,,,Settimanale,,,3334208029 / 800411406,,arcat.emiliaromagna@gmail.com,,ARCAT Emilia-Romagna,,,44.6471,10.9252,APPROXIMATE_CITY,ACTIVE_VERIFIED_2026,,,,2026-09-21 11:39:47,2026-09-21 11:39:47,11
3109,SIC-J6SBYXQ4-QHYYBHSA-9,Alcolisti Anonimi – Gruppo Insieme,LOCAL_CLUB,Emilia-Romagna,MO,Carpi,"C/o Parrocchia S. Giuseppe, palazzina a sx della chiesa, 1° piano - Via Remesina Interna 56",41012,,,Settimanale,,,3334208029 / 800411406,,aaitaly@tin.it,,ARCAT Emilia-Romagna,,,44.6471,10.9252,APPROXIMATE_CITY,ACTIVE_VERIFIED_2026,,,,2026-09-21 11:39:47,2026-09-21 11:39:47,11
3110,SIC-BT96BPAX-EST2C18F-8,Alcolisti Anonimi – gruppo Sassuolo,LOCAL_CLUB,Emilia-Romagna,MO,Sassuolo,P.le Risorgimento 52,41049,,,Settimanale,,,3334208029 / 800411406,,aaitaly@tin.it,,ARCAT Emilia-Romagna,,,44.6471,10.9252,APPROXIMATE_CITY,ACTIVE_VERIFIED_2026,,,,2026-09-21 11:39:47,2026-09-21 11:39:47,11
3111,SIC-AR9K6FRZ-KZSWZM6Z-4,Alcolisti Anonimi – gruppo Prignano,LOCAL_CLUB,Emilia-Romagna,MO,Prignano sul Secchia,Via Gianbattista Berti 634,41048,,,Settimanale,,,3334208029 / 800411406,,aaitaly@tin.it,,ARCAT Emilia-Romagna,,,44.6471,10.9252,APPROXIMATE_CITY,ACTIVE_VERIFIED_2026,,,,2026-09-21 11:39:47,2026-09-21 11:39:47,11
3112,SIC-VDX83D11-M2P8KWNP-4,Alcolisti Anonimi – Gruppo Montagna,LOCAL_CLUB,Emilia-Romagna,MO,Pavullo nel Frignano,Cc/o Casa del Volontariato - Via Matteotti 5,41026,,,Settimanale,,,3334208029 / 800411406,,aaitaly@tin.it,,ARCAT Emilia-Romagna,,,44.6471,10.9252,APPROXIMATE_CITY,ACTIVE_VERIFIED_2026,,,,2026-09-21 11:39:47,2026-09-21 11:39:47,11
3113,SIC-59XHEZNG-40JESZVH-T,Alcolisti Anonimi – gruppo Vignola,LOCAL_CLUB,Emilia-Romagna,MO,Vignola,C/o Parrocchia di Brodano - Via Natale Bruni 129,41058,,,Settimanale,,,3334208029 / 800411406,,aaitaly@tin.it,,ARCAT Emilia-Romagna,,,44.6471,10.9252,APPROXIMATE_CITY,ACTIVE_VERIFIED_2026,,,,2026-09-21 11:39:47,2026-09-21 11:39:47,11
3114,SIC-6S8K5AMZ-6K1C94RV-Y,Alcolisti Anonimi – Gruppo Azione,LOCAL_CLUB,Emilia-Romagna,PR,Langhirano,C/o Linfa - Via Fermi 8,43013,,,Settimanale,,,3388958181 / 800411406,,aaitaly@tin.it,,ARCAT Emilia-Romagna,,,44.8015,10.3279,APPROXIMATE_CITY,ACTIVE_VERIFIED_2026,,,,2026-09-21 11:39:47,2026-09-21 11:39:47,11
3115,SIC-TGZD4J9N-3K75YTVF-7,Alcolisti Anonimi – Gruppo San Polo,LOCAL_CLUB,Emilia-Romagna,PR,San Polo di Torrile,C/o Casa delle associazioni - Via Verdi 10/1,43056,,,Settimanale,,,3388958181 / 800411406,,aaitaly@tin.it,,ARCAT Emilia-Romagna,,,44.8015,10.3279,APPROXIMATE_CITY,ACTIVE_VERIFIED_2026,,,,2026-09-21 11:39:47,2026-09-21 11:39:47,11
3116,SIC-8FCENY7T-Z8V2JAZ8-T,Alcolisti Anonimi – gruppo Santo Stefano,LOCAL_CLUB,Emilia-Romagna,PR,Parma,P.le San Benedetto 1,43121,,,Settimanale,,,3388958181 / 800411406,,aaitaly@tin.it,,ARCAT Emilia-Romagna,,,44.8015,10.3279,APPROXIMATE_CITY,ACTIVE_VERIFIED_2026,,,,2026-09-21 11:39:47,2026-09-21 11:39:47,11
3117,SIC-91SNXGCV-C6V0TA05-M,Alcolisti Anonimi – gruppo Ponziana,LOCAL_CLUB,Friuli-Venezia Giulia,TS,Trieste,C/o portierato sociale - Ponzana Via Lorenzetti 60,34144,,,Settimanale,,,3663433400 / 800411406,,aaitaly@tin.it,,ARCAT Friuli-Venezia Giulia,,,45.6495,13.7768,APPROXIMATE_CITY,ACTIVE_VERIFIED_2026,,,,2026-09-21 11:39:47,2026-09-21 11:39:47,11
3118,SIC-8GC6FBD2-M11DK3EQ-6,Alcolisti Anonimi – gruppo Udine 1,LOCAL_CLUB,Friuli-Venezia Giulia,UD,Udine,C/o Sala Consiliare quarta circoscrizione - Via Pradamano 21,33100,,,Settimanale,,,3371027215 / 800411406,,aaitaly@tin.it,,ARCAT Friuli-Venezia Giulia,,,46.0711,13.2346,APPROXIMATE_CITY,ACTIVE_VERIFIED_2026,,,,2026-09-21 11:39:47,2026-09-21 11:39:47,11
3119,SIC-QW4NPAZF-9S2X3SWK-W,Alcolisti Anonimi – gruppo Rimini,LOCAL_CLUB,Emilia-Romagna,FC,Rimini,C/o Istituto Marvelli - Via Covignano 238,47900,,,Settimanale,,,3403355135,,aaitaly@tin.it,,ARCAT Emilia-Romagna,,,44.2227,12.0407,APPROXIMATE_CITY,ACTIVE_VERIFIED_2026,,,,2026-09-21 11:39:47,2026-09-21 11:39:47,11
3120,SIC-Y8RW7H64-VP200B6B-H,Alcolisti Anonimi – gruppo Monfalcone,LOCAL_CLUB,Friuli-Venezia Giulia,TS,Monfalcone,Via Rossini 42,34074,,,Settimanale,,,3667759423 / 800411406,,aaitaly@tin.it,,ARCAT Friuli-Venezia Giulia,,,45.6495,13.7768,APPROXIMATE_CITY,ACTIVE_VERIFIED_2026,,,,2026-09-21 11:39:47,2026-09-21 11:39:47,11
3121,SIC-DJPSB9TD-YPCBV1ZX-V,Alcolisti Anonimi – gruppo Codroipo,LOCAL_CLUB,Friuli-Venezia Giulia,UD,Codroipo,c/o ex Casa Custode - Via Europa Unita 30,33033,,,Settimanale,,,3203726167,,aaitaly@tin.it,,ARCAT Friuli-Venezia Giulia,,,46.0711,13.2346,APPROXIMATE_CITY,ACTIVE_VERIFIED_2026,,,,2026-09-21 11:39:47,2026-09-21 11:39:47,11
3122,SIC-3Y06A8R6-EQC7NJAW-4,Alcolisti Anonimi – gruppo Rinascita,LOCAL_CLUB,Friuli-Venezia Giulia,UD,Udine,C/o Circoscrizione Udine sud - Via Pradamano 21,33100,,,Settimanale,,,3388958320 / 800411406,,aaitaly@tin.it,,ARCAT Friuli-Venezia Giulia,,,46.0711,13.2346,APPROXIMATE_CITY,ACTIVE_VERIFIED_2026,,,,2026-09-21 11:39:47,2026-09-21 11:39:47,11
3123,SIC-SDHT08YV-9JSXRNA4-W,Alcolisti Anonimi – gruppo Serenità,LOCAL_CLUB,Friuli-Venezia Giulia,UD,Tolmezzo,Via Lequio 8,33028,,,Settimanale,,,3388958168 / 800411406,,aaitaly@tin.it,,ARCAT Friuli-Venezia Giulia,,,46.0711,13.2346,APPROXIMATE_CITY,ACTIVE_VERIFIED_2026,,,,2026-09-21 11:39:47,2026-09-21 11:39:47,11
3124,SIC-FQBWCSBG-23GKBPWD-4,Alcolisti Anonimi – gruppo Non più soli,LOCAL_CLUB,Italia,31,P.zza Risorgimento,C/o Parrocchia S. Maria delle Grazie,,,,Settimanale,,,3387391437 / 800411406,,aaitaly@tin.it,,AICAT Nazionale,,,42.5,12.5,APPROXIMATE_CITY,ACTIVE_VERIFIED_2026,,,,2026-09-21 11:39:47,2026-09-21 11:39:47,11
3125,SIC-G3ACPFH0-3R96849T-1,Alcolisti Anonimi – gruppo Tarcento,LOCAL_CLUB,Friuli-Venezia Giulia,UD,Tarcento,Via Sottocolle Verzan 82,33017,,,Settimanale,,,3371038259,,aaitaly@tin.it,,ARCAT Friuli-Venezia Giulia,,,46.0711,13.2346,APPROXIMATE_CITY,ACTIVE_VERIFIED_2026,,,,2026-09-21 11:39:47,2026-09-21 11:39:47,11
3126,SIC-E3TTPKW1-D5FNAFSQ-A,Alcolisti Anonimi – gruppo Ladispoli La fratellanza,LOCAL_CLUB,Italia,55,55 Ladispoli,Cc/o Parrocchia S. Maria del Rosario - Via Odescalchi 181,,,,Settimanale,,,3343958540 / 800411406,,aaitaly@tin.it,,AICAT Nazionale,,,42.5,12.5,APPROXIMATE_CITY,ACTIVE_VERIFIED_2026,,,,2026-09-21 11:39:47,2026-09-21 11:39:47,11
3127,SIC-CJXFPHY0-TAD58G30-J,Alcolisti Anonimi – gruppo Antelao,LOCAL_CLUB,Lazio,RO,141 Roma,"Via Monte Bianco, 93 - angolo Via Antelao",,,,Settimanale,,,3343963698 / 800411406,,aaitaly@tin.it,,ARCAT Lazio,,,42.5,12.5,APPROXIMATE_CITY,ACTIVE_VERIFIED_2026,,,,2026-09-21 11:39:47,2026-09-21 11:39:47,11
3128,SIC-ZX9SGM4R-GCAP4D87-J,Alcolisti Anonimi – gruppo Santa Monica Ostia Lido,LOCAL_CLUB,Italia,12,P.zza Santa Monica,C/o Parrocchia Santa Monica,,,,Settimanale,,,3669079000 / 800411406,,aaitaly@tin.it,,AICAT Nazionale,,,42.5,12.5,APPROXIMATE_CITY,ACTIVE_VERIFIED_2026,,,,2026-09-21 11:39:47,2026-09-21 11:39:47,11
3129,SIC-6KT6M4FE-C1EA0XA4-Q,Alcolisti Anonimi – gruppo Battistini,LOCAL_CLUB,Italia,16,167 Roma,C/o Parrocchia S. Giuseppe all'Aurelio - Via Adriano 189,,,,Settimanale,,,3666237086 / 800411406,,aaitaly@tin.it,,AICAT Nazionale,,,42.5,12.5,APPROXIMATE_CITY,ACTIVE_VERIFIED_2026,,,,2026-09-21 11:39:47,2026-09-21 11:39:47,11
3130,SIC-YZPH6BZK-RAM7KXVD-0,Alcolisti Anonimi – gruppo Lavinio,LOCAL_CLUB,Lazio,RM,Anzio,c/o Chiesa Centro Ecumenico - Via Valle di Schioia 157,00042,,,Settimanale,,,3358367200 / 800411406,,arcatlazio@gmail.com,,ARCAT Lazio,,,41.9028,12.4964,APPROXIMATE_CITY,ACTIVE_VERIFIED_2026,,,,2026-09-21 11:39:47,2026-09-21 11:39:47,11
3131,SIC-5F5GSYVG-9HV1S1N1-D,Alcolisti Anonimi – gruppo Aurelio,LOCAL_CLUB,Italia,16,165 Roma,C/o Parrocchia SS Protomartiri - Via A. Di Pietro 50,,,,Settimanale,,,335225816 / 800411406,,aaitaly@tin.it,,AICAT Nazionale,,,42.5,12.5,APPROXIMATE_CITY,ACTIVE_VERIFIED_2026,,,,2026-09-21 11:39:47,2026-09-21 11:39:47,11
3132,SIC-8KECYDB6-JXJBFPD1-Y,Alcolisti Anonimi – gruppo Il rifugio,LOCAL_CLUB,Lazio,RM,V.le della Venezia Giulia 21,C/o Parrocchia S. Agapito,00177,,,Settimanale,,,3371098273 / 800411406,,aaitaly@tin.it,,ARCAT Lazio,,,41.9028,12.4964,APPROXIMATE_CITY,ACTIVE_VERIFIED_2026,,,,2026-09-21 11:39:47,2026-09-21 11:39:47,11
3133,SIC-KJVFVHG8-82RXA0Y0-8,Alcolisti Anonimi – gruppo Centro uno,LOCAL_CLUB,Italia,18,184 Roma,C/o Chiesa Anglicana - Via Napoli 56,,,,Settimanale,,,3316201538 / 800411406,,aaitaly@tin.it,,AICAT Nazionale,,,42.5,12.5,APPROXIMATE_CITY,ACTIVE_VERIFIED_2026,,,,2026-09-21 11:39:47,2026-09-21 11:39:47,11
3134,SIC-TDQ8Z4VH-P226TE8Y-W,Alcolisti Anonimi – gruppo Boito,LOCAL_CLUB,Italia,19,199 Roma,C/o Parrocchia S.S. Trinità - Via Marchetti 36,,,,Settimanale,,,3351758101 / 800411406,,aaitaly@tin.it,,AICAT Nazionale,,,42.5,12.5,APPROXIMATE_CITY,ACTIVE_VERIFIED_2026,,,,2026-09-21 11:39:47,2026-09-21 11:39:47,11
3135,SIC-S4GGV51A-0C831J14-Y,Alcolisti Anonimi – gruppo EUR,LOCAL_CLUB,Italia,14,P.le SS. Pietro e Paolo 8,C/o Chiesa SS. Pietro e Paolo4,,,,Settimanale,,,3667600432 / 800411406,,aaitaly@tin.it,,AICAT Nazionale,,,42.5,12.5,APPROXIMATE_CITY,ACTIVE_VERIFIED_2026,,,,2026-09-21 11:39:47,2026-09-21 11:39:47,11
3136,SIC-VTPB1S79-FQCJP448-3,Alcolisti Anonimi – gruppo Intermezzo quotidiano,LOCAL_CLUB,Italia,18,184 Roma,C/o Chiesa Anglicana - Via Napoli 56,,,,Settimanale,,,3934455487 / 800411406,,aaitaly@tin.it,,AICAT Nazionale,,,42.5,12.5,APPROXIMATE_CITY,ACTIVE_VERIFIED_2026,,,,2026-09-21 11:39:47,2026-09-21 11:39:47,11
3137,SIC-MB7PK3EX-08JZX04C-7,Alcolisti Anonimi – gruppo Sant’Alberto Magno,LOCAL_CLUB,Italia,13,139 Roma,Cc/o Parrocchia Sant'Alberto Magno - Via delle Vigne Nuove 653,,,,Settimanale,,,3341196424 / 800411406,,aaitaly@tin.it,,AICAT Nazionale,,,42.5,12.5,APPROXIMATE_CITY,ACTIVE_VERIFIED_2026,,,,2026-09-21 11:39:47,2026-09-21 11:39:47,11
3138,SIC-HSS6D7PQ-96632X6R-Z,Alcolisti Anonimi – gruppo Parioli,LOCAL_CLUB,Italia,19,197 Roma,C/o Parrocchia S. Luigi Gonzaga - Via di Villa Emiliani 15/d,,,,Settimanale,,,3343963687 / 800411406,,aaitaly@tin.it,,AICAT Nazionale,,,42.5,12.5,APPROXIMATE_CITY,ACTIVE_VERIFIED_2026,,,,2026-09-21 11:39:47,2026-09-21 11:39:47,11
3139,SIC-NTDKFM2Q-2PW5FHX3-1,Alcolisti Anonimi – gruppo Intermezzo mattina,LOCAL_CLUB,Italia,18,184 Roma,C/o Chiesa Anglicana - Via Napoli 56,,,,Settimanale,,,3343963426 / 800411406,,aaitaly@tin.it,,AICAT Nazionale,,,42.5,12.5,APPROXIMATE_CITY,ACTIVE_VERIFIED_2026,,,,2026-09-21 11:39:47,2026-09-21 11:39:47,11
3140,SIC-Q4Z8GPF8-EFXXZMY6-G,Alcolisti Anonimi – gruppo San Vincenzo Pallotti,LOCAL_CLUB,Italia,15,158 Roma,C/o Parrocchia S. Vincenzo Pallotti - Via Matteo Tondi 80,,,,Settimanale,,,3343955885 / 800411406,,aaitaly@tin.it,,AICAT Nazionale,,,42.5,12.5,APPROXIMATE_CITY,ACTIVE_VERIFIED_2026,,,,2026-09-21 11:39:47,2026-09-21 11:39:47,11
3141,SIC-8AH95ATC-XBJJ8AK7-T,Alcolisti Anonimi – gruppo Sant’Ignazio,LOCAL_CLUB,Italia,17,178 Roma,C/o Parrocchia Sant'Ignazio - Via Squillace 3,,,,Settimanale,,,3386418106 / 800411406,,aaitaly@tin.it,,AICAT Nazionale,,,42.5,12.5,APPROXIMATE_CITY,ACTIVE_VERIFIED_2026,,,,2026-09-21 11:39:47,2026-09-21 11:39:47,11
3142,SIC-JYXGKA81-JEEQNN8R-Y,Alcolisti Anonimi – Gruppo Baltea,LOCAL_CLUB,Piemonte,TO,Caluso,C/o CISSAC - Via S. Francesco d'Assisi 2,10014,,,Settimanale,,,3343962767 / 800411406,,aaitaly@tin.it,,ARCAT Piemonte,,,45.0703,7.6869,APPROXIMATE_CITY,ACTIVE_VERIFIED_2026,,,,2026-09-21 11:39:47,2026-09-21 11:39:47,11
3143,SIC-BA5ZM9VX-QY1BB8MW-E,Alcolisti Anonimi – gruppo Spartaco,LOCAL_CLUB,Lazio,RM,L.go Spartaco,C/o Parrocchia Assunzione di Maria,00174,,,Settimanale,,,3666949897,,aaitaly@tin.it,,ARCAT Lazio,,,41.9028,12.4964,APPROXIMATE_CITY,ACTIVE_VERIFIED_2026,,,,2026-09-21 11:39:47,2026-09-21 11:39:47,11
3144,SIC-ZTPS7S54-J6QFEGH4-7,Alcolisti Anonimi – gruppo Sette Santi Fondatori,LOCAL_CLUB,Lazio,RM,Roma,C/o Parrocchia Sette Santi Fondatori - ingresso cancello a destra - Via Benevento 25,00161,,,Settimanale,,,3343950252 / 800411406,,aaitaly@tin.it,,ARCAT Lazio,,,41.9028,12.4964,APPROXIMATE_CITY,ACTIVE_VERIFIED_2026,,,,2026-09-21 11:39:47,2026-09-21 11:39:47,11
3145,SIC-S7FYF5G9-GNZJBN5E-Z,Alcolisti Anonimi – gruppo Trastevere,LOCAL_CLUB,Italia,15,Circ.ne Gianicolense 12,C/o Chiesa SS. Patroni,,,,Settimanale,,,3386226566 / 800411406,,aaitaly@tin.it,,AICAT Nazionale,,,42.5,12.5,APPROXIMATE_CITY,ACTIVE_VERIFIED_2026,,,,2026-09-21 11:39:47,2026-09-21 11:39:47,11
3146,SIC-EW8YYTFR-Z8H805GX-2,Alcolisti Anonimi – gruppo Trionfale,LOCAL_CLUB,Italia,19,195 Roma,C/o Chiesa San Giuseppe - Via Giovanni Bovio 44,,,,Settimanale,,,3386513524 / 800411406,,aaitaly@tin.it,,AICAT Nazionale,,,42.5,12.5,APPROXIMATE_CITY,ACTIVE_VERIFIED_2026,,,,2026-09-21 11:39:47,2026-09-21 11:39:47,11
3147,SIC-0EP4T6VT-ZDGYBDH9-S,Alcolisti Anonimi – Gruppo La speranza,LOCAL_CLUB,Piemonte,TO,Castellamonte,"P.zza della Chiesa, 122 - Frazione Spineto",10081,,,Settimanale,,,3387325532 / 800411406,,aaitaly@tin.it,,ARCAT Piemonte,,,45.0703,7.6869,APPROXIMATE_CITY,ACTIVE_VERIFIED_2026,,,,2026-09-21 11:39:47,2026-09-21 11:39:47,11
3148,SIC-FKVXENWV-XFAFSSKY-3,Alcolisti Anonimi – Gruppo San Gaudenzio,LOCAL_CLUB,Piemonte,NO,Novara,C/o Oratorio Madonna Pellegrina - Via G. Cesare 378/a,28100,,,Settimanale,,,3346538616 / 800411406,,aaitaly@tin.it,,ARCAT Piemonte,,,45.4469,8.6212,APPROXIMATE_CITY,ACTIVE_VERIFIED_2026,,,,2026-09-21 11:39:47,2026-09-21 11:39:47,11
3149,SIC-P1BARRGP-4R3TCP7V-3,Alcolisti Anonimi – Gruppo Segusium,LOCAL_CLUB,Piemonte,TO,C.so L. Couvert 23,C/o Parrocchia S. Evasio,10059,,,Settimanale,,,3316189245 / 800411406,,aaitaly@tin.it,,ARCAT Piemonte,,,45.0703,7.6869,APPROXIMATE_CITY,ACTIVE_VERIFIED_2026,,,,2026-09-21 11:39:47,2026-09-21 11:39:47,11
3150,SIC-D172XSBQ-B4EDVHK1-S,Alcolisti Anonimi – Gruppo La Fenice,LOCAL_CLUB,Piemonte,TO,Moncalieri,C/o Oratorio S. Giacomo - Via Della Chiesa 36 La Loggia,10024,,,Settimanale,,,3347343311,,aaitaly@tin.it,,ARCAT Piemonte,,,45.0703,7.6869,APPROXIMATE_CITY,ACTIVE_VERIFIED_2026,,,,2026-09-21 11:39:47,2026-09-21 11:39:47,11
3151,SIC-M51FBTMD-GE498KX0-6,Alcolisti Anonimi – Gruppo Canavese,LOCAL_CLUB,Piemonte,TO,Ivrea,Via Varmondo Arborio 20,10015,,,Settimanale,,,3347466256 / 800411406,,aaitaly@tin.it,,ARCAT Piemonte,,,45.0703,7.6869,APPROXIMATE_CITY,ACTIVE_VERIFIED_2026,,,,2026-09-21 11:39:47,2026-09-21 11:39:47,11
3152,SIC-W61SK2FS-99KMVP9C-3,Alcolisti Anonimi – Gruppo Santa Chiara,LOCAL_CLUB,Piemonte,TO,Rivalta,C/o Centro Religioso Sangone - Via Vittime di Bologna,10040,,,Settimanale,,,3601041263 / 800411406,,aaitaly@tin.it,,ARCAT Piemonte,,,45.0703,7.6869,APPROXIMATE_CITY,ACTIVE_VERIFIED_2026,,,,2026-09-21 11:39:47,2026-09-21 11:39:47,11
3153,SIC-B0D9WC7M-PQ5MMGYH-6,Alcolisti Anonimi – Gruppo Fontanesi 3,LOCAL_CLUB,Piemonte,TO,P.zza Fontanesi 3,C/o Parrocchia Santa Croce,10153,,,Settimanale,,,3347468224 / 800411406,,aaitaly@tin.it,,ARCAT Piemonte,,,45.0703,7.6869,APPROXIMATE_CITY,ACTIVE_VERIFIED_2026,,,,2026-09-21 11:39:47,2026-09-21 11:39:47,11
3154,SIC-QYVHKTS9-M8BSTYP9-Q,Alcolisti Anonimi – Gruppo La Crocetta,LOCAL_CLUB,Piemonte,TO,Torino,Via Marco Polo 6,10143,,,Settimanale,,,3347468162 / 800411406,,la.crocetta@aaitaly.it,,ARCAT Piemonte,,,45.0703,7.6869,APPROXIMATE_CITY,ACTIVE_VERIFIED_2026,,,,2026-09-21 11:39:47,2026-09-21 11:39:47,11
3155,SIC-0RPHKBKF-5JJ2JPAG-K,Alcolisti Anonimi – Gruppo L’Amicizia,LOCAL_CLUB,Piemonte,TO,Torino,Via Paolo Gaidano 77,10137,,,Settimanale,,,3343952518 / 800411406,,aaitaly@tin.it,,ARCAT Piemonte,,,45.0703,7.6869,APPROXIMATE_CITY,ACTIVE_VERIFIED_2026,,,,2026-09-21 11:39:47,2026-09-21 11:39:47,11
3156,SIC-V4Q709YW-0EAYP8CE-N,Alcolisti Anonimi – Gruppo San Lorenzo,LOCAL_CLUB,Piemonte,NO,Gravellona Toce,Via Liberazione 5,28883,,,Settimanale,,,3343962182 / 800411406,,aaitaly@tin.it,,ARCAT Piemonte,,,45.4469,8.6212,APPROXIMATE_CITY,ACTIVE_VERIFIED_2026,,,,2026-09-21 11:39:47,2026-09-21 11:39:47,11
3157,SIC-V4PDN1KA-H8QWRXFN-9,Alcolisti Anonimi – Gruppo Libertà,LOCAL_CLUB,Piemonte,VC,P.zza d'Angennes 4,C/o Palazzo Murazzano Berzetti,13100,,,Settimanale,,,3343962244,,aaitaly@tin.it,,ARCAT Piemonte,,,45.3217,8.419,APPROXIMATE_CITY,ACTIVE_VERIFIED_2026,,,,2026-09-21 11:39:47,2026-09-21 11:39:47,11
3158,SIC-ZMTP7WXJ-9KB6EVW3-P,Alcolisti Anonimi – Gruppo La Spiga,LOCAL_CLUB,Toscana,GR,Grosseto,"C/o Parrocchia S. Giuseppe - Via Nazario Sauro, 7",58100,,,Settimanale,,,3355799472 / 800411406,,aalaspiga@gmail.com,,ARCAT Toscana,,,42.7636,11.1119,APPROXIMATE_CITY,ACTIVE_VERIFIED_2026,,,,2026-09-21 11:39:47,2026-09-21 11:39:47,11
3159,SIC-Y6W5PSZJ-FZATVZPT-5,Alcolisti Anonimi – Gruppo San Martino,LOCAL_CLUB,Veneto,PD,Campo San Martino,C/o Distretto Sanitario - Via Forese 56,35010,,,Settimanale,,,3346036413,,aaitaly@tin.it,,ARCAT Veneto,,,45.4064,11.8768,APPROXIMATE_CITY,ACTIVE_VERIFIED_2026,,,,2026-09-21 11:39:47,2026-09-21 11:39:47,11
3160,SIC-C5MTF0Q7-X8ET2VX6-J,Alcolisti Anonimi – Gruppo “Coraggio Fontaniva”,LOCAL_CLUB,Veneto,PD,Fontaniva,c/o Parrocchia S. Giorgio in BoscoCircolo NOI - P.zza Mons. Silvio Mozzato 12,35014,,,Settimanale,,,800411406,,aaitaly@tin.it,,ARCAT Veneto,,,45.4064,11.8768,APPROXIMATE_CITY,ACTIVE_VERIFIED_2026,,,,2026-09-21 11:39:47,2026-09-21 11:39:47,11
3161,SIC-Z9CBEWHT-YG3V8N87-H,Alcolisti Anonimi – Gruppo Crederci,LOCAL_CLUB,Veneto,PD,Monselice,Via Rovigana,35043,,,Settimanale,,,3386341711 / 800411406,,aamonselice@gmail.com,,ARCAT Veneto,,,45.4064,11.8768,APPROXIMATE_CITY,ACTIVE_VERIFIED_2026,,,,2026-09-21 11:39:47,2026-09-21 11:39:47,11
3162,SIC-SM8XPEGZ-P8RWBFZP-9,Alcolisti Anonimi – Gruppo Città di Cittadella,LOCAL_CLUB,Veneto,PD,Cittadella,Via dei Longobardi 2 - loc. San Donato,35013,,,Settimanale,,,3357687290 / 800411406,,aaitaly@tin.it,,ARCAT Veneto,,,45.4064,11.8768,APPROXIMATE_CITY,ACTIVE_VERIFIED_2026,,,,2026-09-21 11:39:47,2026-09-21 11:39:47,11
3163,SIC-R894V8V6-S9M5NRTZ-6,Alcolisti Anonimi – Gruppo “Vita Nuova – Fontaniva”,LOCAL_CLUB,Veneto,PD,Fontaniva,c/o Centro Padre Nicolini - Via Giovanni XXIII,35014,,,Settimanale,,,3402134666 / 800411406,,aaitaly@tin.it,,ARCAT Veneto,,,45.4064,11.8768,APPROXIMATE_CITY,ACTIVE_VERIFIED_2026,,,,2026-09-21 11:39:47,2026-09-21 11:39:47,11
3164,SIC-WV197896-8FZ3WE9Q-0,Alcolisti Anonimi – Gruppo Primo Passo,LOCAL_CLUB,Veneto,PD,Piove di Sacco (Piovega),Via D. Alighieri ang. P. Pavanello,35028,,,Settimanale,,,3601053819 / 800411406,,primopasso12@gmail.com,,ARCAT Veneto,,,45.4064,11.8768,APPROXIMATE_CITY,ACTIVE_VERIFIED_2026,,,,2026-09-21 11:39:47,2026-09-21 11:39:47,11
3165,SIC-K2TNYW1R-4FS43XWJ-B,Alcolisti Anonimi – Gruppo Passaparola,LOCAL_CLUB,Veneto,PD,Rubano,C/o Biblioteca Sarmeola - Via Po 16,35030,,,Settimanale,,,3347341366 / 800411406,,aaitaly@tin.it,,ARCAT Veneto,,,45.4064,11.8768,APPROXIMATE_CITY,ACTIVE_VERIFIED_2026,,,,2026-09-21 11:39:47,2026-09-21 11:39:47,11
3166,SIC-NX8V441J-6H5KJ0NN-A,Alcolisti Anonimi – Gruppo Serenità,LOCAL_CLUB,Veneto,PD,Padova,"Via Fratelli Carraro, 35",35129,,,Settimanale,,,3666146963 / 800411406,,grupposerenita@libero.it,,ARCAT Veneto,,,45.4064,11.8768,APPROXIMATE_CITY,ACTIVE_VERIFIED_2026,,,,2026-09-21 11:39:47,2026-09-21 11:39:47,11
3167,SIC-61J81WZW-7AVKS6BP-B,Alcolisti Anonimi – Gruppo Armonia,LOCAL_CLUB,Veneto,PD,Cadoneghe,C/o Centro polifunzionale A. Spinelli - Via G. Leopardi 2,35010,,,Settimanale,,,3666164879 / 800411406,,gruppoarmoniapd@gmail.com,,ARCAT Veneto,,,45.4064,11.8768,APPROXIMATE_CITY,ACTIVE_VERIFIED_2026,,,,2026-09-21 11:39:47,2026-09-21 11:39:47,11
3168,SIC-E4WHQ1D3-47B7KW25-E,Alcolisti Anonimi – Gruppo Speranza,LOCAL_CLUB,Veneto,PD,P.zza G. Prandina,C/o Palazzo RRizzetto,35010,,,Settimanale,,,3346034705 / 800411406,,gruppoaasperanza@gmail.com,,ARCAT Veneto,,,45.4064,11.8768,APPROXIMATE_CITY,ACTIVE_VERIFIED_2026,,,,2026-09-21 11:39:47,2026-09-21 11:39:47,11
3169,SIC-B7KEE91S-31BNS6MA-0,Alcolisti Anonimi – Gruppo Incontro,LOCAL_CLUB,Veneto,PD,Vigonza,"C/o ex Scuole Elementari - Via Santa Margherita, 1",35010,,,Settimanale,,,3355620459 / 800411406,,aaitaly@tin.it,,ARCAT Veneto,,,45.4064,11.8768,APPROXIMATE_CITY,ACTIVE_VERIFIED_2026,,,,2026-09-21 11:39:47,2026-09-21 11:39:47,11
3170,SIC-TGCF6KG8-64R46BX2-6,Alcolisti Anonimi – Gruppo Sile,LOCAL_CLUB,Veneto,TV,Frescada di Preganziol,C/o Sale Parrocchiali - Via Due Giugno 10,31022,,,Settimanale,,,3346367247 / 800411406,,aagrupposile@gmail.com,,ARCAT Veneto,,,45.6669,12.243,APPROXIMATE_CITY,ACTIVE_VERIFIED_2026,,,,2026-09-21 11:39:47,2026-09-21 11:39:47,11
3171,SIC-4WEVWFJW-RM47X8HW-R,Alcolisti Anonimi – Gruppo “Castello di Godego”,LOCAL_CLUB,Veneto,TV,Castello di Godego,c/o Parrocchia - Via Nunzio Quirini 1,31030,,,Settimanale,,,800411406,,aaitaly@tin.it,,ARCAT Veneto,,,45.6669,12.243,APPROXIMATE_CITY,ACTIVE_VERIFIED_2026,,,,2026-09-21 11:39:47,2026-09-21 11:39:47,11
3172,SIC-0HQWA87R-8SDEX104-3,Alcolisti Anonimi – Gruppo Opitergino,LOCAL_CLUB,Veneto,TV,Oderzo,C/o Centro Russolo - Via Garibaldi,31046,,,Settimanale,,,3343950330 / 800411406,,aaitaly@tin.it,,ARCAT Veneto,,,45.6669,12.243,APPROXIMATE_CITY,ACTIVE_VERIFIED_2026,,,,2026-09-21 11:39:47,2026-09-21 11:39:47,11
3173,SIC-3Y1BZ50Y-QT3P5H7F-3,Alcolisti Anonimi – Gruppo “Adige – S. Martino Vezzene”,LOCAL_CLUB,Veneto,RO,Beveare di S.Martino di Venezze,c/o ex Scuola Elementare,45030,,,Settimanale,,,3346386770 / 800411406,,aaitaly@tin.it,,ARCAT Veneto,,,45.0703,11.79,APPROXIMATE_CITY,ACTIVE_VERIFIED_2026,,,,2026-09-21 11:39:47,2026-09-21 11:39:47,11
3174,SIC-RJ2VHDRV-8J4R8928-J,Alcolisti Anonimi – Gruppo Soligo,LOCAL_CLUB,Veneto,TV,Pieve di Soligo,Via Battistella 1,31053,,,Settimanale,,,3346509339 / 800411406,,info@aaitaly.it,,ARCAT Veneto,,,45.6669,12.243,APPROXIMATE_CITY,ACTIVE_VERIFIED_2026,,,,2026-09-21 11:39:47,2026-09-21 11:39:47,11
3175,SIC-J521FK9K-EE6SE91D-6,Alcolisti Anonimi – Gruppo Il coraggio di cambiare,LOCAL_CLUB,Veneto,TV,Treviso,C/o Parrocchia Cristo Re - Via G. Zanella 5 - Loc. Selvazzana,31100,,,Settimanale,,,3346408421 / 800411406,,aaitaly@tin.it,,ARCAT Veneto,,,45.6669,12.243,APPROXIMATE_CITY,ACTIVE_VERIFIED_2026,,,,2026-09-21 11:39:47,2026-09-21 11:39:47,11
3176,SIC-RS6Y1KYQ-VPSMZXXF-V,Alcolisti Anonimi – Gruppo Vittoria,LOCAL_CLUB,Veneto,TV,Vittorio Veneto,C/o Casa San Raffaele - Via Fogazzaro 32,31029,,,Settimanale,,,3346522700 / 800411406,,aaitaly@tin.it,,ARCAT Veneto,,,45.6669,12.243,APPROXIMATE_CITY,ACTIVE_VERIFIED_2026,,,,2026-09-21 11:39:47,2026-09-21 11:39:47,11
3177,SIC-AGBC1RE4-JNAV465W-S,Alcolisti Anonimi – Gruppo Prima tradizione,LOCAL_CLUB,Veneto,VE,Salzano,Via Colombo 1,30030,,,Settimanale,,,3343955158 / 800411406,,aaitaly@tin.it,,ARCAT Veneto,,,45.4408,12.3155,APPROXIMATE_CITY,ACTIVE_VERIFIED_2026,,,,2026-09-21 11:39:47,2026-09-21 11:39:47,11
3178,SIC-6X4GXRMF-V7NA7JVJ-C,Alcolisti Anonimi – Gruppo Montello,LOCAL_CLUB,Veneto,TV,Volpago del Montello,Località S.Maria della Vittoria - Via della Vittoria 17,31040,,,Settimanale,,,3346424730 / 800411406,,aaitaly@tin.it,,ARCAT Veneto,,,45.6669,12.243,APPROXIMATE_CITY,ACTIVE_VERIFIED_2026,,,,2026-09-21 11:39:47,2026-09-21 11:39:47,11
3179,SIC-HRMK7ZD2-4DT7MFHX-A,Alcolisti Anonimi – Gruppo Azione,LOCAL_CLUB,Veneto,TV,Ponte della Priula,C/o Canonica - Via Tempio Votivo 1,31010,,,Settimanale,,,3346529387 / 800411406,,aaitaly@tin.it,,ARCAT Veneto,,,45.6669,12.243,APPROXIMATE_CITY,ACTIVE_VERIFIED_2026,,,,2026-09-21 11:39:47,2026-09-21 11:39:47,11
3180,SIC-H1SKDRDN-MFF6MFBN-B,Alcolisti Anonimi – Gruppo Il Burchiello,LOCAL_CLUB,Veneto,VE,Dolo,"II Piano, stanza n° 12 - Via E. Toti 33",30031,,,Settimanale,,,3343947008 / 800411406,,aaitaly@tin.it,,ARCAT Veneto,,,45.4408,12.3155,APPROXIMATE_CITY,ACTIVE_VERIFIED_2026,,,,2026-09-21 11:39:47,2026-09-21 11:39:47,11
3181,SIC-JCBHYF49-3D3CRA36-N,Alcolisti Anonimi – Gruppo Dodicesimo Passo,LOCAL_CLUB,Veneto,VE,Martellago,"Via Damiano Chiesa, 9/b - Località Olmo di Maeme",30030,,,Settimanale,,,3346518689 / 800411406,,aaitaly@tin.it,,ARCAT Veneto,,,45.4408,12.3155,APPROXIMATE_CITY,ACTIVE_VERIFIED_2026,,,,2026-09-21 11:39:47,2026-09-21 11:39:47,11
3182,SIC-5AB7QPS6-A2K2R3AE-9,Alcolisti Anonimi – Gruppo Vita nuova,LOCAL_CLUB,Veneto,VE,P.zza Libertà,C/o Parrocchia,30024,,,Settimanale,,,3343948027 / 800411406,,aaitaly@tin.it,,ARCAT Veneto,,,45.4408,12.3155,APPROXIMATE_CITY,ACTIVE_VERIFIED_2026,,,,2026-09-21 11:39:47,2026-09-21 11:39:47,11
3183,SIC-4EGXF33Q-2ERRXS4Z-2,Alcolisti Anonimi – Gruppo Vita Nuova,LOCAL_CLUB,Veneto,VE,Mirano,C/o Villa Errera - Via Bastia Fuori 18,30035,,,Settimanale,,,3666164861 / 800411406,,aaitaly@tin.it,,ARCAT Veneto,,,45.4408,12.3155,APPROXIMATE_CITY,ACTIVE_VERIFIED_2026,,,,2026-09-21 11:39:47,2026-09-21 11:39:47,11
3184,SIC-GT1KXE5Y-RCH8WZNH-V,Alcolisti Anonimi – Gruppo Tana,LOCAL_CLUB,Veneto,VE,Venezia,Fondamenta della Tana - Sestriere Castello 1924,30122,,,Settimanale,,,3351862828 / 800411406,,aaitaly@tin.it,,ARCAT Veneto,,,45.4408,12.3155,APPROXIMATE_CITY,ACTIVE_VERIFIED_2026,,,,2026-09-21 11:39:47,2026-09-21 11:39:47,11
3185,SIC-WSFP527S-F581Z40K-R,Alcolisti Anonimi – Gruppo Sette Comuni,LOCAL_CLUB,Veneto,VI,Asiago,C/o Centro Giovanile - c/o Centro GiovanileVia Matteotti 27,36012,,,Settimanale,,,3346257935 / 800411406,,aaitaly@tin.it,,ARCAT Veneto,,,45.5455,11.5355,APPROXIMATE_CITY,ACTIVE_VERIFIED_2026,,,,2026-09-21 11:39:47,2026-09-21 11:39:47,11
3186,SIC-HT235XW1-CKYA5494-N,Alcolisti Anonimi – Gruppo Speranza – Spinea,LOCAL_CLUB,Veneto,VE,Spinea,Via Don E. Carraro 7/33,30038,,,Settimanale,,,3454481717 / 800411406,,aaitaly@tin.it,,ARCAT Veneto,,,45.4408,12.3155,APPROXIMATE_CITY,ACTIVE_VERIFIED_2026,,,,2026-09-21 11:39:47,2026-09-21 11:39:47,11
3187,SIC-V09TQ53Z-GPTH6KJ9-B,Alcolisti Anonimi – Gruppo Astico,LOCAL_CLUB,Veneto,VI,Arsiero,C/o Distretto Sanitario - Via Cartari 1,36011,,,Settimanale,,,3343954363 / 800411406,,aaitaly@tin.it,,ARCAT Veneto,,,45.5455,11.5355,APPROXIMATE_CITY,ACTIVE_VERIFIED_2026,,,,2026-09-21 11:39:47,2026-09-21 11:39:47,11
3188,SIC-NV82GEZ1-T8YBZ0EB-N,Alcolisti Anonimi – Gruppo Città di Bassano,LOCAL_CLUB,Veneto,VI,P.le L. Cadorna 34/a,C/o Centro giovanile,36061,,,Settimanale,,,3357219619 / 800411406,,gruppo.aabassano@gmail.com,,ARCAT Veneto,,,45.5455,11.5355,APPROXIMATE_CITY,ACTIVE_VERIFIED_2026,,,,2026-09-21 11:39:47,2026-09-21 11:39:47,11
3189,SIC-RW9374RQ-Y6B5R05B-D,Alcolisti Anonimi – Gruppo Caldogno,LOCAL_CLUB,Veneto,VI,Caldogno,Via Torino 6,36030,,,Settimanale,,,3358092412 / 800411406,,aaitaly@tin.it,,ARCAT Veneto,,,45.5455,11.5355,APPROXIMATE_CITY,ACTIVE_VERIFIED_2026,,,,2026-09-21 11:39:47,2026-09-21 11:39:47,11
3190,SIC-GW8BJ0W0-6KA26Q57-P,Alcolisti Anonimi – Gruppo Serenità,LOCAL_CLUB,Veneto,VI,Creazzo,C/o ex Anagrafe - Via A. Manzoni 1,36051,,,Settimanale,,,3387821754 / 800411406,,aaitaly@tin.it,,ARCAT Veneto,,,45.5455,11.5355,APPROXIMATE_CITY,ACTIVE_VERIFIED_2026,,,,2026-09-21 11:39:47,2026-09-21 11:39:47,11
3191,SIC-TG8KHCHH-RA9MQP94-P,Alcolisti Anonimi – Gruppo Oasi,LOCAL_CLUB,Veneto,VI,Camisano Vicentino,C/o Centro Sociale Diurno - Via Pomari 7,36043,,,Settimanale,,,3343954479 / 800411406,,aagruppooasi@libero.it,,ARCAT Veneto,,,45.5455,11.5355,APPROXIMATE_CITY,ACTIVE_VERIFIED_2026,,,,2026-09-21 11:39:47,2026-09-21 11:39:47,11
3192,SIC-TJC7155E-4T4FRTRX-W,Alcolisti Anonimi – Gruppo Val Chiampo,LOCAL_CLUB,Veneto,VI,Chiampo,C/o Seminario Francescano - Via Pieve,36072,,,Settimanale,,,3356154133 / 800411406,,aavalchiampo2020@gmail.com,,ARCAT Veneto,,,45.5455,11.5355,APPROXIMATE_CITY,ACTIVE_VERIFIED_2026,,,,2026-09-21 11:39:47,2026-09-21 11:39:47,11
3193,SIC-AQBVBSMQ-NQAGR0BZ-4,Alcolisti Anonimi – Gruppo Cornedo,LOCAL_CLUB,Veneto,VI,Cornedo Vicentino,C/o ex Municipio - Via Cavour,36073,,,Settimanale,,,3343955060 / 800411406,,aa.cornedo@gmail.com,,ARCAT Veneto,,,45.5455,11.5355,APPROXIMATE_CITY,ACTIVE_VERIFIED_2026,,,,2026-09-21 11:39:47,2026-09-21 11:39:47,11
3194,SIC-7KGQ5YXJ-DF5CVP3Y-7,Alcolisti Anonimi – Gruppo Ieri Oggi Domani,LOCAL_CLUB,Veneto,VI,Marostica,Via 24 Maggio 37,36063,,,Settimanale,,,3346357568 / 800411406,,aaitaly@tin.it,,ARCAT Veneto,,,45.5455,11.5355,APPROXIMATE_CITY,ACTIVE_VERIFIED_2026,,,,2026-09-21 11:39:47,2026-09-21 11:39:47,11
3195,SIC-QMX7FQ5D-38F0EKDR-Q,Alcolisti Anonimi – Gruppo Una soluzione esiste,LOCAL_CLUB,Veneto,VI,Via Marconi,C/o Ex Casello Ferroviario,36023,,,Settimanale,,,3371368041 / 800411406,,aaitaly@tin.it,,ARCAT Veneto,,,45.5455,11.5355,APPROXIMATE_CITY,ACTIVE_VERIFIED_2026,,,,2026-09-21 11:39:47,2026-09-21 11:39:47,11
3196,SIC-V26CS9DW-7HG3NWBR-D,Alcolisti Anonimi – Gruppo Montecchio Maggiore,LOCAL_CLUB,Veneto,VI,Montecchio Maggiore,"Via Murialdo, 4/7 - Località San Vitale",36075,,,Settimanale,,,3347469830 / 800411406,,aamontecchiomaggiore@gmail.com,,ARCAT Veneto,,,45.5455,11.5355,APPROXIMATE_CITY,ACTIVE_VERIFIED_2026,,,,2026-09-21 11:39:47,2026-09-21 11:39:47,11
3197,SIC-NS39XAW7-KEMSGCXC-N,Alcolisti Anonimi – Gruppo Primavera,LOCAL_CLUB,Veneto,VI,P.le Zanini 2,C/o Palazzo delle Associazioni,36034,,,Settimanale,,,3343952592 / 800411406,,aaitaly@tin.it,,ARCAT Veneto,,,45.5455,11.5355,APPROXIMATE_CITY,ACTIVE_VERIFIED_2026,,,,2026-09-21 11:39:47,2026-09-21 11:39:47,11
3198,SIC-FNT3SMAV-ZPFHSWPH-3,Alcolisti Anonimi – Gruppo Vivere il Presente,LOCAL_CLUB,Veneto,VI,P.zza Redentore,C/o Casa della Gioventù,36030,,,Settimanale,,,800411406,,aaitaly@tin.it,,ARCAT Veneto,,,45.5455,11.5355,APPROXIMATE_CITY,ACTIVE_VERIFIED_2026,,,,2026-09-21 11:39:47,2026-09-21 11:39:47,11
3199,SIC-0BVH8KJR-PMBK4T87-G,Alcolisti Anonimi – Gruppo Cima 12,LOCAL_CLUB,Veneto,VI,Sandrigo,C/o Scuola Media - Casella Postale CP 17 - Via Aldo Moro 7,36066,,,Settimanale,,,3346259306 / 800411406,,aaitaly@tin.it,,ARCAT Veneto,,,45.5455,11.5355,APPROXIMATE_CITY,ACTIVE_VERIFIED_2026,,,,2026-09-21 11:39:47,2026-09-21 11:39:47,11
3200,SIC-GFKJ6B7T-1ZDQFW81-S,Alcolisti Anonimi – Gruppo Romano d’Ezzelino,LOCAL_CLUB,Veneto,VI,Romano d'Ezzelino,P.le Cadorna 42 (sopra Farmacia),36060,,,Settimanale,,,3343946499 / 800411406,,aaitaly@tin.it,,ARCAT Veneto,,,45.5455,11.5355,APPROXIMATE_CITY,ACTIVE_VERIFIED_2026,,,,2026-09-21 11:39:47,2026-09-21 11:39:47,11
3201,SIC-DFHTG1BG-KCQG5QDW-9,Alcolisti Anonimi – Gruppo Agorà,LOCAL_CLUB,Veneto,VI,Santorso,C/o Palazzina delle associazioni - Via A. Rossi,36014,,,Settimanale,,,3343951850 / 800411406,,agorasantorso@libero.it,,ARCAT Veneto,,,45.5455,11.5355,APPROXIMATE_CITY,ACTIVE_VERIFIED_2026,,,,2026-09-21 11:39:47,2026-09-21 11:39:47,11
3202,SIC-Z0B6A7HM-EZARZFSQ-S,Alcolisti Anonimi – Gruppo Città di Schio,LOCAL_CLUB,Veneto,VI,Schio,C/o Ex Asilo Rossi - Via G. B. Conte 9,36015,,,Settimanale,,,3357071786 / 800411406,,aaschio@libero.it,,ARCAT Veneto,,,45.5455,11.5355,APPROXIMATE_CITY,ACTIVE_VERIFIED_2026,,,,2026-09-21 11:39:47,2026-09-21 11:39:47,11
3203,SIC-NS37FMT9-GZA9J3VP-Q,Alcolisti Anonimi – Gruppo Città di Thiene,LOCAL_CLUB,Veneto,VI,Thiene,C/o stabile ex liceo - Via 1° Maggio 15,36016,,,Settimanale,,,3343947650 / 800411406,,aaitaly@tin.it,,ARCAT Veneto,,,45.5455,11.5355,APPROXIMATE_CITY,ACTIVE_VERIFIED_2026,,,,2026-09-21 11:39:47,2026-09-21 11:39:47,11
3204,SIC-13MC9H11-QMKMEHFJ-G,Alcolisti Anonimi – Gruppo Valsugana,LOCAL_CLUB,Veneto,VI,Solagna,Via Roma 9,36020,,,Settimanale,,,3346046071 / 800411406,,aaitaly@tin.it,,ARCAT Veneto,,,45.5455,11.5355,APPROXIMATE_CITY,ACTIVE_VERIFIED_2026,,,,2026-09-21 11:39:47,2026-09-21 11:39:47,11
3205,SIC-R703KYJ9-117Z0ZTG-P,Alcolisti Anonimi – Gruppo Condivisione,LOCAL_CLUB,Veneto,VI,Torrebelvicino,C/o Casa della gioventù - Via A. Fogazzaro 49,36036,,,Settimanale,,,3343948315 / 800411406,,condivisionetorre@gmail.com,,ARCAT Veneto,,,45.5455,11.5355,APPROXIMATE_CITY,ACTIVE_VERIFIED_2026,,,,2026-09-21 11:39:47,2026-09-21 11:39:47,11
3206,SIC-90GHDKSW-16J9568E-S,Alcolisti Anonimi – Gruppo Città di Vicenza,LOCAL_CLUB,Veneto,VI,Vicenza,C.tra Mure San Domenico 6,36100,,,Settimanale,,,3387349463 / 800411406,,aaitaly@tin.it,,ARCAT Veneto,,,45.5455,11.5355,APPROXIMATE_CITY,ACTIVE_VERIFIED_2026,,,,2026-09-21 11:39:47,2026-09-21 11:39:47,11
3207,SIC-WG6W76S0-6S1SJEHS-3,Alcolisti Anonimi – Gruppo Arcugnano,LOCAL_CLUB,Veneto,VI,Torri di Arcugnano,C/o Palazzo delle Associazioni - Via dell'Artigianato 15,36057,,,Settimanale,,,3343948114 / 800411406,,aaitaly@tin.it,,ARCAT Veneto,,,45.5455,11.5355,APPROXIMATE_CITY,ACTIVE_VERIFIED_2026,,,,2026-09-21 11:39:47,2026-09-21 11:39:47,11
3208,SIC-954PV6PX-MQY336XQ-5,Alcolisti Anonimi – Gruppo Città di Valdagno,LOCAL_CLUB,Veneto,VI,Valdagno,C/o IPSIA - Zona Belfiore - Ponte dei Nori - Via De Gasperi,36078,,,Settimanale,,,3343948137 / 800411406,,a.a.gruppocittadivaldagno@gmail.com,,ARCAT Veneto,,,45.5455,11.5355,APPROXIMATE_CITY,ACTIVE_VERIFIED_2026,,,,2026-09-21 11:39:47,2026-09-21 11:39:47,11
3209,SIC-WY7SNA96-7Y83A3EC-7,Alcolisti Anonimi – Gruppo Ferrovieri,LOCAL_CLUB,Veneto,VI,Vicenza,C/o Circoscrizione 7 - Via Vaccari 107,36100,,,Settimanale,,,3371368043 / 800411406,,ferrovieri@gmail.com,,ARCAT Veneto,,,45.5455,11.5355,APPROXIMATE_CITY,ACTIVE_VERIFIED_2026,,,,2026-09-21 11:39:47,2026-09-21 11:39:47,11
3210,SIC-EF8AB8RA-SEN5GEYB-M,Alcolisti Anonimi – Gruppo Laghetto,LOCAL_CLUB,Veneto,VI,Vicenza,C/o Circoscrizione 5 - Via Lago di Pusiano 7,36100,,,Settimanale,,,3343948080 / 800411406,,gruppoaalaghetto@gmail.com,,ARCAT Veneto,,,45.5455,11.5355,APPROXIMATE_CITY,ACTIVE_VERIFIED_2026,,,,2026-09-21 11:39:47,2026-09-21 11:39:47,11
3211,SIC-1E7Z9RRS-1QXGHXPK-0,Alcolisti Anonimi – Gruppo La strada del recupero,LOCAL_CLUB,Veneto,VI,Vicenza,"V.le del Mercato Nuovo, 41/F",36100,,,Settimanale,,,3343953632 / 800411406,,lastradaderecupero@gmail.com,,ARCAT Veneto,,,45.5455,11.5355,APPROXIMATE_CITY,ACTIVE_VERIFIED_2026,,,,2026-09-21 11:39:47,2026-09-21 11:39:47,11
3212,SIC-8ABQWCGX-F9SK36NF-Z,Alcolisti Anonimi – Gruppo Vicenza Uno,LOCAL_CLUB,Veneto,VI,Vicenza,C/o Villa Tacchi - Viale della Pace 89,36100,,,Settimanale,,,3343961468 / 800411406,,aaitaly@tin.it,,ARCAT Veneto,,,45.5455,11.5355,APPROXIMATE_CITY,ACTIVE_VERIFIED_2026,,,,2026-09-21 11:39:47,2026-09-21 11:39:47,11
3213,SIC-1M5NDPB8-77XKSV48-F,Alcolisti Anonimi – Gruppo La sorgente,LOCAL_CLUB,Veneto,VR,Bovolone,"c/o Villa P. Zampieri - Via G. Mazzini, 3",37051,,,Settimanale,,,3387384371 / 800411406,,aalasorgente@gmail.com,,ARCAT Veneto,,,45.4384,10.9916,APPROXIMATE_CITY,ACTIVE_VERIFIED_2026,,,,2026-09-21 11:39:47,2026-09-21 11:39:47,11
3214,SIC-QEEZNT3W-FTMJS8ND-4,Alcolisti Anonimi – Gruppo Scaligero,LOCAL_CLUB,Veneto,VR,Domegliara,"c/o ASL 22 - Via Stazione, 7",37015,,,Settimanale,,,3343947800 / 800411406,,grupposcaligero@yahoo.com,,ARCAT Veneto,,,45.4384,10.9916,APPROXIMATE_CITY,ACTIVE_VERIFIED_2026,,,,2026-09-21 11:39:47,2026-09-21 11:39:47,11
3215,SIC-TEAAA837-FY6Q5XSS-D,Alcolisti Anonimi – Gruppo Speranza,LOCAL_CLUB,Veneto,VR,Cologna Veneta,"c/o ex Scuola Agraria - Via Cavour, 72",37044,,,Settimanale,,,3343948380 / 800411406,,grupposperanzacolognavenetavr@gmail.com,,ARCAT Veneto,,,45.4384,10.9916,APPROXIMATE_CITY,ACTIVE_VERIFIED_2026,,,,2026-09-21 11:39:47,2026-09-21 11:39:47,11
3216,SIC-PQESYCTZ-NWENR4Z3-M,Alcolisti Anonimi – Gruppo Il focolare,LOCAL_CLUB,Veneto,VR,Castelnuovo del Garda,"c/o Scuole Elementari - Via Filiselle, 1",37014,,,Settimanale,,,3343948385 / 800411406,,aafocolarevr@gmail.com,,ARCAT Veneto,,,45.4384,10.9916,APPROXIMATE_CITY,ACTIVE_VERIFIED_2026,,,,2026-09-21 11:39:47,2026-09-21 11:39:47,11
3217,SIC-719F8RS7-CQDKJVX3-Q,Alcolisti Anonimi – Gruppo Il giardino,LOCAL_CLUB,Veneto,VR,Nogara,c/o Villa Raimondi - Via Falcone e Borsellino 36,37054,,,Settimanale,,,3666164859 / 800411406,,gruppoilgiardinonogara@gmail.com,,ARCAT Veneto,,,45.4384,10.9916,APPROXIMATE_CITY,ACTIVE_VERIFIED_2026,,,,2026-09-21 11:39:47,2026-09-21 11:39:47,11
3218,SIC-QEYQC1VZ-S11N3Y72-A,Alcolisti Anonimi – Gruppo Donne sotto spirito,LOCAL_CLUB,Veneto,VR,Villafranca,Via G. Fantoni 1,37069,,,Settimanale,,,3357553778 / 800411406,,aa.donnesottospirito@gmail.com,,ARCAT Veneto,,,45.4384,10.9916,APPROXIMATE_CITY,ACTIVE_VERIFIED_2026,,,,2026-09-21 11:39:47,2026-09-21 11:39:47,11
3219,SIC-4Q930X5B-6W1GWHVF-R,Alcolisti Anonimi – Gruppo La Fenice,LOCAL_CLUB,Veneto,VR,S. Maria di Negrar,"Via Carmelitani, 7",37024,,,Settimanale,,,800411406,,aaitaly@tin.it,,ARCAT Veneto,,,45.4384,10.9916,APPROXIMATE_CITY,ACTIVE_VERIFIED_2026,,,,2026-09-21 11:39:47,2026-09-21 11:39:47,11
3220,SIC-4WYGD3C7-G7EB6947-7,Alcolisti Anonimi – Gruppo Serenità,LOCAL_CLUB,Veneto,VR,S. Giovanni Lupatoto,"C/o Cà Sorio - Via Porto, 260",37057,,,Settimanale,,,800411406,,info@aaitaly.it,,ARCAT Veneto,,,45.4384,10.9916,APPROXIMATE_CITY,ACTIVE_VERIFIED_2026,,,,2026-09-21 11:39:47,2026-09-21 11:39:47,11
3221,SIC-DQ34NY5M-G0NER6Y9-A,Alcolisti Anonimi – Gruppo Arcobaleno,LOCAL_CLUB,Veneto,VR,Grezzana,"c/o Piccola Fraternità Valpantena - Via Pozzo, 24",37023,,,Settimanale,,,3666164062 / 800411406,,aarcobalenovr@gmail.com,,ARCAT Veneto,,,45.4384,10.9916,APPROXIMATE_CITY,ACTIVE_VERIFIED_2026,,,,2026-09-21 11:39:47,2026-09-21 11:39:47,11
3222,SIC-3G3TTPVY-KN5XPJ8J-P,Alcolisti Anonimi – Gruppo Alpone,LOCAL_CLUB,Veneto,VR,San Bonifacio,Dietro la chiesa - Via Camposolo,37139,,,Settimanale,,,3389410570 / 800411406,,aaalponesambo@gmail.com,,ARCAT Veneto,,,45.4384,10.9916,APPROXIMATE_CITY,ACTIVE_VERIFIED_2026,,,,2026-09-21 11:39:47,2026-09-21 11:39:47,11
3223,SIC-BJPZC4AP-AA0G891X-8,Alcolisti Anonimi – Gruppo Vita Nuova,LOCAL_CLUB,Veneto,VR,P.zza San Giacomo,c/o Parrocchia S. Giacomo,37136,,,Settimanale,,,3387362688 / 800411406,,vitanuovavr@gmail.com,,ARCAT Veneto,,,45.4384,10.9916,APPROXIMATE_CITY,ACTIVE_VERIFIED_2026,,,,2026-09-21 11:39:47,2026-09-21 11:39:47,11
3224,SIC-ZGV7FGYP-0555R21D-6,Alcolisti Anonimi – Gruppo Adige,LOCAL_CLUB,Veneto,VR,Verona,"c/o Parrocchia S. Francesco - Viale della Repubblica, 9",37126,,,Settimanale,,,3346485070 / 800411406,,a.a.vr.adige@gmail.com,,ARCAT Veneto,,,45.4384,10.9916,APPROXIMATE_CITY,ACTIVE_VERIFIED_2026,,,,2026-09-21 11:39:47,2026-09-21 11:39:47,11
3225,SIC-HXMN8NYN-ES2HS10A-H,Alcolisti Anonimi – Gruppo Airone,LOCAL_CLUB,Veneto,VR,"Largo San Nazaro, 3",c/o Parrocchia S. Nazaro,37129,,,Settimanale,,,3343947368 / 800411406,,aa.airone@gmail.com,,ARCAT Veneto,,,45.4384,10.9916,APPROXIMATE_CITY,ACTIVE_VERIFIED_2026,,,,2026-09-21 11:39:47,2026-09-21 11:39:47,11
3226,SIC-PM3EM9XJ-Q2WZDM9T-9,Alcolisti Anonimi – gruppo Il popolo delle 24,LOCAL_CLUB,Lombardia,CO,Valmorea,C/o Casa Parrocchiale Caversaccio - Via Roma 140,22070,,,Settimanale,,,3343950621 / 800411406,,aaitaly@tin.it,,ARCAT Lombardia,,,45.8081,9.0852,APPROXIMATE_CITY,ACTIVE_VERIFIED_2026,,,,2026-09-21 11:39:47,2026-09-21 11:39:47,11
3227,SIC-R07EE2SV-XR3C6QPA-P,Alcolisti Anonimi – Gruppo Volare,LOCAL_CLUB,Veneto,VR,Villafranca,"Via G. Fantoni, 22",37069,,,Settimanale,,,3357869244 / 800411406,,gruppo.volare.aa@gmail.com,,ARCAT Veneto,,,45.4384,10.9916,APPROXIMATE_CITY,ACTIVE_VERIFIED_2026,,,,2026-09-21 11:39:47,2026-09-21 11:39:47,11
3228,SIC-SCPK8J21-1RMRFV86-9,Alcolisti Anonimi – gruppo Pisogne,LOCAL_CLUB,Lombardia,BS,Pisogne,C/o Oratorio parrocchiale - Via Dottor Isonni 7,25055,,,Settimanale,,,3347345339 / 800411406,,aaitaly@tin.it,,ARCAT Lombardia,,,45.5416,10.2118,APPROXIMATE_CITY,ACTIVE_VERIFIED_2026,,,,2026-09-21 11:39:47,2026-09-21 11:39:47,11
3229,SIC-3AY6JT7C-F6X61988-P,Alcolisti Anonimi – gruppo Speranza Trieste,LOCAL_CLUB,Friuli-Venezia Giulia,TS,Trieste,C/o Ufficio Parrocchiale S. Caterina da Siena - Via dei Mille 18,34100,,,Settimanale,,,3386913583 / 800411406,,aaitaly@tin.it,,ARCAT Friuli-Venezia Giulia,,,45.6495,13.7768,APPROXIMATE_CITY,ACTIVE_VERIFIED_2026,,,,2026-09-21 11:39:47,2026-09-21 11:39:47,11
3230,SIC-CH7G9HM5-18XNKX3B-E,A.A. Alcolisti Anonimi – gruppo Laveno,LOCAL_CLUB,Lombardia,VA,Laveno Mombello,"C/o Parrocchia Maria Ausiliatrice - Via Cesare Battisti, 85",21014,,,Settimanale,,,3343952298 / 800411406,,aalaveno@aa-arealombardia.it,,ARCAT Lombardia,,,45.8206,8.8251,APPROXIMATE_CITY,ACTIVE_VERIFIED_2026,,,,2026-09-21 11:39:47,2026-09-21 11:39:47,11
3231,SIC-ZJMAADNC-7NXY36PH-J,Alcolisti Anonimi – gruppo Le dodici opere,LOCAL_CLUB,Lombardia,MI,Milano,"c/o Casa di Reclusione Milano Opera - Via Camporgnago, 40",20141,,,Settimanale,,,3371154193 / 800411406,,aaitaly@tin.it,,ARCAT Lombardia,,,45.4642,9.19,APPROXIMATE_CITY,ACTIVE_VERIFIED_2026,,,,2026-09-21 11:39:47,2026-09-21 11:39:47,11
3232,SIC-3RX66S6V-KTEQ5469-4,Alcolisti Anonimi – Gruppo Gratitudine,LOCAL_CLUB,Veneto,TV,Conegliano,"C/o Centro sociale - Loc. Campolongo - Via A. Vital, 160",31015,,,Settimanale,,,3347469759 / 800411406,,aa.conegliano@libero.it,,ARCAT Veneto,,,45.6669,12.243,APPROXIMATE_CITY,ACTIVE_VERIFIED_2026,,,,2026-09-21 11:39:47,2026-09-21 11:39:47,11
3233,SIC-SJE1PJBZ-WGDFEZ75-T,GA – ASSOCIAZIONE GIOCATORI ANONIMI – Ivrea,LOCAL_CLUB,Piemonte,TO,Ivrea,"Via General Perotti, 15",10015,,,Settimanale,,,3200316497,,ivrea@giocatorianonimi.org,,ARCAT Piemonte,,,45.0703,7.6869,APPROXIMATE_CITY,ACTIVE_VERIFIED_2026,,,,2026-09-21 11:39:47,2026-09-21 11:39:47,11
3234,SIC-4SCYRMVY-3RGTDS0C-C,AL-ANON – Gruppo Serenità,LOCAL_CLUB,Emilia-Romagna,BO,V.le Pepoli 5,C/o AUSL salone Roncati,40131,,,Settimanale,,,800087897 / 0258018231,,usg@al-anon.it,,ARCAT Emilia-Romagna,,,44.4949,11.3426,APPROXIMATE_CITY,ACTIVE_VERIFIED_2026,,,,2026-09-21 11:39:47,2026-09-21 11:39:47,11
3235,SIC-TZMC1PK4-7DWBZ0GJ-C,ACAT Valle Seriana Superiore e Valle di Scalve,TERRITORIAL_ACAT,Italia,,Italia,,,,,Settimanale,,,034620192 / 3337519188,,acataltavalseriana@tiscali.it,,AICAT Nazionale,,,42.5,12.5,APPROXIMATE_CITY,ACTIVE_VERIFIED_2026,,,,2026-09-21 11:39:47,2026-09-21 11:39:47,11
3236,SIC-3ASV3WJF-STSQ7DKZ-H,ACAT CREMONA – C.E.F. Zero doppio zero,TERRITORIAL_ACAT,Lombardia,CR,Cremona,C/o Il cuore della città - Via Mantova 8,26100,,,Settimanale,,,3337762573,,info@arcatlombardia.it,,ARCAT Lombardia,,,45.1332,10.0248,APPROXIMATE_CITY,ACTIVE_VERIFIED_2026,,,,2026-09-21 11:39:47,2026-09-21 11:39:47,11
3237,SIC-QJGTEJJ1-DKCHKFJY-6,AL-ANON – Gruppo Mauro,LOCAL_CLUB,Emilia-Romagna,BO,San Lazzaro di Savena,C/o Oratorio Parrocchia S. Francesco d'Assisi - Via Torino 26/A,40068,,,Settimanale,,,0258018231 / 800087897,,usg@al-anon.it,,ARCAT Emilia-Romagna,,,44.4949,11.3426,APPROXIMATE_CITY,ACTIVE_VERIFIED_2026,,,,2026-09-21 11:39:47,2026-09-21 11:39:47,11
3238,SIC-1F7NNM0X-9X9KDBSC-B,ALATEEN – Gruppo Sorriso,LOCAL_CLUB,Emilia-Romagna,BO,San Lazzaro di Savena,C/o Oratorio Parrocchia S. Francesco d'Assisi - Via Torino 26/A,40068,,,Settimanale,,,3889530815 / 800087897,,usg@al-anon.it,,ARCAT Emilia-Romagna,,,44.4949,11.3426,APPROXIMATE_CITY,ACTIVE_VERIFIED_2026,,,,2026-09-21 11:39:47,2026-09-21 11:39:47,11
3239,SIC-001WEK0A-DSMTCNNB-C,ACAT Media Val Seriana Cat 4 Cene,TERRITORIAL_ACAT,Lombardia,BG,P.zza Italia 14,C/o Municipio,24020,,,Settimanale,,,3280369570,,acatmediavalleseriana@gmail.com,,ARCAT Lombardia,,,45.6983,9.6773,APPROXIMATE_CITY,ACTIVE_VERIFIED_2026,,,,2026-09-21 11:39:47,2026-09-21 11:39:47,11
3240,SIC-E7THQ0TC-RXTD2KMH-0,ACAT ARCOBALENO – C AT Zanica,TERRITORIAL_ACAT,Lombardia,BG,Zanica,P.za Repubblica,24050,,,Settimanale,,,3336481098,,info@arcatlombardia.it,,ARCAT Lombardia,,,45.6983,9.6773,APPROXIMATE_CITY,ACTIVE_VERIFIED_2026,,,,2026-09-21 11:39:47,2026-09-21 11:39:47,11
3241,SIC-S3JABAC5-EGK0112F-7,ACAT Media Val Seriana -Cat 3 Il cammino”,TERRITORIAL_ACAT,Lombardia,BG,Vertova,C/o ex convento - Via Convento,24029,,,Settimanale,,,3349808448,,acataltavalseriana@tiscali.it,,ARCAT Lombardia,,,45.6983,9.6773,APPROXIMATE_CITY,ACTIVE_VERIFIED_2026,,,,2026-09-21 11:39:47,2026-09-21 11:39:47,11
3242,SIC-5S01YPZY-ERZEWR7X-F,ACAT Media Val Seriana – Cat 5 Arcobaleno,TERRITORIAL_ACAT,Lombardia,BG,Vall'Alta di Albino,C/o Ca Carati - Via Valbossana,24020,,,Settimanale,,,3371273058,,acatmediavalleseriana@gmail.com,,ARCAT Lombardia,,,45.6983,9.6773,APPROXIMATE_CITY,ACTIVE_VERIFIED_2026,,,,2026-09-21 11:39:47,2026-09-21 11:39:47,11
3243,SIC-SH1QV5RS-7ZF2FTY2-H,ACAT ARCOBALENO – CAT Grassobbio,TERRITORIAL_ACAT,Lombardia,BG,Grassobbio,C/o Cascona Ghezzi - Via Roma 25,24050,,,Settimanale,,,3338118255,,info@arcatlombardia.it,,ARCAT Lombardia,,,45.6983,9.6773,APPROXIMATE_CITY,ACTIVE_VERIFIED_2026,,,,2026-09-21 11:39:47,2026-09-21 11:39:47,11
3244,SIC-SRSXAE7J-M104G4GX-N,ACAT ARCOBALENO – Cat Sforzatica S. Andrea,TERRITORIAL_ACAT,Italia,20,2040 Sforzatica S. Andrea,C/o Oratorio - via Colombo 7,,,,Settimanale,,,3518282923,,robertomarotto57@gmail.com,,AICAT Nazionale,,,42.5,12.5,APPROXIMATE_CITY,ACTIVE_VERIFIED_2026,,,,2026-09-21 11:39:47,2026-09-21 11:39:47,11
3245,SIC-95REK5BF-620EX54X-V,ACAT Media Val Seriana – Cat 8 Alba nuova,TERRITORIAL_ACAT,Lombardia,BG,Albino,C/o Frati Cappuccinl - Via Frati Cappuccini,24021,,,Settimanale,,,3331091541,,acatmediavalleseriana@gmail.com,,ARCAT Lombardia,,,45.6983,9.6773,APPROXIMATE_CITY,ACTIVE_VERIFIED_2026,,,,2026-09-21 11:39:47,2026-09-21 11:39:47,11
3246,SIC-S7KB23YB-867755AN-F,ACAT Media Val Seriana – Cat 10 Aurora,TERRITORIAL_ACAT,Lombardia,BG,Predalunga,C/o Centro sociale - Via A. Moro 12,24020,,,Settimanale,,,3391148224,,acatmediavalleseriana@gmail.com,,ARCAT Lombardia,,,45.6983,9.6773,APPROXIMATE_CITY,ACTIVE_VERIFIED_2026,,,,2026-09-21 11:39:47,2026-09-21 11:39:47,11
3247,SIC-62SXAR97-GNWZBQFT-2,ACAT Parco dei Colli – Cat Sorisole-Petosino-Azzonica,TERRITORIAL_ACAT,Lombardia,BG,Petosino,C/o Centro civico - Via M. della Libertà 57,24010,,,Settimanale,,,3393220833,,catsorisole@gmail.com,,ARCAT Lombardia,,,45.6983,9.6773,APPROXIMATE_CITY,ACTIVE_VERIFIED_2026,,,,2026-09-21 11:39:47,2026-09-21 11:39:47,11
3248,SIC-6GY8MVPD-6T7FR386-N,ACAT Valcavallina Valcalepio – Cat Albano S. Alessandro 1,TERRITORIAL_ACAT,Lombardia,BG,Albano S. Alessandro,C/o Municipio - Via S. G. Bosco 1,24061,,,Settimanale,,,035687180,,benaglimassimo@gmail.com,,ARCAT Lombardia,,,45.6983,9.6773,APPROXIMATE_CITY,ACTIVE_VERIFIED_2026,,,,2026-09-21 11:39:47,2026-09-21 11:39:47,11
3249,SIC-M3TNNRK4-3ARWFB88-V,ACAT Valcavallina Valcalepio – Cat Telgate,TERRITORIAL_ACAT,Lombardia,BG,P.zza V. Veneto 42,C/o Municipio,24060,,,Settimanale,,,035831800 / 3349975587,,benaglimassimo@gmail.com,,ARCAT Lombardia,,,45.6983,9.6773,APPROXIMATE_CITY,ACTIVE_VERIFIED_2026,,,,2026-09-21 11:39:47,2026-09-21 11:39:47,11
3250,SIC-HX62181K-9KHYRWZT-7,ACAT Alto Sebino – Cat Costa Volpino Arcobaleno,TERRITORIAL_ACAT,Lombardia,BG,Costa Volpino,C/o Domus Civica - Via Nazionale,24062,,,Settimanale,,,3356995822,,bloren.g@alice.it,,ARCAT Lombardia,,,45.6983,9.6773,APPROXIMATE_CITY,ACTIVE_VERIFIED_2026,,,,2026-09-21 11:39:47,2026-09-21 11:39:47,11
3251,SIC-FPTFVXH8-8D2X8796-X,ACAT Gardesana – Cat Azzurro,TERRITORIAL_ACAT,Lombardia,CR,Prevalle,C/o Municipio - Via Morani 9,26080,,,Settimanale,,,030603689,,info@arcatlombardia.it,,ARCAT Lombardia,,,45.1332,10.0248,APPROXIMATE_CITY,ACTIVE_VERIFIED_2026,,,,2026-09-21 11:39:47,2026-09-21 11:39:47,11
3252,SIC-WJBKJNCJ-10RVRVX6-C,ACAT Gardesana – Cat L’alba,TERRITORIAL_ACAT,Lombardia,BS,Bedizzole,C/o Centro sociale,25081,,,Settimanale,,,3803866472,,info@arcatlombardia.it,,ARCAT Lombardia,,,45.5416,10.2118,APPROXIMATE_CITY,ACTIVE_VERIFIED_2026,,,,2026-09-21 11:39:47,2026-09-21 11:39:47,11
3253,SIC-815CPAHE-SKJBPQ5C-H,ACAT Gardesana – Cat Il girasole,TERRITORIAL_ACAT,Lombardia,BS,Salò,Via Ponte Vecchio 6,25087,,,Settimanale,,,3408711916,,info@arcatlombardia.it,,ARCAT Lombardia,,,45.5416,10.2118,APPROXIMATE_CITY,ACTIVE_VERIFIED_2026,,,,2026-09-21 11:39:47,2026-09-21 11:39:47,11
3254,SIC-H2WF3G5V-GP9X452S-P,ACAT Brescia – Cat Armonia,TERRITORIAL_ACAT,Lombardia,BS,Brescia,Via Borgondio 29,25122,,,Settimanale,,,351.5111330,,info@arcatlombardia.it,,ARCAT Lombardia,,,45.5416,10.2118,APPROXIMATE_CITY,ACTIVE_VERIFIED_2026,,,,2026-09-21 11:39:47,2026-09-21 11:39:47,11
3255,SIC-VY0ZHEA1-GHGFBS0P-S,ACAT Manerbio – CAT Manerbio 3,TERRITORIAL_ACAT,Lombardia,BS,Manerbio,C/o Centro sociale - Via Palestro 57,25025,,,Settimanale,,,3394602401,,ciscoroda@gmail.com,,ARCAT Lombardia,,,45.5416,10.2118,APPROXIMATE_CITY,ACTIVE_VERIFIED_2026,,,,2026-09-21 11:39:47,2026-09-21 11:39:47,11
3256,SIC-8QM29Q6P-2FAPMYV6-2,ACAT Hudolin Milano – CAT Milano 1,TERRITORIAL_ACAT,Lombardia,MI,Milano,C/o Oratorio S. Dionigi in Pratocentenaro - Via De Martino 2 ang. v.le Suzzani,20162,,,Settimanale,,,3392115053,,acat_milano@yahoo.it,,ARCAT Lombardia,,,45.4642,9.19,APPROXIMATE_CITY,ACTIVE_VERIFIED_2026,,,,2026-09-21 11:39:47,2026-09-21 11:39:47,11
3257,SIC-BPEHSF51-NAF2H650-F,ACAT Hudolin Milano – Cat Milano 4,TERRITORIAL_ACAT,Lombardia,MI,Milano,C/o Parrocchia Sant'Elena - Via A. Bezzola 5,20163,,,Settimanale,,,3357755355,,acat_milano@yahoo.it,,ARCAT Lombardia,,,45.4642,9.19,APPROXIMATE_CITY,ACTIVE_VERIFIED_2026,,,,2026-09-21 11:39:47,2026-09-21 11:39:47,11
3258,SIC-WF393KDM-KY6FA10X-C,ACAT Hudolin Milano – Cat Milano 3 (La Maria),TERRITORIAL_ACAT,Lombardia,MI,Milano,"C/o Associazione V.S.P. Bruzzano - Via del Tamigi, 7",20161,,,Settimanale,,,3332447231,,acat_milano@yahoo.it,,ARCAT Lombardia,,,45.4642,9.19,APPROXIMATE_CITY,ACTIVE_VERIFIED_2026,,,,2026-09-21 11:39:47,2026-09-21 11:39:47,11
3259,SIC-ZB5GV6NH-ZZN2ETAN-D,ACAT Hudolin Milano – Cat Milano 2 (Primaticcio),TERRITORIAL_ACAT,Lombardia,MI,Milano,C/o I.P.R. - Via degli Anemoni 6,20155,,,Settimanale,,,3393102210,,acat_milano@yahoo.it,,ARCAT Lombardia,,,45.4642,9.19,APPROXIMATE_CITY,ACTIVE_VERIFIED_2026,,,,2026-09-21 11:39:47,2026-09-21 11:39:47,11
3260,SIC-507NZFVG-403PN6KE-N,ACAT Hudolin Milano – Cat Milano 5,TERRITORIAL_ACAT,Lombardia,MI,Milano,C/o Istituto S. Gaetano - Opera Don Guanella - Via Duprè 19,20155,,,Settimanale,,,3470488480,,acat_milano@yahoo.it,,ARCAT Lombardia,,,45.4642,9.19,APPROXIMATE_CITY,ACTIVE_VERIFIED_2026,,,,2026-09-21 11:39:47,2026-09-21 11:39:47,11
3261,SIC-SRBXDSZC-GZ4P3KA2-1,ACAT Hudolin Milano – Cat Colturano 1,TERRITORIAL_ACAT,Lombardia,MI,Colturano,C/o Sala del Tempo Libero - Palestra Via Verdi,20075,,,Settimanale,,,3343968790,,acat_milano@yahoo.it,,ARCAT Lombardia,,,45.4642,9.19,APPROXIMATE_CITY,ACTIVE_VERIFIED_2026,,,,2026-09-21 11:39:47,2026-09-21 11:39:47,11
3262,SIC-92QY2G17-1YTWYFX0-Y,ACAT Hudolin Milano – Cat Milano 6,TERRITORIAL_ACAT,Lombardia,MI,Milano,C/o Casa delle Associazioni - Via Marsala 10,20163,,,Settimanale,,,3393102210,,acat_milano@yahoo.it,,ARCAT Lombardia,,,45.4642,9.19,APPROXIMATE_CITY,ACTIVE_VERIFIED_2026,,,,2026-09-21 11:39:47,2026-09-21 11:39:47,11
3263,SIC-0MSRK7S3-B3AC6XG0-2,ACAT Hudolin Milano – Cat 7,TERRITORIAL_ACAT,Italia,20,2016 Milano,C/o Oratorio S. Luca - Via Ampére 75,,,,Settimanale,,,3347804235,,acat_milano@yahoo.it,,AICAT Nazionale,,,42.5,12.5,APPROXIMATE_CITY,ACTIVE_VERIFIED_2026,,,,2026-09-21 11:39:47,2026-09-21 11:39:47,11
3264,SIC-BRQX3WDZ-CAKH95VZ-9,APCAT Mantova – Cat Mantova Rivivere,TERRITORIAL_ACAT,Lombardia,MN,Mantova,C/o Circoscrizione sud - Via Facciotto 5,46100,,,Settimanale,,,3487228440,,apcat.mantova@gmail.com,,ARCAT Lombardia,,,45.1564,10.7914,APPROXIMATE_CITY,ACTIVE_VERIFIED_2026,,,,2026-09-21 11:39:47,2026-09-21 11:39:47,11
3265,SIC-Z1AHZRTN-KHRH0W1P-Q,APCAT Mantova – Cat Mantova Vivere sano,TERRITORIAL_ACAT,Lombardia,MN,Mantova,C/o Valletta Valsecchi - Via Ariosto 2,46100,,,Settimanale,,,3282195650,,apcat.mantova@gmail.com,,ARCAT Lombardia,,,45.1564,10.7914,APPROXIMATE_CITY,ACTIVE_VERIFIED_2026,,,,2026-09-21 11:39:47,2026-09-21 11:39:47,11
3266,SIC-KNJT54YY-WYD3W7PD-X,APCAT Mantova – Cat Mantova Amicizia,TERRITORIAL_ACAT,Lombardia,MN,C.so V. Emanuele 146,C/o Parrocchia Ognissanti,46100,,,Settimanale,,,3407362688,,apcat.mantova@gmail.com,,ARCAT Lombardia,,,45.1564,10.7914,APPROXIMATE_CITY,ACTIVE_VERIFIED_2026,,,,2026-09-21 11:39:47,2026-09-21 11:39:47,11
3267,SIC-REPTSD15-RT20GDAR-4,APCAT Mantova – Cat Monzambano Anemone,TERRITORIAL_ACAT,Lombardia,MN,Mantova,C/o Sala Civica - Via Umberto I - Monzambano,46100,,,Settimanale,,,3200356230,,apcat.mantova@gmail.com,,ARCAT Lombardia,,,45.1564,10.7914,APPROXIMATE_CITY,ACTIVE_VERIFIED_2026,,,,2026-09-21 11:39:47,2026-09-21 11:39:47,11
3268,SIC-RSSS3CW3-49Q3SNVR-Z,APCAT Mantova – Cat Castiglione D.S. Solidarietà – Libertà,TERRITORIAL_ACAT,Lombardia,MN,Castiglione delle Stiviere,C/o Centro Anziani Anni d'Argento - Via Ordanino 11,46043,,,Settimanale,,,3477669898,,apcat.mantova@gmail.com,,ARCAT Lombardia,,,45.1564,10.7914,APPROXIMATE_CITY,ACTIVE_VERIFIED_2026,,,,2026-09-21 11:39:47,2026-09-21 11:39:47,11
3269,SIC-HWAZ9ME0-AQGE0DRS-2,APCAT Mantova – Cat Ponti sul Mincio – Mincio,TERRITORIAL_ACAT,Lombardia,MN,Ponti sul Mincio,C/o Biblioteca comunale,46040,,,Settimanale,,,3486299448,,apcat.mantova@gmail.com,,ARCAT Lombardia,,,45.1564,10.7914,APPROXIMATE_CITY,ACTIVE_VERIFIED_2026,,,,2026-09-21 11:39:47,2026-09-21 11:39:47,11
3270,SIC-EEM1W251-CZ05J849-C,APCAT Mantova – Cat San Giorgio Gabbiano Azzurro,TERRITORIAL_ACAT,Lombardia,MN,San Giorgio,C/o Centro culturale - Via F. Kahlo,46038,,,Settimanale,,,3496759528,,apcat.mantova@gmail.com,,ARCAT Lombardia,,,45.1564,10.7914,APPROXIMATE_CITY,ACTIVE_VERIFIED_2026,,,,2026-09-21 11:39:47,2026-09-21 11:39:47,11
3271,SIC-WPJS9Z36-Q8R0PH1V-M,APCAT Mantova – Cat Viadana Solidarietà e Speranza,TERRITORIAL_ACAT,Lombardia,MN,"Provincia di Mantova, Lombardia",46019 Viadana,46019,,,Settimanale,,,3403515125,,apcat.mantova@gmail.com,,ARCAT Lombardia,,,45.1564,10.7914,APPROXIMATE_CITY,ACTIVE_VERIFIED_2026,,,,2026-09-21 11:39:47,2026-09-21 11:39:47,11
3272,SIC-Q4JQJVR9-0BA7H6YX-E,APCAT Mantova – Cat Suzzara Magnolia Fiorita,TERRITORIAL_ACAT,Lombardia,MN,V.le Libertà 32,C/o Centro sociale,46029,,,Settimanale,,,3485453752,,apcat.mantova@gmail.com,,ARCAT Lombardia,,,45.1564,10.7914,APPROXIMATE_CITY,ACTIVE_VERIFIED_2026,,,,2026-09-21 11:39:47,2026-09-21 11:39:47,11
3273,SIC-VJ66Q1PT-KRNXDKHJ-1,APCAT Mantova – Cat Roverbella “Fior di Pesco”,TERRITORIAL_ACAT,Lombardia,MN,Roverbella,C/o Auser - Via dell'Artigianato 25,46048,,,Settimanale,,,3472763775,,apcat.mantova@gmail.com,,ARCAT Lombardia,,,45.1564,10.7914,APPROXIMATE_CITY,ACTIVE_VERIFIED_2026,,,,2026-09-21 11:39:47,2026-09-21 11:39:47,11
3274,SIC-40MNXPBE-YKJPT2KT-K,ACAT Venezia club 421,TERRITORIAL_ACAT,Veneto,VE,Venezia,C/o Ospedale Fatebenefratelli - Via Cannaregio 3458,30123,,,Settimanale,,,3460397277 / 3473836840,,acatvenezia@yahoo.it,,ARCAT Veneto,,,45.4408,12.3155,APPROXIMATE_CITY,ACTIVE_VERIFIED_2026,,,,2026-09-21 11:39:47,2026-09-21 11:39:47,11
3275,SIC-RK88R3VF-2BKDJWW8-T,ACAT Venezia club 269,TERRITORIAL_ACAT,Veneto,VE,Venezia,C/o ex Ospedale - Via Dorsoduro 1463,30123,,,Settimanale,,,3460397277 / 3473836840,,acatvenezia@yahoo.it,,ARCAT Veneto,,,45.4408,12.3155,APPROXIMATE_CITY,ACTIVE_VERIFIED_2026,,,,2026-09-21 11:39:47,2026-09-21 11:39:47,11
3276,SIC-A28D6M0M-P4DYRFPX-7,ACAT Venezia club 175,TERRITORIAL_ACAT,Veneto,VE,Venezia,C/o Villa Groggia - Via Cannaregio 3161,30123,,,Settimanale,,,3460397277 / 3473836840,,acatvenezia@yahoo.it,,ARCAT Veneto,,,45.4408,12.3155,APPROXIMATE_CITY,ACTIVE_VERIFIED_2026,,,,2026-09-21 11:39:47,2026-09-21 11:39:47,11
3277,SIC-KMXKJ3Z3-9MJFQ6S9-7,ACAT Verona club 110 Regina,TERRITORIAL_ACAT,Veneto,VR,Verona,Circonvallazione P Via Marconcelli 8/B,37123,,,Settimanale,,,045576395 / 3293322418,,acatverona@tiscali.it,,ARCAT Veneto,,,45.4384,10.9916,APPROXIMATE_CITY,ACTIVE_VERIFIED_2026,,,,2026-09-21 11:39:47,2026-09-21 11:39:47,11
3278,SIC-HH4P93SM-K33QGCMK-N,ACAT Verona club 131 Girasole,TERRITORIAL_ACAT,Veneto,VR,Parona,Via Alessandri Fratelli 15,37124,,,Settimanale,,,045576395 / 3293322418,,acatverona@tiscali.it,,ARCAT Veneto,,,45.4384,10.9916,APPROXIMATE_CITY,ACTIVE_VERIFIED_2026,,,,2026-09-21 11:39:47,2026-09-21 11:39:47,11
3279,SIC-2VV6RQCV-9P3DVYK1-9,ACAT Verona club 319 L’ascolto,TERRITORIAL_ACAT,Veneto,VR,Verona,Via Brunelleschi 12,37100,,,Settimanale,,,045576395 / 3293322418,,acatverona@tiscali.it,,ARCAT Veneto,,,45.4384,10.9916,APPROXIMATE_CITY,ACTIVE_VERIFIED_2026,,,,2026-09-21 11:39:47,2026-09-21 11:39:47,11
3280,SIC-8CMF8JYF-H63RG8GT-8,ACAT Verona club 324 Roberto Chiossi,TERRITORIAL_ACAT,Veneto,VR,Verona,Via Trapani 10 (b.go Roma),37100,,,Settimanale,,,045576395 / 3293322418,,acatverona@tiscali.it,,ARCAT Veneto,,,45.4384,10.9916,APPROXIMATE_CITY,ACTIVE_VERIFIED_2026,,,,2026-09-21 11:39:47,2026-09-21 11:39:47,11
3281,SIC-G31X1PSK-7A6KFTD6-0,ACAT Verona – club 605 La voce,TERRITORIAL_ACAT,Veneto,VR,Verona,Via Brunelleschi 12,37100,,,Settimanale,,,045576395 / 045576395,,acatverona@tiscali.it,,ARCAT Veneto,,,45.4384,10.9916,APPROXIMATE_CITY,ACTIVE_VERIFIED_2026,,,,2026-09-21 11:39:47,2026-09-21 11:39:47,11
3282,SIC-69JMSCRY-GG84S84J-J,GA – ASSOCIAZIONE GIOCATORI ANONIMI ITALIA – Matera,LOCAL_CLUB,Basilicata,MT,Matera,"Via Enrico Mattei, 23 c/o Chiesa Sacra Famiglia Matera",75100,,,Settimanale,,,3470651842,,matera@giocatorianonimi.org,,ARCAT Basilicata,,,40.6664,16.6043,APPROXIMATE_CITY,ACTIVE_VERIFIED_2026,,,,2026-09-21 11:39:47,2026-09-21 11:39:47,11
3283,SIC-B906779D-8GYE3BPY-Y,ACAT Verona club 327 La fenice,TERRITORIAL_ACAT,Veneto,VR,Verona,Via M. Faliero 99,37100,,,Settimanale,,,045576395 / 3293322418,,acatverona@tiscali.it,,ARCAT Veneto,,,45.4384,10.9916,APPROXIMATE_CITY,ACTIVE_VERIFIED_2026,,,,2026-09-21 11:39:47,2026-09-21 11:39:47,11
3284,SIC-8EWEMN75-GYEAKE5W-1,GA – ASSOCIAZIONE GIOCATORI ANONIMI ITALIA – Parma,LOCAL_CLUB,Emilia-Romagna,PR,Parma,C/o parrocchia Trasfigurazione di Nostro Signore - Via R. Leoncavallo 4,43124,,,Settimanale,,,3423240117,,parma@giocatorianonimi.org,,ARCAT Emilia-Romagna,,,44.8015,10.3279,APPROXIMATE_CITY,ACTIVE_VERIFIED_2026,,,,2026-09-21 11:39:47,2026-09-21 11:39:47,11
3285,SIC-MRTGED72-J5PWJ6XN-C,ACAT Verona club 288 La clessidra,TERRITORIAL_ACAT,Veneto,VR,San Zeno,Circonvallazione P via Marconcelli 8/B,37100,,,Settimanale,,,045576395 / 3293322418,,acatverona@tiscali.it,,ARCAT Veneto,,,45.4384,10.9916,APPROXIMATE_CITY,ACTIVE_VERIFIED_2026,,,,2026-09-21 11:39:47,2026-09-21 11:39:47,11
3286,SIC-AJCMT1PW-FEJV36NT-1,GA – ASSOCIAZIONE GIOCATORI ANONIMI ITALIA – Reggio Emilia,LOCAL_CLUB,Emilia-Romagna,RE,Reggio Emilia,"C/o Casa Aperta - Via Codro, 1/1",42123,,,Settimanale,,,3669768018,,reggioemilia@giocatorianonimi.org,,ARCAT Emilia-Romagna,,,44.6982,10.6312,APPROXIMATE_CITY,ACTIVE_VERIFIED_2026,,,,2026-09-21 11:39:47,2026-09-21 11:39:47,11
3287,SIC-YZF1HMBF-RNYWJ5BW-F,GA – ASSOCIAZIONE GIOCATORI ANONIMI ITALIA – Anzio,LOCAL_CLUB,Lazio,RM,Anzio,c/o Villa Albani DSM - Via Mencacci,00042,,,Settimanale,,,3290844487,,anzio@giocatorianonimi.org,,ARCAT Lazio,,,41.9028,12.4964,APPROXIMATE_CITY,ACTIVE_VERIFIED_2026,,,,2026-09-21 11:39:47,2026-09-21 11:39:47,11
3288,SIC-HV275CHR-R384XMMW-K,GA – ASSOCIAZIONE GIOCATORI ANONIMI ITALIA – Roma 6 (RM),LOCAL_CLUB,Lazio,RO,Roma,"Via Duilio Cambellotti, 18",,,,Settimanale,,,3420334992,,roma6torbellamonaca@giocatorianonimi.org,,ARCAT Lazio,,,42.5,12.5,APPROXIMATE_CITY,ACTIVE_VERIFIED_2026,,,,2026-09-21 11:39:47,2026-09-21 11:39:47,11
3289,SIC-HN85QDQP-MXEV3TAZ-K,GA – ASSOCIAZIONE GIOCATORI ANONIMI ITALIA – Genova Consolazione 2,LOCAL_CLUB,Liguria,GE,Genova,"Via della Consolazione, 3",16121,,,Settimanale,,,3401529838,,genova@giocatorianonimi.org,,ARCAT Liguria,,,44.4056,8.9463,APPROXIMATE_CITY,ACTIVE_VERIFIED_2026,,,,2026-09-21 11:39:47,2026-09-21 11:39:47,11
3290,SIC-5QAC782F-W1PK9H6F-E,GA – ASSOCIAZIONE GIOCATORI ANONIMI ITALIA – Legnano,LOCAL_CLUB,Lombardia,MI,Legnano,"Via Colombes, 69 c/o Spazio Incontro Canazza - Legnano",20025,,,Settimanale,,,3500801643,,legnano@giocatorianonimi.org,,ARCAT Lombardia,,,45.4642,9.19,APPROXIMATE_CITY,ACTIVE_VERIFIED_2026,,,,2026-09-21 11:39:47,2026-09-21 11:39:47,11
3291,SIC-F5NZ67K9-9WG94ACN-S,GA – ASSOCIAZIONE GIOCATORI ANONIMI ITALIA – Genova Rivarolo,LOCAL_CLUB,Liguria,GE,Genova,"Via alla Chiesa di Rivarolo, 3 c/o Parrocchia Santa Maria Assunta",16161,,,Settimanale,,,3401529838,,genova@giocatorianonimi.org,,ARCAT Liguria,,,44.4056,8.9463,APPROXIMATE_CITY,ACTIVE_VERIFIED_2026,,,,2026-09-21 11:39:47,2026-09-21 11:39:47,11
3292,SIC-QX66YD8J-HBK78SFY-R,GA – ASSOCIAZIONE GIOCATORI ANONIMI ITALIA – Brescia,LOCAL_CLUB,Lombardia,BS,Brescia,"Via Villa Glori, 13",25100,,,Settimanale,,,3899426037,,brescia@giocatorianonimi.org,,ARCAT Lombardia,,,45.5416,10.2118,APPROXIMATE_CITY,ACTIVE_VERIFIED_2026,,,,2026-09-21 11:39:47,2026-09-21 11:39:47,11
3293,SIC-5YXDD1BK-32764369-K,GA – ASSOCIAZIONE GIOCATORI ANONIMI ITALIA – Bergamasca Lurano (BG),LOCAL_CLUB,Lombardia,BG,Lurano,"Via San Lino, 3 c/o ex Casa del Curato",24050,,,Settimanale,,,3662580693,,bassabergamasca@giocatorianonimi.orga,,ARCAT Lombardia,,,45.6983,9.6773,APPROXIMATE_CITY,ACTIVE_VERIFIED_2026,,,,2026-09-21 11:39:47,2026-09-21 11:39:47,11
3294,SIC-XSVSNM9P-MMTWBN48-Q,GA – ASSOCIAZIONE GIOCATORI ANONIMI ITALIA – Romano di Lombardia,LOCAL_CLUB,Lombardia,BG,Romano di Lombardia,C/o coop. Itaca - Via Sa Giorgio 14,24058,,,Settimanale,,,3505679757,,romanodilombardia@gmail.com,,ARCAT Lombardia,,,45.6983,9.6773,APPROXIMATE_CITY,ACTIVE_VERIFIED_2026,,,,2026-09-21 11:39:47,2026-09-21 11:39:47,11
3295,SIC-HHVNRN1R-WY5FM0B2-N,AICAT – Grosseto Hodolin,TERRITORIAL_ACAT,Toscana,GR,Grosseto,Via Inghilterra 45,58100,,,Settimanale,,,3703368168 / 3703199535,,acatgrossetonord@gmail.com,,ARCAT Toscana,,,42.7636,11.1119,APPROXIMATE_CITY,ACTIVE_VERIFIED_2026,,,,2026-09-21 11:39:47,2026-09-21 11:39:47,11
3296,SIC-2NG0Y4XN-N5X3XZR5-R,AICAT – Grosseto Nord,TERRITORIAL_ACAT,Toscana,GR,Grosseto,Via Inghilterra 44,58100,,,Settimanale,,,0564451126,,acatgrossetonord@yahoo.it,,ARCAT Toscana,,,42.7636,11.1119,APPROXIMATE_CITY,ACTIVE_VERIFIED_2026,,,,2026-09-21 11:39:47,2026-09-21 11:39:47,11
3297,SIC-RTCRXDBA-RRGQ3H9P-7,AICAT – Val di Corna,TERRITORIAL_ACAT,Toscana,LI,Venturina,Via dell'Unità 15,57021,,,Settimanale,,,3332119635,,acatvaldicornia@libero.it,,ARCAT Toscana,,,43.5485,10.3106,APPROXIMATE_CITY,ACTIVE_VERIFIED_2026,,,,2026-09-21 11:39:47,2026-09-21 11:39:47,11
3298,SIC-6CS26NQD-0K1BJQ22-E,AICAT – Follonica,TERRITORIAL_ACAT,Toscana,GR,Follonica,Via Bicocchi,58022,,,Settimanale,,,3485447467,,acatfollonica@hotmail.it,,ARCAT Toscana,,,42.7636,11.1119,APPROXIMATE_CITY,ACTIVE_VERIFIED_2026,,,,2026-09-21 11:39:47,2026-09-21 11:39:47,11
3299,SIC-SZQSZHFN-SQNEW1TY-0,AICAT – Isola d’Elba,TERRITORIAL_ACAT,Toscana,LI,Portoferraio loc. Casaccia,Centro Blu Argento,57037,,,Settimanale,,,3408498069,,acatelba@gmail.com,,ARCAT Toscana,,,43.5485,10.3106,APPROXIMATE_CITY,ACTIVE_VERIFIED_2026,,,,2026-09-21 11:39:47,2026-09-21 11:39:47,11
3300,SIC-SR2WDNS2-MAVA30GP-C,AICAT- Garfagnana,TERRITORIAL_ACAT,Toscana,LU,Castiglione Garfagnana,P.za M. della Libertà,55053,,,Settimanale,,,3355481095,,franca.verdigi@gmail.com,,ARCAT Toscana,,,43.843,10.5079,APPROXIMATE_CITY,ACTIVE_VERIFIED_2026,,,,2026-09-21 11:39:47,2026-09-21 11:39:47,11
3301,SIC-J61HTK4K-F1Z3C0GV-Z,AICAT – “Il gabbiano”,TERRITORIAL_ACAT,Campania,SA,Salerno,Fratte,84100,,,Settimanale,,,3474143999,,segreteria@aicat.net,,ARCAT Campania,,,40.6824,14.7681,APPROXIMATE_CITY,ACTIVE_VERIFIED_2026,,,,2026-09-21 11:39:47,2026-09-21 11:39:47,11
3302,SIC-DVNBD2YY-DVHDKNB4-B,AICAT – Versilia,TERRITORIAL_ACAT,Toscana,LU,Savarezza,c/o Misericordia di Savarezza - Via Buonarroti 280/286,55047,,,Settimanale,,,3383740502,,info@acatversilia.org,,ARCAT Toscana,,,43.843,10.5079,APPROXIMATE_CITY,ACTIVE_VERIFIED_2026,,,,2026-09-21 11:39:47,2026-09-21 11:39:47,11
3303,SIC-TPRDSZ1R-MTDSPDH1-B,GA – ASSOCIAZIONE GIOCATORI ANONIMI ITALIA – Brindisi S. Elia,LOCAL_CLUB,Puglia,BR,Brindisi,"V.le Caravaggio, snc c/o Parrocchia S.Lorenzo da Brindisi - Q.re S.Elia",72100,,,Settimanale,,,3895093653,,brindisi.s.elia@giocatorianonimi.org,,ARCAT Puglia,,,40.6327,17.9418,APPROXIMATE_CITY,ACTIVE_VERIFIED_2026,,,,2026-09-21 11:39:47,2026-09-21 11:39:47,11
3304,SIC-1ADPHB01-4QPTVRA6-4,GA – ASSOCIAZIONE GIOCATORI ANONIMI ITALIA – Pisa,LOCAL_CLUB,Toscana,PI,Pisa,"Via Italo Bargagna, 2 c/o Pubblica Assistenza S.R.",56124,,,Settimanale,,,3280980548,,pisa@giocatorianonimi.org,,ARCAT Toscana,,,43.7228,10.4017,APPROXIMATE_CITY,ACTIVE_VERIFIED_2026,,,,2026-09-21 11:39:47,2026-09-21 11:39:47,11
3305,SIC-ZDW4BYRS-TBKTBREE-A,AICAT – “Il melograno”,TERRITORIAL_ACAT,Campania,SA,Mercato San Severino,Mercato,84085,,,Settimanale,,,089792800 / 3331449363,,segreteria@aicat.net,,ARCAT Campania,,,40.6824,14.7681,APPROXIMATE_CITY,ACTIVE_VERIFIED_2026,,,,2026-09-21 11:39:47,2026-09-21 11:39:47,11
3306,SIC-Y7E7FPZA-3K4XW4CS-1,AICAT – “La rivincita”,TERRITORIAL_ACAT,Campania,SA,Salerno,c/o Chiesa dell'Immacolata - P.za S. Francesco,84100,,,Settimanale,,,089792800 / 3495322041,,segreteria@aicat.net,,ARCAT Campania,,,40.6824,14.7681,APPROXIMATE_CITY,ACTIVE_VERIFIED_2026,,,,2026-09-21 11:39:47,2026-09-21 11:39:47,11
3307,SIC-ZYWNDK4F-Y9W9EMWD-R,GA – ASSOCIAZIONE GIOCATORI ANONIMI ITALIA – Bussolengo (VR),LOCAL_CLUB,Veneto,VR,San Vito al Mantico Bussolengo,"Via Piemonte, 84 c/o Sala civica ex Cervini",37012,,,Settimanale,,,3290715208,,bussolengo@giocatorianonimi.org,,ARCAT Veneto,,,45.4384,10.9916,APPROXIMATE_CITY,ACTIVE_VERIFIED_2026,,,,2026-09-21 11:39:47,2026-09-21 11:39:47,11
3308,SIC-XVPAPQGF-ST1PRXDK-4,GA – ASSOCIAZIONE GIOCATORI ANONIMI ITALIA – Valbrembana (BG),LOCAL_CLUB,Lombardia,BG,Zogno,"Via Locatelli, 111 presso Green House di Zogno c/o Consultorio familiare Priula",24019,,,Settimanale,,,3347290470,,valbrembana@giocatorianonimi.org,,ARCAT Lombardia,,,45.6983,9.6773,APPROXIMATE_CITY,ACTIVE_VERIFIED_2026,,,,2026-09-21 11:39:47,2026-09-21 11:39:47,11
3309,SIC-XSDE1QVB-VKMT1G5W-N,GA – ASSOCIAZIONE GIOCATORI ANONIMI ITALIA – Musile di Piave,LOCAL_CLUB,Veneto,VE,Musile di Piave,"P.zza Libertà , 1 c/o Patronato Parrocchiale Musile di Piave",30024,,,Settimanale,,,3441095034,,musile@giocatorianonimi.org,,ARCAT Veneto,,,45.4408,12.3155,APPROXIMATE_CITY,ACTIVE_VERIFIED_2026,,,,2026-09-21 11:39:47,2026-09-21 11:39:47,11
3310,SIC-HW6E5GZ5-MA45VRGN-N,AICAT – “S. Francesco d’Assisi”,TERRITORIAL_ACAT,Campania,SA,Oliveto Citra,c/o Centro sociale,84020,,,Settimanale,,,3384781498,,segreteria@aicat.net,,ARCAT Campania,,,40.6824,14.7681,APPROXIMATE_CITY,ACTIVE_VERIFIED_2026,,,,2026-09-21 11:39:47,2026-09-21 11:39:47,11
3311,SIC-MC4EW231-V0NZP4KX-0,GA – ASSOCIAZIONE GIOCATORI ANONIMI ITALIA – Rosà (VI),LOCAL_CLUB,Veneto,VI,Rosà,"Via Cap. Alessio, 42 c/o Oratorio Don Bosco",36027,,,Settimanale,,,3315612387,,rosa@giocatorianonimi.org,,ARCAT Veneto,,,45.5455,11.5355,APPROXIMATE_CITY,ACTIVE_VERIFIED_2026,,,,2026-09-21 11:39:47,2026-09-21 11:39:47,11
3312,SIC-FFARMEE9-JVYM7D6J-B,AICAT – S. Maria del Rovo,TERRITORIAL_ACAT,Campania,SA,Cava dei Tirreni,c/o Chiesa S. Maria del Rovo,84013,,,Settimanale,,,3939849697,,segreteria@aicat.net,,ARCAT Campania,,,40.6824,14.7681,APPROXIMATE_CITY,ACTIVE_VERIFIED_2026,,,,2026-09-21 11:39:47,2026-09-21 11:39:47,11
3313,SIC-KGQA5FGM-TRS8ZPVV-G,AICAT – S. Ciro,TERRITORIAL_ACAT,Campania,RA,Nocera Inferiore,c/o Chiesa S. Giovanni di Cicalese,48014,,,Settimanale,,,3331919488,,segreteria@aicat.net,,ARCAT Campania,,,44.4184,12.2035,APPROXIMATE_CITY,ACTIVE_VERIFIED_2026,,,,2026-09-21 11:39:47,2026-09-21 11:39:47,11
3314,SIC-DECQ55S7-N23X083F-B,GA – ASSOCIAZIONE GIOCATORI ANONIMI ITALIA – Rovigo,LOCAL_CLUB,Veneto,RO,Borsea,"Via Savonarola, 129 c/o Parrocchia San Zenone",45100,,,Settimanale,,,3342338095,,rovigo@giocatorianonimi.org,,ARCAT Veneto,,,45.0703,11.79,APPROXIMATE_CITY,ACTIVE_VERIFIED_2026,,,,2026-09-21 11:39:47,2026-09-21 11:39:47,11
3315,SIC-0W8GCMYF-8GWC49HX-7,GA – ASSOCIAZIONE GIOCATORI ANONIMI ITALIA – Vicenza 2,LOCAL_CLUB,Veneto,VI,Sarego,"Via Madonna del Carmelo, 4 c/o Parrocchia Monticello di Fara - San Giovanni Bosco",36040,,,Settimanale,,,3888085465,,vicenza2@giocatorianonimi.org,,ARCAT Veneto,,,45.5455,11.5355,APPROXIMATE_CITY,ACTIVE_VERIFIED_2026,,,,2026-09-21 11:39:47,2026-09-21 11:39:47,11
3316,SIC-BE2M3JWD-PJ1VMBM7-T,AICAT – “Il timone”,TERRITORIAL_ACAT,Campania,SA,Vallo della Lucania,c/o Centro diurno di Massa,84078,,,Settimanale,,,338723365,,segreteria@aicat.net,,ARCAT Campania,,,40.6824,14.7681,APPROXIMATE_CITY,ACTIVE_VERIFIED_2026,,,,2026-09-21 11:39:47,2026-09-21 11:39:47,11
3317,SIC-MZPTSXDQ-6RD0KD4Z-0,AICAT – “Nuova vita”,TERRITORIAL_ACAT,Campania,SA,Agropoli,c/o Chiesa S. Maria delle Grazie - P.zza della Repubblica,84043,,,Settimanale,,,3492897393,,segreteria@aicat.net,,ARCAT Campania,,,40.6824,14.7681,APPROXIMATE_CITY,ACTIVE_VERIFIED_2026,,,,2026-09-21 11:39:47,2026-09-21 11:39:47,11
3318,SIC-5HY4XN05-63MG42VA-0,AICAT – “Avvenire”,TERRITORIAL_ACAT,Campania,SA,Scafati,c/o C.A.G. - P.zza Falcone Borsellino,84018,,,Settimanale,,,3475996810,,segreteria@aicat.net,,ARCAT Campania,,,40.6824,14.7681,APPROXIMATE_CITY,ACTIVE_VERIFIED_2026,,,,2026-09-21 11:39:47,2026-09-21 11:39:47,11
3319,SIC-TVY9M7RH-B6X0MPRQ-4,AICAT – “Abbraccio”,TERRITORIAL_ACAT,Campania,NA,Torre del Greco,P.zza Palomba,80059,,,Settimanale,,,329080611,,segreteria@aicat.net,,ARCAT Campania,,,40.8518,14.2681,APPROXIMATE_CITY,ACTIVE_VERIFIED_2026,,,,2026-09-21 11:39:47,2026-09-21 11:39:47,11
3320,SIC-3PQ101Y3-2NRCGSGW-D,AICAT – “Rinascere”,TERRITORIAL_ACAT,Campania,AV,Montella,c/o Centro Servizi del Comune,83048,,,Settimanale,,,3319244865,,segreteria@aicat.net,,ARCAT Campania,,,40.9148,14.7906,APPROXIMATE_CITY,ACTIVE_VERIFIED_2026,,,,2026-09-21 11:39:47,2026-09-21 11:39:47,11
3321,SIC-4JVNQ3YZ-HJG0GM07-P,AICAT – “Nuovi percorsi”,TERRITORIAL_ACAT,Campania,NA,"Provincia di Napoli, Campania",80010 Quarto,80010,,,Settimanale,,,3341571814,,segreteria@aicat.net,,ARCAT Campania,,,40.8518,14.2681,APPROXIMATE_CITY,ACTIVE_VERIFIED_2026,,,,2026-09-21 11:39:47,2026-09-21 11:39:47,11
3322,SIC-NB3WV0S9-M018BN9X-5,AICAT – “Degli Angeli”,TERRITORIAL_ACAT,Campania,AV,Ariano Irpino,c/o Parrocchia S. Pietro Apostolo,83031,,,Settimanale,,,3383488876,,segreteria@aicat.net,,ARCAT Campania,,,40.9148,14.7906,APPROXIMATE_CITY,ACTIVE_VERIFIED_2026,,,,2026-09-21 11:39:47,2026-09-21 11:39:47,11
3323,SIC-4M4A22CR-S56DMGVK-8,AICAT – “La rosa di Greco”,TERRITORIAL_ACAT,Campania,NA,Napoli,S. Carlo Borromeo - Centro Direzionale,80100,,,Settimanale,,,3472965433,,segreteria@aicat.net,,ARCAT Campania,,,40.8518,14.2681,APPROXIMATE_CITY,ACTIVE_VERIFIED_2026,,,,2026-09-21 11:39:47,2026-09-21 11:39:47,11
3324,SIC-9W5S3NZZ-TVV2F1BG-7,"ACAT – Sesto Fiorentino, Campi Bisenzio Peretola",TERRITORIAL_ACAT,Toscana,FI,Sesto Fiorentino,Via Veronelli 2,50019,,,Settimanale,,,3471041089,,mona.ross@tiscali.it,,ARCAT Toscana,,,43.7696,11.2558,APPROXIMATE_CITY,ACTIVE_VERIFIED_2026,,,,2026-09-21 11:39:47,2026-09-21 11:39:47,11
3325,SIC-WRZMMCCK-7F2V052W-H,ACAT – Massa-Montignoso,TERRITORIAL_ACAT,Toscana,MS,Massa Carrara,Via Crispi 5,54100,,,Settimanale,,,3281260470,,acatmassamontignoso@gmail.com,,ARCAT Toscana,,,44.0367,10.1417,APPROXIMATE_CITY,ACTIVE_VERIFIED_2026,,,,2026-09-21 11:39:47,2026-09-21 11:39:47,11
3326,SIC-AY3XN8G7-2HTR6XWQ-E,AICAT – “Il girasole”,TERRITORIAL_ACAT,Campania,NA,Castellammare di Stabia,c/o Chiesa del Carmine,80053,,,Settimanale,,,3492605299,,segreteria@aicat.net,,ARCAT Campania,,,40.8518,14.2681,APPROXIMATE_CITY,ACTIVE_VERIFIED_2026,,,,2026-09-21 11:39:47,2026-09-21 11:39:47,11
3327,SIC-ZGMP46E9-HK4EAGX4-G,AL-ANON – Gruppo Raku,LOCAL_CLUB,Lombardia,SO,Sondrio,C/o AAA Amici Anziani - Via Maffei 40,23100,,,Settimanale,,,0258018230 / 800087897,,usg@al-anon.it,,ARCAT Lombardia,,,46.1689,9.8693,APPROXIMATE_CITY,ACTIVE_VERIFIED_2026,,,,2026-09-21 11:39:47,2026-09-21 11:39:47,11
3328,SIC-7A1A7SCM-X6XWYV0B-3,ACAT,TERRITORIAL_ACAT,Toscana,FI,Empoli,Via S. Lavagnini 51/53,50053,,,Settimanale,,,3337189665,,anda02561@hotmail.it,,ARCAT Toscana,,,43.7696,11.2558,APPROXIMATE_CITY,ACTIVE_VERIFIED_2026,,,,2026-09-21 11:39:47,2026-09-21 11:39:47,11
3329,SIC-X2D7A1GX-43HKWPG9-J,AICAT – “La luce”,TERRITORIAL_ACAT,Campania,NA,Portici,c/o Chiesa della Salute,80055,,,Settimanale,,,3387283360,,segreteria@aicat.net,,ARCAT Campania,,,40.8518,14.2681,APPROXIMATE_CITY,ACTIVE_VERIFIED_2026,,,,2026-09-21 11:39:47,2026-09-21 11:39:47,11
3330,SIC-QBNT7ACF-C1ZV6Y7H-V,ACAT – Pistoiese,TERRITORIAL_ACAT,Toscana,PT,Pistoia,c/o Borelli - Via Giacometti 15,51100,,,Settimanale,,,3398188384 / 3487922266,,acatpt@tiscali.it,,ARCAT Toscana,,,43.9333,10.9167,APPROXIMATE_CITY,ACTIVE_VERIFIED_2026,,,,2026-09-21 11:39:47,2026-09-21 11:39:47,11
3331,SIC-30KMMS90-JPJG2KGN-P,AL-ANON – Gruppo Amicizia,LOCAL_CLUB,Lombardia,MN,Volta Mantovana,C/o Oratorio - Via Beata Paola 1,46049,,,Settimanale,,,800087897 / 0258018230,,usg@al-anon.it,,ARCAT Lombardia,,,45.1564,10.7914,APPROXIMATE_CITY,ACTIVE_VERIFIED_2026,,,,2026-09-21 11:39:47,2026-09-21 11:39:47,11
3332,SIC-EYSRC0P2-Y6NGGFGD-T,ACAT – Val di Nievole,TERRITORIAL_ACAT,Toscana,PT,Val di Nievole,Via della Libertà 85,51018,,,Settimanale,,,3397620745,,socci.sara@libero.it,,ARCAT Toscana,,,43.9333,10.9167,APPROXIMATE_CITY,ACTIVE_VERIFIED_2026,,,,2026-09-21 11:39:47,2026-09-21 11:39:47,11
3333,SIC-EHDHSPEQ-2B3MYP92-B,AL-ANON – Gruppo La sorgente,LOCAL_CLUB,Lombardia,VA,Gallarate,C/o Parrocchia Cascinetta - Via Pegoraro 49,21013,,,Settimanale,,,0258018230 / 800087897,,usg@al-anon.it,,ARCAT Lombardia,,,45.8206,8.8251,APPROXIMATE_CITY,ACTIVE_VERIFIED_2026,,,,2026-09-21 11:39:47,2026-09-21 11:39:47,11
3334,SIC-KXG189M7-XR6579MX-R,AL-ANON – Gruppo Arcobaleno,LOCAL_CLUB,Lombardia,MN,Quistello,Via IV Novembre 4,46025,,,Settimanale,,,0258018230 / 800087897,,usg@al-anon.it,,ARCAT Lombardia,,,45.1564,10.7914,APPROXIMATE_CITY,ACTIVE_VERIFIED_2026,,,,2026-09-21 11:39:47,2026-09-21 11:39:47,11
3335,SIC-JZW4PSHS-H4ARQT99-T,AL-ANON – Gruppo Ispra,LOCAL_CLUB,Lombardia,VA,Ispra,C/o Centro anziani - Via Madonna del Grappa,21020,,,Settimanale,,,0258018230 / 800087897,,usg@al-anon.it,,ARCAT Lombardia,,,45.8206,8.8251,APPROXIMATE_CITY,ACTIVE_VERIFIED_2026,,,,2026-09-21 11:39:47,2026-09-21 11:39:47,11
3336,SIC-WE0JYFPH-643XRXSX-K,AL-ANON – Gruppo Figli adulti Saronno,LOCAL_CLUB,Lombardia,VA,Saronno,C/o Fondazione Gianetti - Via Marconi 5,21047,,,Settimanale,,,0258018230 / 800087897,,usg@al-anon.it,,ARCAT Lombardia,,,45.8206,8.8251,APPROXIMATE_CITY,ACTIVE_VERIFIED_2026,,,,2026-09-21 11:39:47,2026-09-21 11:39:47,11
3337,SIC-NF7P2XX5-AF1NTHCT-0,AL-ANON – Gruppo Laveno,LOCAL_CLUB,Lombardia,VA,Laveno-Mombello,C/o oratorio parrocchia S. M Ausiliatrice - Ponte di Laveno - Via C. Battisti 85,21014,,,Settimanale,,,0258018230 / 800087897,,usg@al-anon.it,,ARCAT Lombardia,,,45.8206,8.8251,APPROXIMATE_CITY,ACTIVE_VERIFIED_2026,,,,2026-09-21 11:39:47,2026-09-21 11:39:47,11
3338,SIC-S3M93XY1-0AX32X5S-4,AL-ANON – Gruppo Saronno,LOCAL_CLUB,Lombardia,VA,Saronno,C/o Fondazione Gianetti - Via Marconi 5,21047,,,Settimanale,,,0258018230 / 800087897,,usg@al-anon.it,,ARCAT Lombardia,,,45.8206,8.8251,APPROXIMATE_CITY,ACTIVE_VERIFIED_2026,,,,2026-09-21 11:39:47,2026-09-21 11:39:47,11
3339,SIC-G7EDZMA4-ABKZHZ3K-C,AL-ANON – Gruppo Amicizia 2,LOCAL_CLUB,Lombardia,MI,P.zza Anselmo 2,C/o Parrocchia S. Pancrazio - Caritas,20030,,,Settimanale,,,0258018230 / 800087897,,usg@al-anon.it,,ARCAT Lombardia,,,45.4642,9.19,APPROXIMATE_CITY,ACTIVE_VERIFIED_2026,,,,2026-09-21 11:39:47,2026-09-21 11:39:47,11
3340,SIC-W9XEG97Z-28EN1SWK-5,AL-ANON – Gruppo Speranza,LOCAL_CLUB,Lombardia,MI,Brugherio,C/o Palazzina del Volontariato - Via Oberdan 83,20861,,,Settimanale,,,0258018230 / 800087897,,usg@al-anon.it,,ARCAT Lombardia,,,45.4642,9.19,APPROXIMATE_CITY,ACTIVE_VERIFIED_2026,,,,2026-09-21 11:39:47,2026-09-21 11:39:47,11
3341,SIC-3DS7ZQ2M-K68304ET-W,AL-ANON – Gruppo La speranza 3,LOCAL_CLUB,Lombardia,MI,Monza,C/o Centro Civico Cederna Cantalupo - Via Cederna 19,20900,,,Settimanale,,,0258018230 / 800087897,,usg@al-anon.it,,ARCAT Lombardia,,,45.4642,9.19,APPROXIMATE_CITY,ACTIVE_VERIFIED_2026,,,,2026-09-21 11:39:47,2026-09-21 11:39:47,11
3342,SIC-PPF5ZGZZ-BVCVRMEK-T,AL-ANON – Gruppo Muggiò,LOCAL_CLUB,Lombardia,MI,Muggiò,C/o Parrocchia S. Carlo - Via S. Carlo 1,20835,,,Settimanale,,,0258018230 / 800087897,,usg@al-anon.it,,ARCAT Lombardia,,,45.4642,9.19,APPROXIMATE_CITY,ACTIVE_VERIFIED_2026,,,,2026-09-21 11:39:47,2026-09-21 11:39:47,11
3343,SIC-K09886JD-NXXWETWZ-Z,ALATEEN – Gruppo “Amici tra amici”,LOCAL_CLUB,Lombardia,MI,Seregno,c/o N.O.A. - Via Bellini 1,20831,,,Settimanale,,,0258018230 / 800087897,,usg@al-anon.it,,ARCAT Lombardia,,,45.4642,9.19,APPROXIMATE_CITY,ACTIVE_VERIFIED_2026,,,,2026-09-21 11:39:47,2026-09-21 11:39:47,11
3344,SIC-9S3ZXMH6-CM2K1N26-2,AL-ANON – Gruppo Speranza,LOCAL_CLUB,Lombardia,BG,P.za Marconi,c/o sede Caritas,24060,,,Settimanale,,,0258018230 / 800087897,,usg@al-anon.it,,ARCAT Lombardia,,,45.6983,9.6773,APPROXIMATE_CITY,ACTIVE_VERIFIED_2026,,,,2026-09-21 11:39:47,2026-09-21 11:39:47,11
3345,SIC-NZGQW39R-A7R5YVTF-G,AL-ANON – Gruppo Arcobaleno,LOCAL_CLUB,Lombardia,BG,Seriate,C/o Oratorio maschile - Via Mons. G. Carozzi 19,24068,,,Settimanale,,,0258018230 / 800087897,,usg@al-anon.it,,ARCAT Lombardia,,,45.6983,9.6773,APPROXIMATE_CITY,ACTIVE_VERIFIED_2026,,,,2026-09-21 11:39:47,2026-09-21 11:39:47,11
3346,SIC-Z1Q38RYB-CQE5HNH6-C,AL-ANON – Gruppo La Madonnina,LOCAL_CLUB,Lombardia,BS,Borgosatollo,C/o Oratorio femminile - Via E. Roversi,25010,,,Settimanale,,,0258018230 / 800087897,,usg@al-anon.it,,ARCAT Lombardia,,,45.5416,10.2118,APPROXIMATE_CITY,ACTIVE_VERIFIED_2026,,,,2026-09-21 11:39:47,2026-09-21 11:39:47,11
3347,SIC-J2PZSSE8-3DM5FMQJ-J,AL-ANON – Gruppo Serenità,LOCAL_CLUB,Lombardia,BG,Treviglio,C/o Associazioni di volontariato - Via Crivelli 9/11,24047,,,Settimanale,,,0258018230 / 800087897,,usg@al-anon.it,,ARCAT Lombardia,,,45.6983,9.6773,APPROXIMATE_CITY,ACTIVE_VERIFIED_2026,,,,2026-09-21 11:39:47,2026-09-21 11:39:47,11
3348,SIC-N6PFKACE-1H9F0QFK-G,AL-ANON – Gruppo Botticino,LOCAL_CLUB,Lombardia,BS,Botticino Serra,"C/o Casa comunale Tavelli, vicino alla farmacia - Via Cavour 71",25082,,,Settimanale,,,0258018230 / 800087897,,usg@al-anon.it,,ARCAT Lombardia,,,45.5416,10.2118,APPROXIMATE_CITY,ACTIVE_VERIFIED_2026,,,,2026-09-21 11:39:47,2026-09-21 11:39:47,11
3349,SIC-PBFTRDAS-5495S754-M,AL-ANON – Gruppo Brescia Leonessa,LOCAL_CLUB,Lombardia,BS,Brescia,C/o biblioteca comunale - Via Traversa 12° 58/a - Villaggio Sereno,25124,,,Settimanale,,,0258018230 / 800087897,,usg@al-anon.it,,ARCAT Lombardia,,,45.5416,10.2118,APPROXIMATE_CITY,ACTIVE_VERIFIED_2026,,,,2026-09-21 11:39:47,2026-09-21 11:39:47,11
3350,SIC-NKP5QQ85-42NE017H-9,AL-ANON – Gruppo Tavernale S. Mella,LOCAL_CLUB,Lombardia,BS,Tavernole sul Mella,C/o Biblioteca comunale - Via Forno Fusorio,25060,,,Settimanale,,,0258018230 / 800087897,,usg@al-anon.it,,ARCAT Lombardia,,,45.5416,10.2118,APPROXIMATE_CITY,ACTIVE_VERIFIED_2026,,,,2026-09-21 11:39:47,2026-09-21 11:39:47,11
3351,SIC-NH7H9GWH-HF94ZZZ1-3,AL-ANON – Gruppo Gavardo,LOCAL_CLUB,Lombardia,BS,Gavardo,C/o oratorio parrocchiale Sopraponte di Gavardo - Via S. Antonio,25085,,,Settimanale,,,0258018230 / 800087897,,usg@al-anon.it,,ARCAT Lombardia,,,45.5416,10.2118,APPROXIMATE_CITY,ACTIVE_VERIFIED_2026,,,,2026-09-21 11:39:47,2026-09-21 11:39:47,11
3352,SIC-CJ7WX1XE-GCMJ530H-V,AL-ANON – Gruppo Il cammino,LOCAL_CLUB,Lombardia,BS,Darfo Boario Terme,C.so Italia 69,25050,,,Settimanale,,,0258018230 / 800087897,,usg@al-anon.it,,ARCAT Lombardia,,,45.5416,10.2118,APPROXIMATE_CITY,ACTIVE_VERIFIED_2026,,,,2026-09-21 11:39:47,2026-09-21 11:39:47,11
3353,SIC-P7YTEWFW-KAED7R4H-E,AL-ANON – Gruppo Gardone Val Trompia,LOCAL_CLUB,Lombardia,BS,Gardone Val Trompia,Via Zanardelli 350,25063,,,Settimanale,,,3889530816 / 800087897,,usg@al-anon.it,,ARCAT Lombardia,,,45.5416,10.2118,APPROXIMATE_CITY,ACTIVE_VERIFIED_2026,,,,2026-09-21 11:39:47,2026-09-21 11:39:47,11
3354,SIC-9PNBVKFJ-AVYMWKG4-3,AL-ANON – Gruppo Arcellasco,LOCAL_CLUB,Lombardia,CO,Arcellasco - Erba,C/o Parrocchia S. Pietro e Paolo - Via Marconi,22036,,,Settimanale,,,3889530816 / 800087897,,usg@al-anon.it,,ARCAT Lombardia,,,45.8081,9.0852,APPROXIMATE_CITY,ACTIVE_VERIFIED_2026,,,,2026-09-21 11:39:47,2026-09-21 11:39:47,11
3355,SIC-DA86YC30-NZ5TAN4T-P,AMA AUTO MUTUO AIUTO Onlus Brescia – Gruppo “Dipendenza affettiva”,LOCAL_CLUB,Lombardia,BS,Brescia,"Via San Zeno, 174 c/o Spazio Famiglia",25124,,,Settimanale,,,3396639382,,amabrescia@gmail.com,,ARCAT Lombardia,,,45.5416,10.2118,APPROXIMATE_CITY,ACTIVE_VERIFIED_2026,,,,2026-09-21 11:39:47,2026-09-21 11:39:47,11
3356,SIC-2VF2EZET-VMZFFDDF-C,AL-ANON – Gruppo Incontro,LOCAL_CLUB,Veneto,VR,Verona,C/o ex scuola - Via Trapani 8/10,37138,,,Settimanale,,,3455336279 / 800087897,,gruppo.incontro.vr@gmail.com,,ARCAT Veneto,,,45.4384,10.9916,APPROXIMATE_CITY,ACTIVE_VERIFIED_2026,,,,2026-09-21 11:39:47,2026-09-21 11:39:47,11
3357,SIC-QH0CDAV3-KMTJZVZM-Z,ASSOCIAZIONE FAMILIARI ANONIMI ITALIA – Gruppo “Orzinuovi”,LOCAL_CLUB,Lombardia,BS,Orzinuovi,"Via Secondo Martinelli, 7 c/o Centro diurno anziani",25034,,,Settimanale,,,3348513459,,orzinuovi@familiarianonimiitalia.it,,ARCAT Lombardia,,,45.5416,10.2118,APPROXIMATE_CITY,ACTIVE_VERIFIED_2026,,,,2026-09-21 11:39:47,2026-09-21 11:39:47,11
3358,SIC-YE6HMSZW-6T6A2594-C,AL-ANON – Gruppo Vita nuova,LOCAL_CLUB,Veneto,VR,Verona,C/o Parrocchia S. Giacomo - Via Lussino 2,37135,,,Settimanale,,,800087897 / 0258018230,,usg@al-anon.it,,ARCAT Veneto,,,45.4384,10.9916,APPROXIMATE_CITY,ACTIVE_VERIFIED_2026,,,,2026-09-21 11:39:47,2026-09-21 11:39:47,11
3359,SIC-EJ8P2GSW-T607484B-2,AL-ANON – Gruppo Insieme,LOCAL_CLUB,Veneto,VR,Verona,C/o Circoscrizione - Via Delle Penne Nere 1,37131,,,Settimanale,,,800087897 / 0258018230,,usg@al-anon.it,,ARCAT Veneto,,,45.4384,10.9916,APPROXIMATE_CITY,ACTIVE_VERIFIED_2026,,,,2026-09-21 11:39:47,2026-09-21 11:39:47,11
3360,SIC-PWXKSJVY-AA8GCD7K-X,AL-ANON – Gruppo Arcobaleno,LOCAL_CLUB,Veneto,VR,Grezzana,C/o Piccola fraternità - Via Pozzo 24,37023,,,Settimanale,,,0258018230 / 800087897,,arcobaleno.grezzana@libero.it,,ARCAT Veneto,,,45.4384,10.9916,APPROXIMATE_CITY,ACTIVE_VERIFIED_2026,,,,2026-09-21 11:39:47,2026-09-21 11:39:47,11
3361,SIC-02KAQ69E-CY11M7JF-5,AL-ANON – Gruppo Giardino,LOCAL_CLUB,Veneto,VR,Nogara,C/o Palazzo Maggi - Via Ferrarini 3,37054,,,Settimanale,,,0258018230 / 800087897,,ilgiardino13@tiscali.it,,ARCAT Veneto,,,45.4384,10.9916,APPROXIMATE_CITY,ACTIVE_VERIFIED_2026,,,,2026-09-21 11:39:47,2026-09-21 11:39:47,11
3362,SIC-A1JVNMF9-11JWFCT2-T,AL-ANON – Gruppo Scaligero,LOCAL_CLUB,Veneto,VR,V.le Stazione 7,C/o U.S.L. Domegliara,37015,,,Settimanale,,,0258018230 / 800087897,,alanonalateen.distrettovr@yahoo.it,,ARCAT Veneto,,,45.4384,10.9916,APPROXIMATE_CITY,ACTIVE_VERIFIED_2026,,,,2026-09-21 11:39:47,2026-09-21 11:39:47,11
3363,SIC-GFEC5SM5-20EAZHMR-W,AL-ANON – Gruppo La sorgente,LOCAL_CLUB,Veneto,VR,Bovolone,C/o Villa P. Zampieri - Via Mazzini 8,37051,,,Settimanale,,,0258018230 / 800087897,,usg@al-anon.it,,ARCAT Veneto,,,45.4384,10.9916,APPROXIMATE_CITY,ACTIVE_VERIFIED_2026,,,,2026-09-21 11:39:47,2026-09-21 11:39:47,11
3364,SIC-QZPZ3C25-5E0PHQN3-C,AL-ANON – Gruppo Serenità,LOCAL_CLUB,Veneto,VR,San Giovanni Lupatoto,C/o Ca Sorio - Via Porto 260,37057,,,Settimanale,,,.0258018230 / 800087897,,serenitasgl@gmail.com,,ARCAT Veneto,,,45.4384,10.9916,APPROXIMATE_CITY,ACTIVE_VERIFIED_2026,,,,2026-09-21 11:39:47,2026-09-21 11:39:47,11
3365,SIC-B9TWPF2D-7433T25E-5,AL-ANON – Gruppo Volare,LOCAL_CLUB,Veneto,VR,Villafranca,c/o Sert - Via Fantoni 1,37069,,,Settimanale,,,3455336279 / 800087897,,gruppovolarevillafranca@gmail.com,,ARCAT Veneto,,,45.4384,10.9916,APPROXIMATE_CITY,ACTIVE_VERIFIED_2026,,,,2026-09-21 11:39:47,2026-09-21 11:39:47,11
3366,SIC-Y0765QZ9-1D1BHGQV-C,AL-ANON – Gruppo Il focolare,LOCAL_CLUB,Veneto,VR,Castelnuovo del Garda,"C/o ex scuole elementari - Via Filiselle, 1",37014,,,Settimanale,,,0258018230 / 800087897,,alanonfocolare@hotmail.it,,ARCAT Veneto,,,45.4384,10.9916,APPROXIMATE_CITY,ACTIVE_VERIFIED_2026,,,,2026-09-21 11:39:47,2026-09-21 11:39:47,11
3367,SIC-BJ7BDE6R-0AAMXCQG-Z,AL-ANON – Gruppo Rinascita,LOCAL_CLUB,Veneto,TV,Conegliano,C/o Centro sociale - Via Vital 160,31015,,,Settimanale,,,0258018230 / 800087897,,usg@al-anon.it,,ARCAT Veneto,,,45.6669,12.243,APPROXIMATE_CITY,ACTIVE_VERIFIED_2026,,,,2026-09-21 11:39:47,2026-09-21 11:39:47,11
3368,SIC-1H9R527E-QT2CQR5E-M,AL-ANON – Gruppo Montello,LOCAL_CLUB,Veneto,TV,Frazione Santa Maria della Vittoria,C/o Ambulatorio medico - Volpago del Montello - Via Della Vittoria 17,31040,,,Settimanale,,,0258018230 / 800087897,,usg@al-anon.it,,ARCAT Veneto,,,45.6669,12.243,APPROXIMATE_CITY,ACTIVE_VERIFIED_2026,,,,2026-09-21 11:39:47,2026-09-21 11:39:47,11
3369,SIC-W081QPXQ-JT9Q0P1Z-V,AL-ANON – Gruppo Figli Adulti L’abbraccio,LOCAL_CLUB,Veneto,VR,Calmasino di Bardolino,C/o Centro giovanile - Via Chiesa 15,37011,,,Settimanale,,,0258018230 / 800087897,,bardolino.labbraccio@gmail.com,,ARCAT Veneto,,,45.4384,10.9916,APPROXIMATE_CITY,ACTIVE_VERIFIED_2026,,,,2026-09-21 11:39:47,2026-09-21 11:39:47,11
3370,SIC-KVY8PQ9M-Y7TBZ034-X,AL-ANON – Gruppo III Tradizione,LOCAL_CLUB,Veneto,TV,Montebelluna,Via L. Mattiello 4,31044,,,Settimanale,,,0258018230 / 800087897,,usg@al-anon.it,,ARCAT Veneto,,,45.6669,12.243,APPROXIMATE_CITY,ACTIVE_VERIFIED_2026,,,,2026-09-21 11:39:47,2026-09-21 11:39:47,11
3371,SIC-80ME9ENR-Z97EZXSK-B,AL-ANON – Gruppo Opitergino,LOCAL_CLUB,Veneto,TV,Oderzo,C/o Centro A. Russolo - Via Postumia 1° Tronco 6,31046,,,Settimanale,,,0258018230 / 800087897,,usg@al-anon.it,,ARCAT Veneto,,,45.6669,12.243,APPROXIMATE_CITY,ACTIVE_VERIFIED_2026,,,,2026-09-21 11:39:47,2026-09-21 11:39:47,11
3372,SIC-F93E8N1S-2SY28XMC-A,AL-ANON – Gruppo Sile,LOCAL_CLUB,Veneto,TV,Frescada di Preganziol,C/o Sale parrocchiali - Via 2 Giugno 10,31022,,,Settimanale,,,800087897 / 0258018230,,usg@al-anon.it,,ARCAT Veneto,,,45.6669,12.243,APPROXIMATE_CITY,ACTIVE_VERIFIED_2026,,,,2026-09-21 11:39:47,2026-09-21 11:39:47,11
3373,SIC-1ZPEV2PN-0HVZ6XC7-4,AL-ANON – Gruppo Il coraggio di cambiare,LOCAL_CLUB,Veneto,TV,Treviso,C/o Centro parrocchia Cristo Re - Via G. Zanella - Loc. Selvana,31100,,,Settimanale,,,800087897 / 0258018230,,usg@al-anon.it,,ARCAT Veneto,,,45.6669,12.243,APPROXIMATE_CITY,ACTIVE_VERIFIED_2026,,,,2026-09-21 11:39:47,2026-09-21 11:39:47,11
3374,SIC-K847JHN0-YKMN5C5W-P,AL-ANON – Gruppo La vittoria,LOCAL_CLUB,Veneto,TV,Vittorio Veneto,C/o Casa S. Raffaele - Via Fogazzaro 32,31029,,,Settimanale,,,800087897 / 0258018230,,usg@al-anon.it,,ARCAT Veneto,,,45.6669,12.243,APPROXIMATE_CITY,ACTIVE_VERIFIED_2026,,,,2026-09-21 11:39:47,2026-09-21 11:39:47,11
3375,SIC-KTJJT70M-T89MP9WQ-1,AL-ANON – Gruppo Crederci,LOCAL_CLUB,Veneto,PD,Monselice,C/o ex Casa del Mutilato - Via Rossini 40,35043,,,Settimanale,,,0258018230 / 800087897,,usg@al-anon.it,,ARCAT Veneto,,,45.4064,11.8768,APPROXIMATE_CITY,ACTIVE_VERIFIED_2026,,,,2026-09-21 11:39:47,2026-09-21 11:39:47,11
3376,SIC-AR1CX5BC-313712EY-0,AL-ANON – Gruppo Città di Cittadella,LOCAL_CLUB,Veneto,PD,Cittadella,C/o Parrocchia S. Donato - Via dei Longobardi 2,35013,,,Settimanale,,,0258018230 / 800087897,,usg@al-anon.it,,ARCAT Veneto,,,45.4064,11.8768,APPROXIMATE_CITY,ACTIVE_VERIFIED_2026,,,,2026-09-21 11:39:47,2026-09-21 11:39:47,11
3377,SIC-F0F64RBC-84WBV8ZG-8,AL-ANON – Gruppo Euganeo,LOCAL_CLUB,Veneto,PD,Abano Terme,C/o Sala Polivalente Comunale - Via Diaz 82,35031,,,Settimanale,,,800087897 / 0258018230,,usg@al-anon.it,,ARCAT Veneto,,,45.4064,11.8768,APPROXIMATE_CITY,ACTIVE_VERIFIED_2026,,,,2026-09-21 11:39:47,2026-09-21 11:39:47,11
3378,SIC-Q18S9W2C-7RKRNYB3-Q,AL-ANON – Gruppo Passaparola,LOCAL_CLUB,Veneto,PD,V.le Po 16,C/o Biblioteca comunale,35030,,,Settimanale,,,0258018230 / 800087897,,usg@al-anon.it,,ARCAT Veneto,,,45.4064,11.8768,APPROXIMATE_CITY,ACTIVE_VERIFIED_2026,,,,2026-09-21 11:39:47,2026-09-21 11:39:47,11
3379,SIC-EBDWWWBF-P9A6DKAM-E,AL-ANON – Gruppo Speranza,LOCAL_CLUB,Veneto,PD,P.za Prandina 10,C/o Palazzo Rizzetto,35010,,,Settimanale,,,3889530815 / 800087897,,usg@al-anon.it,,ARCAT Veneto,,,45.4064,11.8768,APPROXIMATE_CITY,ACTIVE_VERIFIED_2026,,,,2026-09-21 11:39:47,2026-09-21 11:39:47,11
3380,SIC-DJBTMY7V-J8W852JF-5,AL-ANON – Gruppo Incontro,LOCAL_CLUB,Veneto,PD,Vigonza,C/o Ex Scuole Elementari - Carpane - Via S. Margherita 1,35010,,,Settimanale,,,800087897 / 0258018230,,usg@al-anon.it,,ARCAT Veneto,,,45.4064,11.8768,APPROXIMATE_CITY,ACTIVE_VERIFIED_2026,,,,2026-09-21 11:39:47,2026-09-21 11:39:47,11
3381,SIC-S9T42W4M-DTYJCHG1-D,AL-ANON – Gruppo 1° Passo,LOCAL_CLUB,Veneto,PD,Piove di Sacco,Via P. Pavenello s.n.c.,35028,,,Settimanale,,,0258018230 / 800087897,,usg@al-anon.it,,ARCAT Veneto,,,45.4064,11.8768,APPROXIMATE_CITY,ACTIVE_VERIFIED_2026,,,,2026-09-21 11:39:47,2026-09-21 11:39:47,11
3382,SIC-9RWB437G-RZEJY2N3-W,AL-ANON – Gruppo Marcon,LOCAL_CLUB,Veneto,VE,Marcon,C/o Centro Polifunzionale - Via Marmolada 17,30020,,,Settimanale,,,0258018230 / 800087897,,usg@al-anon.it,,ARCAT Veneto,,,45.4408,12.3155,APPROXIMATE_CITY,ACTIVE_VERIFIED_2026,,,,2026-09-21 11:39:47,2026-09-21 11:39:47,11
3383,SIC-YB6HZ89Y-9QZK611B-W,AL-ANON – Gruppo Adige,LOCAL_CLUB,Veneto,RO,San Martino di Venezze,C/o Ex Scuole Elementari - Via Cavour,45030,,,Settimanale,,,3889530815 / 800087897,,usg@al-anon.it,,ARCAT Veneto,,,45.0703,11.79,APPROXIMATE_CITY,ACTIVE_VERIFIED_2026,,,,2026-09-21 11:39:47,2026-09-21 11:39:47,11
3384,SIC-40AYYYZ3-RXZZDZFB-7,AL-ANON – Gruppo 12 Passi,LOCAL_CLUB,Veneto,VE,Chioggia,P.zza Baldin e Mantovan 39,30015,,,Settimanale,,,3889530816 / 800087897,,usg@al-anon.it,,ARCAT Veneto,,,45.4408,12.3155,APPROXIMATE_CITY,ACTIVE_VERIFIED_2026,,,,2026-09-21 11:39:47,2026-09-21 11:39:47,11
3385,SIC-JZVBWNYF-ARVNDYB1-8,AL-ANON – Gruppo Il Burchiello,LOCAL_CLUB,Veneto,VE,Dolo,Presidio ospedaliero di Dolo Edificio Mod 5,30031,,,Settimanale,,,0258018230 / 800087897,,usg@al-anon.it,,ARCAT Veneto,,,45.4408,12.3155,APPROXIMATE_CITY,ACTIVE_VERIFIED_2026,,,,2026-09-21 11:39:47,2026-09-21 11:39:47,11
3386,SIC-ANES3CSN-TMZ2BAYV-C,AL-ANON – Gruppo XII Passo,LOCAL_CLUB,Veneto,VE,Martellago,C/o ufficio postale - Via D. Chiesa 9 - Loc. Olmo,30030,,,Settimanale,,,0258018230 / 800087897,,usg@al-anon.it,,ARCAT Veneto,,,45.4408,12.3155,APPROXIMATE_CITY,ACTIVE_VERIFIED_2026,,,,2026-09-21 11:39:47,2026-09-21 11:39:47,11
3387,SIC-C3YKPGE5-09YKQBSX-K,AL-ANON – Gruppo Vita nuova,LOCAL_CLUB,Veneto,VE,Mirano Venezia,C/o Villa Errera - Via Bastia Fuori 19 Villa Errera,30035,,,Settimanale,,,0258018230 / 800087897,,usg@al-anon.it,,ARCAT Veneto,,,45.4408,12.3155,APPROXIMATE_CITY,ACTIVE_VERIFIED_2026,,,,2026-09-21 11:39:47,2026-09-21 11:39:47,11
3388,SIC-RXGA20GE-CK6F5PYR-M,AL-ANON – Gruppo Vita nuova,LOCAL_CLUB,Veneto,VE,P.za Della Libertà 1,C/o Oratorio parrocchiale,30024,,,Settimanale,,,0258018230 / 800087897,,usg@al-anon.it,,ARCAT Veneto,,,45.4408,12.3155,APPROXIMATE_CITY,ACTIVE_VERIFIED_2026,,,,2026-09-21 11:39:47,2026-09-21 11:39:47,11
3389,SIC-W1Z0QEYK-ZZRHVRSR-W,AL-ANON – Gruppo Umiltà,LOCAL_CLUB,Piemonte,CN,Mondovì,C/o Centro Anziani La Torretta - Via Delvecchio 2,12084,,,Settimanale,,,3889530816 / 800087897,,usg@al-anon.it,,ARCAT Piemonte,,,44.3845,7.5427,APPROXIMATE_CITY,ACTIVE_VERIFIED_2026,,,,2026-09-21 11:39:47,2026-09-21 11:39:47,11
3390,SIC-RHDEXAFT-JY4G5KEB-D,AL-ANON – Gruppo La speranza,LOCAL_CLUB,Piemonte,TO,P.zza della Chiesa 122 - Frazione Spineto,C/o Parrocchia di Spineto,10081,,,Settimanale,,,0258018230 / 800087897,,usg@al-anon.it,,ARCAT Piemonte,,,45.0703,7.6869,APPROXIMATE_CITY,ACTIVE_VERIFIED_2026,,,,2026-09-21 11:39:47,2026-09-21 11:39:47,11
3391,SIC-M5J1776N-8QV2CT27-C,AL-ANON – Gruppo Segusium,LOCAL_CLUB,Piemonte,TO,C.so L. Couvert,C/o Parrocchia S. Evasio,10059,,,Settimanale,,,0258018230 / 800087897,,usg@al-anon.it,,ARCAT Piemonte,,,45.0703,7.6869,APPROXIMATE_CITY,ACTIVE_VERIFIED_2026,,,,2026-09-21 11:39:47,2026-09-21 11:39:47,11
3392,SIC-228EX1AP-M6QTFJCT-7,AL-ANON – Gruppo Amicizia,LOCAL_CLUB,Piemonte,TO,C.so P. Gaidano 77,C/o Scuola Media,10137,,,Settimanale,,,0258018230 / 800087897,,usg@al-anon.it,,ARCAT Piemonte,,,45.0703,7.6869,APPROXIMATE_CITY,ACTIVE_VERIFIED_2026,,,,2026-09-21 11:39:47,2026-09-21 11:39:47,11
3393,SIC-7YDFYAEW-BPEJC4GG-9,AL-ANON – Gruppo Santa Chiara,LOCAL_CLUB,Piemonte,TO,Rivalta,C/o Centro religioso Santa Chiara - Via Piossasco,10040,,,Settimanale,,,0258018230 / 800087897,,usg@al-anon.it,,ARCAT Piemonte,,,45.0703,7.6869,APPROXIMATE_CITY,ACTIVE_VERIFIED_2026,,,,2026-09-21 11:39:47,2026-09-21 11:39:47,11
3394,SIC-KBGJ3K5Z-H2W3V7QN-A,AL-ANON – Gruppo Crocetta,LOCAL_CLUB,Piemonte,TO,Torino,C/o Parrocchia Crocetta - Via M. Polo 6,10129,,,Settimanale,,,0258018230 / 800087897,,usg@al-anon.it,,ARCAT Piemonte,,,45.0703,7.6869,APPROXIMATE_CITY,ACTIVE_VERIFIED_2026,,,,2026-09-21 11:39:47,2026-09-21 11:39:47,11
3395,SIC-YY99C7XH-9AET7PG1-T,AL-ANON – Gruppo La spiaggia,LOCAL_CLUB,Piemonte,TO,P.zza Fontanesi 3,C/o Parrocchia S. Croce,10100,,,Settimanale,,,0258018230 / 800087897,,usg@al-anon.it,,ARCAT Piemonte,,,45.0703,7.6869,APPROXIMATE_CITY,ACTIVE_VERIFIED_2026,,,,2026-09-21 11:39:47,2026-09-21 11:39:47,11
3396,SIC-JR9ZYJN4-2HKQSAG0-Z,AL-ANON – Gruppo Borgo Dora,LOCAL_CLUB,Piemonte,TO,Torino,C/o Oratorio S. Gioachino - Via La Salle 11,10152,,,Settimanale,,,0258018230 / 800087897,,usg@al-anon.it,,ARCAT Piemonte,,,45.0703,7.6869,APPROXIMATE_CITY,ACTIVE_VERIFIED_2026,,,,2026-09-21 11:39:47,2026-09-21 11:39:47,11
3397,SIC-A7VQFR50-4BVEHFSA-C,ALATEEN – Gruppo Cesena,LOCAL_CLUB,Emilia-Romagna,MO,Modena,Via Cesena 45,41100,,,Settimanale,,,0258018230 / 800087897,,usg@al-anon.it,,ARCAT Emilia-Romagna,,,44.6471,10.9252,APPROXIMATE_CITY,ACTIVE_VERIFIED_2026,,,,2026-09-21 11:39:47,2026-09-21 11:39:47,11
3398,SIC-EEMN64W9-9GHD22PH-0,AL-ANON – Gruppo Canavese,LOCAL_CLUB,Piemonte,TO,Ivrea,C/o S. Vincenzo - Via V. Arbonio 20,10015,,,Settimanale,,,0258018230 / 800087897,,usg@al-anon.it,,ARCAT Piemonte,,,45.0703,7.6869,APPROXIMATE_CITY,ACTIVE_VERIFIED_2026,,,,2026-09-21 11:39:47,2026-09-21 11:39:47,11
3399,SIC-TJ51R5P6-T3VE5G5M-8,AL-ANON – Gruppo Rinascita,LOCAL_CLUB,Piemonte,CN,Saluzzo,C/o Oratorio Don Bosco Salesiani - Via Donaudi 36,12037,,,Settimanale,,,0258018230 / 800087897,,usg@al-anon.it,,ARCAT Piemonte,,,44.3845,7.5427,APPROXIMATE_CITY,ACTIVE_VERIFIED_2026,,,,2026-09-21 11:39:47,2026-09-21 11:39:47,11
3400,SIC-H9TZFX8S-DM14B6C6-0,ALATEEN – Gruppo “La felicità”,LOCAL_CLUB,Piemonte,NO,Novara,c/o Parrocchia S. Antonio - C.so Risorgimento 96/B,28100,,,Settimanale,,,800087897 / 0258018230,,usg@al-anon.it,,ARCAT Piemonte,,,45.4469,8.6212,APPROXIMATE_CITY,ACTIVE_VERIFIED_2026,,,,2026-09-21 11:39:47,2026-09-21 11:39:47,11
3401,SIC-S4E58FH7-8863ZV66-T,AL-ANON – Gruppo Vignola,LOCAL_CLUB,Emilia-Romagna,MO,Vignola,C/o Parrocchia di Brodano - Via N. Bruni 129,41058,,,Settimanale,,,0258018230 / 800087897,,usg@al-anon.it,,ARCAT Emilia-Romagna,,,44.6471,10.9252,APPROXIMATE_CITY,ACTIVE_VERIFIED_2026,,,,2026-09-21 11:39:47,2026-09-21 11:39:47,11
3402,SIC-1WEKH0QH-2S2NJ22A-B,AL-ANON – Gruppo Armonia,LOCAL_CLUB,Emilia-Romagna,PR,Parma,C/o Circolo Anziani - Via Bizzozzero 19/A,43124,,,Settimanale,,,0258018230 / 800087897,,usg@al-anon.it,,ARCAT Emilia-Romagna,,,44.8015,10.3279,APPROXIMATE_CITY,ACTIVE_VERIFIED_2026,,,,2026-09-21 11:39:47,2026-09-21 11:39:47,11
3403,SIC-J93SZTKZ-AR3BF6YC-6,AL-ANON – Gruppo Serenità,LOCAL_CLUB,Emilia-Romagna,PR,P.le S. Benedetto 1,C/o Istituto Suore di Maria Ausiliatrice,43100,,,Settimanale,,,0258018230 / 800087897,,usg@al-anon.it,,ARCAT Emilia-Romagna,,,44.8015,10.3279,APPROXIMATE_CITY,ACTIVE_VERIFIED_2026,,,,2026-09-21 11:39:47,2026-09-21 11:39:47,11
3404,SIC-PNG12X8F-Q22BS2J6-W,AL-ANON – Gruppo Jesi,LOCAL_CLUB,Marche,AN,Jesi,C/o Parrocchia S. Massimiliano Kolbe - Via Kolbe 1,60035,,,Settimanale,,,0258018230 / 800087897,,usg@al-anon.it,,ARCAT Marche,,,43.6158,13.5189,APPROXIMATE_CITY,ACTIVE_VERIFIED_2026,,,,2026-09-21 11:39:47,2026-09-21 11:39:47,11
3405,SIC-C7ZMMSE2-BYVS85ZY-F,AL-ANON – Gruppo Betania 2,LOCAL_CLUB,Marche,AN,P.zza della Vittoria 22,C/o Teatro Portone,60019,,,Settimanale,,,3889530815 / 800087897,,usg@al-anon.it,,ARCAT Marche,,,43.6158,13.5189,APPROXIMATE_CITY,ACTIVE_VERIFIED_2026,,,,2026-09-21 11:39:47,2026-09-21 11:39:47,11
3406,SIC-FKRJQAG6-Z34VXBSH-H,AL-ANON – Gruppo Risorgimento,LOCAL_CLUB,Marche,MC,Civitanova Marche,C/o Centro Civico Comunale - Via Ginocchi 2,62012,,,Settimanale,,,0258018230 / 800087897,,usg@al-anon.it,,ARCAT Marche,,,43.3002,13.4534,APPROXIMATE_CITY,ACTIVE_VERIFIED_2026,,,,2026-09-21 11:39:47,2026-09-21 11:39:47,11
3407,SIC-5P3A65XJ-YHY7X7AS-F,AL-ANON – Gruppo Terracina,LOCAL_CLUB,Italia,40,4019 Terracina,C/o Parrocchia S. Damiano e Cosma - Via Delle Arene,,,,Settimanale,,,0258018230 / 800087897,,usg@al-anon.it,,AICAT Nazionale,,,42.5,12.5,APPROXIMATE_CITY,ACTIVE_VERIFIED_2026,,,,2026-09-21 11:39:47,2026-09-21 11:39:47,11
3408,SIC-ZCTYZV8W-TR7CZ7B4-5,AL-ANON – Gruppo La fenice,LOCAL_CLUB,Piemonte,TO,La Loggia,C/o Parrocchia S. Giacomo - Via Della Chiesa 36,10040,,,Settimanale,,,0258018230 / 800087897,,usg@al-anon.it,,ARCAT Piemonte,,,45.0703,7.6869,APPROXIMATE_CITY,ACTIVE_VERIFIED_2026,,,,2026-09-21 11:39:47,2026-09-21 11:39:47,11
3409,SIC-AKCR4VKM-AV73CJXX-N,AL-ANON – Gruppo La speranza,LOCAL_CLUB,Italia,55,55 Ladispoli,C/o Parrocchia S. Maria del Rosario - Via Odescalchi 181,,,,Settimanale,,,0258018230 / 800087897,,usg@al-anon.it,,AICAT Nazionale,,,42.5,12.5,APPROXIMATE_CITY,ACTIVE_VERIFIED_2026,,,,2026-09-21 11:39:47,2026-09-21 11:39:47,11
3410,SIC-NCJWGQQ1-HT8XM118-H,AL-ANON – Gruppo 12 e 12,LOCAL_CLUB,Italia,18,186 Roma,C/o Chiesa SS Nome di Gesù all'Argentina - entrata dalla chiesa - Via degli Astalli 16,,,,Settimanale,,,0258018230 / 800087897,,usg@al-anon.it,,AICAT Nazionale,,,42.5,12.5,APPROXIMATE_CITY,ACTIVE_VERIFIED_2026,,,,2026-09-21 11:39:47,2026-09-21 11:39:47,11
3411,SIC-9FE15R8V-J3KV6JQK-Y,AL-ANON – Gruppo Serenità,LOCAL_CLUB,Italia,62,62 Bracciano,C/o Convento Suore Domenicane di S. Cecilia - Via S. Celso 3,,,,Settimanale,,,3889530816 / 800087897,,usg@al-anon.it,,AICAT Nazionale,,,42.5,12.5,APPROXIMATE_CITY,ACTIVE_VERIFIED_2026,,,,2026-09-21 11:39:47,2026-09-21 11:39:47,11
3412,SIC-B183FFHH-0WDHTGR6-K,AL-ANON – Gruppo Giustiniana,LOCAL_CLUB,Italia,18,189 Roma,C/o Parrocchia Beata Vergine Maria - Via Cassia 1286,,,,Settimanale,,,0258018230 / 800087897,,usg@al-anon.it,,AICAT Nazionale,,,42.5,12.5,APPROXIMATE_CITY,ACTIVE_VERIFIED_2026,,,,2026-09-21 11:39:47,2026-09-21 11:39:47,11
3413,SIC-28KKZKCZ-5BW74J5B-H,AL-ANON – Gruppo Antelao,LOCAL_CLUB,Italia,14,141 Roma,C/o Chiesa Evangelica - Via M. Bianco 91,,,,Settimanale,,,0258018230 / 800087897,,usg@al-anon.it,,AICAT Nazionale,,,42.5,12.5,APPROXIMATE_CITY,ACTIVE_VERIFIED_2026,,,,2026-09-21 11:39:47,2026-09-21 11:39:47,11
3414,SIC-1W0AGBMD-J2T3P2WR-4,AL-ANON – Gruppo La rinascita,LOCAL_CLUB,Italia,40,40 Lavinio,C/o Chiesa S. Anna - Centro Ecumenico - Via Di Valle Schioia,,,,Settimanale,,,0258018230 / 800087897,,usg@al-anon.it,,AICAT Nazionale,,,42.5,12.5,APPROXIMATE_CITY,ACTIVE_VERIFIED_2026,,,,2026-09-21 11:39:47,2026-09-21 11:39:47,11
3415,SIC-2WGS8HN3-QEPND4GN-B,AL-ANON – Gruppo Crescere insieme,LOCAL_CLUB,Italia,16,167 Roma,C/o Parrocchia S. Giuseppe All'Aurelio - Via G. Marello 3,,,,Settimanale,,,0258018230 / 800087897,,usg@al-anon.it,,AICAT Nazionale,,,42.5,12.5,APPROXIMATE_CITY,ACTIVE_VERIFIED_2026,,,,2026-09-21 11:39:47,2026-09-21 11:39:47,11
3416,SIC-D32604WD-E6NWGH6R-C,AL-ANON – Gruppo Aurelio,LOCAL_CLUB,Italia,16,165 Roma,C/o Parrocchia SS. Protomartiri - Via Innocenzo XI,,,,Settimanale,,,0258018230 / 800087897,,usg@al-anon.it,,AICAT Nazionale,,,42.5,12.5,APPROXIMATE_CITY,ACTIVE_VERIFIED_2026,,,,2026-09-21 11:39:47,2026-09-21 11:39:47,11
3417,SIC-6YRTFE2Q-F75VQP9V-B,AL-ANON – Gruppo English Speaking Al-Anon,LOCAL_CLUB,Italia,18,184 Roma,C/o St Paul's and Within the Walls Church - Via Napoli 58,,,,Settimanale,,,0258018230 / 800087897,,usg@al-anon.it,,AICAT Nazionale,,,42.5,12.5,APPROXIMATE_CITY,ACTIVE_VERIFIED_2026,,,,2026-09-21 11:39:47,2026-09-21 11:39:47,11
3418,SIC-96C7Q8BK-198N84SH-M,AL-ANON – Gruppo Il coraggio di cambiare,LOCAL_CLUB,Italia,16,162 Roma,C/o SS Trimità - Via F. Marchetti 36,,,,Settimanale,,,0258018230 / 800087897,,usg@al-anon.it,,AICAT Nazionale,,,42.5,12.5,APPROXIMATE_CITY,ACTIVE_VERIFIED_2026,,,,2026-09-21 11:39:47,2026-09-21 11:39:47,11
3419,SIC-S9ADCDHF-C1T0S70A-B,AL-ANON – Gruppo Il Grande Spirito,LOCAL_CLUB,Marche,AP,San Benedetto del Tronto,c/o Chiesa di S. Antonio - Via Toscana 147,63039,,,Settimanale,,,3889530815 / 800087897,,usg@al-anon.it,,ARCAT Marche,,,42.855,13.5764,APPROXIMATE_CITY,ACTIVE_VERIFIED_2026,,,,2026-09-21 11:39:47,2026-09-21 11:39:47,11
3420,SIC-ZDR1R3NF-3RB34T7Q-Y,AL-ANON – Gruppo Urbino,LOCAL_CLUB,Marche,PU,Urbino,C/o Parrocchia Sacro Cuore di Gesù - Via C. Staccolo 3,61029,,,Settimanale,,,0258018230 / 800087897,,usg@al-anon.it,,ARCAT Marche,,,43.9102,12.9133,APPROXIMATE_CITY,ACTIVE_VERIFIED_2026,,,,2026-09-21 11:39:47,2026-09-21 11:39:47,11
3421,SIC-7DKVV8V2-S6FTM96W-H,AL-ANON – Gruppo Tor Bella Monaca,LOCAL_CLUB,Italia,13,133 Roma,C/o S. M. Madre del Redentore - Via D. Cambellotti 18,,,,Settimanale,,,0258018230 / 800087897,,usg@al-anon.it,,AICAT Nazionale,,,42.5,12.5,APPROXIMATE_CITY,ACTIVE_VERIFIED_2026,,,,2026-09-21 11:39:47,2026-09-21 11:39:47,11
3422,SIC-PV2CFH68-BV7ATNYG-F,AL-ANON – Gruppo Latina,LOCAL_CLUB,Italia,41,4100 Latina,C/o Parrocchia Maria Madre della Chiesa - Via Paganini 5Q - Loc. Lestrella Q4,,,,Settimanale,,,0258018230 / 800087897,,usg@al-anon.it,,AICAT Nazionale,,,42.5,12.5,APPROXIMATE_CITY,ACTIVE_VERIFIED_2026,,,,2026-09-21 11:39:47,2026-09-21 11:39:47,11
3423,SIC-E75D7P3C-W751WCDF-1,AL-ANON – Gruppo Trastevere,LOCAL_CLUB,Italia,15,Circ.ne Gianicolese 12,C/o Parrocchia S. Francesco e S. Caterina,,,,Settimanale,,,0258018230 / 800087897,,usg@al-anon.it,,AICAT Nazionale,,,42.5,12.5,APPROXIMATE_CITY,ACTIVE_VERIFIED_2026,,,,2026-09-21 11:39:47,2026-09-21 11:39:47,11
3424,SIC-FQHW2AKE-QYZPJZC0-C,AL-ANON – San Ciro,LOCAL_CLUB,Campania,NA,Ischia,C/o Parrocchia S. Ciro - Via Delle Terme 178,80077,,,Settimanale,,,0258018230 / 800087897,,usg@al-anon.it,,ARCAT Campania,,,40.8518,14.2681,APPROXIMATE_CITY,ACTIVE_VERIFIED_2026,,,,2026-09-21 11:39:47,2026-09-21 11:39:47,11
3425,SIC-8FBCYY7X-5PB4Y5MH-F,AL-ANON – Gruppo Via Napoli,LOCAL_CLUB,Italia,18,184 Roma,C/o Chiesa Anglicana S. Paolo - Via Napoli 58,,,,Settimanale,,,0258018230 / 800087897,,usg@al-anon.it,,AICAT Nazionale,,,42.5,12.5,APPROXIMATE_CITY,ACTIVE_VERIFIED_2026,,,,2026-09-21 11:39:47,2026-09-21 11:39:47,11
3426,SIC-R3NXKWE2-WPFDDRWZ-M,AL-ANON – Gruppo PN1,LOCAL_CLUB,Friuli-Venezia Giulia,UD,Pordenone,C/o Oratorio Beato Odorico - Via B. Domicilla 2,33170,,,Settimanale,,,0258018230 / 800087897,,usg@al-anon.it,,ARCAT Friuli-Venezia Giulia,,,46.0711,13.2346,APPROXIMATE_CITY,ACTIVE_VERIFIED_2026,,,,2026-09-21 11:39:47,2026-09-21 11:39:47,11
3427,SIC-013ZJNM0-K4T8G6DS-Z,AL-ANON – Gruppo S. Vitale,LOCAL_CLUB,Campania,NA,P.zza S. Vitale,C/o Parrocchia S. Vitale,80125,,,Settimanale,,,0258018230 / 800087897,,usg@al-anon.it,,ARCAT Campania,,,40.8518,14.2681,APPROXIMATE_CITY,ACTIVE_VERIFIED_2026,,,,2026-09-21 11:39:47,2026-09-21 11:39:47,11
3428,SIC-KXSWDZ4M-S1PQ1DF6-C,ALATEEN – Gruppo “Nuovi Orizzonti”,LOCAL_CLUB,Sardegna,CA,7100 Cagliari,Via Nurra 3,,,,Settimanale,,,0258018230 / 800087897,,usg@al-anon.it,,ARCAT Sardegna,,,42.5,12.5,APPROXIMATE_CITY,ACTIVE_VERIFIED_2026,,,,2026-09-21 11:39:47,2026-09-21 11:39:47,11
3429,SIC-AE8GTTG5-C9ZS2S3C-Q,AL-ANON – Gruppo Il coraggio di cambiare,LOCAL_CLUB,Italia,91,V.le Mercello 7,C/o Parrocchia SS. Annunziata - piazzale scala ballatoio 3 porta,,,,Settimanale,,,0258018230 / 800087897,,usg@al-anon.it,,AICAT Nazionale,,,42.5,12.5,APPROXIMATE_CITY,ACTIVE_VERIFIED_2026,,,,2026-09-21 11:39:47,2026-09-21 11:39:47,11
3430,SIC-0C1H9J3K-SPG1Z04D-0,AL-ANON – Gruppo Il fiore,LOCAL_CLUB,Friuli-Venezia Giulia,TS,Trieste,C/o Parrocchia S. Caterina da Siena - Via dei Mille 18,34142,,,Settimanale,,,0258018230 / 800087897,,usg@al-anon.it,,ARCAT Friuli-Venezia Giulia,,,45.6495,13.7768,APPROXIMATE_CITY,ACTIVE_VERIFIED_2026,,,,2026-09-21 11:39:47,2026-09-21 11:39:47,11
3431,SIC-3BJSF6KW-MCKNK7DW-K,AL-ANON – Gruppo Il ceppo,LOCAL_CLUB,Friuli-Venezia Giulia,UD,Manzano,c/o Centro parrocchiale - Via S. Tommaso 23 - Loc. Casa di Manzano,33044,,,Settimanale,,,0258018230 / 800087897,,usg@al-anon.it,,ARCAT Friuli-Venezia Giulia,,,46.0711,13.2346,APPROXIMATE_CITY,ACTIVE_VERIFIED_2026,,,,2026-09-21 11:39:47,2026-09-21 11:39:47,11
3432,SIC-EZHKPX0X-P3F4TD78-T,AL-ANON – Gruppo Primavera,LOCAL_CLUB,Friuli-Venezia Giulia,TS,Trieste,Via Pendice Scoglietto 6,34127,,,Settimanale,,,0258018230 / 800087897,,usg@al-anon.it,,ARCAT Friuli-Venezia Giulia,,,45.6495,13.7768,APPROXIMATE_CITY,ACTIVE_VERIFIED_2026,,,,2026-09-21 11:39:47,2026-09-21 11:39:47,11
3433,SIC-HH0XHK3J-NYYB01PW-V,AL-ANON – Gruppo Villa Bianca,LOCAL_CLUB,Friuli-Venezia Giulia,UD,Codroipo,C/o ex casa custode scuola media - Via Europa Unita 30,33033,,,Settimanale,,,0258018230 / 800087897,,usg@al-anon.it,,ARCAT Friuli-Venezia Giulia,,,46.0711,13.2346,APPROXIMATE_CITY,ACTIVE_VERIFIED_2026,,,,2026-09-21 11:39:47,2026-09-21 11:39:47,11
3434,SIC-QRF0GYQJ-673S4N21-4,AL-ANON – Gruppo Tarcento,LOCAL_CLUB,Friuli-Venezia Giulia,UD,Tarcento,Via Sottocolle Verzan 82,33017,,,Settimanale,,,0258018230 / 800087897,,usg@al-anon.it,,ARCAT Friuli-Venezia Giulia,,,46.0711,13.2346,APPROXIMATE_CITY,ACTIVE_VERIFIED_2026,,,,2026-09-21 11:39:47,2026-09-21 11:39:47,11
3435,SIC-T1Y1FENW-7S6MS1E8-6,AL-ANON – Gruppo Serenità,LOCAL_CLUB,Friuli-Venezia Giulia,UD,Pozzuolo del Friuli - Loc. Carpeneto,C/o Centro sociale - Via Orgnano 2,33050,,,Settimanale,,,0258018230 / 800087897,,usg@al-anon.it,,ARCAT Friuli-Venezia Giulia,,,46.0711,13.2346,APPROXIMATE_CITY,ACTIVE_VERIFIED_2026,,,,2026-09-21 11:39:47,2026-09-21 11:39:47,11
3436,SIC-3YBS8Q04-VTJJM2G1-R,ALATEEN – Gruppo “Cuore”,LOCAL_CLUB,Friuli-Venezia Giulia,UD,Tolmezzo,c/o Casa della Gioventù - Via Lequio 3,33028,,,Settimanale,,,0258018230 / 800087897,,usg@al-anon.it,,ARCAT Friuli-Venezia Giulia,,,46.0711,13.2346,APPROXIMATE_CITY,ACTIVE_VERIFIED_2026,,,,2026-09-21 11:39:47,2026-09-21 11:39:47,11
3437,SIC-MGFYWP9P-N8XP1MEP-4,AL-ANON – Gruppo Udine,LOCAL_CLUB,Friuli-Venezia Giulia,UD,Udine,Via Pradamano 21,33100,,,Settimanale,,,0258018230 / 800087897,,usg@al-anon.it,,ARCAT Friuli-Venezia Giulia,,,46.0711,13.2346,APPROXIMATE_CITY,ACTIVE_VERIFIED_2026,,,,2026-09-21 11:39:47,2026-09-21 11:39:47,11
3438,SIC-VT9A7A7G-NM3CWP2Y-S,AL-ANON – Gruppo Insieme,LOCAL_CLUB,Italia,12,P.za S. Monica,C/o Parrocchia S. Monica,,,,Settimanale,,,3889530815 / 800087897,,usg@al-anon.it,,AICAT Nazionale,,,42.5,12.5,APPROXIMATE_CITY,ACTIVE_VERIFIED_2026,,,,2026-09-21 11:39:47,2026-09-21 11:39:47,11
3439,SIC-K5H2DBDD-2WZSCYFJ-5,Alcolisti Anonimi – Gruppo Oasi della speranza,LOCAL_CLUB,Campania,NA,Qualiano,c/o Parrocchia SS. Maria Immacolata - Via del Dogma 3,80019,,,Settimanale,,,3343956292 / 3371167480,,aaitaly@tin.it,,ARCAT Campania,,,40.8518,14.2681,APPROXIMATE_CITY,ACTIVE_VERIFIED_2026,,,,2026-09-21 11:39:47,2026-09-21 11:39:47,11
3440,SIC-0FGB6BPM-H20GXFMZ-0,Alcolisti Anonimi – Gruppo Il borgo,LOCAL_CLUB,Emilia-Romagna,BO,Bologna,C/o Parrocchia Santa Maria Assunta - Via M. E. Lepido 58,40132,,,Settimanale,,,3358202229 / 800411406,,aaitaly@tin.it,,ARCAT Emilia-Romagna,,,44.4949,11.3426,APPROXIMATE_CITY,ACTIVE_VERIFIED_2026,,,,2026-09-21 11:39:47,2026-09-21 11:39:47,11
3441,SIC-2CYHP779-DGFYWF8N-Q,Alcolisti Anonimi – gruppo Aurora,LOCAL_CLUB,Friuli-Venezia Giulia,UD,Pordenone,C/o Oratorio della Chiesa Beato Odorico - Via Beata Domicilla 2,33170,,,Settimanale,,,3457291731 / 800411406,,aaitaly@tin.it,,ARCAT Friuli-Venezia Giulia,,,46.0711,13.2346,APPROXIMATE_CITY,ACTIVE_VERIFIED_2026,,,,2026-09-21 11:39:47,2026-09-21 11:39:47,11
3442,SIC-ZA35PX2C-3WEW8BGT-M,Alcolisti Anonimi – gruppo Teano,LOCAL_CLUB,Italia,17,177 Roma,C/o Parrocchia S. Maria Mediatrice - Via Cori 4,,,,Settimanale,,,3316688795 / 800411406,,aaitaly@tin.it,,AICAT Nazionale,,,42.5,12.5,APPROXIMATE_CITY,ACTIVE_VERIFIED_2026,,,,2026-09-21 11:39:47,2026-09-21 11:39:47,11
3443,SIC-JGRMKFMF-56257GA6-M,Alcolisti Anonimi – Gruppo San Paolo,LOCAL_CLUB,Italia,91,9170 Oristano,C/o Parrocchia S. Paolo Apostolo - Via E. Fermi,,,,Settimanale,,,3667520233 / 800411406,,aaitaly@tin.it,,AICAT Nazionale,,,42.5,12.5,APPROXIMATE_CITY,ACTIVE_VERIFIED_2026,,,,2026-09-21 11:39:47,2026-09-21 11:39:47,11
3444,SIC-F8T777SM-X87T4GHE-D,Alcolisti Anonimi – Gruppo Europa Bolzano,LOCAL_CLUB,Trentino-Alto Adige,BZ,Bolzano,V.le Europa 53/f,39100,,,Settimanale,,,3347469774,,aagruppoeuropabz@gmail.com,,APCAT Trentino,,,46.4983,11.3548,APPROXIMATE_CITY,ACTIVE_VERIFIED_2026,,,,2026-09-21 11:39:47,2026-09-21 11:39:47,11
3445,SIC-VMD4T3FG-W3KJYE6D-8,Alcolisti Anonimi – Gruppo 12 Passi,LOCAL_CLUB,Veneto,VE,Cavanella d'Adige,P.zza Baldin e Mantovan 39,30015,,,Settimanale,,,3357829756 / 800411406,,aaitaly@tin.it,,ARCAT Veneto,,,45.4408,12.3155,APPROXIMATE_CITY,ACTIVE_VERIFIED_2026,,,,2026-09-21 11:39:47,2026-09-21 11:39:47,11
3446,SIC-QZZWQYYS-652044NW-8,Alcolisti Anonimi gruppo Altavilla,LOCAL_CLUB,Veneto,VI,Altavilla Vicentina,"c/o Palestra - Piazza della Libertà, 10",36067,,,Settimanale,,,3387355551 / 800411406,,gruppoaltavilla@gmail.com,,ARCAT Veneto,,,45.5455,11.5355,APPROXIMATE_CITY,ACTIVE_VERIFIED_2026,,,,2026-09-21 11:39:47,2026-09-21 11:39:47,11
3447,SIC-C1BSRS41-GQ6QKEDX-T,AL-ANON – Gruppo Insieme,LOCAL_CLUB,Liguria,GE,Chiavari,C/o Centro Ascolto Caritas diocesana - Via Vinelli 12,16043,,,Settimanale,,,0258018230 / 800087897,,usg@al-anon.it,,ARCAT Liguria,,,44.4056,8.9463,APPROXIMATE_CITY,ACTIVE_VERIFIED_2026,,,,2026-09-21 11:39:47,2026-09-21 11:39:47,11
3448,SIC-CF8HGHBW-V61YF4AZ-2,AL-ANON – Gruppo I Girasoli,LOCAL_CLUB,Liguria,GE,Vico del campanile delle vigne 5,C/o Chiostro della parrocchia S. M. delle vigne,16123,,,Settimanale,,,0258018230 / 800087897,,usg@al-anon.it,,ARCAT Liguria,,,44.4056,8.9463,APPROXIMATE_CITY,ACTIVE_VERIFIED_2026,,,,2026-09-21 11:39:47,2026-09-21 11:39:47,11
3449,SIC-26Y2RJ8R-P1BWF47A-2,AL-ANON – Gruppo Vivere,LOCAL_CLUB,Puglia,LE,"Strada Provinciale Lecce - Novoli Km 2,5",C/o Le Sorgenti - Istituto Medicina Spirituale Comunità Emmanuel,73100,,,Settimanale,,,0258018230 / 800087897,,usg@al-anon.it,,ARCAT Puglia,,,40.3515,18.175,APPROXIMATE_CITY,ACTIVE_VERIFIED_2026,,,,2026-09-21 11:39:47,2026-09-21 11:39:47,11
3450,SIC-ZEQTB26E-QQC81TYF-0,Alcolisti Anonimi – Gruppo Serenità,LOCAL_CLUB,Puglia,LE,Lecce,c/o Parrocchia S. Massimiliano Kolbe - Via Pistoia 3,73199,,,Settimanale,,,3899245498 / 3357914650,,aaitaly@tin.it,,ARCAT Puglia,,,40.3515,18.175,APPROXIMATE_CITY,ACTIVE_VERIFIED_2026,,,,2026-09-21 11:39:47,2026-09-21 11:39:47,11
3451,SIC-RR8P504E-2J8V8PRT-3,AL-ANON – Gruppo Ippodromo,LOCAL_CLUB,Lombardia,VA,Varese,C/o Oratorio Giovanni Paolo II - Via Rovereto 46 - Sona S. Fermo,21100,,,Settimanale,,,0258018230 / 800087897,,usg@al-anon.it,,ARCAT Lombardia,,,45.8206,8.8251,APPROXIMATE_CITY,ACTIVE_VERIFIED_2026,,,,2026-09-21 11:39:47,2026-09-21 11:39:47,11
3452,SIC-YG51DQGV-43SA21CJ-3,AL-ANON – Gruppo Arnad,LOCAL_CLUB,Valle d'Aosta,AO,Arnad,C/o Heresaz Enrica - Via D. D'Aosta,11020,,,Settimanale,,,0258018230 / 800087897,,usg@al-anon.it,,ARCAT Valle d'Aosta,,,45.737,7.319,APPROXIMATE_CITY,ACTIVE_VERIFIED_2026,,,,2026-09-21 11:39:47,2026-09-21 11:39:47,11
3453,SIC-1EYYV4JC-FA3WDJMJ-B,AL-ANON – Gruppo Gratitudine,LOCAL_CLUB,Toscana,AR,Camucia,C/o Attività sensibili - Via G. Zampagni,52044,,,Settimanale,,,0258018230 / 800087897,,usg@al-anon.it,,ARCAT Toscana,,,43.4632,11.8796,APPROXIMATE_CITY,ACTIVE_VERIFIED_2026,,,,2026-09-21 11:39:47,2026-09-21 11:39:47,11
3454,SIC-0G8CKR2N-H8T43958-C,AL-ANON – Gruppo Busto Arsizio,LOCAL_CLUB,Lombardia,VA,Busto Arsizio - rione sant'Anna,C/o Centro culturale sant'Anna - Via Stoppani 3,21052,,,Settimanale,,,0258018230 / 800087897,,usg@al-anon.it,,ARCAT Lombardia,,,45.8206,8.8251,APPROXIMATE_CITY,ACTIVE_VERIFIED_2026,,,,2026-09-21 11:39:47,2026-09-21 11:39:47,11
3455,SIC-ZCEXVV2W-73KGPAGW-W,AL-ANON – Gruppo Ancora,LOCAL_CLUB,Trentino-Alto Adige,TN,Marttignano,C/o Casa parrocchiale - entrata posteriore - Via Formigheta 15 - fraz. Martignano,38121,,,Settimanale,,,0258018230 / 800087897,,usg@al-anon.it,,APCAT Trentino,,,46.0679,11.1211,APPROXIMATE_CITY,ACTIVE_VERIFIED_2026,,,,2026-09-21 11:39:47,2026-09-21 11:39:47,11
3456,SIC-3MK2M8QW-64ZTM7W6-6,ALATEEN – Gruppo “Airone”,LOCAL_CLUB,Veneto,VR,Verona,L.go S. Nazaro 3,37129,,,Settimanale,,,0258018230 / 800087897,,usg@al-anon.it,,ARCAT Veneto,,,45.4384,10.9916,APPROXIMATE_CITY,ACTIVE_VERIFIED_2026,,,,2026-09-21 11:39:47,2026-09-21 11:39:47,11
3457,SIC-72BT3PGW-A2YBWATG-K,AL-ANON – Gruppo Speranza,LOCAL_CLUB,Veneto,VR,Cologna Veneta,C/o ex Scuola Agraria - Via Cavour 15,37044,,,Settimanale,,,0258018230 / 800087897,,usg@al-anon.it,,ARCAT Veneto,,,45.4384,10.9916,APPROXIMATE_CITY,ACTIVE_VERIFIED_2026,,,,2026-09-21 11:39:47,2026-09-21 11:39:47,11
3458,SIC-H18QCT50-V5NYVZ8S-B,AL-ANON – Gruppo Pomposa,LOCAL_CLUB,Emilia-Romagna,FE,Località Torbiera di Codigoro,C/o Parrocchia,44041,,,Settimanale,,,0258018230 / 800087897,,usg@al-anon.it,,ARCAT Emilia-Romagna,,,44.8381,11.6198,APPROXIMATE_CITY,ACTIVE_VERIFIED_2026,,,,2026-09-21 11:39:47,2026-09-21 11:39:47,11
