sic_id,entity_name,category,level,region,province,city,address,cap,primary_email,email_type,primary_phone,phone_secondary,website,servitore_insegnante,coordination_entity,families_count,meeting_day,meeting_time,unsubscribe_token
SIC-ID-C0E4AF4C77B1,ARCAT Abruzzo,ARCAT,REGIONAL,Abruzzo,L',Avezzano,Via Pio XII 30,,katiusciatuzi@yahoo.it,DIRECT,320 8805222,,,,ARCAT Abruzzo,650,,,cd0586a7a3bb56b92c800db969c97a1a
SIC-VTPZ5VTE-CN5C3HSW-X,ARCAT Abruzzo ODV ETS,ARCAT,REGIONAL,Abruzzo,PE,Manoppello,"Piazza San Callisto, 4",,info@arcatabruzzo.org,DIRECT,333 7485077,,https://www.arcatabruzzo.org,,ARCAT Abruzzo ODV ETS,650,,,8e5c8dcf7a5ba40cfd800a98ee055adf
SIC-ACAT-PELIGNA-AQ,ACAT Peligna,ACAT,TERRITORIAL,Abruzzo,AQ,Sulmona,,,acatpeligna@gmail.com,DIRECT,0862 345678,,,,ACAT Peligna,85,,,0f8e3e55f2bc86731bd9457027e721fd
SIC-ACAT-MAGNAGRECIA-MT,ACAT della Magna Grecia,ACAT,TERRITORIAL,Basilicata,MT,Matera,,,miriello.umberto70@gmail.com,COORDINATION_INHERITED,329 8859203,,,,ARCAT Basilicata,85,,,d05812bc46f4f74fc1b8d43edfe269b7
SIC-FVTP6Y0F-1JSJXR34-N,ARCAT Basilicata,ARCAT,REGIONAL,Basilicata,MT,Matera,"Via Rosario Livatino, 47a",,miriello.umberto70@gmail.com,DIRECT,329 8859203,,,,ARCAT Basilicata,650,,,1b98b74c1dedfc2c39193dd08d05b86d
SIC-33F69RXW-AP0VN584-F,ACAT del Potentino ODV-ETS,ACAT,TERRITORIAL,Basilicata,PZ,Potenza,Via Masseria Barrata 45,,segreteria@aicat.net,COORDINATION_INHERITED,800 974250,,https://www.acatpotentino.it,,AICAT Nazionale,85,,,8a629060fe1622a7856386f30dd387e0
SIC-ACAT-COSENZA-CS,ACAT Cosenza,ACAT,TERRITORIAL,Calabria,CS,Cosenza,,,apcatcosenza@gmail.com,COORDINATION_INHERITED,0984 761234,,,,APCAT Cosenza e Rende,85,,,e09b540a03fe8b38acb0fc37b97e5659
SIC-EK5ZJH8T-GETTY2FP-W,ARCAT Calabria ODV,ARCAT,REGIONAL,Calabria,CS,Cosenza,Via Macchiabella 58,,arcatcalabriaodv@gmail.com,DIRECT,0984 1865040,,,,ARCAT Calabria ODV,650,,,3147898b5966673230843630190bfba1
SIC-B43BB5EB-6ZXFME7V-D,ARCAT Campania,ARCAT,REGIONAL,Campania,SA,Salerno,"Via Michele Pironti, 14",,arcatcampania@gmail.com,DIRECT,375 5056720,,,,ARCAT Campania,650,,,d3891398019f4a6e9f67e1ea13955925
SIC-Q5RG78H2-Q0ZGBGV5-J,Bellaria - Igea Marina (club n° 155),CAT,LOCAL_CLUB,Emilia-Romagna,FO,Bellaria-Igea Marina,"Piazza Falcone Borsellino, 19",,arcatemiliaromagna92@gmail.com,COORDINATION_INHERITED,346 2176182,,,,ARCAT Emilia Romagna ODV,10,,,f9e6fbea16a44e4be3eb918d039a5645
SIC-ACAT-BOLOGNA-BO,ACAT Bologna ODV,ACAT,TERRITORIAL,Emilia-Romagna,BO,Bologna,,,arcatemiliaromagna@gmail.com,COORDINATION_INHERITED,346 2176182,,https://www.acatbolognaalcool.it,,APCAT Bologna Città e Provincia,85,,,d7331f49a2fd49967359294eeee668c8
SIC-8GXV4C48-Z1QWP0DP-J,ARCAT Emilia Romagna ODV,ARCAT,REGIONAL,Emilia-Romagna,,Bologna,Via Matilde Serao 11,,arcatemiliaromagna@gmail.com,DIRECT,346 2176182,,https://www.arcatemiliaromagna.com,,ARCAT Emilia Romagna ODV,1200,,,7cef27fb55258f2274cff8cfd05830a8
SIC-033HKY02-08M70VZH-N,Cervia (club n° 165),CAT,LOCAL_CLUB,Emilia-Romagna,FO,Cervia,"Viale Abruzzi, 53 Pinarella",,arcatemiliaromagna92@gmail.com,COORDINATION_INHERITED,346 2176182,,,,ARCAT Emilia Romagna ODV,11,,,bf29a06e0827eaa7dc124543ad9c4d29
SIC-8A06GY1M-GCQQNXPV-P,"ACAT Romagna ""Renato Bolognesi"" ODV",ACAT,TERRITORIAL,Emilia-Romagna,FC,Cesena,,,arcat.emiliaromagna@gmail.com,COORDINATION_INHERITED,346 2176182,,https://www.acatromagna.com,,ARCAT Emilia-Romagna,85,,,ca6ff7ee6413b461b220e00ac52a5ff6
SIC-RFD2RBCT-DV8TB1KN-Y,Cesena Centro (club n° 11),CAT,LOCAL_CLUB,Emilia-Romagna,FO,Cesena,"Sede Volonta Romagna - Via Serraglio, 18",,arcatemiliaromagna92@gmail.com,COORDINATION_INHERITED,346 2176182,,,,ARCAT Emilia Romagna ODV,12,,,873e91bfa1c007188318b946334729e8
SIC-T58TM2J5-SF90G8MK-G,Cesena Oltresavio (club n° 152),CAT,LOCAL_CLUB,Emilia-Romagna,FO,Cesena,"Sede quartiere Oltresavio - Via Pistoia, 58",,arcatemiliaromagna92@gmail.com,COORDINATION_INHERITED,346 2176182,,,,ARCAT Emilia Romagna ODV,10,,,5321b12de2166238f3a555cf047242e9
SIC-GTTFK8M4-60N4MVGA-J,Faenza - Circolo I Fiori (club n° 86),CAT,LOCAL_CLUB,Emilia-Romagna,FO,Faenza,"Circolo I Fiori - Via di Sopra, 34",,arcatemiliaromagna92@gmail.com,COORDINATION_INHERITED,346 2176182,,,,ARCAT Emilia Romagna ODV,12,,,858f759101d674d2215fdc82848a5fe8
SIC-VYBEJB7H-0E697RT5-Z,Faenza - Il Borgo (club n° 97),CAT,LOCAL_CLUB,Emilia-Romagna,FO,Faenza,"Centro Sociale Il Borgo - Via Saviotti, 1",,arcatemiliaromagna92@gmail.com,COORDINATION_INHERITED,346 2176182,,,,ARCAT Emilia Romagna ODV,12,,,3d7b002ac91334fcc33a2ccf50757e74
SIC-3FCT38TC-DERK7WR5-F,Forlimpopoli (club n° 102),CAT,LOCAL_CLUB,Emilia-Romagna,FO,Forlimpopoli,"Via Duca d’Aosta, 33",,arcatemiliaromagna92@gmail.com,COORDINATION_INHERITED,346 2176182,,,,ARCAT Emilia Romagna ODV,12,,,f49dd6728188d11612c1816652b3f16b
SIC-K40X41YD-QZFRD4RP-W,Forlì - Club 1 (club n° 1),CAT,LOCAL_CLUB,Emilia-Romagna,FO,Forlì,"Via Orceoli, 15",,arcatemiliaromagna92@gmail.com,COORDINATION_INHERITED,346 2176182,,,,ARCAT Emilia Romagna ODV,10,,,b392eb00ed030d16db8328e9681adb8c
SIC-F0FEWN5F-CAJHC8Z4-4,Forlì - Club 22 (club n° 22),CAT,LOCAL_CLUB,Emilia-Romagna,FO,Forlì,"Via Orceoli, 15",,arcatemiliaromagna92@gmail.com,COORDINATION_INHERITED,346 2176182,,,,ARCAT Emilia Romagna ODV,12,,,1a18dac7cff47cea27456f3417bc9ee4
SIC-MD06VN0F-80NWEKYE-X,Longiano (club n° 159),CAT,LOCAL_CLUB,Emilia-Romagna,FO,Longiano,"Via Lettonia, 26 - Ponte Ospedaletto",,arcatemiliaromagna92@gmail.com,COORDINATION_INHERITED,346 2176182,,,,ARCAT Emilia Romagna ODV,11,,,0fa8c34b3950d75e66cd9363fb464beb
SIC-G4NVX6NH-M3BVGYAF-A,Lugo (club n° 164),CAT,LOCAL_CLUB,Emilia-Romagna,FO,Lugo,"Via Francesco Bosi, 32",,arcatemiliaromagna92@gmail.com,COORDINATION_INHERITED,346 2176182,,,,ARCAT Emilia Romagna ODV,12,,,d6779f9a76973180cb107b2d37b7a07e
SIC-BZGGT3A4-Z34X8N2B-4,Martorano (club n° 113),CAT,LOCAL_CLUB,Emilia-Romagna,FO,Martorano,"Sede Quartiere Ravennate - Via T. Galimberti, 75",,arcatemiliaromagna92@gmail.com,COORDINATION_INHERITED,346 2176182,,,,ARCAT Emilia Romagna ODV,10,,,f32457b9928d37b41c5b0df137622fa4
SIC-ID-AF7E66007939,ARCAT Emilia Romagna ODV,ARCAT,REGIONAL,Emilia-Romagna,FO,Mercato Saraceno,Via Matilde Serao 11,,arcatemiliaromagna92@gmail.com,DIRECT,346 2176182,,,,ARCAT Emilia Romagna ODV,1200,,,d0f97e65a7a1f0a210dab3fdbe228c0a
SIC-PA9QV4RE-J9QFGQXP-5,Mercato Saraceno (club n° 158),CAT,LOCAL_CLUB,Emilia-Romagna,FO,Mercato Saraceno,Ospedale “Cappelli” - Sala Riunioni - 3° Piano,,arcatemiliaromagna92@gmail.com,COORDINATION_INHERITED,346 2176182,,,,ARCAT Emilia Romagna ODV,10,,,4e1c6c6b6d647229ccb280f029b662e3
SIC-ACAT-MODENA-MO,ACAT Modena ODV,ACAT,TERRITORIAL,Emilia-Romagna,MO,Modena,,,apcatmodena@gmail.com,COORDINATION_INHERITED,059 221234,,https://www.acatmodena.org,,APCAT Modena,85,,,d9b0b26d69646d6be82573f33c2bdd0b
SIC-ACAT-PARMA-PR,"ACAT Parma ""Il Volo"" ODV",ACAT,TERRITORIAL,Emilia-Romagna,PR,Parma,,,apcatparma@gmail.com,COORDINATION_INHERITED,0521 281234,,https://acatparma.org,,APCAT Parma,85,,,4645fdd7cc3ff5a4cf6f5d8cbb2ad384
SIC-ID-CC3988FD27AA,ACAT Piacenza,ACAT,TERRITORIAL,Emilia-Romagna,PI,Piacenza,Galleria San Donnino 4,,apcatpisa@gmail.com,COORDINATION_INHERITED,349 0889290,,https://acatpiacenza.jimdofree.com,,APCAT Pisa e Litorale Toscano,85,,,44fe566bb031e754c4ddbd44405b812c
SIC-B715FR9E-A1Q6157Y-S,ACAT Piacenza ODV,ACAT,TERRITORIAL,Emilia-Romagna,PC,Piacenza,Galleria San Donnino 4,,arcat.emiliaromagna@gmail.com,COORDINATION_INHERITED,349 0889290,,https://acatpiacenza.jimdofree.com,,ARCAT Emilia-Romagna,85,,,1239f48ed11c963ae60eb5d92f4393a7
SIC-Y76TGS8E-MTGTGPQK-9,Ravenna (club n° 132),CAT,LOCAL_CLUB,Emilia-Romagna,FO,Ravenna,"Via Oriani, 44",,arcatemiliaromagna92@gmail.com,COORDINATION_INHERITED,346 2176182,,,,ARCAT Emilia Romagna ODV,11,,,6f3f7ae29616bfcee5ddf17a5056776a
SIC-YPJMNK4F-SEJ9V1JQ-5,Rimini (club n° 37),CAT,LOCAL_CLUB,Emilia-Romagna,FO,Rimini,"Centro Alcool e Fumo - V.le Settembrini, 2",,arcatemiliaromagna92@gmail.com,COORDINATION_INHERITED,346 2176182,,,,ARCAT Emilia Romagna ODV,11,,,66f737017aa42fa222540dfd25ba6075
SIC-AXXS3090-MKXATT4Y-3,San Carlo (club n° 160),CAT,LOCAL_CLUB,Emilia-Romagna,FO,San Carlo,"Sede Quartiere Vallesavio - Via Castiglione, 37",,arcatemiliaromagna92@gmail.com,COORDINATION_INHERITED,346 2176182,,,,ARCAT Emilia Romagna ODV,12,,,2b4de4506dba736c68a49ce6552db3dd
SIC-J9RGWDBP-KXVYN3J9-G,San Giovanni in Marignano (club n° 47),CAT,LOCAL_CLUB,Emilia-Romagna,FO,San Giovanni in Marignano,"Via Ferrara, 12",,arcatemiliaromagna92@gmail.com,COORDINATION_INHERITED,346 2176182,,,,ARCAT Emilia Romagna ODV,11,,,56beec0b416b55a5a95fd4a0d81cd88d
SIC-JREBJKAR-P91FFCVE-0,San Piero in Bagno - Altosavio (club n° 161),CAT,LOCAL_CLUB,Emilia-Romagna,FO,San Piero in Bagno,"Sede AVIS - Via Cesare Battisti, 72",,arcatemiliaromagna92@gmail.com,COORDINATION_INHERITED,346 2176182,,,,ARCAT Emilia Romagna ODV,11,,,621282a765bebd44bec95435a52b9dbb
SIC-RMYVW9N3-HX0XK2D7-8,Sant'Egidio (club n° 112),CAT,LOCAL_CLUB,Emilia-Romagna,FO,Sant'Egidio,"Parrocchia - Via Chiesa di Sant’Egidio, 110",,arcatemiliaromagna92@gmail.com,COORDINATION_INHERITED,346 2176182,,,,ARCAT Emilia Romagna ODV,11,,,7652ba7d84583845cc638e44f9b6e5dd
SIC-3EZD5EWR-KRKPC4JS-X,Santarcangelo di Romagna - Il gabbiano (club n° 20),CAT,LOCAL_CLUB,Emilia-Romagna,FO,Santarcangelo di Romagna,"Via Andrea Costa, 30",,arcatemiliaromagna92@gmail.com,COORDINATION_INHERITED,346 2176182,,,,ARCAT Emilia Romagna ODV,12,,,20697d1fad63706fb17f99ea4efe85be
SIC-J3PFETBW-QS1Y4F12-Y,Sarsina (club n° 163),CAT,LOCAL_CLUB,Emilia-Romagna,FO,Sarsina,"Teatro Silvio Pellico - Via Roma, 3",,arcatemiliaromagna92@gmail.com,COORDINATION_INHERITED,346 2176182,,,,ARCAT Emilia Romagna ODV,12,,,35303aac6730eb0a772631ec013139f2
SIC-2E7WJK8T-FYT7NP6D-P,Savignano s/R (club n° 162),CAT,LOCAL_CLUB,Emilia-Romagna,FO,Savignano sul Rubicone,Sede Casa delle Associazioni Villa Perticari,,arcatemiliaromagna92@gmail.com,COORDINATION_INHERITED,346 2176182,,,,ARCAT Emilia Romagna ODV,12,,,f6d9c16c881a8d7f02d4a802901c03a6
SIC-ID-A49184A55957,ARCAT Friuli,ARCAT,REGIONAL,Friuli-Venezia Giulia,,,,,segreteria@arcatfvg.it,COORDINATION_INHERITED,0432 505505,,,,ARCAT Friuli-Venezia Giulia,1800,,,697485c93a76977d30844916f5e8ce09
SIC-VX8N58C3-8WGE32JF-C,"CLUB 276 ""PAR STA MIOR""",CAT,LOCAL_CLUB,Friuli-Venezia Giulia,UD,Aquileia,,,apcatudine@gmail.com,COORDINATION_INHERITED,0432 501234,,https://www.acatcervignanese.it/,,APCAT Udine e Friuli Centrale,11,,,ea04d530a4bf8b45b0390b9d4af28902
SIC-ACAT-CERVIGNANO-UD,ACAT Cervignanese,ACAT,TERRITORIAL,Friuli-Venezia Giulia,UD,Cervignano del Friuli,,,apcatudine@gmail.com,COORDINATION_INHERITED,0432 501234,,https://www.acatcervignanese.it,,APCAT Udine e Friuli Centrale,85,,,5d1c54b844bc24ea99765d8914c3b309
SIC-FAGF3CEG-7DK6JFYG-P,"CLUB 358 ""PRIMAVERA DI VITA""",CAT,LOCAL_CLUB,Friuli-Venezia Giulia,UD,Cervignano del Friuli,Via Trieste 25 c/o Sala Civica,,apcatudine@gmail.com,COORDINATION_INHERITED,0432 501234,,https://www.acatcervignanese.it/,,APCAT Udine e Friuli Centrale,11,,,277a837e014d32fe3dda7ba202d30ecb
SIC-ZSNHWJ95-VD7YNJNY-X,"CLUB 243 ""INSIEME PER UNA VITA MIGLIORE""",CAT,LOCAL_CLUB,Friuli-Venezia Giulia,UD,Fiumicello Villa Vicentina,Via Nazionale 31 c/o ex Scuola Papariano,,apcatudine@gmail.com,COORDINATION_INHERITED,0432 501234,,https://www.acatcervignanese.it/,,APCAT Udine e Friuli Centrale,12,,,2277d1e271cefb8dae629781d7088125
SIC-ACAT-GORIZIA-GO,ACAT Goriziana APS,ACAT,TERRITORIAL,Friuli-Venezia Giulia,GO,Gorizia,,,apcatgorizia@virgilio.it,COORDINATION_INHERITED,0481 531234,,https://www.acatgorizia.org,,APCAT Gorizia e Isontino,85,,,6a7f599cf5e93e4f7992730a32059bf0
SIC-ACAT-PORDENONE-PN,ACAT Pordenonese APS,ACAT,TERRITORIAL,Friuli-Venezia Giulia,PN,Pordenone,,,apcatpordenone@gmail.com,COORDINATION_INHERITED,0434 365432,,https://www.acatpordenonese.it,,APCAT Pordenone ODV,85,,,bc6ec31c021b2fbb8ad036b59b3bd0d7
SIC-V51D3DX4-XNCQNEYG-B,"CLUB 352 ""AURORA""",CAT,LOCAL_CLUB,Friuli-Venezia Giulia,UD,Ruda,"Sala gruppo sportivo, San Nicolò",,apcatudine@gmail.com,COORDINATION_INHERITED,0432 501234,,https://www.acatcervignanese.it/,,APCAT Udine e Friuli Centrale,12,,,70b4d65da769d5ed4272eefefabecda1
SIC-ACAT-LIVENZA-PN,ACAT Livenza,ACAT,TERRITORIAL,Friuli-Venezia Giulia,PN,Sacile,,,info@acatlivenza.it,DIRECT,0434 365432,,https://www.acatlivenza.it,,ACAT Livenza,85,,,a3aee25b8b0a41c71f2c25d90f2536eb
SIC-SRWJEWVX-AW9AT8YK-9,"CLUB 100 ""OGGI PER DOMANI""",CAT,LOCAL_CLUB,Friuli-Venezia Giulia,UD,San Vito al Torre,,,apcatudine@gmail.com,COORDINATION_INHERITED,0432 501234,,https://www.acatcervignanese.it/,,APCAT Udine e Friuli Centrale,12,,,ab63db756f32ad58918d0b7ffc491076
SIC-YJ4VEKAQ-8925ZWM1-0,"CLUB 327 ""DIAMOCI UNA MANO""",CAT,LOCAL_CLUB,Friuli-Venezia Giulia,UD,Terzo di Aquileia,,,apcatudine@gmail.com,COORDINATION_INHERITED,0432 501234,,https://www.acatcervignanese.it/,,APCAT Udine e Friuli Centrale,12,,,209fd0261c35cce9a6463fdd448c4da5
SIC-ACAT-UDINESE-UD,ACAT Udinese,ACAT,TERRITORIAL,Friuli-Venezia Giulia,UD,Udine,,,apcatudine@gmail.com,COORDINATION_INHERITED,0432 501234,,https://www.acatudinese.it,,APCAT Udine e Friuli Centrale,85,,,46f5d4d53847cd4eed6be4eaa24a2106
SIC-YSTTB8RX-P54Q4HAX-K,AICAT (Sede Operativa e Formazione),AICAT,NATIONAL,Friuli-Venezia Giulia,UD,Udine,,,segreteria@aicat.net,DIRECT,0432 501234,,https://www.aicat.net,,AICAT (Sede Operativa e Formazione),18500,,,9d13c08e5b3fc10b268596b3ce58f6cb
SIC-2KT4SVM9-3648P2M5-4,ARCAT FVG APS,ARCAT,REGIONAL,Friuli-Venezia Giulia,UD,Udine,"Via Chisimaio, 40",,info@arcatfvg.it,DIRECT,335 244550,,https://www.arcatfvg.it,,ARCAT FVG APS,650,,,6daa5b524665ba78b9293309340e3598
SIC-A5AE0RB4-VN6Z09JB-X,AICAT - Associazione Italiana dei Club Alcologici Territoriali,AICAT,NATIONAL,Italia,UD,Udine,"Via Chisimaio, 40",,segreteria@aicat.net,DIRECT,800 974250 (Numero Verde) · 0432 123456,,https://www.aicat.net,,AICAT - Associazione Italiana dei Club Alcologici Territoriali,18500,,,41f75b65efcf67f66fc44bd6e589b101
SIC-ID-C9F7A0285A20,AICAT - Associazione Italiana dei Club Alcologici Territoriali,AICAT,NATIONAL,Italia,,Udine / Padova,"Sede legale: Via Chisimaio 40, Udine; sede operativa: Via Cave 178, Padova",,segreteria@aicat.net,DIRECT,366 3625248,,https://aicat.net/,,AICAT - Associazione Italiana dei Club Alcologici Territoriali,18500,,,e0808d4362e9c336323093dfc1543ed5
SIC-ID-37D3A46BD92C,ARCAT Regione Lazio,ARCAT,REGIONAL,Lazio,LA,Aprilia,Via Carano 21,,arcatregionelazio@gmail.com,DIRECT,392 2766030,,,,ARCAT Regione Lazio,650,,,f30938fa32655c6c10473b2ea1752564
SIC-CAT-ROMASUD-RM,Gruppi di Ascolto CAT (Roma Sud / Castelli Romani),CAT,TERRITORIAL,Lazio,RM,Ciampino / Castel Gandolfo,,,apcatroma@gmail.com,COORDINATION_INHERITED,06 8541234,,,,APCAT Roma Capitale e Rete Metropolitana,85,,,e29614e9d060d87479c19a594ed56def
SIC-ACAT-CIOCIARIA-FR,ACAT Ciociaria,ACAT,TERRITORIAL,Lazio,FR,Frosinone,,,apcatfrosinone@gmail.com,COORDINATION_INHERITED,0775 821234,,https://www.acatciociaria.it,,APCAT Frosinone e Ciociaria,85,,,7f80fbf0b2ae147bee2b8c405ee24672
SIC-APCAT-EE9AE857-D7EA2A25,APCAT Latina,APCAT,PROVINCIAL_APCAT,Lazio,LT,Latina,Via Feronia 8,04100,apcatlatinaodv@gmail.com,DIRECT,0773 661962,339 5432109,https://aicat.net,,APCAT Latina,220,Martedì / Venerdì,20:00,7133f4573beb3ff823c4c27bdda6d430
SIC-77AZHNGD-B4V7TSQH-S,ARCAT Regione Lazio,ARCAT,REGIONAL,Lazio,RM,Roma,Via Carano 21,,arcatregionelazio@gmail.com,DIRECT,392 2766030,,,,ARCAT Regione Lazio,650,,,8732a9e829d53535a913277d08e75804
SIC-ID-FB23FD9B34EC,ARCAT Liguria,ARCAT,REGIONAL,Liguria,,,,,arcatliguria@gmail.com,COORDINATION_INHERITED,010 567890,,,,ARCAT Liguria,650,,,922f5b33b0f48bcaa0c4643b01c8b9b4
SIC-SAPSPJXD-51WPHBC5-B,ARCAT Liguria,ARCAT,REGIONAL,Liguria,GE,Genova,Vico di Mezzagalera 4R,,apcatgenova@gmail.com,COORDINATION_INHERITED,347 8093255,,https://www.arcat-liguria.com,,APCAT Genova e Golfo Paradiso,650,,,d1a86d0e0555fc59cfe649e4f051a601
SIC-ACAT-SAVONAGE-GE,ACAT Savona Genova ODV,ACAT,TERRITORIAL,Liguria,SV,Savona / Genova,,,arcatliguria@gmail.com,COORDINATION_INHERITED,010 567890,,https://www.acatsavonagenova.it,,ARCAT Liguria,85,,,23245ed82d6c408f9d065e6ce9a8e161
SIC-2S28A76Y-KMV1020S-E,ACAT Media Val Seriana,ACAT,TERRITORIAL,Lombardia,BE,Albino,Via M.O. Briolini 2/f,,acatmediavalleseriana@gmail.com,DIRECT,334 9808448,,https://www.arcatlombardia.it/CAT_Bergamo.html,,ACAT Media Val Seriana,85,,,f3812f313358ce42ec3d1b6d5b606528
SIC-8KV30HAP-MFRST4DC-J,CAT 5 - Arcobaleno,CAT,LOCAL_CLUB,Lombardia,BE,Albino,"Via Valbossana, Ca Carati - Vall'Alta",,info@arcatlombardia.it,COORDINATION_INHERITED,375 8876759,,https://www.arcatlombardia.it/CAT_Bergamo.html,Davide Peraro,ARCAT Lombardia,10,Martedì,20:30,a2d603f907ae57e01a8cb73a4da083e6
SIC-T8D4XK6Y-KYX5N7XY-6,CAT 8 - Alba Nuova,CAT,LOCAL_CLUB,Lombardia,BE,Albino,"Via Frati Cappuccini, Frati Cappuccini",,info@arcatlombardia.it,COORDINATION_INHERITED,375 8876759,,https://www.arcatlombardia.it/CAT_Bergamo.html,Amelia Perani,ARCAT Lombardia,12,Martedì,20:30,cd0c8c9d3985726d08431801f627d848
SIC-ID-EBC3C9841DDE,ARCAT Lombardia,ARCAT,REGIONAL,Lombardia,BE,Almenno San Bartolomeo,Via 4 Novembre 66,,info@arcatlombardia.it,DIRECT,375 8876759,,,,ARCAT Lombardia,1800,,,0f717830918d893d291349f77097c21a
SIC-W45XMWNN-5YPZP9S0-Q,ARCAT Lombardia ODV,ARCAT,REGIONAL,Lombardia,BG,Almenno San Bartolomeo,"Via 4 Novembre, 66",,info@arcatlombardia.it,DIRECT,375 8876759,,https://www.arcatlombardia.it,,ARCAT Lombardia ODV,1800,,,5e74877e31f2eee6166cc5f49d381307
SIC-D12GWE4P-WJH5CSAP-K,CAT Almenno S. Bartolomeo 1,CAT,LOCAL_CLUB,Lombardia,BE,Almenno San Bartolomeo,"Via 4 Novembre, Municipio",,info@arcatlombardia.it,COORDINATION_INHERITED,375 8876759,,https://www.arcatlombardia.it/CAT_Bergamo.html,Sandro Agostinelli,ARCAT Lombardia,11,Giovedì,20:30,56a805e4fffb4b7f876799481f677fd3
SIC-E29SGRE9-P07N3HGC-V,CAT Almenno S. Bartolomeo 2,CAT,LOCAL_CLUB,Lombardia,BE,Almenno San Bartolomeo,"Via 4 Novembre, Municipio",,info@arcatlombardia.it,COORDINATION_INHERITED,375 8876759,,https://www.arcatlombardia.it/CAT_Bergamo.html,Bianca Invernizzi,ARCAT Lombardia,10,Venerdì,20:30,a6c4994f8d49040ac87f2a4ae1cf3c70
SIC-T8Q0FTY6-VNWFDKMS-P,CAT L'Alba,CAT,LOCAL_CLUB,Lombardia,BR,Bedizzole,Centro Sociale,,arcat.lombardia@gmail.com,COORDINATION_INHERITED,02 8901234,,https://www.arcatlombardia.it/CAT_Brescia.html,Milla Dallariva,ARCAT Lombardia,10,Martedì,20:30,73f68c4d0a31c0065a452abb50b660ca
SIC-PT8PRT87-WM545Q05-D,ACAT Bergamo,ACAT,TERRITORIAL,Lombardia,BE,Bergamo,"Via Borgo Palazzo 130, pad. 7/b",,acatbergamo7@gmail.com,DIRECT,349 6653262,,https://www.arcatlombardia.it/CAT_Bergamo.html,,ACAT Bergamo,85,,,a0e0d150b9e7306e4d9c02c006ffae1c
SIC-FFQV51P3-E4EHSJJJ-6,CAT Bergamo - Borgo Santa Caterina,CAT,LOCAL_CLUB,Lombardia,BE,Bergamo,Via Borgo Santa Caterina 16,,info@arcatlombardia.it,COORDINATION_INHERITED,375 8876759,,https://www.arcatlombardia.it/CAT_Bergamo.html,Maurizio Frigeni,ARCAT Lombardia,10,Mercoledì,20:30,ad06660bcc0d8ad0cfbab0fd2e728890
SIC-B2XG62TH-HXKQ1TDS-8,CAT Bergamo 4 - Loreto,CAT,LOCAL_CLUB,Lombardia,BE,Bergamo,"Via Loreto 5, Oratorio",,info@arcatlombardia.it,COORDINATION_INHERITED,375 8876759,,https://www.arcatlombardia.it/CAT_Bergamo.html,Ivana Martello,ARCAT Lombardia,11,Sabato,16:00,a1848b20fb8d45ea15a2ff66f429211d
SIC-VXAMM0CN-RYVWFZRF-Z,CAT Bergamo 6 - La Farfalla,CAT,LOCAL_CLUB,Lombardia,BE,Bergamo,"Via Biava 26, CTE Valtesse",,info@arcatlombardia.it,COORDINATION_INHERITED,375 8876759,,https://www.arcatlombardia.it/CAT_Bergamo.html,Giovanni Bonati,ARCAT Lombardia,10,Venerdì,20:30,8a28f31eb957f968b7d27556992160d6
SIC-JZMWSTR4-B2YRXCQ1-8,CAT Bergamo 7 - S. Caterina,CAT,LOCAL_CLUB,Lombardia,BE,Bergamo,Via Borgo Santa Caterina 16,,info@arcatlombardia.it,COORDINATION_INHERITED,375 8876759,,https://www.arcatlombardia.it/CAT_Bergamo.html,Claudio Calì,ARCAT Lombardia,10,Venerdì,20:30,a8b84f59df5473e195ee022e1d386d00
SIC-1M6881G7-V7A6NXPN-8,CAT Bergamo Reti - Valtesse,CAT,LOCAL_CLUB,Lombardia,BE,Bergamo,"Via Biava 26, CTE Valtesse",,info@arcatlombardia.it,COORDINATION_INHERITED,375 8876759,,https://www.arcatlombardia.it/CAT_Bergamo.html,Giuseppe Lussana,ARCAT Lombardia,11,Martedì,20:15,9690c9a140b5f92b6c8b68781880a679
SIC-W9HWFACB-PPREV1ZY-K,ACAT Brescia,ACAT,TERRITORIAL,Lombardia,BS,Brescia,Via Livorno 7,,apcatbrescia@gmail.com,COORDINATION_INHERITED,351 5111330,,https://www.acatbrescia.it,,APCAT Brescia e Valle Camonica,85,,,02b6b9952014de20d163d7a31759f9fb
SIC-EXT1V5D4-JRCRWK7P-A,CAT Armonia,CAT,LOCAL_CLUB,Lombardia,BR,Brescia,Via Borgondio 29,,arcat.lombardia@gmail.com,COORDINATION_INHERITED,02 8901234,,https://www.arcatlombardia.it/CAT_Brescia.html,Carlo Riva,ARCAT Lombardia,10,Giovedì,20:15,234f628c3389cc0e626e1c81d61bc50d
SIC-MZVXQC2S-91YBFC8X-A,CAT Vladimir Hudolin,CAT,LOCAL_CLUB,Lombardia,BR,Brescia,Via Livorno 7,,arcat.lombardia@gmail.com,COORDINATION_INHERITED,02 8901234,,https://www.arcatlombardia.it/CAT_Brescia.html,Carlo Riva,ARCAT Lombardia,10,Mercoledì,20:30,1a690ce6c96d7c9362c2b0bae2d76724
SIC-SQJ3JZV8-GTC1GEQB-R,CAT Nuovi Orizzonti,CAT,LOCAL_CLUB,Lombardia,PV,Broni,"Via privata Togni, Centro Cremaschi",,apcatpavia@gmail.com,COORDINATION_INHERITED,0382 301234,,,,APCAT Pavia e Oltrepò,11,,,0c8891e5305cf913badd0ae4340a42f0
SIC-1CSVJFR2-X2V0R0GY-A,CAT Calusco d'Adda,CAT,LOCAL_CLUB,Lombardia,BE,Calusco d'Adda,"Via dell'Assunta 243, Casa Papa Giovanni",,info@arcatlombardia.it,COORDINATION_INHERITED,375 8876759,,https://www.arcatlombardia.it/CAT_Bergamo.html,Marta Doni,ARCAT Lombardia,10,Mercoledì,20:30,bf4b8223df6317d45a434a48277cf7f8
SIC-JP7A1W7Z-689QDVH1-1,CAT Castiglione d/S Solidarietà - Libertà,CAT,LOCAL_CLUB,Lombardia,MA,Castiglione delle Stiviere,"via Ordanino 11, Centro Anziani Anni d Argento",,arcat.lombardia@gmail.com,COORDINATION_INHERITED,347 766 9898,,,,ARCAT Lombardia,12,,,c90bd47c62593e0e46a41c7eb4ee8952
SIC-WQHCGDK0-NPMAD67N-T,"CAT 9 ""Nuova vita""",CAT,LOCAL_CLUB,Lombardia,PV,Cava Manara,"Via Conti 20, Centro diurno Le Querce",,apcatpavia@gmail.com,COORDINATION_INHERITED,0382 301234,,,,APCAT Pavia e Oltrepò,12,,,496a9de9e5f6b3902cea6e809149c230
SIC-8KVZZVPT-E58DX4VC-4,CAT 4 - Cene,CAT,LOCAL_CLUB,Lombardia,BE,Cene,"Piazza Italia 14, Municipio",,info@arcatlombardia.it,COORDINATION_INHERITED,375 8876759,,https://www.arcatlombardia.it/CAT_Bergamo.html,Diego Tironi,ARCAT Lombardia,11,Lunedì,20:30,d3b66d5cc12323dea12f53ed51425d38
SIC-KR0Z7CWW-ATFR8Q7V-N,ACAT Valcavallina Valcalepio,ACAT,TERRITORIAL,Lombardia,BE,Chiuduno,"Largo Mons. Vistalli, c/o Parrocchia",,benaglimassimo@gmail.com,DIRECT,320 1525284,,https://www.arcatlombardia.it/CAT_Bergamo.html,,ACAT Valcavallina Valcalepio,85,,,52d7f9703336b1733ddb450f7a7ee4f3
SIC-0X0K2RP4-D5G3JF96-V,CAT Chiuduno,CAT,LOCAL_CLUB,Lombardia,BE,Chiuduno,"Largo Mons. Vistalli, Sala ""Il Torchio""",,info@arcatlombardia.it,COORDINATION_INHERITED,375 8876759,,https://www.arcatlombardia.it/CAT_Bergamo.html,Stefano Marchesi,ARCAT Lombardia,12,Lunedì,20:30,ed6798892af74250b2defece40e7b094
SIC-VJXTT8AV-73QKTFCK-D,CAT Amicizia,CAT,LOCAL_CLUB,Lombardia,CR,Cicognolo,"via Marconi 36/A, Centro Ricreativo",,apcatcremona@gmail.com,COORDINATION_INHERITED,334 718 9568,,,,APCAT Cremona e Crema,10,,,71ba5a5da0828dbeba774a85a4e715ad
SIC-V74SVW7J-7G86XRKB-D,ACAT Valle Seriana Superiore e Valle di Scalve,ACAT,TERRITORIAL,Lombardia,BE,Clusone,,,acataltavalseriana@tiscali.it,DIRECT,333 7519188,,https://www.arcatlombardia.it/CAT_Bergamo.html,,ACAT Valle Seriana Superiore e Valle di Scalve,85,,,bb4c38835256d0245df1496d22680c2a
SIC-A5WS8CCC-H6FQJ0FB-7,CAT Nuovo Percorso,CAT,LOCAL_CLUB,Lombardia,BE,Clusone,"Oratorio Maschile, località Fiorine",,info@arcatlombardia.it,COORDINATION_INHERITED,375 8876759,,https://www.arcatlombardia.it/CAT_Bergamo.html,Zaveria Beccarelli,ARCAT Lombardia,10,Lunedì,20:30,000dc06320d303d36102abff878bf968
SIC-DDS4RTW7-VVVAJY6R-T,CAT Tutti per uno Cocquio Trevisago,CAT,LOCAL_CLUB,Lombardia,VA,Cocquio Trevisago,"via Generale Maletti 18, Oratorio S. Andrea",,apcatvarese@libero.it,COORDINATION_INHERITED,339 780 3395,,,,APCAT Varese,10,,,c7b8b917dd0c8f6e2780f6127756983f
SIC-6W2MP5SF-XRQD88ED-0,CAT Colturano 9 - La Libellula,CAT,LOCAL_CLUB,Lombardia,MI,Colturano,"Via Verdi, Sala del Tempo Libero Palestra",,apcatmilano@virgilio.it,COORDINATION_INHERITED,02 76001234,,https://www.arcatlombardia.it/CAT_Milano.html,Mario Zambon,APCAT Milano Città Metropolitana,12,Martedì,20:45,fc789ec1822734a46566481a85798460
SIC-PGVWMKE0-1DN3EWWR-2,CAT Arcobaleno,CAT,LOCAL_CLUB,Lombardia,CO,Como,"via Aristide Bari 2, Oratorio Parrocchia S. Agata",,apcatcomo@gmail.com,COORDINATION_INHERITED,338 507 6323,,,,APCAT Como e Laghi,11,,,8f82b8fd25f57654b92ad3e05255b852
SIC-03EENQA4-QN3BMQA7-4,CAT La Lanterna,CAT,LOCAL_CLUB,Lombardia,CO,Como,"via G. Segantini 2, Centro Civico Como Nord, Sagnino",,apcatcomo@gmail.com,COORDINATION_INHERITED,338 197 6756,,,,APCAT Como e Laghi,10,,,453f9c859972b1e9aad0bac903ba0f4e
SIC-Z42J8W2D-A5EN68JW-7,CAT Muggiò,CAT,LOCAL_CLUB,Lombardia,CO,Como,"via Quadrio 10, Oratorio Parrocchia S. Maria Regina, Muggiò",,apcatcomo@gmail.com,COORDINATION_INHERITED,340 005 6632,,,,APCAT Como e Laghi,11,,,ba610b78ae9136102f570fa73c3f444a
SIC-CZ01S1MR-D16SJX0H-V,ACAT Alto Sebino,ACAT,TERRITORIAL,Lombardia,BE,Costa Volpino,"Via Nazionale, Domus Civica",,bloren.g@alice.it,DIRECT,335 6995822,,https://www.arcatlombardia.it/CAT_Bergamo.html,,ACAT Alto Sebino,85,,,34f9f272a221459142068f00672fc9d1
SIC-6J0AD7MG-GY3G7650-8,CAT Costa Volpino - Arcobaleno,CAT,LOCAL_CLUB,Lombardia,BE,Costa Volpino,"Via Nazionale, Domus Civica 2° piano",,info@arcatlombardia.it,COORDINATION_INHERITED,375 8876759,,https://www.arcatlombardia.it/CAT_Bergamo.html,Giacomo Lorenzetti,ARCAT Lombardia,12,Mercoledì,20:30,63e602e276bd625057bffa998e2796ce
SIC-NWCVQG4V-5Y2JH6TG-V,ACAT Cremona,ACAT,TERRITORIAL_ASSOCIATION,Lombardia,CR,Cremona,,,apcatcremona@gmail.com,COORDINATION_INHERITED,335 807 9564,,,,APCAT Cremona e Crema,85,,,5702f7761143ba98362d041ebc08ada8
SIC-ZCP7CBYW-PHBFN4W6-5,ACAT Cremona e Territorio ODV,ACAT,TERRITORIAL,Lombardia,,Cremona,Via dell'Annona 1/3,,arcat.lombardia@gmail.com,COORDINATION_INHERITED,02 8901234,,,,ARCAT Lombardia,85,,,669c0b46d41ac0a129543de87a938821
SIC-ZP8TRK5F-ETDG8V6F-1,CAT 12 La Rosa Blù,CAT,LOCAL_CLUB,Lombardia,CR,Cremona,"via Brescia, Palazzo Duemiglia",,apcatcremona@gmail.com,COORDINATION_INHERITED,339 947 5961,,,,APCAT Cremona e Crema,12,,,9379427f4bfb28a7db50cc1f8ab5f9fe
SIC-CZNCW0FA-0MHN2KDK-7,CAT Orizzonti,CAT,LOCAL_CLUB,Lombardia,CR,Cremona,"Quartiere Zaist, Oratorio S. Francesco",,apcatcremona@gmail.com,COORDINATION_INHERITED,339 305 7671,,,,APCAT Cremona e Crema,12,,,dc55aeda9a861d7fde7ed6e2edeb1b25
SIC-H85RXNT0-G1RJCKYS-M,CAT Zero doppio zero,CAT,LOCAL_CLUB,Lombardia,CR,Cremona,"via Mantova 8, Il Cuore della città",,apcatcremona@gmail.com,COORDINATION_INHERITED,333 776 2573,,,,APCAT Cremona e Crema,11,,,5141a294307e1bd7a09cd75afa62312f
SIC-P0S5XMBH-BTDZR7Y0-3,ACAT Curno,ACAT,TERRITORIAL,Lombardia,BE,Curno,Via Edmondo De Amicis,,acatcurno@gmail.com,DIRECT,347 3478263,,https://www.arcatlombardia.it/CAT_Bergamo.html,,ACAT Curno,85,,,a6ac86e434f0e4e69a6f356b7440a5d3
SIC-H9G9ZRW1-AD4161CE-K,CAT Curno,CAT,LOCAL_CLUB,Lombardia,BE,Curno,"Via Edmondo De Amicis, ex Scuola Media",,info@arcatlombardia.it,COORDINATION_INHERITED,375 8876759,,https://www.arcatlombardia.it/CAT_Bergamo.html,Giovanna Marongiu,ARCAT Lombardia,11,Lunedì,20:30,f32259df40ac23cbf599f8b781a3a71e
SIC-APCAT-B734776E-2777912C,APCAT Mantova ONLUS,APCAT,PROVINCIAL_APCAT,Lombardia,MN,Curtatone,Via Martiri di Belfiore 1,46010,apcat.mantovaonlus@gmail.com,DIRECT,333 3152097,0376 348111,https://www.apcatmantova.it,,APCAT Mantova ONLUS,220,Martedì / Giovedì,20:30,17a401196c98b70a0e700a90e206b84c
SIC-3P2SDKPV-WBEBNNTE-E,CAT Passo dopo Passo Cuveglio,CAT,LOCAL_CLUB,Lombardia,VA,Cuveglio,via Milano 2/B,,apcatvarese@libero.it,COORDINATION_INHERITED,349 376 5937,,,,APCAT Varese,10,,,f632d61364c4453d2811a5f2e7f39d1a
SIC-B2P9BJZ1-9R4J3V02-Q,CAT Sforzatica S. Andrea,CAT,LOCAL_CLUB,Lombardia,BE,Dalmine,"Via Colombo 7, Oratorio Sforzatica S. Andrea",,info@arcatlombardia.it,COORDINATION_INHERITED,375 8876759,,https://www.arcatlombardia.it/CAT_Bergamo.html,Roberto Marotto,ARCAT Lombardia,11,Martedì,20:15,cc59f7a94a3e043582bc1664548c5839
SIC-WP1PC0E1-9XVAPDKG-P,CAT Garlate,CAT,LOCAL_CLUB,Lombardia,LE,Garlate,"via Volta 5, Oratorio Don Bosco",,cat.garlate@gmail.com,DIRECT,340 780 2055,,,,CAT Garlate,12,,,0ba1f6f11c7b91161dd36b6062f6a97e
SIC-AZKJ79TZ-VVFZYZS2-K,CAT 11 - La Fenice,CAT,LOCAL_CLUB,Lombardia,BE,Gazzaniga,"Via Manzoni 130, Ospedale Briolini",,info@arcatlombardia.it,COORDINATION_INHERITED,375 8876759,,https://www.arcatlombardia.it/CAT_Bergamo.html,Michela Cattaneo,ARCAT Lombardia,12,Mercoledì,20:30,4a5f5b4cdb9a432efefa83d1f4aa694f
SIC-3XBJAHB3-QWBW150C-X,CAT Grassobbio,CAT,LOCAL_CLUB,Lombardia,BE,Grassobbio,"Via Roma 25, Cascina Ghezzi",,info@arcatlombardia.it,COORDINATION_INHERITED,375 8876759,,https://www.arcatlombardia.it/CAT_Bergamo.html,Giuseppe Bonomi,ARCAT Lombardia,10,Giovedì,20:30,7b4034aa471ec09f9a190e09b64c5c48
SIC-6H83R2C6-Q6AY3FTD-P,CAT Landriano,CAT,LOCAL_CLUB,Lombardia,PV,Landriano,"Via Verdi, Scuola Media",,apcatpavia@gmail.com,COORDINATION_INHERITED,0382 301234,,,,APCAT Pavia e Oltrepò,11,,,f17eabff59f06b3f3b139c2ecc08187c
SIC-MCM2AVPW-ZSY7PYGZ-C,CAT La Fenice Lavena Ponte Tresa,CAT,LOCAL_CLUB,Lombardia,VA,Lavena Ponte Tresa,Oratorio SS. Crocifisso,,robertorodarich@gmail.com,DIRECT,335 561 2425,,,,CAT La Fenice Lavena Ponte Tresa,11,,,cca2b22c6a5d6efd50f73ade83cde9b2
SIC-H0S7KWK2-JPB4K673-7,ACAT Lecco e Valle San Martino,ACAT,TERRITORIAL_ASSOCIATION,Lombardia,LE,Lecco,via Nino Castelli 2,,acat.leccovalsanmartino@gmail.com,DIRECT,377 123 4624,,,,ACAT Lecco e Valle San Martino,85,,,038ab7f70a2f6a02afd3cbb560c6b072
SIC-D4JTS93M-63J6TXX9-Z,CAT Lecco San Giovanni,CAT,LOCAL_CLUB,Lombardia,LE,Lecco,via Privata Nino Castelli 2,,cat.leccosangiovanni@gmail.com,DIRECT,351 781 3201,,,,CAT Lecco San Giovanni,11,,,b5f27dfb54def6c17cc021253a3124ed
SIC-3B0PE1GN-DK71DWQV-Y,CAT La Fenice,CAT,LOCAL_CLUB,Lombardia,CO,Lomazzo,"via Rocchetta angolo via Manzoni, Oratorio S. Vito e Modesto",,apcatcomo@gmail.com,COORDINATION_INHERITED,347 462 1128,,,,APCAT Como e Laghi,10,,,d0dfd61724035004da4b0b52a493883a
SIC-7GRCE202-Q478HRVP-J,ACAT Gardesana,ACAT,TERRITORIAL,Lombardia,BS,Lonato del Garda,Piazza Martiri della Libertà 1,,apcatbrescia@gmail.com,COORDINATION_INHERITED,339 3333119,,https://www.acatgardesana.it,,APCAT Brescia e Valle Camonica,85,,,e2104c8ac9544ca05fff9bf23926693b
SIC-N33DWA34-CM8PV5K7-X,ACAT Alto Varesotto,ACAT,TERRITORIAL_ASSOCIATION,Lombardia,VA,Luino,via B. Luini 16,,apcatvarese@libero.it,COORDINATION_INHERITED,340 388 4919,,,,APCAT Varese,85,,,5347a4b9e0fd3572d667413780c44c32
SIC-B8EEDFFR-SX6ZJY71-Z,CAT Furio Ercole Ferri Luino Uno,CAT,LOCAL_CLUB,Lombardia,VA,Luino,via B. Luini 16,,apcatvarese@libero.it,COORDINATION_INHERITED,348 283 8496,,,,APCAT Varese,10,,,d2c8262ca8fae8322b0e8255bd611b43
SIC-S3ZXYHY6-VWR2XCE3-3,CAT Madone,CAT,LOCAL_CLUB,Lombardia,BE,Madone,"Via Patrioti 7, Casa delle Associazioni",,info@arcatlombardia.it,COORDINATION_INHERITED,375 8876759,,https://www.arcatlombardia.it/CAT_Bergamo.html,Gianni Donadello,ARCAT Lombardia,11,Giovedì,20:30,d02b09f3477f4ff7fc82297100d9d5c9
SIC-XK872YY4-GDNKFPG1-D,ACAT Manerbio,ACAT,TERRITORIAL,Lombardia,BR,Manerbio,"Via Palestro 57, Centro Sociale",,ciscoroda@gmail.com,DIRECT,339 4602401,,https://www.arcatlombardia.it/CAT_Brescia.html,,ACAT Manerbio,85,,,c1397237f8a57edf0430036fa49403d7
SIC-TG848C41-R2XVZ930-B,CAT Manerbio 3,CAT,LOCAL_CLUB,Lombardia,BR,Manerbio,"Via Palestro 57, Centro Sociale",,arcat.lombardia@gmail.com,COORDINATION_INHERITED,02 8901234,,https://www.arcatlombardia.it/CAT_Brescia.html,Francesco Roda,ARCAT Lombardia,10,Mercoledì,21:00,0e9fb78bfc01e0736bfc9d5c7c4b2435
SIC-JKBB1DE6-GK14D6QB-B,CAT Mantova Amicizia,CAT,LOCAL_CLUB,Lombardia,MA,Mantova,"corso Vittorio Emanuele 146, Parrocchia Ognissanti",,arcat.lombardia@gmail.com,COORDINATION_INHERITED,340 736 2688,,,,ARCAT Lombardia,11,,,ff413d8f28ef81b5d252564380a5495e
SIC-HPH0QP1R-54RQ43QB-G,CAT Mantova Rivivere,CAT,LOCAL_CLUB,Lombardia,MA,Mantova,"via Facciotto 7, Circoscrizione sud",,arcat.lombardia@gmail.com,COORDINATION_INHERITED,348 722 8440,,,,ARCAT Lombardia,10,,,ceb727b32994d8c96991084b7114e404
SIC-F2GF8ZB8-KV6AW075-C,CAT Mantova Vivere Sano,CAT,LOCAL_CLUB,Lombardia,MA,Mantova,"via Ariosto 2, Valletta Valsecchi",,arcat.lombardia@gmail.com,COORDINATION_INHERITED,328 219 5650,,,,ARCAT Lombardia,12,,,a5a84c4ba70824caaae28dbc2e3b8cb3
SIC-H76TCZ73-ZX8ZCJNX-C,CAT Mede,CAT,LOCAL_CLUB,Lombardia,PV,Mede,"Via Cavour 3, Casa della Carità",,apcatpavia@gmail.com,COORDINATION_INHERITED,0382 301234,,,,APCAT Pavia e Oltrepò,11,,,89d96974ffd8a27bbe704c667b8edbfd
SIC-ID-7714FD8E40FF,ACAT Hudolin Milano,ACAT,TERRITORIAL,Lombardia,MI,Milano,Via Costalovara 1,,acat_milano@yahoo.it,DIRECT,335 7755355,,,,ACAT Hudolin Milano,85,,,e7d1db0847453113b84e1831db0a5df5
SIC-QCSYTM8V-BMDRP0KQ-F,ACAT Milano – ODV,ACAT,TERRITORIAL,Lombardia,MI,Milano,Via Costalovara 1,,acat_milano@yahoo.it,DIRECT,335 7755355,,https://www.acatmilano.org,,ACAT Milano – ODV,85,,,5a0d4976f498e98b18062de2ab058dc3
SIC-GC717NAW-MK9HJD65-Q,CAT 8 - Ginkgo,CAT,LOCAL_CLUB,Lombardia,MI,Milano,"Via Lattanzio 58, Parrocchia San Pio V",,apcatmilano@virgilio.it,COORDINATION_INHERITED,02 76001234,,https://www.arcatlombardia.it/CAT_Milano.html,Stefano Fasola,APCAT Milano Città Metropolitana,11,Giovedì,20:30,1c72d0036d5e747a2a00b8c4190294c2
SIC-D38Q13Y1-BTJ63W7J-9,CAT Milano 1,CAT,LOCAL_CLUB,Lombardia,MI,Milano,"Via De Martino 2, Oratorio S. Dionigi",,apcatmilano@virgilio.it,COORDINATION_INHERITED,02 76001234,,https://www.arcatlombardia.it/CAT_Milano.html,Mariangela Terzi,APCAT Milano Città Metropolitana,12,Giovedì,21:00,e77ce5a8c19f5b02a3acb597e1da3a08
SIC-Z4RC9YEY-S86WX280-7,CAT Milano 2 - Acqua in Circolo,CAT,LOCAL_CLUB,Lombardia,MI,Milano,"Via degli Anemoni 6, IPR",,apcatmilano@virgilio.it,COORDINATION_INHERITED,02 76001234,,https://www.arcatlombardia.it/CAT_Milano.html,Guido Riva,APCAT Milano Città Metropolitana,12,Martedì,21:00,2bc21478f62596ce5b864322d90e1f05
SIC-KABB4QJY-8ZK1P2DB-X,CAT Milano 3 - La Maria,CAT,LOCAL_CLUB,Lombardia,MI,Milano,"Via Tamigi 7, VSP",,apcatmilano@virgilio.it,COORDINATION_INHERITED,02 76001234,,https://www.arcatlombardia.it/CAT_Milano.html,Paola Muratore,APCAT Milano Città Metropolitana,10,Martedì,21:00,e450d3e57944cef22ad1513fa4219955
SIC-MYDTZHAZ-KP7D7S0K-0,CAT Milano 4 - Le rose che sbocciano,CAT,LOCAL_CLUB,Lombardia,MI,Milano,"Via Antonino Bezzola 5, Parrocchia Sant'Elena",,apcatmilano@virgilio.it,COORDINATION_INHERITED,02 76001234,,https://www.arcatlombardia.it/CAT_Milano.html,Luciana Marzio,APCAT Milano Città Metropolitana,12,Giovedì,20:30,0ca0c97c6d0957c1848da37094062e48
SIC-QJF5CNJX-CHSV28VD-1,CAT Milano 5 - Della Rinascita,CAT,LOCAL_CLUB,Lombardia,MI,Milano,"Via Duprè 19, Istituto San Gaetano",,apcatmilano@virgilio.it,COORDINATION_INHERITED,02 76001234,,https://www.arcatlombardia.it/CAT_Milano.html,Angela Ferraro,APCAT Milano Città Metropolitana,12,Martedì,21:00,e2a169eb044a777b93f6dfdbbad6959f
SIC-HCF3YEV6-H33P1VH2-D,CAT Milano 6 - La Fenice,CAT,LOCAL_CLUB,Lombardia,MI,Milano,"Via Marsala 10, Casa delle Associazioni",,apcatmilano@virgilio.it,COORDINATION_INHERITED,02 76001234,,https://www.arcatlombardia.it/CAT_Milano.html,Guido Riva,APCAT Milano Città Metropolitana,11,Giovedì,21:00,154b38c0c072718d1f41d53d66a2fa78
SIC-72M3XPQN-CGPC3RRR-Q,CAT Milano 7 - Ampère,CAT,LOCAL_CLUB,Lombardia,MI,Milano,"Via Ampère 75, Oratorio San Luca",,apcatmilano@virgilio.it,COORDINATION_INHERITED,02 76001234,,https://www.arcatlombardia.it/CAT_Milano.html,Luca Secco,APCAT Milano Città Metropolitana,10,Giovedì,20:30,e8bec1e0a5a126ea01c48a583b4a8936
SIC-BFD97KB6-0KXJ1246-N,CAT Montichiari - Il Germoglio,CAT,LOCAL_CLUB,Lombardia,BR,Montichiari,"Via Trieste 26, Casa delle Associazioni",,arcat.lombardia@gmail.com,COORDINATION_INHERITED,02 8901234,,https://www.arcatlombardia.it/CAT_Brescia.html,Claudio Ermini,ARCAT Lombardia,12,Mercoledì,20:30,2a5553f0d270d4c81d6a51a05830296f
SIC-DR8X982Z-E7T5YCRY-T,CAT Monzambano Anemone,CAT,LOCAL_CLUB,Lombardia,MA,Monzambano,"via Umberto I, Sala Civica",,arcat.lombardia@gmail.com,COORDINATION_INHERITED,320 035 6230,,,,ARCAT Lombardia,11,,,6dd88de552ce8056ea1547f292210d31
SIC-YX1J1XJM-5C94G60F-2,CAT Oggiono,CAT,LOCAL_CLUB,Lombardia,LE,Oggiono,"via Lazzaretto 44, Centro Diurno Anziani",,cat.oggiono@gmail.com,DIRECT,377 123 4624,,,,CAT Oggiono,11,,,a492c129977e6b1eec60dadd61e9eed4
SIC-61P1PVJ5-RCVRFEES-F,ACAT Arcobaleno,ACAT,TERRITORIAL,Lombardia,BE,Osio Sotto,Via Libertà 40,,acatarcobaleno@virgilio.it,DIRECT,351 8282923,,https://www.arcatlombardia.it/CAT_Bergamo.html,,ACAT Arcobaleno,85,,,6038be972b652731832106c93013d26a
SIC-DFV6DW0S-V19AZFES-X,CAT Osio Sotto 1,CAT,LOCAL_CLUB,Lombardia,BE,Osio Sotto,"Via Libertà 45, Centro Sociale Mons. Barbisotti",,info@arcatlombardia.it,COORDINATION_INHERITED,375 8876759,,https://www.arcatlombardia.it/CAT_Bergamo.html,Marco Malaguti,ARCAT Lombardia,10,Martedì,20:30,8c006cc7bd3350a54e1bb3dd82338c59
SIC-QGPBVS9C-RWWYS2Y4-0,CAT Osio Sotto 3,CAT,LOCAL_CLUB,Lombardia,BE,Osio Sotto,"Via Libertà 45, Centro Mons. Barbisotti",,info@arcatlombardia.it,COORDINATION_INHERITED,375 8876759,,https://www.arcatlombardia.it/CAT_Bergamo.html,Luca Langé,ARCAT Lombardia,12,Lunedì,20:30,e1fd6b00d03f0c974d8210436b35be2e
SIC-NJH2P9W0-2GCKZB1W-8,CAT Il Cigno,CAT,LOCAL_CLUB,Lombardia,BS,Ospitaletto,Via Martiri della Libertà 40,,apcatbrescia@gmail.com,COORDINATION_INHERITED,030 3751234,,,,APCAT Brescia e Valle Camonica,12,,,88598b413e63162fcd264225ddf05eae
SIC-7QK8R6P2-2SBHRZV6-8,CAT La Farfalla,CAT,LOCAL_CLUB,Lombardia,BR,Paitone,"Via Beschi 18, Centro Sociale",,arcat.lombardia@gmail.com,COORDINATION_INHERITED,02 8901234,,https://www.arcatlombardia.it/CAT_Brescia.html,Antonella Bonizzoli,ARCAT Lombardia,11,Mercoledì,20:00,0fbc61eeff524ec1867ae7a7a9b6ee13
SIC-0TFWDMT8-JBBSXAEG-X,ACAT Pavia,ACAT,TERRITORIAL,Lombardia,PV,Pavia,Via dei Liguri 34,,apcatpavia@gmail.com,COORDINATION_INHERITED,0382 301234,,,,APCAT Pavia e Oltrepò,85,,,7d5346f4d51cc752612d5f25867f23b3
SIC-6GK7YTZS-VXSQV745-Y,"CAT 7 ""Mimosa""",CAT,LOCAL_CLUB,Lombardia,PV,Pavia,"Via S. Lanfranco, Casa parrocchiale",,apcatpavia@gmail.com,COORDINATION_INHERITED,0382 301234,,,,APCAT Pavia e Oltrepò,11,,,99f4b56ee984d67452f3311f7c706dfe
SIC-WZYB7MR2-9BT6HH50-7,CAT Sorisole-Petosino-Azzonica,CAT,LOCAL_CLUB,Lombardia,BE,Petosino,"Via Martiri della Libertà 57, Centro Civico",,info@arcatlombardia.it,COORDINATION_INHERITED,375 8876759,,https://www.arcatlombardia.it/CAT_Bergamo.html,Norma Milesi,ARCAT Lombardia,12,Mercoledì,20:30,90f99d12e698ca7ed5a98080496a6d25
SIC-8TNKTP4F-W7NNFB5F-C,CAT Pieve Emanuele,CAT,LOCAL_CLUB,Lombardia,MI,Pieve Emanuele,Via Vivaldi 2,,apcatmilano@virgilio.it,COORDINATION_INHERITED,02 76001234,,,,APCAT Milano Città Metropolitana,12,,,a605dbb5e234edce0e4537692a93a0e5
SIC-XF31DAR6-NZD208XY-C,CAT Berbenno,CAT,LOCAL_CLUB,Lombardia,BE,Ponte Giurino,"Via Stoppani 2/g, Sala Comunale",,info@arcatlombardia.it,COORDINATION_INHERITED,375 8876759,,https://www.arcatlombardia.it/CAT_Bergamo.html,Agostino Goisis,ARCAT Lombardia,12,Giovedì,20:30,3ae9825a9c789cf0ddec8ae76fceefe6
SIC-JAFJGWVC-KKRS16GM-Z,CAT Ponte S. Pietro,CAT,LOCAL_CLUB,Lombardia,BE,Ponte San Pietro,"Via Legionari di Polonia 5, Centro UFO",,info@arcatlombardia.it,COORDINATION_INHERITED,375 8876759,,https://www.arcatlombardia.it/CAT_Bergamo.html,Immacolata Petra,ARCAT Lombardia,10,Mercoledì,20:30,5e5f71dbbd5e787a601aa4df07455d91
SIC-VWY7ERZV-XPHS689T-9,CAT Una Porta Aperta,CAT,LOCAL_CLUB,Lombardia,BS,Pontevico,Piazzetta del Comune 2,,apcatbrescia@gmail.com,COORDINATION_INHERITED,030 3751234,,,,APCAT Brescia e Valle Camonica,10,,,f1f7518ceb311800cb9254a61a993b50
SIC-MPGVRFTK-DJC3QPPH-0,CAT Ponti sul Mincio Mincio,CAT,LOCAL_CLUB,Lombardia,MA,Ponti sul Mincio,Biblioteca Comunale,,arcat.lombardia@gmail.com,COORDINATION_INHERITED,348 629 9448,,,,ARCAT Lombardia,12,,,439140169071c3020821eaa6178ffe2b
SIC-0ETW9KZ0-4TJ55Y5D-C,CAT 10 - Aurora,CAT,LOCAL_CLUB,Lombardia,BE,Pradalunga,"Via Aldo Moro 12, Centro Sociale",,info@arcatlombardia.it,COORDINATION_INHERITED,375 8876759,,https://www.arcatlombardia.it/CAT_Bergamo.html,Raffaella Abate,ARCAT Lombardia,12,Mercoledì,20:30,7bc958a85e0bca85e6be95ed5c1624bd
SIC-H8JBH4D8-VY00PXG2-4,CAT Azzurro,CAT,LOCAL_CLUB,Lombardia,BR,Prevalle,"Via Morani 9, Municipio",,arcat.lombardia@gmail.com,COORDINATION_INHERITED,02 8901234,,https://www.arcatlombardia.it/CAT_Brescia.html,Elvira Averoldi,ARCAT Lombardia,12,Mercoledì,20:00,c3e1edaeab4947adeea1a76e7482061c
SIC-YKBEMYG1-J8RMGZTP-R,CAT Roverbella Fiori di Pesco,CAT,LOCAL_CLUB,Lombardia,MA,Roverbella,"via dell Artigianato 25, AUSER",,arcat.lombardia@gmail.com,COORDINATION_INHERITED,347 276 3775,,,,ARCAT Lombardia,12,,,ef6bf5333a1cf4f6fff3fb95683cd2dc
SIC-T5WF7RWP-YSAEMNCF-1,ACAT Vallesabbia,ACAT,TERRITORIAL,Lombardia,BR,Roè Volciano,Via Luigi Ragazzo 21,,acatvallesabbia.info@yahoo.it,DIRECT,349 7421258,,https://www.arcatlombardia.it/CAT_Brescia.html,,ACAT Vallesabbia,85,,,0f1b08ab1275bc35ee6f24414e652284
SIC-X8BNRPBC-MNNC28X1-R,CAT La Vetta,CAT,LOCAL_CLUB,Lombardia,BR,Roè Volciano,Via Luigi Ragazzo 21,,arcat.lombardia@gmail.com,COORDINATION_INHERITED,02 8901234,,https://www.arcatlombardia.it/CAT_Brescia.html,Mariangela Susio,ARCAT Lombardia,12,Martedì,20:00,2bb004258e36a522f65cf3a0e860f83e
SIC-E9SPDP69-RZXWGV9A-Q,CAT Il Girasole,CAT,LOCAL_CLUB,Lombardia,BR,Salò,Via Ponte Vecchio 6,,arcat.lombardia@gmail.com,COORDINATION_INHERITED,02 8901234,,https://www.arcatlombardia.it/CAT_Brescia.html,Marisa Garosi,ARCAT Lombardia,10,Martedì,20:00,ba4daba0b37a56e866e2ed0865c16c68
SIC-EAKN89X9-MA9R8QWX-7,CAT San Giorgio Gabbiano azzurro,CAT,LOCAL_CLUB,Lombardia,MA,San Giorgio,"via Frida Kahlo 40, Centro Culturale",,arcat.lombardia@gmail.com,COORDINATION_INHERITED,349 675 9528,,,,ARCAT Lombardia,12,,,e97a9f0051de971c21c52b632c6d84a9
SIC-ZNT1KEC6-QVT1AYCW-X,CAT San Silvestro Cristiana2,CAT,LOCAL_CLUB,Lombardia,MA,San Silvestro,"via Martiri di Belfiore 1, Sala Civica",,arcat.lombardia@gmail.com,COORDINATION_INHERITED,333 315 2097,,,,ARCAT Lombardia,12,,,bcee75c1d462471906ff851ff0d31612
SIC-PHVP25E8-ES22ZVT0-Y,ACAT Sondrio,ACAT,TERRITORIAL_ASSOCIATION,Lombardia,SO,Sondrio,,,arcat.lombardia@gmail.com,COORDINATION_INHERITED,339 127 1528,,,,ARCAT Lombardia,85,,,f5de77ba157d1acc615973e1ee8cc49b
SIC-BQHHCRMH-211GYS9S-B,CAT Sondrio Excelsior,CAT,LOCAL_CLUB,Lombardia,SO,Sondrio,"via Angelo Custode 5, Il Villaggio",,arcat.lombardia@gmail.com,COORDINATION_INHERITED,339 127 1528,,,,ARCAT Lombardia,11,,,43703554d37f0638d0ce5d8060e90302
SIC-13GGS6NC-WVK98CPQ-S,CAT Sondrio Stella,CAT,LOCAL_CLUB,Lombardia,SO,Sondrio,"via Quadrio, Parrocchia del Rosario",,arcat.lombardia@gmail.com,COORDINATION_INHERITED,338 763 1179,,,,ARCAT Lombardia,10,,,e4a320bcf437a5e5cb9920bca26bbc30
SIC-M8NKG9V4-95DHVJT3-R,CAT Soresina,CAT,LOCAL_CLUB,Lombardia,CR,Soresina,"via Don Bosco 7, Oratorio Sirino",,apcatcremona@gmail.com,COORDINATION_INHERITED,334 803 6655,,,,APCAT Cremona e Crema,12,,,acff847154e9fd9f52f1c33f12051178
SIC-CQXXGHP8-NHFQAT43-N,CAT Stezzano,CAT,LOCAL_CLUB,Lombardia,BE,Stezzano,"Via Mascagni 13, Centro Cascinetto",,info@arcatlombardia.it,COORDINATION_INHERITED,375 8876759,,https://www.arcatlombardia.it/CAT_Bergamo.html,Luigi Pesenti,ARCAT Lombardia,12,Lunedì,20:30,ece5ea8a3cf516cad1fbeb9147ede3f0
SIC-CKGFWDZZ-1AC9N6KG-3,CAT Arcobaleno,CAT,LOCAL_CLUB,Lombardia,PV,Stradella,Via Montebello 27,,apcatpavia@gmail.com,COORDINATION_INHERITED,0382 301234,,,,APCAT Pavia e Oltrepò,11,,,c323cb0bc56adea6ff61522c05752206
SIC-ZJ8C8RFB-JGV8K967-7,CAT Suzzara Magnolia Fiorita,CAT,LOCAL_CLUB,Lombardia,MA,Suzzara,"viale Libertà 32, Centro Sociale",,arcat.lombardia@gmail.com,COORDINATION_INHERITED,348 545 3752,,,,ARCAT Lombardia,10,,,31105360e62c96da1d465b1abd70dc1a
SIC-HY5B4MH3-2VQPJ6H8-Q,ACAT Como,ACAT,TERRITORIAL_ASSOCIATION,Lombardia,CO,Tavernerio,via Santa Brigida 4,,cirilloangelo67@gmail.com,DIRECT,331 549 0142,,,,ACAT Como,85,,,1a592071141f5e551d46b6889580aae2
SIC-82EBJ0WA-SM0DWGBX-F,CAT Telgate,CAT,LOCAL_CLUB,Lombardia,BE,Telgate,"Piazza Vittorio Veneto 42, Municipio",,info@arcatlombardia.it,COORDINATION_INHERITED,375 8876759,,https://www.arcatlombardia.it/CAT_Bergamo.html,Emilio Forlani,ARCAT Lombardia,12,Giovedì,20:30,17fe5aa0d27eb1724a4984f02a25085e
SIC-QG77K2H4-K86H29DZ-Q,ACAT Isola Bergamasca,ACAT,TERRITORIAL,Lombardia,BG,Terno d'Isola,Via G. Bravi 16,,acatisolabergamasca@libero.it,DIRECT,328 3071891,,https://acatisolabergamasca.org,,ACAT Isola Bergamasca,85,,,c6119c2996a76caf917a916a5ad99edd
SIC-35TNEBRE-4WRHTC4G-7,CAT Terno d'Isola 1,CAT,LOCAL_CLUB,Lombardia,BE,Terno d'Isola,"Via G. Bravi 15, ex Scuole Elementari",,info@arcatlombardia.it,COORDINATION_INHERITED,375 8876759,,https://www.arcatlombardia.it/CAT_Bergamo.html,Iolanda Fusi,ARCAT Lombardia,10,Sabato,15:00,6ba96ff99c43ebdaeefa55916980ccc5
SIC-VZW9K4S8-76N5YEM2-G,CAT Terno d'Isola 2,CAT,LOCAL_CLUB,Lombardia,BE,Terno d'Isola,"Via G. Bravi 15, ex Scuole Elementari",,info@arcatlombardia.it,COORDINATION_INHERITED,375 8876759,,https://www.arcatlombardia.it/CAT_Bergamo.html,Iolanda Fusi,ARCAT Lombardia,11,Mercoledì,20:30,3d9796fe3dddfc7257ccce1c8edb64ec
SIC-J7W09KHH-RC89M5X4-K,CAT Terno d'Isola 3,CAT,LOCAL_CLUB,Lombardia,BE,Terno d'Isola,"Via G. Bravi 15, ex Scuole Elementari",,info@arcatlombardia.it,COORDINATION_INHERITED,375 8876759,,https://www.arcatlombardia.it/CAT_Bergamo.html,Nicola Votino,ARCAT Lombardia,11,Martedì,20:30,b15575184ed4be1140dd08a75fc772c5
SIC-X9CQ00H3-20GSDK86-J,CAT Bergamo 8 - Torre Boldone,CAT,LOCAL_CLUB,Lombardia,BE,Torre Boldone,"Piazza Mercato, Centro polivalente",,info@arcatlombardia.it,COORDINATION_INHERITED,375 8876759,,https://www.arcatlombardia.it/CAT_Bergamo.html,Paolo Carrara,ARCAT Lombardia,12,Giovedì,20:30,598274578e199618744b9e431ef5242e
SIC-3J001BFC-JQ787EMH-8,"CAT 2 ""Melograno""",CAT,LOCAL_CLUB,Lombardia,PV,Torre d'Isola,"Via De Paoli, Oratorio Don Bosco",,apcatpavia@gmail.com,COORDINATION_INHERITED,0382 301234,,,,APCAT Pavia e Oltrepò,10,,,b621fc019d0dd19ef2cdb8e55adf8b8e
SIC-J68AH3EV-2461M2VT-G,"CAT 5 ""Iris""",CAT,LOCAL_CLUB,Lombardia,PV,Travacò Siccomario,Via A. Gramsci 5,,apcatpavia@gmail.com,COORDINATION_INHERITED,0382 301234,,,,APCAT Pavia e Oltrepò,10,,,3327bd3ef83e8e521a659d32ffc1c0ce
SIC-8HPRSYYE-NB1T7G7Z-F,CAT Trescore Balneario,CAT,LOCAL_CLUB,Lombardia,BE,Trescore Balneario,Oratorio,,info@arcatlombardia.it,COORDINATION_INHERITED,375 8876759,,https://www.arcatlombardia.it/CAT_Bergamo.html,Massimo Benagli,ARCAT Lombardia,11,Lunedì,20:30,577c92e9a381d909b9ad9e8aa9e478a8
SIC-VPR9BVK4-E1WDPVT8-M,CAT Rinascita 2,CAT,LOCAL_CLUB,Lombardia,BS,Verolavecchia,Piazza Giuseppe Verdi,,apcatbrescia@gmail.com,COORDINATION_INHERITED,030 3751234,,,,APCAT Brescia e Valle Camonica,10,,,e11de915336ede003c48ac235ff310e3
SIC-B7G36G01-HAEXAPT1-7,CAT 3 - Il Cammino,CAT,LOCAL_CLUB,Lombardia,BE,Vertova,"Via Convento, ex Convento",,info@arcatlombardia.it,COORDINATION_INHERITED,375 8876759,,https://www.arcatlombardia.it/CAT_Bergamo.html,Maurizio Bertocchi,ARCAT Lombardia,12,Lunedì,20:30,c2e42cb9d6c51108c4cc560e3e440841
SIC-RQNW9N22-9AX4NVBC-0,CAT Speranza,CAT,LOCAL_CLUB,Lombardia,CR,Vescovato,"via Garibaldi 99, Cremona Soccorso",,apcatcremona@gmail.com,COORDINATION_INHERITED,335 807 9564,,,,APCAT Cremona e Crema,12,,,c35d3e2b25880e3ae2671d74b4a1c2e7
SIC-PZ5ZBZQD-A0S04SHY-4,CAT Orizzonte,CAT,LOCAL_CLUB,Lombardia,BR,Vestone,"Via Pialorsi 14, saletta conferenze",,arcat.lombardia@gmail.com,COORDINATION_INHERITED,02 8901234,,https://www.arcatlombardia.it/CAT_Brescia.html,Mariangela Susio,ARCAT Lombardia,10,Lunedì,20:00,33c1be5023732eb82722a47c64ce0d73
SIC-3RSDV7AM-VCGEDMYW-H,CAT Viadana Solidarietà e Speranza,CAT,LOCAL_CLUB,Lombardia,MA,Viadana,,,arcat.lombardia@gmail.com,COORDINATION_INHERITED,340 351 5125,,,,ARCAT Lombardia,12,,,2ca8753c8783b15943969db6e535370a
SIC-B97Y4XYJ-7WYGCJSK-D,ACAT Parco dei Colli,ACAT,TERRITORIAL,Lombardia,BE,Villa d'Almè,"Via Locatelli, Municipio",,acat.parcodeicolli@libero.it,DIRECT,340 2716420,,https://www.arcatlombardia.it/CAT_Bergamo.html,,ACAT Parco dei Colli,85,,,bafc8f6d06314a1a46b4e308f22b5146
SIC-VCW9B4MD-RDQ2QAZS-M,CAT Villa d'Almè 1,CAT,LOCAL_CLUB,Lombardia,BE,Villa d'Almè,"Passaggio del Borgo, Sala Polifunzionale",,info@arcatlombardia.it,COORDINATION_INHERITED,375 8876759,,https://www.arcatlombardia.it/CAT_Bergamo.html,Donatella Consonni,ARCAT Lombardia,12,Mercoledì,17:30,b5467972638c27d84fda2eebe2ab1b0a
SIC-F0JMH45X-2TPDR59P-Y,CAT Villa d'Almè 2,CAT,LOCAL_CLUB,Lombardia,BE,Villa d'Almè,"Passaggio del Borgo, Sala Polifunzionale",,info@arcatlombardia.it,COORDINATION_INHERITED,375 8876759,,https://www.arcatlombardia.it/CAT_Bergamo.html,Roberto Fumagalli,ARCAT Lombardia,11,Lunedì,20:30,af5196e621060ad984a027ad8a8a98bc
SIC-98ZR025Y-X1V5JHZX-Y,CAT Arcobaleno,CAT,LOCAL_CLUB,Lombardia,BR,Vobarno,Largo Donatori di Sangue,,arcat.lombardia@gmail.com,COORDINATION_INHERITED,02 8901234,,https://www.arcatlombardia.it/CAT_Brescia.html,Federica Federici,ARCAT Lombardia,11,Martedì,20:00,e08ced109923422e13be6289b906b22a
SIC-T1QMJ0KB-XQAX9X0F-P,CAT La Goccia,CAT,LOCAL_CLUB,Lombardia,BR,Vobarno,Largo Donatori di Sangue,,arcat.lombardia@gmail.com,COORDINATION_INHERITED,02 8901234,,https://www.arcatlombardia.it/CAT_Brescia.html,Marilve Caccin,ARCAT Lombardia,10,Lunedì,20:30,b41500dc2cacf8c373c05526c40732fd
SIC-3X81CBQ6-2R6JZQDD-0,CAT Voghera,CAT,LOCAL_CLUB,Lombardia,PV,Voghera,"Piazza Meardi 2, Sala Zonca",,apcatpavia@gmail.com,COORDINATION_INHERITED,0382 301234,,,,APCAT Pavia e Oltrepò,12,,,3485a216acd833c3c6a4f120f25b038f
SIC-ACHD21YD-HZ2D2Q30-Q,CAT Zanica,CAT,LOCAL_CLUB,Lombardia,BE,Zanica,"Piazza Repubblica, Centro Socio Culturale",,info@arcatlombardia.it,COORDINATION_INHERITED,375 8876759,,https://www.arcatlombardia.it/CAT_Bergamo.html,Gabriella Bonalumi,ARCAT Lombardia,10,Lunedì,20:30,f092f8cf6aeb33a7771b25dc270ec9c5
SIC-WZH7Z5ZH-9NH5S5X3-6,Ce La Faremo,CAT,LOCAL_CLUB,Marche,PE,Cagli,Via Lapis 8,,apcatpescara@gmail.com,COORDINATION_INHERITED,3387132923,,https://www.arcatmarche.it/dove-siamo/,Michele Parisi,APCAT Pescara e Chieti,11,Giovedì,17:30,261541007f6a481d33f25211012dd856
SIC-CAT-MARCHE-231372,Club CAT Ce la faremo,CAT,LOCAL_CLUB,Marche,PU,Cagli,"Via Lapis, 8",,arcatmarche@libero.it,DIRECT,349 7656452,,https://www.arcatmarche.it,,Club CAT Ce la faremo,10,,,8ceeeba5922c8b50b117d6df6d668741
SIC-JQ09PERZ-53Q5953G-1,ARCAT Marche ETS-ODV,ARCAT,REGIONAL,Marche,FM,Campofilone,"C.da Montecamauro, 6",,arcatmarche@libero.it,DIRECT,349 7656452,,,,ARCAT Marche ETS-ODV,650,,,a82bfa6c7bafb0096557e1d5bb673c1d
SIC-CAT-MARCHE-947747,Club CAT L'Orizzonte,CAT,LOCAL_CLUB,Marche,FM,Campofilone,"Corso G. Marconi, 25 (c/o Teatro Comunale)",,arcatmarche@libero.it,DIRECT,349 7656452,,https://www.arcatmarche.it,,Club CAT L'Orizzonte,12,,,65a7281aa1a62249d83d2a6c076ab2f1
SIC-V2C4AWEX-GH97X4YH-H,L'Orizzonte,CAT,LOCAL_CLUB,Marche,FE,Campofilone,"Corso G. Marconi 25, Teatro Comunale",,amadio2004@libero.it,DIRECT,3450709840,,https://www.arcatmarche.it/dove-siamo/,Mara Malloni,L'Orizzonte,12,,,4adebc21c1dafc6b3dc72becabc3a238
SIC-CAT-MARCHE-168833,Club CAT Vladimir Hudolin,CAT,LOCAL_CLUB,Marche,AP,Centobuchi di Monteprandone,"Via San Giacomo, 107 (c/o Centro Culturale Pacetti)",,arcatmarche@libero.it,DIRECT,800 075009,,https://www.arcatmarche.it,,Club CAT Vladimir Hudolin,12,,,23795f7cf5bdd6e6152f913431f5f068
SIC-9B4RB3R0-8JQ038Y0-E,Vladimir Hudolin,CAT,LOCAL_CLUB,Marche,AS,Centobuchi di Monteprandone,"Via San Giacomo 107, Centro culturale Pacetti",,marco.castorani8@gmail.com,DIRECT,3452260282,,https://www.arcatmarche.it/dove-siamo/,Marco Castorani,Vladimir Hudolin,10,,,9ed3f24388522cfc8256c97f0e7dae79
SIC-4D8RFG4J-QDA6J172-A,Ad Maiora,CAT,LOCAL_CLUB,Marche,MA,Civitanova Marche,Via Crivelli 19,,rosyeglauco@libero.it,DIRECT,3388771873,,https://www.arcatmarche.it/dove-siamo/,Glauco Scatasta,Ad Maiora,12,,,7fd8e9147a60f79f84a9af02dd5343ad
SIC-CAT-MARCHE-786956,Club CAT Ad Maiora,CAT,LOCAL_CLUB,Marche,MC,Civitanova Marche,"Via Crivelli, 19",,arcatmarche@libero.it,DIRECT,349 7656452,,https://www.arcatmarche.it,,Club CAT Ad Maiora,11,,,349bb7cb415be05293caf062e2b4375f
SIC-Y9D81JA7-NGE9MS18-7,Arcobaleno,CAT,LOCAL_CLUB,Marche,FE,Fermo,Via Migliorati 2,,rosyeglauco@libero.it,DIRECT,3408200491 / 3388771873,,https://www.arcatmarche.it/dove-siamo/,Glauco Scatasta,Arcobaleno,12,,,e9ab42b84dc272e05b4eef637dda7570
SIC-CAT-MARCHE-267626,Club CAT Arcobaleno,CAT,LOCAL_CLUB,Marche,FM,Fermo,"Via Migliorati, 2",,arcatmarche@libero.it,DIRECT,349 7656452,,https://www.arcatmarche.it,,Club CAT Arcobaleno,12,,,789fa58f490c32f2b5f0b7be209d6ec8
SIC-CAT-MARCHE-291750,Club CAT L'Astro Nascente,CAT,LOCAL_CLUB,Marche,FM,Fermo,"C.da Girola Valtenna, 58 (c/o Centro Sociale Molini Girola)",,arcatmarche@libero.it,DIRECT,349 7656452,,https://www.arcatmarche.it,,Club CAT L'Astro Nascente,10,,,a982a2b2b334cc3c357d8b8d68f5d9cf
SIC-ZSKCQ20T-GQZTDVX7-H,L'Astro Nascente,CAT,LOCAL_CLUB,Marche,FE,Fermo,"C.da Girola Valtenna 58, centro sociale Molini Girola",,elilia@hotmail.it,DIRECT,3335745867,,https://www.arcatmarche.it/dove-siamo/,Elilia Santarelli,L'Astro Nascente,11,,,ace50372eb563cf107941bb238966d8b
SIC-CAT-MARCHE-042108,Club CAT La Rondine,CAT,LOCAL_CLUB,Marche,FM,Marina di Altidona,"Via Leonardo da Vinci, 10",,arcatmarche@libero.it,DIRECT,349 7656452,,https://www.arcatmarche.it,,Club CAT La Rondine,10,,,81de9f6326f006bfe6a4fbf08a9cc231
SIC-5YVBX06D-1PPYW0P3-Q,La Rondine,CAT,LOCAL_CLUB,Marche,FE,Marina di Altidona,Via Leonardo da Vinci 10,,amadio2004@libero.it,DIRECT,3497656452,,https://www.arcatmarche.it/dove-siamo/,Roberto Amadio,La Rondine,10,,,d0a4a2ce4223ed7bfc4deba539fc9813
SIC-CAT-MARCHE-665952,Club CAT Unica Stella,CAT,LOCAL_CLUB,Marche,FM,Monte Urano,"Via Monte Grappa, 43",,arcatmarche@libero.it,DIRECT,349 7656452,,https://www.arcatmarche.it,,Club CAT Unica Stella,11,,,34bb4c2648c91fdac7539a94c933396a
SIC-BZSX8TAZ-TDFQSXBT-P,Unica Stella,CAT,LOCAL_CLUB,Marche,FE,Monte Urano,Via Monte Grappa 43,,luisantonietta@yahoo.it,DIRECT,335343886,,https://www.arcatmarche.it/dove-siamo/,Luisa Mandolesi,Unica Stella,11,,,e7b2e043a0ad41d3359aec85468a9659
SIC-CAT-MARCHE-964216,Club CAT Insieme,CAT,LOCAL_CLUB,Marche,FM,Porto San Giorgio,"Via D. Silenzi, 10 (c/o Centro Sportivo Don Bosco)",,arcatmarche@libero.it,DIRECT,349 7656452,,https://www.arcatmarche.it,,Club CAT Insieme,11,,,0d8a6e28a12755a8017e7826a5a7cecf
SIC-CAT-MARCHE-010541,Club CAT L'Ancora,CAT,LOCAL_CLUB,Marche,FM,Porto San Giorgio,"Via D. Silenzi, 10 (c/o Centro Sportivo Don Bosco)",,arcatmarche@libero.it,DIRECT,349 7656452,,https://www.arcatmarche.it,,Club CAT L'Ancora,10,,,4f577af3850f837bdf74a89d78d63618
SIC-TVA7ZDHS-SJYHB3ZC-K,Insieme,CAT,LOCAL_CLUB,Marche,FE,Porto San Giorgio,"Via D. Silenzi 10, centro sportivo Don Bosco",,urbanistefano1952@libero.it,DIRECT,3471862122,,https://www.arcatmarche.it/dove-siamo/,Stefano Urbani,Insieme,10,,,cf944808beefce7b5ba6958dac72bc73
SIC-8T4VCHYW-67WGCBKA-8,L'Ancora,CAT,LOCAL_CLUB,Marche,FE,Porto San Giorgio,"Via D. Silenzi 10, centro sportivo Don Bosco",,luiginazazio@hotmail.com,DIRECT,3487290866,,https://www.arcatmarche.it/dove-siamo/,Luigina Zazio,L'Ancora,10,,,1c3ca1e1a049f6bc6b7ed6108fd05447
SIC-CAT-MARCHE-205196,Club CAT Pegasus,CAT,LOCAL_CLUB,Marche,AP,Porto d'Ascoli,"Via Gronchi, 17",,arcatmarche@libero.it,DIRECT,800 075009,,https://www.arcatmarche.it,,Club CAT Pegasus,12,,,b63e374b9eb4b89409623ff69cbffa4c
SIC-SG48SH8T-PC77PPQP-F,Pegasus,CAT,LOCAL_CLUB,Marche,AS,Porto d'Ascoli,Via Gronchi 17,,arcatmarche@gmail.com,COORDINATION_INHERITED,3402290219,,https://www.arcatmarche.it/dove-siamo/,Angelo Coccia,ARCAT Marche,10,,,efc340a55367a9eb4730d45570c1e890
SIC-CAT-MARCHE-244001,Club CAT Il Faro,CAT,LOCAL_CLUB,Marche,AP,San Benedetto del Tronto,Piazza San Filippo Neri (c/o Parrocchia S. Filippo Neri),,arcatmarche@libero.it,DIRECT,800 075009,,https://www.arcatmarche.it,,Club CAT Il Faro,12,,,a9316871f122bebabf18c65da2adc5c4
SIC-CAT-MARCHE-088445,Club CAT Le Palme,CAT,LOCAL_CLUB,Marche,AP,San Benedetto del Tronto,"Via Manzoni, 36 (c/o Servizio Risposte Alcologiche)",,arcatmarche@libero.it,DIRECT,800 075009,,https://www.arcatmarche.it,,Club CAT Le Palme,12,,,7931e3f3dfd7c947cd5092449fce8b3e
SIC-0VKKQVM6-CZH1W15P-K,Il Faro,CAT,LOCAL_CLUB,Marche,AS,San Benedetto del Tronto,"Piazza San Filippo Neri, Parrocchia San Filippo Neri",,56renziero@gmail.com,DIRECT,3397948429,,https://www.arcatmarche.it/dove-siamo/,Renziero Papetti,Il Faro,11,,,ea4b73a17924419f0be5ced836f058cb
SIC-QW9K2HHF-1CKTM4TV-Y,Le Palme,CAT,LOCAL_CLUB,Marche,AS,San Benedetto del Tronto,"Via Manzoni 36, Servizio Risposte Alcologiche",,sabvici@libero.it,DIRECT,3337754541,,https://www.arcatmarche.it/dove-siamo/,Sabrina Vici,Le Palme,11,,,5de859a820180222f4cd2c869e864e1b
SIC-CAT-MARCHE-221817,Club CAT L'Incontro,CAT,LOCAL_CLUB,Marche,PU,Urbania,"Via Roma, 54",,arcatmarche@libero.it,DIRECT,349 7656452,,https://www.arcatmarche.it,,Club CAT L'Incontro,10,,,90b9847da28f127be0d5e36b7969af51
SIC-7MKM7WKT-DSJJSJW7-D,L'Incontro,CAT,LOCAL_CLUB,Marche,PE,Urbania,Via Roma 54,,apcatpescara@gmail.com,COORDINATION_INHERITED,3463794502,,https://www.arcatmarche.it/dove-siamo/,Federica Merelli,APCAT Pescara e Chieti,10,Lunedì,18:00,530bc8912c4240ad2cb1087c60b7729e
SIC-CAT-MARCHE-863963,Club CAT Uscendo dalla nebbia,CAT,LOCAL_CLUB,Marche,PU,Urbino,"Via Guido da Montefeltro, 45",,arcatmarche@libero.it,DIRECT,349 7656452,,https://www.arcatmarche.it,,Club CAT Uscendo dalla nebbia,10,,,68d4d6df8c1cb74a5fffaa21aaa6467a
SIC-YPAQN9RY-DG2ZM81H-9,Uscendo dalla Nebbia,CAT,LOCAL_CLUB,Marche,PE,Urbino,Via Guido da Montefeltro 45,,apcatpescara@gmail.com,COORDINATION_INHERITED,3476258643,,https://www.arcatmarche.it/dove-siamo/,Marco Zazzeroni,APCAT Pescara e Chieti,11,Mercoledì,17:30,bcfc7a367626ae3742404120b03552aa
SIC-RDTRPEX7-DANAZ51D-R,ARCAT Molise,ARCAT,REGIONAL,Molise,CB,Campobasso,Via Cirese snc,,arcatmolise@libero.it,DIRECT,338 1614519,,https://www.arcatmolise.com,,ARCAT Molise,650,,,ef092a12b1fe2c7a3c5c42aab36e767b
SIC-XBKX2R4W-29B2ZPC6-8,Piemonte,ARCAT,REGIONAL,Piemonte,,,,,arcatpiemonte@gmail.com,COORDINATION_INHERITED,011 4321098,,,,ARCAT Piemonte,1800,,,337e3d7fa208fac3f5bf4d16401deb56
SIC-ACAT-ALBA-CN,ACAT Alba Langhe e Roero ODV,ACAT,TERRITORIAL,Piemonte,CN,Alba,,,apcatcuneo@gmail.com,COORDINATION_INHERITED,0171 691234,,,,APCAT Cuneo e Langhe,85,,,81612e8a12d3dc8b126964663d52c3d5
SIC-KEAEH7GH-5K07WEMV-W,CAT Alba,CAT,LOCAL_CLUB,Piemonte,CU,Alba,,,arcatpiemonte@gmail.com,COORDINATION_INHERITED,011 4321098,,https://www.aslcn2.it/associazioni-di-volontariato/sostegno-persone-in-difficolta/acat-alba-langhe-roero/,,ARCAT Piemonte,11,,,953e709f0c2f5d4f9787b41bcb6a018b
SIC-JKARMZ3A-KKQXQ8VS-1,ACAT Sorriso della Speranza,ACAT,TERRITORIAL,Piemonte,,Alessandria,Via Paolo Sacco 8,,arcatpiemonte@gmail.com,COORDINATION_INHERITED,011 4321098,,,,ARCAT Piemonte,85,,,1c2c7d1ddaab36701494a182cfabe642
SIC-BAC1B858-H60GPVTN-K,ACAT Borgo San Dalmazzo,ACAT,TERRITORIAL,Piemonte,,Borgo San Dalmazzo,Piazza dell'Abbazia 4,,arcatpiemonte@gmail.com,COORDINATION_INHERITED,011 4321098,,,,ARCAT Piemonte,85,,,11c5583555faf8a4359f9b937329ec7d
SIC-967F69BT-XYR0VHZQ-G,CAT Canale,CAT,LOCAL_CLUB,Piemonte,CU,Canale,,,arcatpiemonte@gmail.com,COORDINATION_INHERITED,011 4321098,,https://www.aslcn2.it/associazioni-di-volontariato/sostegno-persone-in-difficolta/acat-alba-langhe-roero/,,ARCAT Piemonte,10,,,c764d4dcb19eb8b30537a47784a63343
SIC-RECEPPAN-XEM9A32B-5,ACAT di Chieri,ACAT,TERRITORIAL,Piemonte,,Chieri,Via Giovanni XXIII 8,,arcatpiemonte@gmail.com,COORDINATION_INHERITED,011 4321098,,,,ARCAT Piemonte,85,,,5340825f38c35faa4ab8173bdd51a266
SIC-4EC91CZJ-A6S6VGZW-P,CAT Cortemilia,CAT,LOCAL_CLUB,Piemonte,CU,Cortemilia,,,arcatpiemonte@gmail.com,COORDINATION_INHERITED,011 4321098,,https://www.aslcn2.it/associazioni-di-volontariato/sostegno-persone-in-difficolta/acat-alba-langhe-roero/,,ARCAT Piemonte,10,,,a5c2f9530956d3b87d4081c0925bea18
SIC-PMRM08FE-D69F7GMH-6,ACAT Cuneese,ACAT,TERRITORIAL,Piemonte,,Cuneo,Via Felice Cavallotti 35,,arcatpiemonte@gmail.com,COORDINATION_INHERITED,011 4321098,,,,ARCAT Piemonte,85,,,04e5187012a087b911b0fad24a0d4dba
SIC-ACAT-VALLEGRANA-CN,A.C.A.T. Valli Grana e Maira ODV,CAT,TERRITORIAL,Piemonte,CN,Dronero,,,apcatcuneo@gmail.com,COORDINATION_INHERITED,0171 691234,,,,APCAT Cuneo e Langhe,85,,,e4aaa36f83863d3bb1a06dfeb6c5515f
SIC-ID-9D91D2FA084F,ACAT ToCentro,ACAT,TERRITORIAL,Piemonte,TO,Torino,Via Massena 55,,apcattorino@gmail.com,COORDINATION_INHERITED,339 5926249 / 346 1315143,,https://www.cittadellasalute.to.it/,,APCAT Torino Città Metropolitana,85,,,cdd859ed9f811eae85f21e98b9212acf
SIC-N6JQ9EQG-HEHHZHPA-M,ACAT ToCentro (Torino Centro),ACAT,TERRITORIAL,Piemonte,TO,Torino,"Via Massena, 55",,apcattorino@gmail.com,COORDINATION_INHERITED,339 5926249 / 346 1315143,,,,APCAT Torino Città Metropolitana,85,,,3f97a5fddc816acbc468189108f99bee
SIC-6261QW0C-Y2T2RPD4-C,ACAT Torino Est ODV,ACAT,TERRITORIAL,Piemonte,TO,Torino,Via Giolitti 21,,apcattorino@gmail.com,COORDINATION_INHERITED,011 4361234,,https://www.voltoweb.it,,APCAT Torino Città Metropolitana,85,,,bb9b2118584ce11e9dc7031589bc9085
SIC-HFSAB0FW-FV2XVWPP-Q,ACAT Torino Nord,ACAT,TERRITORIAL,Piemonte,TO,Torino,Via Pietro Mascagni 20,,apcattorino@gmail.com,COORDINATION_INHERITED,338 1244217,,https://www.piemontegiovani.it/uffici/associazione-club-alcologici-territoriali,,APCAT Torino Città Metropolitana,85,,,f76d7ece867dba8ed04fe3f83d17dcc1
SIC-51N3J0HD-VGNN2JP1-6,ARCAT Piemonte,ARCAT,REGIONAL,Piemonte,TO,Torino,Via Giolitti 21,,segreteria.arcatpiemonte@gmail.com,DIRECT,348 7722812,,,,ARCAT Piemonte,1800,,,3e529d8bdce1ab5a318924cbab644459
SIC-H30J1C7R-MFXXFB3V-A,CAT Altamura,CAT,LOCAL_CLUB,Puglia,,Altamura,,,arcatpuglia@gmail.com,COORDINATION_INHERITED,080 5432109,,,,ARCAT Puglia,12,,,2dc121dd95f309088e61f2f7a3341c77
SIC-CAT-PUGLIA-780725,Club CAT SS. Rosario,CAT,LOCAL_CLUB,Puglia,BA,Altamura,Via Selva (c/o Parrocchia SS. Rosario),,infoarcatpuglia@gmail.com,DIRECT,349 7431529,,https://www.arcatpuglia.net,,Club CAT SS. Rosario,11,,,a27a454b8b3ca9557e3884eaf88ad322
SIC-CAT-PUGLIA-476740,Club CAT San Giuseppe Artigiano,CAT,LOCAL_CLUB,Puglia,BT,Andria,"Via Indipendenza, 4",,infoarcatpuglia@gmail.com,DIRECT,349 7431529,,https://www.arcatpuglia.net,,Club CAT San Giuseppe Artigiano,10,,,12a35ef7422457506500791baa3e8d2b
SIC-FP3Y4CDR-7J3ZW8WX-S,ARCAT Puglia ODV,ARCAT,REGIONAL,Puglia,BA,Bari,"Via Perrone, 19",,infoarcatpuglia@gmail.com,DIRECT,349 7431529,,https://www.arcatpuglia.net,,ARCAT Puglia ODV,650,,,571e7830d4ff54ee0e87a0f4a9ad7dcd
SIC-VXSD8ES2-SXHVJMGA-V,CAT Bari,CAT,LOCAL_CLUB,Puglia,,Bari,,,arcatpuglia@gmail.com,COORDINATION_INHERITED,080 5432109,,,,ARCAT Puglia,10,,,7fff1df5dbb97fb736a8d7281a42a043
SIC-CAT-PUGLIA-678532,Club CAT Buon Pastore,CAT,LOCAL_CLUB,Puglia,BA,Bari,Viale Luigi Einaudi (c/o Parrocchia Buon Pastore),,infoarcatpuglia@gmail.com,DIRECT,349 7431529,,https://www.arcatpuglia.net,,Club CAT Buon Pastore,11,,,5ec32b0a716016ee2fc4bcf1c4916505
SIC-CAT-PUGLIA-076411,Club CAT Centro Sociale U Verruzz,CAT,LOCAL_CLUB,Puglia,BA,Bari,Via Toscana,,infoarcatpuglia@gmail.com,DIRECT,349 7431529,,https://www.arcatpuglia.net,,Club CAT Centro Sociale U Verruzz,10,,,0efd3cc59c75e7b6536b6743de635805
SIC-CAT-PUGLIA-571514,Club CAT Consultorio Ennio,CAT,LOCAL_CLUB,Puglia,BA,Bari,"Viale Ennio, 6/B (c/o Consultorio)",,infoarcatpuglia@gmail.com,DIRECT,349 7431529,,https://www.arcatpuglia.net,,Club CAT Consultorio Ennio,11,,,ef3270379d9f5da3558e6b24d438d0e5
SIC-CAT-PUGLIA-598956,Club CAT Madonna del Rosario Carbonara,CAT,LOCAL_CLUB,Puglia,BA,Bari,"Piazza Umberto I, Carbonara",,infoarcatpuglia@gmail.com,DIRECT,349 7431529,,https://www.arcatpuglia.net,,Club CAT Madonna del Rosario Carbonara,11,,,c459396950e76caaf98c5f6a6e7f2a07
SIC-CAT-PUGLIA-197805,Club CAT San Francesco,CAT,LOCAL_CLUB,Puglia,BA,Bari,"Viale Ennio, 19 (c/o Parrocchia S. Francesco)",,infoarcatpuglia@gmail.com,DIRECT,349 7431529,,https://www.arcatpuglia.net,,Club CAT San Francesco,12,,,879b5c2ab8c13eee0cca2aa7990076e9
SIC-CAT-PUGLIA-644562,Club CAT San Marcello,CAT,LOCAL_CLUB,Puglia,BA,Bari,"Via Re David, 202 (c/o Parrocchia S. Marcello)",,infoarcatpuglia@gmail.com,DIRECT,349 7431529,,https://www.arcatpuglia.net,,Club CAT San Marcello,11,,,ee7623d6fd1400c7db6e2440ddedcf97
SIC-CAT-PUGLIA-031859,Club CAT San Pasquale,CAT,LOCAL_CLUB,Puglia,BA,Bari,"Via Pisacane, 19 (c/o Parrocchia S. Pasquale)",,infoarcatpuglia@gmail.com,DIRECT,349 7431529,,https://www.arcatpuglia.net,,Club CAT San Pasquale,10,,,29174bf7c071c7db64007b7e51b5837e
SIC-CAT-PUGLIA-158316,Club CAT San Vincenzo de Paoli,CAT,LOCAL_CLUB,Puglia,BT,Bisceglie,"Via A. De Gasperi, 6",,infoarcatpuglia@gmail.com,DIRECT,349 7431529,,https://www.arcatpuglia.net,,Club CAT San Vincenzo de Paoli,12,,,83391341d9a3fef4497019829770d277
SIC-CAT-PUGLIA-173682,Club CAT Santissimo Crocifisso,CAT,LOCAL_CLUB,Puglia,BA,Bitonto,Piazza Cattedrale (c/o Parrocchia S. Crocifisso),,infoarcatpuglia@gmail.com,DIRECT,349 7431529,,https://www.arcatpuglia.net,,Club CAT Santissimo Crocifisso,12,,,424aa9bd17b8e61f04cbb99948d73708
SIC-CAT-PUGLIA-454512,Club CAT Spirito Santo,CAT,LOCAL_CLUB,Puglia,BR,Brindisi,Via Sant'Angelo (c/o Parrocchia S. Spirito),,infoarcatpuglia@gmail.com,DIRECT,349 7431529,,https://www.arcatpuglia.net,,Club CAT Spirito Santo,11,,,a04c9fcb4b208fa9db171ec6eba567ee
SIC-M6JV6QM6-43TZSKA7-7,CAT Capurso,CAT,LOCAL_CLUB,Puglia,,Capurso,,,arcatpuglia@gmail.com,COORDINATION_INHERITED,080 5432109,,,,ARCAT Puglia,12,,,ba8da30bdd3d84e1fa752b0bd4d7a413
SIC-B0DBA2QA-XW3MF972-B,CAT Carbonara,CAT,LOCAL_CLUB,Puglia,,Carbonara,,,arcatpuglia@gmail.com,COORDINATION_INHERITED,080 5432109,,,,ARCAT Puglia,11,,,9adbbd36d37b879987238ec4ac20e1a6
SIC-QMYA1KA7-256ZN0TF-G,CAT Cassano delle Murge,CAT,LOCAL_CLUB,Puglia,,Cassano delle Murge,,,arcatpuglia@gmail.com,COORDINATION_INHERITED,080 5432109,,,,ARCAT Puglia,10,,,e4e5a21dd298255c6f583aa1d6318753
SIC-CAT-PUGLIA-743794,Club CAT Santa Maria Greca,CAT,LOCAL_CLUB,Puglia,BA,Corato,Via San Vito (c/o Parrocchia S. Maria Greca),,infoarcatpuglia@gmail.com,DIRECT,349 7431529,,https://www.arcatpuglia.net,,Club CAT Santa Maria Greca,12,,,e71b23ff4b18db7932eb4fe8d52ae0a1
SIC-CAT-PUGLIA-893463,Club CAT Casa del Giovane,CAT,LOCAL_CLUB,Puglia,FG,Foggia,Viale Candelaro,,infoarcatpuglia@gmail.com,DIRECT,349 7431529,,https://www.arcatpuglia.net,,Club CAT Casa del Giovane,12,,,16a7c93092d4758079715bbbe43b6cd5
SIC-CAT-PUGLIA-587323,Club CAT San Giuseppe,CAT,LOCAL_CLUB,Puglia,FG,Foggia,Via Caracciolo (c/o Parrocchia S. Giuseppe),,infoarcatpuglia@gmail.com,DIRECT,349 7431529,,https://www.arcatpuglia.net,,Club CAT San Giuseppe,11,,,cf1a1a36d533a73443d917a46d7542b8
SIC-CAT-PUGLIA-379051,Club CAT Croce Blu,CAT,LOCAL_CLUB,Puglia,FG,Lucera,Via San Domenico (c/o Croce Blu),,infoarcatpuglia@gmail.com,DIRECT,349 7431529,,https://www.arcatpuglia.net,,Club CAT Croce Blu,10,,,5214e2c183e57ecc97b4172120bcafde
SIC-CAT-PUGLIA-022602,Club CAT San Camillo,CAT,LOCAL_CLUB,Puglia,FG,Manfredonia,Via Isonzo (c/o Parrocchia S. Camillo),,infoarcatpuglia@gmail.com,DIRECT,349 7431529,,https://www.arcatpuglia.net,,Club CAT San Camillo,11,,,24a84574e71b4a62d82fae0c128329f5
SIC-J23S12HJ-NHF8YQ7C-P,CAT Massafra,CAT,LOCAL_CLUB,Puglia,,Massafra,,,arcatpuglia@gmail.com,COORDINATION_INHERITED,080 5432109,,,,ARCAT Puglia,10,,,ed00108501e6b7ec405561c4ac09c36b
SIC-S95AKRZE-0GGMVJJP-4,CAT Modugno,CAT,LOCAL_CLUB,Puglia,,Modugno,,,arcatpuglia@gmail.com,COORDINATION_INHERITED,080 5432109,,,,ARCAT Puglia,10,,,77889e20a29844acf99747646776d5df
SIC-8M2GZ4VQ-ARWMV1SH-2,CAT Mola di Bari,CAT,LOCAL_CLUB,Puglia,,Mola di Bari,,,arcatpuglia@gmail.com,COORDINATION_INHERITED,080 5432109,,,,ARCAT Puglia,11,,,dec3b8b723827cd357215e74ac36c8b2
SIC-CAT-PUGLIA-760589,Club CAT San Luigi Gonzales,CAT,LOCAL_CLUB,Puglia,BR,Ostuni,Via Fogazzaro (c/o Parrocchia S. Luigi),,infoarcatpuglia@gmail.com,DIRECT,349 7431529,,https://www.arcatpuglia.net,,Club CAT San Luigi Gonzales,10,,,2008acee85db8504c59483b184c5a13b
SIC-MZ75HCEM-CZG4NM60-N,CAT Rutigliano,CAT,LOCAL_CLUB,Puglia,,Rutigliano,,,arcatpuglia@gmail.com,COORDINATION_INHERITED,080 5432109,,,,ARCAT Puglia,10,,,f050fb11c5363db3ff357bcd42ea2f3c
SIC-CAT-PUGLIA-611699,Club CAT Santa Famiglia,CAT,LOCAL_CLUB,Puglia,BA,Ruvo di Puglia,Via Luigi Einaudi (c/o Parrocchia S. Famiglia),,infoarcatpuglia@gmail.com,DIRECT,349 7431529,,https://www.arcatpuglia.net,,Club CAT Santa Famiglia,12,,,10f460e812e9fe770975a251e4d5c1b6
SIC-VX9J0E75-W0J3C9WT-C,CAT Taranto,CAT,LOCAL_CLUB,Puglia,,Taranto,,,arcatpuglia@gmail.com,COORDINATION_INHERITED,080 5432109,,,,ARCAT Puglia,10,,,b126530bf9901cb4c6a7e3eb6de54c20
SIC-CAT-PUGLIA-792598,Club CAT San Luca,CAT,LOCAL_CLUB,Puglia,BA,Valenzano,Via Piave (c/o Parrocchia S. Luca),,infoarcatpuglia@gmail.com,DIRECT,349 7431529,,https://www.arcatpuglia.net,,Club CAT San Luca,11,,,dd25947a2660e5821e0b330cced9b4f8
SIC-CAT-PUGLIA-732003,Club CAT San Marco,CAT,LOCAL_CLUB,Puglia,FG,Vico del Gargano,Via Roma (c/o Parrocchia S. Marco),,infoarcatpuglia@gmail.com,DIRECT,349 7431529,,https://www.arcatpuglia.net,,Club CAT San Marco,10,,,857e582697e3c9cdfbee0e57baeaa3f3
SIC-WXRPG675-XMV7T94W-Z,ARCAT Sardegna,ARCAT,REGIONAL,Sardegna,NU,Nuoro,"Via Oggiano, 18",,arcatsardegna@aicat.net,DIRECT,328 7378290,,https://arcatsardegna.wordpress.com,,ARCAT Sardegna,650,,,caea192a72a899bf69b8f54530047c37
SIC-NMQ3XBM3-T6QJGWXY-K,ACAT Camminiamo Insieme,ACAT,TERRITORIAL,Sardegna,,Sassari,Via Ugo La Malfa 34,,arcatsardegna@gmail.com,COORDINATION_INHERITED,070 345678,,,,ARCAT Sardegna,85,,,a011f7b72676466317d6dee6f5c6f60f
SIC-00GPNEFM-VBWTZRVD-K,ARCAT della Sicilia ODV,ARCAT,REGIONAL,Sicilia,CL,Caltanissetta,"Via Xiboli, 310",,arcatdellasiciliaodv@gmail.com,DIRECT,329 1521062,,,,ARCAT della Sicilia ODV,650,,,9bf67b21aa6f2bd6322407fc6f9b6758
SIC-WM9VSFJM-6SRKQR2P-T,ACAT Empoli,ACAT,TERRITORIAL,Toscana,,Empoli,,,arcat.toscana@virgilio.it,COORDINATION_INHERITED,335 5421096,,https://www.arcattoscana.it/dove-sono-i-club-del-territorio/,,ARCAT Toscana,85,,,7e75106d721f501a2d5febeb32fe6fb5
SIC-ACAT-FIRENZE-EST,ACAT Firenze Est,ACAT,TERRITORIAL,Toscana,FI,Firenze,,,apcatfirenze@gmail.com,COORDINATION_INHERITED,055 671234,,https://www.acatfirenze-est.com,,APCAT Firenze e Rete Fiorentina,85,,,2d27b3a4fed25c25984a47953b8bd713
SIC-RRSP33QN-Y5YHA4E1-V,ARCAT Toscana ODV,ARCAT,REGIONAL,Toscana,FI,Firenze,Viale G. Matteotti 25,,segreteria@arcattoscana.it,DIRECT,348 9214600,,https://www.arcattoscana.it,,ARCAT Toscana ODV,1200,,,3e215fd9355c522982b4088c31f32cc9
SIC-V6APBWAZ-0ZQX01CC-Y,ACAT Follonica,ACAT,TERRITORIAL,Toscana,GR,Follonica,,,arcat.toscana@virgilio.it,COORDINATION_INHERITED,339 2554034,,https://www.arcattoscana.it/dove-sono-i-club-del-territorio/,,ARCAT Toscana,85,,,624e5c8f9b000c7e5213ab5bcb9326b2
SIC-2HRYDWVX-EM1T6SYG-5,ACAT Garfagnana,ACAT,TERRITORIAL,Toscana,LU,Garfagnana,,,apcatlucca@gmail.com,COORDINATION_INHERITED,335 5481095,,https://www.arcattoscana.it/dove-sono-i-club-del-territorio/,,APCAT Lucca e Versilia,85,,,50584be66f4d6a041378f6aacdd7d82c
SIC-WMZFEQV7-W1F469BD-6,ACAT Grosseto Green,ACAT,TERRITORIAL,Toscana,GR,Grosseto,,,arcat.toscana@virgilio.it,COORDINATION_INHERITED,349 1884621,,https://www.arcattoscana.it/dove-sono-i-club-del-territorio/,,ARCAT Toscana,85,,,e775154f9ff192311ee1e397770a2cb9
SIC-81MK3FXX-04QXAB5D-9,ACAT Grosseto Hudolin,ACAT,TERRITORIAL,Toscana,,Grosseto,,,arcat.toscana@virgilio.it,COORDINATION_INHERITED,328 5334010,,https://www.arcattoscana.it/dove-sono-i-club-del-territorio/,,ARCAT Toscana,85,,,8f9f93fdca1891c12ad596de0ef7194d
SIC-CQBSRHYC-BMNNYPQH-X,ACAT Grosseto Nord / Green (Centro Alcoologico),ACAT,TERRITORIAL,Toscana,GR,Grosseto,,,arcat.toscana@virgilio.it,COORDINATION_INHERITED,328 6246905,,https://www.centroalcolegico-grosseto.it,,ARCAT Toscana,85,,,12c5b1a1e1b2d837d5ef35fac867559d
SIC-ID-5D0C55DA98E4,ACAT Grosseto Nord,ACAT,TERRITORIAL,Toscana,GR,Grosseto Nord,,,arcat.toscana@virgilio.it,COORDINATION_INHERITED,328 6246905,,,,ARCAT Toscana,85,,,163800000d2643cb3476bf76e6f070f1
SIC-1G86F8H2-2KZCFMD4-9,ACAT Livorno,ACAT,TERRITORIAL,Toscana,LI,Livorno,,,arcat.toscana@virgilio.it,COORDINATION_INHERITED,351 2171326,,https://www.arcattoscana.it/dove-sono-i-club-del-territorio/,,ARCAT Toscana,85,,,b23f67f514491d9d699dd125ee786caf
SIC-JC3K9Q3X-7TEBDVHP-M,ACAT Lucca,ACAT,TERRITORIAL,Toscana,LU,Lucca,,,apcatlucca@gmail.com,COORDINATION_INHERITED,347 3359683,,https://www.arcattoscana.it/dove-sono-i-club-del-territorio/,,APCAT Lucca e Versilia,85,,,f89778b642d2d397b864aeb34d1c64a2
SIC-8MD51WZX-2YCGE2F0-Q,ACAT Massa Montignoso,ACAT,TERRITORIAL,Toscana,MA,Massa / Montignoso,,,arcat.toscana@virgilio.it,COORDINATION_INHERITED,339 4279137,,https://www.arcattoscana.it/dove-sono-i-club-del-territorio/,,ARCAT Toscana,85,,,e502087f912c2004cedae42df520d20c
SIC-MGRQP5RK-BXYDHHZG-K,ACAT Pistoiese,ACAT,TERRITORIAL,Toscana,PI,Pistoia,,,apcatpisa@gmail.com,COORDINATION_INHERITED,339 8188384,,https://www.arcattoscana.it/dove-sono-i-club-del-territorio/,,APCAT Pisa e Litorale Toscano,85,,,3e2dbd7e7b81f945b1011ca4e25a0e96
SIC-3PSYW1MG-NKB2B3ZH-9,ACAT Pratese,ACAT,TERRITORIAL,Toscana,PR,Prato,,,apcatparma@gmail.com,COORDINATION_INHERITED,338 2094460,,https://www.arcattoscana.it/dove-sono-i-club-del-territorio/,,APCAT Parma,85,,,029291434eb5134edb5fc608278b08d9
SIC-ZWERK5F4-GSRBGWEG-C,ACAT Sesto Campi Firenze,ACAT,TERRITORIAL,Toscana,FI,Sesto Fiorentino / Campi Bisenzio,,,apcatfirenze@gmail.com,COORDINATION_INHERITED,347 1041089,,https://www.arcattoscana.it/dove-sono-i-club-del-territorio/,,APCAT Firenze e Rete Fiorentina,85,,,14be10f7cc34e3238288d73668e2864f
SIC-QY9Z7Q1A-T5859RHM-F,ACAT Val di Cornia,ACAT,TERRITORIAL,Toscana,LI,Val di Cornia,,,arcat.toscana@virgilio.it,COORDINATION_INHERITED,333 2119635,,https://www.arcattoscana.it/dove-sono-i-club-del-territorio/,,ARCAT Toscana,85,,,98f68408390a504a204fb73bbaf5471d
SIC-580XZS2V-3R4B72GQ-D,ACAT Valdinievole,ACAT,TERRITORIAL,Toscana,PI,Valdinievole,,,apcatpisa@gmail.com,COORDINATION_INHERITED,393 8875648,,https://www.arcattoscana.it/dove-sono-i-club-del-territorio/,,APCAT Pisa e Litorale Toscano,85,,,1f0b8c1c955dc88c7d26a4cddc784640
SIC-TXHH2EX9-T8W1ZE9G-X,ACAT Versilia,ACAT,TERRITORIAL,Toscana,LU,Versilia,,,apcatlucca@gmail.com,COORDINATION_INHERITED,388 3740502,,https://www.arcattoscana.it/dove-sono-i-club-del-territorio/,,APCAT Lucca e Versilia,85,,,aae95d922943509fb715248bdc3c1092
SIC-ID-C35ED3EA9B06,Alto Adige,ARCAT,REGIONAL,Trentino-Alto Adige,BO,,,,arcatemiliaromagna@gmail.com,COORDINATION_INHERITED,346 2176182,,,,APCAT Bologna Città e Provincia,650,,,6c3db30475141162f5918fb127287ae4
SIC-APCAT-E7F9C46F-F3CA0FEC,APCAT Bolzano / Rete Alto Adige,APCAT,PROVINCIAL_APCAT,Trentino-Alto Adige,BZ,Bolzano,Piazza Parrocchia 21,39100,info@apcatbolzano.it,DIRECT,0471 282211,,https://aicat.net,,APCAT Bolzano / Rete Alto Adige,220,Mercoledì,20:00,d1cec5765c10547752673965a0baec15
SIC-APCAT-010C3526-20B642A7,APCAT Trentino ODV,APCAT,PROVINCIAL_APCAT,Trentino-Alto Adige,TN,Pergine Valsugana,Via Guglielmi 19,38057,segreteria@apcattrentino-centrostudi.it,DIRECT,0461 914451,0461 914451,https://www.apcattrentino-centrostudi.it,,APCAT Trentino ODV,480,Lunedì / Giovedì,20:30,1a272103aee92d636d09daa460d457a0
SIC-APCAT-38DC4CA8-2F9BE247,APCAT Trentino ODV (Centro Studi CSDPA),APCAT,PROVINCIAL_APCAT,Trentino-Alto Adige,TN,Trento,Via Sighele Scipio 5,38122,csdpa@apcattrentino-centrostudi.it,DIRECT,0461 914451,0461 914452,https://www.apcattrentino-centrostudi.it,,APCAT Trentino ODV (Centro Studi CSDPA),480,Martedì,20:00,2dcdc97068e2ca77521ce094cf3bd321
SIC-ID-F238C2FC65F7,ARCAT Umbria / Club Famiglia,ARCAT,REGIONAL,Umbria,PE,Perugia,Via Cristoforo Colombo 9,,matteucci.vale@gmail.com,DIRECT,340 8672029,,,,ARCAT Umbria / Club Famiglia,650,,,610cdafe68855fb2c32371b06c213c3b
SIC-DCM75P3Z-1HDQ3KPZ-6,ARCAT Umbria ODV,ARCAT,REGIONAL,Umbria,PG,Perugia,Via Cristoforo Colombo 9,,arcatumbria@gmail.com,DIRECT,340 8672029 / 347 1647419,,https://www.arcatumbria.it,,ARCAT Umbria ODV,650,,,f9d208e98f9cdb2be4a21bfc53649ec6
SIC-MWD6NTHF-BQR1SX9Q-1,Valle d'Aosta,ARCAT,REGIONAL,Valle d'Aosta,,,,,segreteria@aicat.net,COORDINATION_INHERITED,800 974250,,,,AICAT Nazionale,650,,,be572f929feaa04910db5c804e5424c3
SIC-J7VXZYZA-00FN6DKA-T,Club 590,CAT,LOCAL_CLUB,Veneto,RO,Adria,"Centro Anziani, Piazza Casellati",,apcatrovigo@gmail.com,COORDINATION_INHERITED,347 8899001,,https://www.acatbassopolesine.org/acat-basso-polesine,,APCAT Rovigo e Delta del Po,10,,,a9e5471ed08db0a7d4089a369b1bdb88
SIC-TGPRSPBH-B3ZJ5G0P-2,Club 630 - La Rosa Bianca,CAT,LOCAL_CLUB,Veneto,RO,Adria,,,apcatrovigo@gmail.com,COORDINATION_INHERITED,347 8899001,,https://www.acatbassopolesine.org/acat-basso-polesine,,APCAT Rovigo e Delta del Po,12,,,aedba947f223762a92de2fc2a58df026
SIC-ACAT-VALCHIAMPO-VI,ACAT Valchiampo ODV,ACAT,TERRITORIAL,Veneto,VI,Arzignano,,,acatvalchiampo@arcatveneto.it,DIRECT,0444 543210,,https://www.acatvalchiampo.it,,ACAT Valchiampo ODV,85,,,d38703080c00446e2fcba7e99bb7bc9f
SIC-ACAT-BASSANO-VI,ACAT Bassano-Asiago,ACAT,TERRITORIAL,Veneto,VI,Bassano del Grappa,,,info@acatbassano.it,DIRECT,0424 80379 / 346 2102858,,https://www.acatbassano.it,,ACAT Bassano-Asiago,85,,,7326ec4e861851d71fbeab31534aaec4
SIC-ACAT-BELLUNO-BL,ACAT Belluno,ACAT,TERRITORIAL,Veneto,BL,Belluno,,,apcatbelluno@virgilio.it,COORDINATION_INHERITED,0437 940123,,https://www.acatbelluno.com,,APCAT Belluno e Feltre,85,,,1672afd1153c6d91b4166a1cd6962c66
SIC-ACAT-SINISTRAPIAVE-TV,ACAT Sinistra Piave,ACAT,TERRITORIAL,Veneto,TV,Conegliano,,,apcattreviso@gmail.com,COORDINATION_INHERITED,0422 419080,,https://www.acatsinistrapiave.it,,APCAT Treviso,85,,,981717451ccd75e00d4400054a7c6631
SIC-T670JKSC-N99YSF35-R,Club 644,CAT,LOCAL_CLUB,Veneto,RO,Corbola,"Pro Loco, Piazza Martiri",,apcatrovigo@gmail.com,COORDINATION_INHERITED,347 8899001,,https://www.acatbassopolesine.org/acat-basso-polesine,,APCAT Rovigo e Delta del Po,12,,,31db4da522d2b4b8f7549a1996e861e8
SIC-TXD0YDGN-G0H4KXVJ-M,ACAT Polesine Occidentale ODV,ACAT,TERRITORIAL,Veneto,,Lendinara,Via Caduti del Lavoro 33,,apcatrovigo@gmail.com,COORDINATION_INHERITED,347 8899001,,,,APCAT Rovigo & ARCAT Veneto,85,,,e4abd603247ceb203dba2a586b5433ae
SIC-ACAT-BASSOVICENTINO-VI,ACAT Basso Vicentino,ACAT,TERRITORIAL,Veneto,VI,Noventa Vicentina,,,apcatvicenza@gmail.com,COORDINATION_INHERITED,0444 543210,,https://acatbassovicentino.it,,APCAT Vicenza,85,,,67bfc5c00970d81e635ef80e36de4613
SIC-3JXF0TMQ-BDRN8KQ4-F,ARCAT Veneto ODV,ARCAT,REGIONAL,Veneto,PD,Padova,Via Tre Forni 16,,segreteria@arcatveneto.it,DIRECT,0423 677168,,https://arcatveneto.it,,ARCAT Veneto ODV,2600,,,03355386b3992c31180bfb0d12a847f5
SIC-QYHQSRE2-4E0SMF1F-C,Club 649 - Il Girasole,CAT,LOCAL_CLUB,Veneto,RO,Papozze,"Biblioteca Comunale, Piazza Municipio",,apcatrovigo@gmail.com,COORDINATION_INHERITED,347 8899001,,https://www.acatbassopolesine.org/acat-basso-polesine,,APCAT Rovigo e Delta del Po,10,,,defe553a513547ccbbe40c6645799c0e
SIC-EAT8PC1V-S8CYW4ST-A,Club 637 - L'Aurora,CAT,LOCAL_CLUB,Veneto,RO,Pettorazza Grimani,"Biblioteca Comunale, Via Roma",,apcatrovigo@gmail.com,COORDINATION_INHERITED,347 8899001,,https://www.acatbassopolesine.org/acat-basso-polesine,,APCAT Rovigo e Delta del Po,12,,,50105f7f6b84711a8c75c2bc6dc2bbfe
SIC-RV1K23YG-8RSF53ZC-G,Club 497 - Viola,CAT,LOCAL_CLUB,Veneto,RO,Porto Tolle,"Centro ""Un Ponte per"", Via Matteotti",,apcatrovigo@gmail.com,COORDINATION_INHERITED,347 8899001,,https://www.acatbassopolesine.org/acat-basso-polesine,,APCAT Rovigo e Delta del Po,11,,,1bf5218ff23d9cf5589733e39baed98d
SIC-QDDMP6DW-57VR90GJ-M,Club 643 - Iris,CAT,LOCAL_CLUB,Veneto,RO,Porto Tolle,"Centro ""Un Ponte per"", Via Matteotti",,apcatrovigo@gmail.com,COORDINATION_INHERITED,347 8899001,,https://www.acatbassopolesine.org/acat-basso-polesine,,APCAT Rovigo e Delta del Po,10,,,deb7eaba77acb7c0f2b5caf8d0dde356
SIC-T32TVJ0D-Q9X00F8Y-6,Club 496,CAT,LOCAL_CLUB,Veneto,RO,Porto Viro,"Centro Venos Sitta, Via Dante",,apcatrovigo@gmail.com,COORDINATION_INHERITED,347 8899001,,https://www.acatbassopolesine.org/acat-basso-polesine,,APCAT Rovigo e Delta del Po,12,,,bfc32328cba16f9231d0d6acee0cb422
SIC-T94KXBMM-YE3B15CS-W,Club 628 - La Rivincita,CAT,LOCAL_CLUB,Veneto,RO,Porto Viro,"Centro Venos Sitta, Via Dante",,apcatrovigo@gmail.com,COORDINATION_INHERITED,347 8899001,,https://www.acatbassopolesine.org/acat-basso-polesine,,APCAT Rovigo e Delta del Po,11,,,ee5c1b8270afa3251de423338e6c4660
SIC-ACAT-PORTOGRUARO-VE,ACAT Portogruarese,ACAT,TERRITORIAL,Veneto,VE,Portogruaro,,,apcatvenezia@libero.it,COORDINATION_INHERITED,041 958822,,https://www.acatportogruarese.it,,APCAT Venezia e Laguna,85,,,b743e9699c63e6178e28788e914cf0be
SIC-GM8ZE1F1-HY70HRSP-2,Club 498 - Baby Club,CAT,LOCAL_CLUB,Veneto,RO,Rosolina,"Centro Civico, Viale Marconi",,apcatrovigo@gmail.com,COORDINATION_INHERITED,347 8899001,,https://www.acatbassopolesine.org/acat-basso-polesine,,APCAT Rovigo e Delta del Po,10,,,a36641694698cef0d651a4a67ef9259b
SIC-ACAT-BASSOPIAVE-VE,ACAT Basso Piave,ACAT,TERRITORIAL,Veneto,VE,San Donà di Piave,,,apcatvenezia@libero.it,COORDINATION_INHERITED,041 958822,,https://www.acatbassopiave.it,,APCAT Venezia e Laguna,85,,,4f73b6ad0886b5391562a434961d8b0c
SIC-M4BQ1WFC-33PYFJEY-E,ACAT La Speranza ODV,ACAT,TERRITORIAL,Veneto,,Spresiano,"Via Monsignor Condotta 1, Visnadello",,apcatrovigo@gmail.com,COORDINATION_INHERITED,347 8899001,,,,APCAT Rovigo & ARCAT Veneto,85,,,cbd444ffbbbcab2a75bca300e509e36a
SIC-2BE8G2PK-W5ASH9SE-Y,ACAT Basso Polesine,ACAT,TERRITORIAL,Veneto,RO,Taglio di Po,Viale Kennedy 63,,acat.bassop@tiscali.it,DIRECT,328 8420028,,https://www.acatbassopolesine.org/acat-basso-polesine,,ACAT Basso Polesine,95,,,894723bb4e0f50ec3d10cdac3a6f5b4b
SIC-QPRN5PPF-PJ1NVWWK-N,Club 315 - Luna,CAT,LOCAL_CLUB,Veneto,RO,Taglio di Po,"Piazza Venezia 3, sede ACAT",,apcatrovigo@gmail.com,COORDINATION_INHERITED,347 8899001,,https://www.acatbassopolesine.org/acat-basso-polesine,,APCAT Rovigo e Delta del Po,11,,,06d6e816662e984b8992cb8367491f86
SIC-W51K2ZWH-RE2H5DED-J,Club 348,CAT,LOCAL_CLUB,Veneto,RO,Taglio di Po,"Piazza Venezia 3, sede ACAT",,apcatrovigo@gmail.com,COORDINATION_INHERITED,347 8899001,,https://www.acatbassopolesine.org/acat-basso-polesine,,APCAT Rovigo e Delta del Po,10,,,ffb5a1bc9364e57d9860039297265893
SIC-NJJ86EW2-YQZACPFM-H,Club 566,CAT,LOCAL_CLUB,Veneto,RO,Taglio di Po,"Piazza Venezia 3, sede ACAT",,apcatrovigo@gmail.com,COORDINATION_INHERITED,347 8899001,,https://www.acatbassopolesine.org/acat-basso-polesine,,APCAT Rovigo e Delta del Po,11,,,3ac841757a5da7385192197688cb7e5c
SIC-ID-098060EC0D91,ARCAT Veneto ODV,ARCAT,REGIONAL,Veneto,TR,Trevignano,Via Tre Forni 16,,segreteria@arcatveneto.it,DIRECT,0423 677168,,,,ARCAT Veneto ODV,2600,,,389cf044ac9a655ee63fb9634b215aa9
SIC-ACAT-VERONASUD-VR,ACAT Verona Sud,ACAT,TERRITORIAL,Veneto,VR,Verona,,,apcatverona@libero.it,COORDINATION_INHERITED,045 8003456,,https://www.acatvrsud.it,,APCAT Verona ODV,85,,,7e6322cfd37da7e9b3b7d4483c83144d
SIC-ACAT-CASTELSCALIGERO-VR,ACAT Castel Scaligero,ACAT,TERRITORIAL,Veneto,VR,Villafranca di Verona,,,apcatverona@libero.it,COORDINATION_INHERITED,045 8003456,,https://www.acatcastelscaligero.it,,APCAT Verona ODV,85,,,7084feb4c7d106e481579cf84fd5f86d
SIC-APCAT-8809EC8A-41E9E3F4,APCAT Verona ODV,APCAT,PROVINCIAL_APCAT,Veneto,VR,Verona,Via Santa Toscana 9,37129,apcatverona@libero.it,DIRECT,045 8003456,347 1234567,https://www.apcatverona.it,,APCAT Verona ODV,380,Martedì / Venerdì,20:30,0fd21a169c18e5c558bd8002dbbb044b
SIC-APCAT-2682C426-234ADD8E,APCAT Vicenza,APCAT,PROVINCIAL_APCAT,Veneto,VI,Vicenza,Contrà Mure Pallamaio 30,36100,apcatvicenza@gmail.com,DIRECT,0444 543210,,https://aicat.net,,APCAT Vicenza,380,Mercoledì,20:15,f3a8115ed53541d7f0af9f785752452b
SIC-APCAT-CA3CBC45-3298C877,APCAT Padova,APCAT,PROVINCIAL_APCAT,Veneto,PD,Padova,Via Guasti 12,35124,apcatpadova@gmail.com,DIRECT,049 8809988,338 9876543,https://www.apcatpadova.it,,APCAT Padova,380,Lunedì / Giovedì,20:30,798724d527245a3d5fdf336513acf460
SIC-APCAT-29CD8B52-68533AC7,APCAT Treviso,APCAT,PROVINCIAL_APCAT,Veneto,TV,Treviso,Viale Brigata Treviso 18,31100,apcattreviso@gmail.com,DIRECT,0422 419080,,https://aicat.net,,APCAT Treviso,220,Venerdì,20:30,b65502ff2a0998e3fa6f2fe6815a7849
SIC-APCAT-6D300D37-23544CF1,APCAT Belluno e Feltre,APCAT,PROVINCIAL_APCAT,Veneto,BL,Belluno,Piazzale Cesare Battisti 2,32100,apcatbelluno@virgilio.it,DIRECT,0437 940123,,https://aicat.net,,APCAT Belluno e Feltre,220,Giovedì,20:00,7ad3f825e7c4d78146a2caebac61dff8
SIC-APCAT-29620A99-50B95F5A,APCAT Venezia e Laguna,APCAT,PROVINCIAL_APCAT,Veneto,VE,Mestre - Venezia,Via Cappuccina 45,30172,apcatvenezia@libero.it,DIRECT,041 958822,,https://aicat.net,,APCAT Venezia e Laguna,220,Mercoledì,20:30,05b904ca101bac600657f21cb725ac83
SIC-APCAT-F5FF5164-B90B6F78,APCAT Rovigo e Delta del Po,APCAT,PROVINCIAL_APCAT,Veneto,RO,Rovigo,Corso del Popolo 119,45100,apcatrovigo@gmail.com,DIRECT,347 8899001,0425 21234,https://aicat.net,,APCAT Rovigo e Delta del Po,220,Lunedì / Mercoledì,20:30,6a2077a9dbda09ea48a9ae00f80ecfdb
SIC-APCAT-ADC00F50-8805DCC1,APCAT Brescia e Valle Camonica,APCAT,PROVINCIAL_APCAT,Lombardia,BS,Brescia,Via San Faustino 64,25122,apcatbrescia@gmail.com,DIRECT,030 3751234,,https://www.arcatlombardia.it,,APCAT Brescia e Valle Camonica,320,Giovedì,20:30,0d0448aa4541298cc757b79ef26f99de
SIC-APCAT-9A473A69-CCBF82F5,APCAT Bergamo e Valli Orobiche,APCAT,PROVINCIAL_APCAT,Lombardia,BG,Bergamo,Via Statuto 22,24128,apcatbergamo@gmail.com,DIRECT,035 241199,,https://www.arcatlombardia.it,,APCAT Bergamo e Valli Orobiche,320,Lunedì,20:30,c77efd052c39010872b0aa5b72d2ead7
SIC-APCAT-6E9C6106-9890BA6C,APCAT Milano Città Metropolitana,APCAT,PROVINCIAL_APCAT,Lombardia,MI,Milano,Via Kramer 21,20129,apcatmilano@virgilio.it,DIRECT,02 76001234,335 1234567,https://www.arcatlombardia.it,,APCAT Milano Città Metropolitana,220,Martedì / Giovedì,20:30,18f05986d84d6dbf60eb4670ffc04aaf
SIC-APCAT-59DFA2D8-C80D503C,APCAT Como e Laghi,APCAT,PROVINCIAL_APCAT,Lombardia,CO,Como,Via Dante Alighieri 15,22100,apcatcomo@gmail.com,DIRECT,031 267890,,https://www.arcatlombardia.it,,APCAT Como e Laghi,220,Mercoledì,20:15,ec1f7c9a7d3c37121daef98edc1ed652
SIC-APCAT-264C92AB-0A3FA4A7,APCAT Varese,APCAT,PROVINCIAL_APCAT,Lombardia,VA,Varese,Piazza Motta 4,21100,apcatvarese@libero.it,DIRECT,0332 281234,,https://www.arcatlombardia.it,,APCAT Varese,220,Venerdì,20:30,516110a4f8b689374ded10f7d647f952
SIC-APCAT-136D5457-C418CA74,APCAT Pavia e Oltrepò,APCAT,PROVINCIAL_APCAT,Lombardia,PV,Pavia,Corso Garibaldi 38,27100,apcatpavia@gmail.com,DIRECT,0382 301234,,https://www.arcatlombardia.it,,APCAT Pavia e Oltrepò,220,Giovedì,20:30,4e4ae0173cdbbc4278710d023c1bc63f
SIC-APCAT-E5F59807-B70ED246,APCAT Cremona e Crema,APCAT,PROVINCIAL_APCAT,Lombardia,CR,Cremona,Via Palestro 12,26100,apcatcremona@gmail.com,DIRECT,0372 451122,,https://www.arcatlombardia.it,,APCAT Cremona e Crema,220,Martedì,20:15,85bec772cf099936e01adb1382770ea1
SIC-APCAT-48B7B8E0-F8062508,APCAT Pordenone ODV,APCAT,PROVINCIAL_APCAT,Friuli-Venezia Giulia,PN,Pordenone,Via Montereale 24,33170,apcatpordenone@gmail.com,DIRECT,0434 365432,,https://aicat.net,,APCAT Pordenone ODV,220,Lunedì / Giovedì,20:30,663d345c03b9a1acdfd558a38fb0b1ef
SIC-APCAT-CFD2D605-ECFA1759,APCAT Udine e Friuli Centrale,APCAT,PROVINCIAL_APCAT,Friuli-Venezia Giulia,UD,Udine,Via Pradamano 21,33100,apcatudine@gmail.com,DIRECT,0432 501234,,https://aicat.net,,APCAT Udine e Friuli Centrale,220,Martedì,20:30,2ef4f94d49a8ef117604c6e3f57fddd7
SIC-APCAT-4A70EEE5-00F0801E,APCAT Gorizia e Isontino,APCAT,PROVINCIAL_APCAT,Friuli-Venezia Giulia,GO,Gorizia,Corso Italia 88,34170,apcatgorizia@virgilio.it,DIRECT,0481 531234,,https://aicat.net,,APCAT Gorizia e Isontino,220,Mercoledì,20:00,9448959a90b966a25c432cdf020216a8
SIC-APCAT-8C53AFEB-61259C60,APCAT Trieste e Carso,APCAT,PROVINCIAL_APCAT,Friuli-Venezia Giulia,TS,Trieste,Via Battisti 14,34125,apcattrieste@gmail.com,DIRECT,040 361234,,https://aicat.net,,APCAT Trieste e Carso,220,Venerdì,20:30,47df068c2c5600933d5450314dfb5d9a
SIC-APCAT-AD8AFE8A-564DFDDC,APCAT Ferrara e Terre Estensi,APCAT,PROVINCIAL_APCAT,Emilia-Romagna,FE,Ferrara,Via Borgo dei Leoni 62,44121,apcatferrara@gmail.com,DIRECT,348 7766554,0532 201122,https://www.arcatemiliaromagna.com,,APCAT Ferrara e Terre Estensi,220,Martedì / Giovedì,20:30,d650da6e98aa2943593c52231788433a
SIC-APCAT-13744644-746B342F,APCAT Bologna Città e Provincia,APCAT,PROVINCIAL_APCAT,Emilia-Romagna,BO,Bologna,Via Matilde Serao 11,40128,arcatemiliaromagna@gmail.com,DIRECT,346 2176182,051 371234,https://www.arcatemiliaromagna.com,,APCAT Bologna Città e Provincia,220,Lunedì / Mercoledì,20:30,9bdd36c382f1bb8942cf46a57a93c450
SIC-APCAT-F189A148-B13FBB1D,APCAT Modena,APCAT,PROVINCIAL_APCAT,Emilia-Romagna,MO,Modena,Via Ganaceto 44,41121,apcatmodena@gmail.com,DIRECT,059 221234,,https://www.arcatemiliaromagna.com,,APCAT Modena,220,Giovedì,20:30,57c9296f39c310eb332ff3e470ec572b
SIC-APCAT-B9B5D555-5905BF66,APCAT Reggio Emilia,APCAT,PROVINCIAL_APCAT,Emilia-Romagna,RE,Reggio Emilia,Viale Monte Grappa 10,42121,apcatreggioemilia@gmail.com,DIRECT,0522 431234,,https://www.arcatemiliaromagna.com,,APCAT Reggio Emilia,220,Mercoledì,20:30,553f56da175609b54e40cb8ca4d0d838
SIC-APCAT-135A91D8-4C4CA014,APCAT Parma,APCAT,PROVINCIAL_APCAT,Emilia-Romagna,PR,Parma,Borgo Felino 19,43121,apcatparma@gmail.com,DIRECT,0521 281234,,https://www.arcatemiliaromagna.com,,APCAT Parma,220,Venerdì,20:30,44078ef844d83d3ffb4ef3b73d974d67
SIC-APCAT-FA410959-E33661C6,"APCAT Romagna (Ravenna, Forlì-Cesena, Rimini)",APCAT,PROVINCIAL_APCAT,Emilia-Romagna,RA,Ravenna,Via Circonvallazione al Molino 40,48121,apcatromagna@gmail.com,DIRECT,0544 381234,,https://www.arcatemiliaromagna.com,,"APCAT Romagna (Ravenna, Forlì-Cesena, Rimini)",220,Lunedì / Giovedì,20:30,f46b739c3aaa42ce97dfa50bb02c6d7f
SIC-APCAT-3E48A619-AC496362,APCAT Roma Capitale e Rete Metropolitana,APCAT,PROVINCIAL_APCAT,Lazio,RM,Roma,Via Nomentana 323,00162,apcatroma@gmail.com,DIRECT,06 8541234,333 9081726,https://aicat.net,,APCAT Roma Capitale e Rete Metropolitana,220,Lunedì / Giovedì,20:30,dc92ecb55072b9976fd2b10ddf42e301
SIC-APCAT-A7D141A3-E1CF0674,APCAT Frosinone e Ciociaria,APCAT,PROVINCIAL_APCAT,Lazio,FR,Frosinone,Via Marittima 85,03100,apcatfrosinone@gmail.com,DIRECT,0775 821234,,https://aicat.net,,APCAT Frosinone e Ciociaria,220,Mercoledì,20:00,3418e97d95b0f3ccff430197afe6415a
SIC-APCAT-6A05DA5D-E5E6F908,APCAT Firenze e Rete Fiorentina,APCAT,PROVINCIAL_APCAT,Toscana,FI,Firenze,Via Andrea del Verrocchio 12,50136,apcatfirenze@gmail.com,DIRECT,055 671234,,https://aicat.net,,APCAT Firenze e Rete Fiorentina,220,Martedì / Venerdì,20:30,978557460092d668dfcd05ab38d59aa0
SIC-APCAT-6A28F39A-42ECB22C,APCAT Pisa e Litorale Toscano,APCAT,PROVINCIAL_APCAT,Toscana,PI,Pisa,Via San Zeno 28,56127,apcatpisa@gmail.com,DIRECT,050 571234,,https://aicat.net,,APCAT Pisa e Litorale Toscano,220,Mercoledì,20:15,12eb8d5104bb24120b042df54818fc73
SIC-APCAT-4CB817B5-9A448B04,APCAT Lucca e Versilia,APCAT,PROVINCIAL_APCAT,Toscana,LU,Lucca,Via Santa Chiara 10,55100,apcatlucca@gmail.com,DIRECT,0583 491234,,https://aicat.net,,APCAT Lucca e Versilia,220,Giovedì,20:30,3fbba3356da85a0a4095618818b410f9
SIC-APCAT-84CE9DF8-9E46FD4D,APCAT Torino Città Metropolitana,APCAT,PROVINCIAL_APCAT,Piemonte,TO,Torino,Corso Valdocco 14,10122,apcattorino@gmail.com,DIRECT,011 4361234,349 9871234,https://aicat.net,,APCAT Torino Città Metropolitana,220,Lunedì / Mercoledì,20:30,33f1dd36c240c8ae92dc8838710224c8
SIC-APCAT-B1DE758E-43CABAE6,APCAT Cuneo e Langhe,APCAT,PROVINCIAL_APCAT,Piemonte,CN,Cuneo,Via Roma 45,12100,apcatcuneo@gmail.com,DIRECT,0171 691234,,https://aicat.net,,APCAT Cuneo e Langhe,220,Giovedì,20:30,e7b277dca7cec3c793c126f8460ffb25
SIC-APCAT-6BA1AC4C-FEB0934B,APCAT Genova e Golfo Paradiso,APCAT,PROVINCIAL_APCAT,Liguria,GE,Genova,Via Balbi 30,16126,apcatgenova@gmail.com,DIRECT,010 2461234,,https://aicat.net,,APCAT Genova e Golfo Paradiso,220,Martedì / Venerdì,20:30,b0cc7c87876f6d808b67b326e9b7ece8
SIC-APCAT-AE940233-53FC8887,APCAT Bari e Terre di Bari,APCAT,PROVINCIAL_APCAT,Puglia,BA,Bari,Via Perrone 19,70122,infoarcatpuglia@gmail.com,DIRECT,349 7431529,080 5211234,https://www.arcatpuglia.net,,APCAT Bari e Terre di Bari,220,Lunedì / Giovedì,20:00,a319e1814edaf964c3b1dfb57fa2040b
SIC-APCAT-35741EB4-6D2627CE,APCAT Lecce e Salento,APCAT,PROVINCIAL_APCAT,Puglia,LE,Lecce,Via Taranto 70,73100,apcatlecce@gmail.com,DIRECT,0832 301234,,https://www.arcatpuglia.net,,APCAT Lecce e Salento,220,Mercoledì,20:00,9b54a346a1efd20ad0b6145c7c512f13
SIC-APCAT-01B78ED4-1C7FA5C9,APCAT Napoli e Provincia,APCAT,PROVINCIAL_APCAT,Campania,NA,Napoli,Via Toledo 156,80134,apcatnapoli@gmail.com,DIRECT,081 5511234,338 7654321,https://aicat.net,,APCAT Napoli e Provincia,220,Martedì / Giovedì,20:00,3bde56af28679fb590df0166d459cae9
SIC-APCAT-DE5F69EE-2A3B251B,APCAT Salerno,APCAT,PROVINCIAL_APCAT,Campania,SA,Salerno,Corso Vittorio Emanuele 92,84123,apcatsalerno@gmail.com,DIRECT,089 231234,,https://aicat.net,,APCAT Salerno,220,Mercoledì,20:00,217934d3f60df116da61379710f29778
SIC-APCAT-1912CA06-2A007695,APCAT Palermo e Conca d'Oro,APCAT,PROVINCIAL_APCAT,Sicilia,PA,Palermo,Via Maqueda 120,90133,apcatpalermo@gmail.com,DIRECT,091 6111234,334 1239876,https://aicat.net,,APCAT Palermo e Conca d'Oro,220,Lunedì / Giovedì,20:00,2b9d8853c69c46471397e5614a5f070b
SIC-APCAT-D3BBD817-3415F091,APCAT Catania ed Etna,APCAT,PROVINCIAL_APCAT,Sicilia,CT,Catania,Via Etnea 204,95131,apcatcatania@gmail.com,DIRECT,095 311234,,https://aicat.net,,APCAT Catania ed Etna,220,Martedì,20:00,a7c4c0f473464a2f645d4e165f0773d0
SIC-APCAT-CE75C94C-80079C1A,APCAT Cagliari e Sud Sardegna,APCAT,PROVINCIAL_APCAT,Sardegna,CA,Cagliari,Via Roma 75,09124,apcatcagliari@gmail.com,DIRECT,070 651234,,https://aicat.net,,APCAT Cagliari e Sud Sardegna,220,Giovedì,20:00,6d199caaef90bb07602be74363a07330
SIC-APCAT-8F6D02CE-491E02FC,APCAT Sassari e Gallura,APCAT,PROVINCIAL_APCAT,Sardegna,SS,Sassari,Corso Vittorio Emanuele 112,07100,apcatsassari@gmail.com,DIRECT,079 231234,,https://aicat.net,,APCAT Sassari e Gallura,220,Venerdì,20:00,5f202b742b319fc798679fb0696dcc82
SIC-APCAT-EB204436-5C360377,APCAT Ancona e Conero,APCAT,PROVINCIAL_APCAT,Marche,AN,Ancona,Corso Mazzini 54,60121,apcatancona@gmail.com,DIRECT,071 201234,,https://aicat.net,,APCAT Ancona e Conero,220,Martedì,20:15,a99f5a0b9778a648a1d3c6696471f7af
SIC-APCAT-0B3DBEB9-0D26E814,APCAT Perugia e Umbria,APCAT,PROVINCIAL_APCAT,Umbria,PG,Perugia,Corso Vannucci 30,06121,apcatperugia@gmail.com,DIRECT,075 571234,,https://aicat.net,,APCAT Perugia e Umbria,220,Mercoledì,20:00,b0e1b61f630d2fce1ddacf7e99e97783
SIC-APCAT-4033792E-7A5A3FAB,APCAT Pescara e Chieti,APCAT,PROVINCIAL_APCAT,Abruzzo,PE,Pescara,Corso Umberto I 72,65122,apcatpescara@gmail.com,DIRECT,085 4211234,,https://aicat.net,,APCAT Pescara e Chieti,220,Lunedì,20:30,eb4da4fb57ad7e933478891d5fea7247
SIC-APCAT-C6A9A9BB-DC02B40E,APCAT Cosenza e Rende,APCAT,PROVINCIAL_APCAT,Calabria,CS,Cosenza,Corso Telesio 22,87100,apcatcosenza@gmail.com,DIRECT,0984 761234,,https://aicat.net,,APCAT Cosenza e Rende,220,Giovedì,20:00,6cb48ddf296c0b1ee5a6199847638cff
SIC-CAT-ITA-696DDEBA,Club CAT Taglio di Po · San Francesco,CAT,LOCAL_CLUB,Veneto,RO,Taglio di Po,Piazza Venezia 1,45019,club.tagliodipo@dependex.support,DIRECT,348 7654321,,https://facebook.com/acatbassopolesine,Gianni B.,ACAT RO,11,Mercoledì,20:30,3002620a77cf566e87da877c7ca48151
SIC-CAT-ITA-AC9B97A4,Club CAT Porto Viro · Don Bosco,CAT,LOCAL_CLUB,Veneto,RO,Porto Viro,Via Roma 42,45014,club.portoviro@dependex.support,DIRECT,339 8765432,,https://facebook.com/acatbassopolesine,Maria Luisa T.,ACAT RO,12,Lunedì,20:45,e859872dd68d878bac27bd386927f64e
SIC-CAT-ITA-80F9272E,Club CAT Adria · Santa Maria Assunta,CAT,LOCAL_CLUB,Veneto,RO,Adria,Corso Vittorio Emanuele II 88,45011,acat.adria@libero.it,DIRECT,0426 21543,,https://facebook.com/acatbassopolesine,Roberto P.,ACAT RO,10,Giovedì,20:30,b789f2af942b2468aad9c24636c3d260
SIC-CAT-ITA-A5E25DE0,Club CAT Badia Polesine · Il Faro,CAT,LOCAL_CLUB,Veneto,RO,Badia Polesine,Piazza Marconi 5,45021,club.badiapolesine@dependex.support,DIRECT,347 1122334,,https://facebook.com/acatrovigo,Carlo M.,ACAT RO,11,Martedì,20:30,7520fab43b8cb435037676ecad71ad4a
SIC-CAT-ITA-85F61563,Club CAT Occhiobello · Insieme sul Po,CAT,LOCAL_CLUB,Veneto,RO,Occhiobello,Via Buozzi 12,45030,club.occhiobello@dependex.support,DIRECT,333 4455667,,https://facebook.com/acatrovigo,Laura F.,ACAT RO,10,Venerdì,20:30,7baabc1009295c395d746ff98a428852
SIC-CAT-ITA-57E26EDD,Club CAT Verona · San Zeno,CAT,LOCAL_CLUB,Veneto,VR,Verona,Piazza San Zeno 2,37123,apcatverona@libero.it,DIRECT,045 8003456,,https://www.apcatverona.it,Paolo C.,ACAT VR,12,Lunedì,20:30,a831e7315382753be580e5dbacd7eeb9
SIC-CAT-ITA-9093F5AC,Club CAT Villafranca di Verona · La Rinascita,CAT,LOCAL_CLUB,Veneto,VR,Villafranca di Verona,Corso Vittorio Emanuele 140,37069,club.villafranca@apcatverona.it,DIRECT,349 9876543,,https://facebook.com/apcatverona,Elena G.,ACAT VR,11,Giovedì,20:30,2a1f864ade9175453bd0e83a34300461
SIC-CAT-ITA-9DA0741D,Club CAT Bassano del Grappa · Il Ponte,CAT,LOCAL_CLUB,Veneto,VI,Bassano del Grappa,Via Angarano 28,36061,acatbassanese@libero.it,DIRECT,0424 523311,,https://facebook.com/acatbassano,Stefano T.,ACAT VI,12,Martedì,20:30,7b343b03cee3a3be81e8361edc2aed81
SIC-CAT-ITA-E2939C82,Club CAT Schio · Monte Summano,CAT,LOCAL_CLUB,Veneto,VI,Schio,Via Rovereto 45,36015,club.schio@apcatvicenza.it,DIRECT,338 2233445,,https://facebook.com/apcatvicenza,Claudio V.,ACAT VI,11,Mercoledì,20:30,4eec34c92118889bebbd0f7012c72b5c
SIC-CAT-ITA-9459B585,Club CAT Piove di Sacco · La Fratellanza,CAT,LOCAL_CLUB,Veneto,PD,Piove di Sacco,Via San Rocco 18,35028,acatpiovese@gmail.com,DIRECT,049 9701234,,https://facebook.com/acatpadova,Francesca B.,ACAT PD,10,Lunedì,20:45,709983109e59565ef14b25844a5a17dc
SIC-CAT-ITA-5D34FE6D,Club CAT Cittadella · La Cinta Muraria,CAT,LOCAL_CLUB,Veneto,PD,Cittadella,Riva del Grappa 14,35012,club.cittadella@acatpadova.it,DIRECT,340 7788990,,https://facebook.com/acatpadova,Mario D.,ACAT PD,11,Giovedì,20:30,ed1ddcb6b34d5ddaaffa84b71f9a21b8
SIC-CAT-ITA-96D6AA22,Club CAT Conegliano · Cima,CAT,LOCAL_CLUB,Veneto,TV,Conegliano,Via Beato Ongaro 10,31015,acattreviso@libero.it,DIRECT,0438 412345,,https://facebook.com/acattreviso,Luigi S.,ACAT TV,12,Mercoledì,20:30,e94eec59424a76272cc5392f824ba705
SIC-CAT-ITA-3B19C866,Club CAT Chioggia · San Felice,CAT,LOCAL_CLUB,Veneto,VE,Chioggia,Calle San Giacomo 45,30015,club.chioggia@acatvenezia.it,DIRECT,335 1234567,,https://facebook.com/acatvenezia,Giuseppe T.,ACAT VE,11,Martedì,20:30,7ad7e28c9765f8eab812c48e235d1bbe
SIC-CAT-ITA-D89D1052,Club CAT Desenzano del Garda · La Spiaggia,CAT,LOCAL_CLUB,Lombardia,BS,Desenzano del Garda,Via Dal Molin 15,25015,acatgarda@libero.it,DIRECT,030 9141234,,https://facebook.com/acatbrescia,Giorgio B.,ACAT BS,10,Mercoledì,20:30,1b5bb8e58ccf3c12774cba2507b462be
SIC-CAT-ITA-BCAA47E6,Club CAT Treviglio · San Martino,CAT,LOCAL_CLUB,Lombardia,BG,Treviglio,Piazza Insurrezione 4,24047,acattreviglio@gmail.com,DIRECT,0363 41234,,https://facebook.com/acatbergamo,Matteo L.,ACAT BG,11,Giovedì,20:30,fc641c98cdf1a49719205d7aae8babe5
SIC-CAT-ITA-DBD6EB2F,Club CAT Moncalieri · Il Castello,CAT,LOCAL_CLUB,Piemonte,TO,Moncalieri,Piazza Baden Baden 3,10024,acattorino@libero.it,DIRECT,011 6401234,,https://facebook.com/acattorino,Franco R.,ACAT TO,12,Lunedì,20:45,3c1f392f6b3bac6852594cdb201cf2f9
SIC-CAT-ITA-A2B7EE24,Club CAT Alba · Langhe Unite,CAT,LOCAL_CLUB,Piemonte,CN,Alba,Piazza Rossetti 6,12051,acatalba@gmail.com,DIRECT,0173 361234,,https://facebook.com/acatcuneo,Giovanni D.,ACAT CN,11,Martedì,20:30,b5095b1744b444475a8532c899630e98
SIC-CAT-ITA-EA2BF87E,Club CAT Comacchio · Trepponti,CAT,LOCAL_CLUB,Emilia-Romagna,FE,Comacchio,Via Cavour 15,44022,club.comacchio@dependex.support,DIRECT,347 5566778,,https://facebook.com/acatferrara,Antonio M.,ACAT FE,10,Giovedì,20:30,843a2ec9e84c4a6f59886562add50f6c
SIC-CAT-ITA-F92DEA66,Club CAT Cento · Guercino,CAT,LOCAL_CLUB,Emilia-Romagna,FE,Cento,Via Guercino 34,44042,acatcento@gmail.com,DIRECT,051 6831234,,https://facebook.com/acatferrara,Davide R.,ACAT FE,11,Lunedì,20:45,93f19890a5f6bae68c5db1e431669040
SIC-CAT-ITA-949999C9,Club CAT Imola · Il Germoglio,CAT,LOCAL_CLUB,Emilia-Romagna,BO,Imola,Via Emilia 80,40026,acatimola@libero.it,DIRECT,0542 23456,,https://facebook.com/acatimola,Simone F.,ACAT BO,12,Martedì,20:30,59002bd05fd3d9e0b31f718e7b48b9b8
SIC-CAT-ITA-62B0BAB3,Club CAT Carpi · La Quercia,CAT,LOCAL_CLUB,Emilia-Romagna,MO,Carpi,Piazza Martiri 22,41012,acatcarpi@gmail.com,DIRECT,059 641234,,https://facebook.com/acatmodena,Valeria N.,ACAT MO,11,Venerdì,20:30,89082f9440dc1c24ad9880cc14659ee0
SIC-CAT-ITA-C1CC3D1F,Club CAT Empoli · La Speranza,CAT,LOCAL_CLUB,Toscana,FI,Empoli,Via Roma 45,50053,acat.empoli@libero.it,DIRECT,0571 72123,,https://facebook.com/acattoscana,Andrea B.,ACAT FI,11,Mercoledì,20:30,f71e770b1c6b088dde732409ae628d9a
SIC-CAT-ITA-2A722381,Club CAT Viareggio · Versilia Mare,CAT,LOCAL_CLUB,Toscana,LU,Viareggio,Via Garibaldi 80,55049,acatversilia@gmail.com,DIRECT,0584 961234,,https://facebook.com/acatlucca,Serena M.,ACAT LU,10,Venerdì,20:30,d33d98e45d4ef9edd2c61b86fdd6bdc6
SIC-CAT-ITA-AB1EEF07,Club CAT Roma · San Paolo,CAT,LOCAL_CLUB,Lazio,RM,Roma,Via Ostiense 186,00154,acatroma@tiscali.it,DIRECT,06 5412345,,https://facebook.com/acatroma,Marco F.,ACAT RM,12,Giovedì,20:00,23aa8040373b6c9bfccfebfc19c49c63
SIC-CAT-ITA-0824CD97,Club CAT Ostia Lido · Il Porto,CAT,LOCAL_CLUB,Lazio,RM,Roma,Piazza Giuliano della Rovere 8,00121,acatostia@gmail.com,DIRECT,339 1122445,,https://facebook.com/acatroma,Daniela V.,ACAT RM,11,Martedì,20:15,e5b78b753c9ecb416f0ebca1b2b918f0
SIC-CAT-ITA-3ACDBA79,Club CAT Salerno · Arechi,CAT,LOCAL_CLUB,Campania,SA,Salerno,Via Carmine 44,84126,acatsalerno@libero.it,DIRECT,089 221234,,https://facebook.com/acatsalerno,Carmine D.,ACAT SA,11,Lunedì,19:30,2ffc088dcc6ff2cb5a01208e3147f421
SIC-CAT-ITA-79F9C4F3,Club CAT Lecce · Salento Solidale,CAT,LOCAL_CLUB,Puglia,LE,Lecce,Via Leuca 78,73100,acatlecce@gmail.com,DIRECT,0832 341234,,https://facebook.com/acatpuglia,Pompilio R.,ACAT LE,10,Mercoledì,19:45,fbef60bd9dcd6ec0b76b81ab9aa16ec6
SIC-CAT-ITA-6847FDAA,Club CAT Catania · Etna Viva,CAT,LOCAL_CLUB,Sicilia,CT,Catania,Piazza Cavour 14,95125,acatcatania@libero.it,DIRECT,095 441234,,https://facebook.com/acatsicilia,Salvo C.,ACAT CT,11,Giovedì,19:30,55f936e13b9fba7f32564f8237f21bcf
SIC-CAT-ITA-69A13BDE,Club CAT Sassari · La Rinascita Sarda,CAT,LOCAL_CLUB,Sardegna,SS,Sassari,Via Roma 102,07100,acatsassari@gmail.com,DIRECT,079 231234,,https://facebook.com/acatsardegna,Gavino M.,ACAT SS,10,Martedì,19:30,faae900253257e08cc9481083fe4507f
