sic_id,entity_name,original_type,network_level,network_rank,rank_color,continent,country,region,province,city,address,status,parent_sic_id,source_url,source_type,language,meeting,public_contact,notes,is_synthetic,longitude,latitude,geo_accuracy,direct_children,network_descendants,public_data_score
SIC-WS2VDS86-YRB6M7TV-B,DEPENDEX WORLD,WORLD,WORLD,70,#EF4444,,,,,,,ACTIVE,,,,,,,,1,0,15,WORLD,6,482,0
SIC-1VP5PKA2-VEJXHQ8M-8,Africa,CONTINENT,CONTINENT,60,#F97316,Africa,,,,,,ACTIVE,SIC-WS2VDS86-YRB6M7TV-B,,,,,,,1,20,5,CONTINENT,2,4,0
SIC-EER60AR9-PERPDWT1-V,Asia,CONTINENT,CONTINENT,60,#F97316,Asia,,,,,,ACTIVE,SIC-WS2VDS86-YRB6M7TV-B,,,,,,,1,85,35,CONTINENT,3,11,0
SIC-6Y6S4M7A-K0MRKAPA-K,Europe,CONTINENT,CONTINENT,60,#F97316,Europe,,,,,,ACTIVE,SIC-WS2VDS86-YRB6M7TV-B,,,,,,,1,15,50,CONTINENT,24,437,0
SIC-P5ZMQMS2-W4K87C8B-Q,North America,CONTINENT,CONTINENT,60,#F97316,North America,,,,,,ACTIVE,SIC-WS2VDS86-YRB6M7TV-B,,,,,,,1,-95,35,CONTINENT,1,3,0
SIC-54F9H5YV-C11KP5F4-N,Oceania,CONTINENT,CONTINENT,60,#F97316,Oceania,,,,,,ACTIVE,SIC-WS2VDS86-YRB6M7TV-B,,,,,,,1,145,-25,CONTINENT,1,2,0
SIC-S7H9RTYM-9K7A84S9-W,South America,CONTINENT,CONTINENT,60,#F97316,South America,,,,,,ACTIVE,SIC-WS2VDS86-YRB6M7TV-B,,,,,,,1,-60,-15,CONTINENT,5,19,0
SIC-86WEYN77-9C4ED9KZ-4,Albania,COUNTRY,NATIONAL,50,#F59E0B,Europe,Albania,,,,,NETWORK_COUNTRY,SIC-6Y6S4M7A-K0MRKAPA-K,,,,,,,1,20.13181818181818,41.22272727272727,COUNTRY_CENTROID,1,1,0
SIC-E6Z3YYDC-4KA1CGQ5-W,Belarus,COUNTRY,NATIONAL,50,#F59E0B,Europe,Belarus,,,,,NETWORK_COUNTRY,SIC-6Y6S4M7A-K0MRKAPA-K,,,,,,,1,28.222727272727273,53.37954545454545,COUNTRY_CENTROID,1,1,0
SIC-FM2KE49A-QXNTD0JG-G,Bolivia,COUNTRY,NATIONAL,50,#F59E0B,South America,Bolivia,,,,,NETWORK_COUNTRY,SIC-S7H9RTYM-9K7A84S9-W,,,,,,,1,-64.13166666666666,-16.346666666666668,COUNTRY_CENTROID,2,2,0
SIC-A53THB43-9DMD9PY1-W,Bosnia and Herzegovina,COUNTRY,NATIONAL,50,#F59E0B,Europe,Bosnia and Herzegovina,,,,,NETWORK_COUNTRY,SIC-6Y6S4M7A-K0MRKAPA-K,,,,,,,1,17.87727272727273,44.14545454545455,COUNTRY_CENTROID,4,8,0
SIC-HS528K21-MDV86QKH-W,Brazil,COUNTRY,NATIONAL,50,#F59E0B,South America,Brazil,,,,,NETWORK_COUNTRY,SIC-S7H9RTYM-9K7A84S9-W,,,,,,,1,-56.92709359605911,-9.661083743842365,COUNTRY_CENTROID,3,3,0
SIC-97VMBR39-C440N9WS-6,Bulgaria,COUNTRY,NATIONAL,50,#F59E0B,Europe,Bulgaria,,,,,NETWORK_COUNTRY,SIC-6Y6S4M7A-K0MRKAPA-K,,,,,,,1,24.689285714285717,42.88214285714286,COUNTRY_CENTROID,2,2,0
SIC-6D05R5PP-JXRPTK1S-A,Cameroon,COUNTRY,NATIONAL,50,#F59E0B,Africa,Cameroon,,,,,NETWORK_COUNTRY,SIC-1VP5PKA2-VEJXHQ8M-8,,,,,,,1,13.172131147540984,6.909836065573771,COUNTRY_CENTROID,1,1,0
SIC-E6HZ089D-QJWFGGB0-H,Chile,COUNTRY,NATIONAL,50,#F59E0B,South America,Chile,,,,,NETWORK_COUNTRY,SIC-S7H9RTYM-9K7A84S9-W,,,,,,,1,-71.1929203539823,-40.82743362831859,COUNTRY_CENTROID,2,2,0
SIC-22FWS3ZJ-XQPBHFBE-1,Croatia,COUNTRY,NATIONAL,50,#F59E0B,Europe,Croatia,,,,,NETWORK_COUNTRY,SIC-6Y6S4M7A-K0MRKAPA-K,,,,,,,1,16.388095238095236,44.89523809523809,COUNTRY_CENTROID,2,130,0
SIC-SG6XEF3M-J7KZ4WMR-S,Denmark,COUNTRY,NATIONAL,50,#F59E0B,Europe,Denmark,,,,,NETWORK_COUNTRY,SIC-6Y6S4M7A-K0MRKAPA-K,,,,,,,1,9.622222222222222,56.27777777777778,COUNTRY_CENTROID,5,5,0
SIC-M8R38W6B-1PD05NTJ-Q,Ecuador,COUNTRY,NATIONAL,50,#F59E0B,South America,Ecuador,,,,,NETWORK_COUNTRY,SIC-S7H9RTYM-9K7A84S9-W,,,,,,,1,-78.70606060606062,-1.6393939393939394,COUNTRY_CENTROID,5,5,0
SIC-MG70K4CK-VB1QKHYN-P,Finland,COUNTRY,NATIONAL,50,#F59E0B,Europe,Finland,,,,,NETWORK_COUNTRY,SIC-6Y6S4M7A-K0MRKAPA-K,,,,,,,1,25.76578947368421,65.47631578947369,COUNTRY_CENTROID,1,1,0
SIC-JW06EY0P-65SM8TNR-W,France,COUNTRY,NATIONAL,50,#F59E0B,Europe,France,,,,,NETWORK_COUNTRY,SIC-6Y6S4M7A-K0MRKAPA-K,,,,,,,1,-12.77462686567164,34.67611940298508,COUNTRY_CENTROID,1,1,0
SIC-XM51G97H-KZ24TF47-1,Greece,COUNTRY,NATIONAL,50,#F59E0B,Europe,Greece,,,,,NETWORK_COUNTRY,SIC-6Y6S4M7A-K0MRKAPA-K,,,,,,,1,23.54074074074074,38.870370370370374,COUNTRY_CENTROID,1,1,0
SIC-MXPYQAW6-P5CTQKPA-2,India,COUNTRY,NATIONAL,50,#F59E0B,Asia,India,,,,,NETWORK_COUNTRY,SIC-EER60AR9-PERPDWT1-V,,,,,,,1,83.58529411764707,23.96764705882353,COUNTRY_CENTROID,1,1,0
SIC-FGATR2BF-J2H32DF6-8,Ireland,COUNTRY,NATIONAL,50,#F59E0B,Europe,Ireland,,,,,NETWORK_COUNTRY,SIC-6Y6S4M7A-K0MRKAPA-K,,,,,,,1,-7.738461538461538,53.55384615384616,COUNTRY_CENTROID,1,1,0
SIC-SAPSJ5F6-GDEFRWNM-E,Italy,COUNTRY,NATIONAL,50,#F59E0B,Europe,Italy,,,,,NETWORK_COUNTRY,SIC-6Y6S4M7A-K0MRKAPA-K,,,,,,,1,12.413793103448276,42.05172413793103,COUNTRY_CENTROID,22,187,0
SIC-CVZW2ZK7-3NK7BN6D-Y,Kenya,COUNTRY,NATIONAL,50,#F59E0B,Africa,Kenya,,,,,NETWORK_COUNTRY,SIC-1VP5PKA2-VEJXHQ8M-8,,,,,,,1,37.832432432432434,1.1054054054054054,COUNTRY_CENTROID,1,1,0
SIC-RJWRN7NV-AGQ2XENJ-E,Montenegro,COUNTRY,NATIONAL,50,#F59E0B,Europe,Montenegro,,,,,NETWORK_COUNTRY,SIC-6Y6S4M7A-K0MRKAPA-K,,,,,,,1,19.450000000000003,42.74444444444444,COUNTRY_CENTROID,2,2,0
SIC-KNTGNSWA-0QPEH194-A,New Zealand,COUNTRY,NATIONAL,50,#F59E0B,Oceania,New Zealand,,,,,NETWORK_COUNTRY,SIC-54F9H5YV-C11KP5F4-N,,,,,,,1,173.43333333333334,-40.627272727272725,COUNTRY_CENTROID,1,1,0
SIC-GEE56MEW-XQPAEF9T-6,Nicaragua,COUNTRY,NATIONAL,50,#F59E0B,North America,Nicaragua,,,,,NETWORK_COUNTRY,SIC-P5ZMQMS2-W4K87C8B-Q,,,,,,,1,-84.98076923076923,13.082692307692307,COUNTRY_CENTROID,2,2,0
SIC-EV247EFZ-CAWAFST6-8,North Macedonia,COUNTRY,NATIONAL,50,#F59E0B,Europe,North Macedonia,,,,,NETWORK_COUNTRY,SIC-6Y6S4M7A-K0MRKAPA-K,,,,,,,1,21.705882352941178,41.66470588235294,COUNTRY_CENTROID,7,7,0
SIC-QNJSMTAX-400ART1D-B,Norway,COUNTRY,NATIONAL,50,#F59E0B,Europe,Norway,,,,,NETWORK_COUNTRY,SIC-6Y6S4M7A-K0MRKAPA-K,,,,,,,1,18.59659090909091,71.74659090909091,COUNTRY_CENTROID,4,4,0
SIC-68ZVY0P1-HCZB26XD-V,Peru,COUNTRY,NATIONAL,50,#F59E0B,South America,Peru,,,,,NETWORK_COUNTRY,SIC-S7H9RTYM-9K7A84S9-W,,,,,,,1,-74.07763157894738,-7.753947368421054,COUNTRY_CENTROID,2,2,0
SIC-YB187MMY-CV4GTHQV-7,Poland,COUNTRY,NATIONAL,50,#F59E0B,Europe,Poland,,,,,NETWORK_COUNTRY,SIC-6Y6S4M7A-K0MRKAPA-K,,,,,,,1,19.473333333333333,51.742222222222225,COUNTRY_CENTROID,1,1,0
SIC-838THQNS-E61B1A0F-9,Portugal,COUNTRY,NATIONAL,50,#F59E0B,Europe,Portugal,,,,,NETWORK_COUNTRY,SIC-6Y6S4M7A-K0MRKAPA-K,,,,,,,1,-8.042424242424243,39.76969696969697,COUNTRY_CENTROID,1,1,0
SIC-MN9EJQHA-AFWA3NMG-V,Romania,COUNTRY,NATIONAL,50,#F59E0B,Europe,Romania,,,,,NETWORK_COUNTRY,SIC-6Y6S4M7A-K0MRKAPA-K,,,,,,,1,25.188636363636363,45.85227272727273,COUNTRY_CENTROID,2,9,0
SIC-8CSKHVF4-1TC7JZVG-4,Russia,COUNTRY,NATIONAL,50,#F59E0B,Europe,Russia,,,,,NETWORK_COUNTRY,SIC-6Y6S4M7A-K0MRKAPA-K,,,,,,,1,94.1988255033557,60.86677852348993,COUNTRY_CENTROID,5,24,0
SIC-1S42Q29S-P98YFGVF-Q,Serbia,COUNTRY,NATIONAL,50,#F59E0B,Europe,Serbia,,,,,NETWORK_COUNTRY,SIC-6Y6S4M7A-K0MRKAPA-K,,,,,,,1,20.941304347826087,43.82826086956521,COUNTRY_CENTROID,1,12,0
SIC-F47DK76K-YEQK7K7X-J,Slovakia,COUNTRY,NATIONAL,50,#F59E0B,Europe,Slovakia,,,,,NETWORK_COUNTRY,SIC-6Y6S4M7A-K0MRKAPA-K,,,,,,,1,19.363636363636363,48.763636363636365,COUNTRY_CENTROID,1,1,0
SIC-JZ4DXD20-TGYG5W95-D,Slovenia,COUNTRY,NATIONAL,50,#F59E0B,Europe,Slovenia,,,,,NETWORK_COUNTRY,SIC-6Y6S4M7A-K0MRKAPA-K,,,,,,,1,14.988888888888889,46.105555555555554,COUNTRY_CENTROID,4,11,0
SIC-0J7M8ZR0-13NDR54F-J,Spain,COUNTRY,NATIONAL,50,#F59E0B,Europe,Spain,,,,,NETWORK_COUNTRY,SIC-6Y6S4M7A-K0MRKAPA-K,,,,,,,1,-4.458823529411765,40.17058823529411,COUNTRY_CENTROID,1,1,0
SIC-V11D4C3Q-4G4WN40F-X,Sri Lanka,COUNTRY,NATIONAL,50,#F59E0B,Asia,Sri Lanka,,,,,NETWORK_COUNTRY,SIC-EER60AR9-PERPDWT1-V,,,,,,,1,80.85,7.640000000000001,COUNTRY_CENTROID,3,3,0
SIC-4FCY0W2D-H7N3GMSY-Q,Sweden,COUNTRY,NATIONAL,50,#F59E0B,Europe,Sweden,,,,,NETWORK_COUNTRY,SIC-6Y6S4M7A-K0MRKAPA-K,,,,,,,1,16.56,62.7325,COUNTRY_CENTROID,1,1,0
SIC-8EM7B264-N3E2Y77P-G,Switzerland,COUNTRY,NATIONAL,50,#F59E0B,Europe,Switzerland,,,,,NETWORK_COUNTRY,SIC-6Y6S4M7A-K0MRKAPA-K,,,,,,,1,8.304166666666667,46.78333333333333,COUNTRY_CENTROID,1,1,0
SIC-NVJNRF7B-X3AWM0QG-J,Thailand,COUNTRY,NATIONAL,50,#F59E0B,Asia,Thailand,,,,,NETWORK_COUNTRY,SIC-EER60AR9-PERPDWT1-V,,,,,,,1,100.6625,13.1734375,COUNTRY_CENTROID,4,4,0
SIC-YSTTB8RX-P54Q4HAX-K,AICAT / ANICAT,COUNTRY_NETWORK,NATIONAL,50,#F59E0B,Europe,Italy,,,,,ACTIVE_NETWORK,SIC-SAPSJ5F6-GDEFRWNM-E,https://aicat.net/,Official/public network source,Italian,,,,0,12.91461,42.19255,COUNTRY_DISTRIBUTED_ESTIMATE,0,0,25
SIC-1XGNMVME-RRA48J40-2,Hrvatski savez klubova liječenih alkoholičara (HSKLA),COUNTRY_NETWORK,NATIONAL,50,#F59E0B,Europe,Croatia,,,,,ACTIVE_NETWORK,SIC-22FWS3ZJ-XQPBHFBE-1,https://hskla.hr/o-nama/,Official/public network source,Croatian,,,,0,17.25905,45.15691,COUNTRY_DISTRIBUTED_ESTIMATE,0,0,25
SIC-STVP94M2-T31FXB2J-8,Zajednica klubova lečenih alkoholičara Srbije,COUNTRY_NETWORK,NATIONAL,50,#F59E0B,Europe,Serbia,,,,,ACTIVE_NETWORK,SIC-1S42Q29S-P98YFGVF-Q,https://zklas.org/kontakt-podaci-zajednice-klubova/klubovi-zajednice/,Official/public network source,Serbian,,,,0,20.56352,43.90925,COUNTRY_DISTRIBUTED_ESTIMATE,11,11,25
SIC-FTS8QZF9-20R6MME1-9,Zveza klubov zdravljenih alkoholikov Slovenije,COUNTRY_NETWORK,NATIONAL,50,#F59E0B,Europe,Slovenia,,,,,ACTIVE_NETWORK,SIC-JZ4DXD20-TGYG5W95-D,https://zvezakza.si/kontakt/,Official/public network source,Slovenian,,,,0,14.2757,46.09765,COUNTRY_DISTRIBUTED_ESTIMATE,7,7,25
SIC-DAFC0T6H-AREXSB04-Z,Hudolin/KLA networks,COUNTRY_NETWORK,NATIONAL,50,#F59E0B,Europe,Bosnia and Herzegovina,,,,,PUBLIC_NETWORK_REFERENCES,SIC-A53THB43-9DMD9PY1-W,https://zklas.org/kontakt-podaci-zajednice-klubova/klubovi-u-regionu/,Official/public network source,Bosnian/Croatian/Serbian,,,,0,17.89945,43.87441,COUNTRY_DISTRIBUTED_ESTIMATE,0,0,25
SIC-ZCP7G83V-HVBTZMHR-S,Regional directory reports no active club data,COUNTRY_NETWORK,NATIONAL,50,#F59E0B,Europe,Montenegro,,,,,NO_ACTIVE_DATA_IN_REGIONAL_DIRECTORY,SIC-RJWRN7NV-AGQ2XENJ-E,https://zklas.org/kontakt-podaci-zajednice-klubova/klubovi-u-regionu/,Official/public network source,Montenegrin,,,,0,18.50266,42.93747,COUNTRY_DISTRIBUTED_ESTIMATE,0,0,25
SIC-W31QPHGC-VAZR8ZR5-5,Hudolin Club / socio-ecological approach presence,COUNTRY_PRESENCE,NATIONAL,50,#F59E0B,Europe,Albania,,,,,HISTORICAL_PRESENCE_NEEDS_CURRENT_VERIFICATION,SIC-86WEYN77-9C4ED9KZ-4,https://www.academia.edu/87078905/Club_of_Treated_Alcoholics_A_Guide_for_the_Work_in_the_Clubs_of_Treated_Alcoholics_Social_Ecological_Approach_With_Works_of_Vladimir_Hudolin,Historical international Hudolin literature,various,,,Presence documented historically; current club-level network not yet verified.,0,20.05247,40.63465,COUNTRY_DISTRIBUTED_ESTIMATE,0,0,25
SIC-VV7TB09K-Z9J7XRSR-E,Hudolin Club / socio-ecological approach presence,COUNTRY_PRESENCE,NATIONAL,50,#F59E0B,South America,Brazil,,,,,HISTORICAL_PRESENCE_NEEDS_CURRENT_VERIFICATION,SIC-HS528K21-MDV86QKH-W,https://www.academia.edu/87078905/Club_of_Treated_Alcoholics_A_Guide_for_the_Work_in_the_Clubs_of_Treated_Alcoholics_Social_Ecological_Approach_With_Works_of_Vladimir_Hudolin,Historical international Hudolin literature,various,,,Presence documented historically; current club-level network not yet verified.,0,-56.03234,-6.16023,COUNTRY_DISTRIBUTED_ESTIMATE,0,0,25
SIC-KYPSH3VY-D2VA89YT-B,Hudolin Club / socio-ecological approach presence,COUNTRY_PRESENCE,NATIONAL,50,#F59E0B,Europe,Bulgaria,,,,,HISTORICAL_PRESENCE_NEEDS_CURRENT_VERIFICATION,SIC-97VMBR39-C440N9WS-6,https://www.academia.edu/87078905/Club_of_Treated_Alcoholics_A_Guide_for_the_Work_in_the_Clubs_of_Treated_Alcoholics_Social_Ecological_Approach_With_Works_of_Vladimir_Hudolin,Historical international Hudolin literature,various,,,Presence documented historically; current club-level network not yet verified.,0,25.04218,42.82729,COUNTRY_DISTRIBUTED_ESTIMATE,0,0,25
SIC-PZZEKTAP-88XX07YD-V,Hudolin Club / socio-ecological approach presence,COUNTRY_PRESENCE,NATIONAL,50,#F59E0B,South America,Ecuador,,,,,HISTORICAL_PRESENCE_NEEDS_CURRENT_VERIFICATION,SIC-M8R38W6B-1PD05NTJ-Q,https://www.academia.edu/87078905/Club_of_Treated_Alcoholics_A_Guide_for_the_Work_in_the_Clubs_of_Treated_Alcoholics_Social_Ecological_Approach_With_Works_of_Vladimir_Hudolin,Historical international Hudolin literature,various,,,Presence documented historically; current club-level network not yet verified.,0,-78.98376,-1.75762,COUNTRY_DISTRIBUTED_ESTIMATE,0,0,25
SIC-0SVYXPCE-A7ZP65EK-T,Hudolin Club / socio-ecological approach presence,COUNTRY_PRESENCE,NATIONAL,50,#F59E0B,Europe,Greece,,,,,HISTORICAL_PRESENCE_NEEDS_CURRENT_VERIFICATION,SIC-XM51G97H-KZ24TF47-1,https://www.academia.edu/87078905/Club_of_Treated_Alcoholics_A_Guide_for_the_Work_in_the_Clubs_of_Treated_Alcoholics_Social_Ecological_Approach_With_Works_of_Vladimir_Hudolin,Historical international Hudolin literature,various,,,Presence documented historically; current club-level network not yet verified.,0,23.8529,39.32193,COUNTRY_DISTRIBUTED_ESTIMATE,0,0,25
SIC-VJD1VBDR-4KZ4ZJTB-W,Hudolin Club / socio-ecological approach presence,COUNTRY_PRESENCE,NATIONAL,50,#F59E0B,Europe,North Macedonia,,,,,HISTORICAL_PRESENCE_NEEDS_CURRENT_VERIFICATION,SIC-EV247EFZ-CAWAFST6-8,https://www.academia.edu/87078905/Club_of_Treated_Alcoholics_A_Guide_for_the_Work_in_the_Clubs_of_Treated_Alcoholics_Social_Ecological_Approach_With_Works_of_Vladimir_Hudolin,Historical international Hudolin literature,various,,,Presence documented historically; current club-level network not yet verified.,0,22.17459,41.87932,COUNTRY_DISTRIBUTED_ESTIMATE,0,0,25
SIC-GJSQ7HAW-VB5SER2J-7,Hudolin Club / socio-ecological approach presence,COUNTRY_PRESENCE,NATIONAL,50,#F59E0B,Oceania,New Zealand,,,,,HISTORICAL_PRESENCE_NEEDS_CURRENT_VERIFICATION,SIC-KNTGNSWA-0QPEH194-A,https://www.academia.edu/87078905/Club_of_Treated_Alcoholics_A_Guide_for_the_Work_in_the_Clubs_of_Treated_Alcoholics_Social_Ecological_Approach_With_Works_of_Vladimir_Hudolin,Historical international Hudolin literature,various,,,Presence documented historically; current club-level network not yet verified.,0,173.30249,-40.16271,COUNTRY_DISTRIBUTED_ESTIMATE,0,0,25
SIC-KC6PRGJ7-0QXYH031-A,Hudolin Club / socio-ecological approach presence,COUNTRY_PRESENCE,NATIONAL,50,#F59E0B,Europe,Poland,,,,,HISTORICAL_PRESENCE_NEEDS_CURRENT_VERIFICATION,SIC-YB187MMY-CV4GTHQV-7,https://www.academia.edu/87078905/Club_of_Treated_Alcoholics_A_Guide_for_the_Work_in_the_Clubs_of_Treated_Alcoholics_Social_Ecological_Approach_With_Works_of_Vladimir_Hudolin,Historical international Hudolin literature,various,,,Presence documented historically; current club-level network not yet verified.,0,19.44659,51.35367,COUNTRY_DISTRIBUTED_ESTIMATE,0,0,25
SIC-CVE9K034-N9WCK1N4-J,Hudolin Club / socio-ecological approach presence,COUNTRY_PRESENCE,NATIONAL,50,#F59E0B,Europe,Romania,,,,,HISTORICAL_PRESENCE_NEEDS_CURRENT_VERIFICATION,SIC-MN9EJQHA-AFWA3NMG-V,https://www.academia.edu/87078905/Club_of_Treated_Alcoholics_A_Guide_for_the_Work_in_the_Clubs_of_Treated_Alcoholics_Social_Ecological_Approach_With_Works_of_Vladimir_Hudolin,Historical international Hudolin literature,various,,,Presence documented historically; current club-level network not yet verified.,0,26.29307,45.75802,COUNTRY_DISTRIBUTED_ESTIMATE,0,0,25
SIC-BBB9E203-AZKES9JY-R,Hudolin Club / socio-ecological approach presence,COUNTRY_PRESENCE,NATIONAL,50,#F59E0B,Europe,Russia,,,,,HISTORICAL_PRESENCE_NEEDS_CURRENT_VERIFICATION,SIC-8CSKHVF4-1TC7JZVG-4,https://www.academia.edu/87078905/Club_of_Treated_Alcoholics_A_Guide_for_the_Work_in_the_Clubs_of_Treated_Alcoholics_Social_Ecological_Approach_With_Works_of_Vladimir_Hudolin,Historical international Hudolin literature,various,,,Presence documented historically; current club-level network not yet verified.,0,98.50455,60.11131,COUNTRY_DISTRIBUTED_ESTIMATE,0,0,25
SIC-AC96D92C-BHRNCKZG-C,Hudolin Club / socio-ecological approach presence,COUNTRY_PRESENCE,NATIONAL,50,#F59E0B,Europe,Slovakia,,,,,HISTORICAL_PRESENCE_NEEDS_CURRENT_VERIFICATION,SIC-F47DK76K-YEQK7K7X-J,https://www.academia.edu/87078905/Club_of_Treated_Alcoholics_A_Guide_for_the_Work_in_the_Clubs_of_Treated_Alcoholics_Social_Ecological_Approach_With_Works_of_Vladimir_Hudolin,Historical international Hudolin literature,various,,,Presence documented historically; current club-level network not yet verified.,0,18.33376,48.61285,COUNTRY_DISTRIBUTED_ESTIMATE,0,0,25
SIC-PAR7N084-CN3JPS0A-F,Hudolin Club / socio-ecological approach presence,COUNTRY_PRESENCE,NATIONAL,50,#F59E0B,Europe,Spain,,,,,HISTORICAL_PRESENCE_NEEDS_CURRENT_VERIFICATION,SIC-0J7M8ZR0-13NDR54F-J,https://www.academia.edu/87078905/Club_of_Treated_Alcoholics_A_Guide_for_the_Work_in_the_Clubs_of_Treated_Alcoholics_Social_Ecological_Approach_With_Works_of_Vladimir_Hudolin,Historical international Hudolin literature,various,,,Presence documented historically; current club-level network not yet verified.,0,-3.9166,40.97334,COUNTRY_DISTRIBUTED_ESTIMATE,0,0,25
SIC-8F53R3RF-T5KGWETS-Y,Hudolin Club / socio-ecological approach presence,COUNTRY_PRESENCE,NATIONAL,50,#F59E0B,Europe,Switzerland,,,,,HISTORICAL_PRESENCE_NEEDS_CURRENT_VERIFICATION,SIC-8EM7B264-N3E2Y77P-G,https://www.academia.edu/87078905/Club_of_Treated_Alcoholics_A_Guide_for_the_Work_in_the_Clubs_of_Treated_Alcoholics_Social_Ecological_Approach_With_Works_of_Vladimir_Hudolin,Historical international Hudolin literature,various,,,Presence documented historically; current club-level network not yet verified.,0,8.83014,46.41825,COUNTRY_DISTRIBUTED_ESTIMATE,0,0,25
SIC-H1369XK1-RBENJ6Q1-7,Hudolin Club / socio-ecological approach presence,COUNTRY_PRESENCE,NATIONAL,50,#F59E0B,Europe,Denmark,,,,,HISTORICAL_PRESENCE_NEEDS_CURRENT_VERIFICATION,SIC-SG6XEF3M-J7KZ4WMR-S,https://www.academia.edu/87078905/Club_of_Treated_Alcoholics_A_Guide_for_the_Work_in_the_Clubs_of_Treated_Alcoholics_Social_Ecological_Approach_With_Works_of_Vladimir_Hudolin,Historical international Hudolin literature,various,,,Presence documented historically; current club-level network not yet verified.,0,9.94692,56.70953,COUNTRY_DISTRIBUTED_ESTIMATE,0,0,25
SIC-VXVR6KPE-SGFX3FJB-J,Hudolin Club / socio-ecological approach presence,COUNTRY_PRESENCE,NATIONAL,50,#F59E0B,Europe,Norway,,,,,HISTORICAL_PRESENCE_NEEDS_CURRENT_VERIFICATION,SIC-QNJSMTAX-400ART1D-B,https://www.academia.edu/87078905/Club_of_Treated_Alcoholics_A_Guide_for_the_Work_in_the_Clubs_of_Treated_Alcoholics_Social_Ecological_Approach_With_Works_of_Vladimir_Hudolin,Historical international Hudolin literature,various,,,Presence documented historically; current club-level network not yet verified.,0,17.54425,69.83717,COUNTRY_DISTRIBUTED_ESTIMATE,0,0,25
SIC-GGWZFGBQ-YPRGH3YQ-2,Hudolin Club / socio-ecological approach presence,COUNTRY_PRESENCE,NATIONAL,50,#F59E0B,Europe,Sweden,,,,,HISTORICAL_PRESENCE_NEEDS_CURRENT_VERIFICATION,SIC-4FCY0W2D-H7N3GMSY-Q,https://www.academia.edu/87078905/Club_of_Treated_Alcoholics_A_Guide_for_the_Work_in_the_Clubs_of_Treated_Alcoholics_Social_Ecological_Approach_With_Works_of_Vladimir_Hudolin,Historical international Hudolin literature,various,,,Presence documented historically; current club-level network not yet verified.,0,17.80026,61.25705,COUNTRY_DISTRIBUTED_ESTIMATE,0,0,25
SIC-G6KFDXBF-QKMWJ812-G,Hudolin Club / socio-ecological approach presence,COUNTRY_PRESENCE,NATIONAL,50,#F59E0B,Europe,Finland,,,,,HISTORICAL_PRESENCE_NEEDS_CURRENT_VERIFICATION,SIC-MG70K4CK-VB1QKHYN-P,https://www.academia.edu/87078905/Club_of_Treated_Alcoholics_A_Guide_for_the_Work_in_the_Clubs_of_Treated_Alcoholics_Social_Ecological_Approach_With_Works_of_Vladimir_Hudolin,Historical international Hudolin literature,various,,,Presence documented historically; current club-level network not yet verified.,0,26.8729,64.38869,COUNTRY_DISTRIBUTED_ESTIMATE,0,0,25
SIC-K6ENNYVR-MT9AVTFM-W,HSKLA - Hrvatski savez klubova liječenih alkoholičara,NATIONAL,NATIONAL,50,#F59E0B,Europe,Croatia,,,Zagreb,"Vinogradska c. 29, 10000 Zagreb",VERIFIED_OFFICIAL_CURRENT,SIC-22FWS3ZJ-XQPBHFBE-1,https://hskla.hr/o-nama/,HSKLA official,hr,,hskla.zg@gmail.com,,0,17.47387,45.6611,COUNTRY_DISTRIBUTED_ESTIMATE,128,128,75
SIC-N9AH2MCE-J27NV14M-7,KLA CENTAR,CLUB,LOCAL_CLUB,10,#22C55E,Europe,Croatia,Zagreb,,Zagreb,Tkalčićeva 33,ACTIVE,SIC-K6ENNYVR-MT9AVTFM-W,https://hskla.hr/o-nama/,HSKLA official directory,hr,utorak 16:30,,,0,15.19688,45.38753,COUNTRY_DISTRIBUTED_ESTIMATE,0,0,75
SIC-H2P1G0JM-BJN0AHGC-E,KLA CENTAR TKALČA,CLUB,LOCAL_CLUB,10,#22C55E,Europe,Croatia,Zagreb,,Zagreb,Tkalčićeva 33,ACTIVE,SIC-K6ENNYVR-MT9AVTFM-W,https://hskla.hr/o-nama/,HSKLA official directory,hr,ponedjeljak 16:30,,,0,15.19739,45.43683,COUNTRY_DISTRIBUTED_ESTIMATE,0,0,75
SIC-PV2F2NS7-8SZ6Y1GK-2,KLA CENTAR STARA TKALČA,CLUB,LOCAL_CLUB,10,#22C55E,Europe,Croatia,Zagreb,,Zagreb,Nova Ves 36,ACTIVE,SIC-K6ENNYVR-MT9AVTFM-W,https://hskla.hr/o-nama/,HSKLA official directory,hr,ponedjeljak 18:30,,,0,16.68528,44.22683,COUNTRY_DISTRIBUTED_ESTIMATE,0,0,75
SIC-D0AECGSP-2WGM8WQC-P,KLA DUBRAVKA NOVA,CLUB,LOCAL_CLUB,10,#22C55E,Europe,Croatia,Zagreb,,Zagreb,"Rapska 39, DZ Sigečica",ACTIVE,SIC-K6ENNYVR-MT9AVTFM-W,https://hskla.hr/o-nama/,HSKLA official directory,hr,utorak 17:30,,,0,16.14593,44.66841,COUNTRY_DISTRIBUTED_ESTIMATE,0,0,75
SIC-BEC54C5T-FV6WB5ZT-Z,KLA IZVOR,CLUB,LOCAL_CLUB,10,#22C55E,Europe,Croatia,Zagreb,,Zagreb,,DORMANT,SIC-K6ENNYVR-MT9AVTFM-W,https://hskla.hr/o-nama/,HSKLA official directory,hr,,,,0,15.71759,44.55077,COUNTRY_DISTRIBUTED_ESTIMATE,0,0,25
SIC-ED0H8FKD-2JVRHWB1-R,KLA MEDVEŠČAK I,CLUB,LOCAL_CLUB,10,#22C55E,Europe,Croatia,Zagreb,,Zagreb,Šubićeva 40/2,ACTIVE,SIC-K6ENNYVR-MT9AVTFM-W,https://hskla.hr/o-nama/,HSKLA official directory,hr,ponedjeljak 16:00,,,0,17.18837,44.69176,COUNTRY_DISTRIBUTED_ESTIMATE,0,0,75
SIC-DSEMRF62-EQ0WMAWB-S,KLA MEDVEŠČAK II,CLUB,LOCAL_CLUB,10,#22C55E,Europe,Croatia,Zagreb,,Zagreb,Šubićeva 40/2,ACTIVE,SIC-K6ENNYVR-MT9AVTFM-W,https://hskla.hr/o-nama/,HSKLA official directory,hr,ponedjeljak 17:00,,,0,16.8578,44.75756,COUNTRY_DISTRIBUTED_ESTIMATE,0,0,75
SIC-TYDP910K-WDPC09EX-Y,KLA PEŠČENICA,CLUB,LOCAL_CLUB,10,#22C55E,Europe,Croatia,Zagreb,,Zagreb,Miletićeva 1,ACTIVE,SIC-K6ENNYVR-MT9AVTFM-W,https://hskla.hr/o-nama/,HSKLA official directory,hr,utorak i četvrtak 17:00,,,0,15.40756,45.08977,COUNTRY_DISTRIBUTED_ESTIMATE,0,0,75
SIC-JNMPH7K4-WKM95J48-1,KLA BAN KEGLEVIĆ,CLUB,LOCAL_CLUB,10,#22C55E,Europe,Croatia,Zagreb,,Zagreb,Prilaz baruna Filipovića 11,ACTIVE,SIC-K6ENNYVR-MT9AVTFM-W,https://hskla.hr/o-nama/,HSKLA official directory,hr,četvrtak 19:00,,,0,16.87299,44.1241,COUNTRY_DISTRIBUTED_ESTIMATE,0,0,75
SIC-J09ZHP8Q-HJTFJV01-R,KLA ČRNOMEREC,CLUB,LOCAL_CLUB,10,#22C55E,Europe,Croatia,Zagreb,,Zagreb,Selska 3,ACTIVE,SIC-K6ENNYVR-MT9AVTFM-W,https://hskla.hr/o-nama/,HSKLA official directory,hr,ponedjeljak 16:00,,,0,16.1431,45.47277,COUNTRY_DISTRIBUTED_ESTIMATE,0,0,75
SIC-M4HYGWA2-JBC484XF-R,KLA KUSTOŠIJA-CENTAR,CLUB,LOCAL_CLUB,10,#22C55E,Europe,Croatia,Zagreb,,Zagreb,Ilica 259,ACTIVE,SIC-K6ENNYVR-MT9AVTFM-W,https://hskla.hr/o-nama/,HSKLA official directory,hr,utorak 16:00,,,0,17.0983,44.1142,COUNTRY_DISTRIBUTED_ESTIMATE,0,0,75
SIC-QFWWSREK-JRCA9CQC-4,KLA SVETI DUH,CLUB,LOCAL_CLUB,10,#22C55E,Europe,Croatia,Zagreb,,Zagreb,Sveti Duh 26,ACTIVE,SIC-K6ENNYVR-MT9AVTFM-W,https://hskla.hr/o-nama/,HSKLA official directory,hr,ponedjeljak 17:00,,,0,15.92606,45.32313,COUNTRY_DISTRIBUTED_ESTIMATE,0,0,75
SIC-RRCVRNCK-7ZTVQNJN-8,KLA KUSTOŠIJA 2,CLUB,LOCAL_CLUB,10,#22C55E,Europe,Croatia,Zagreb,,Zagreb,Vatrogasna 6,ACTIVE,SIC-K6ENNYVR-MT9AVTFM-W,https://hskla.hr/o-nama/,HSKLA official directory,hr,utorak 17:00,,,0,15.74179,44.82694,COUNTRY_DISTRIBUTED_ESTIMATE,0,0,75
SIC-9BN1S93F-HW93X91Q-6,UAA DUBRAVA CENTAR,CLUB,LOCAL_CLUB,10,#22C55E,Europe,Croatia,Zagreb,,Zagreb,Međugorska 55,ACTIVE,SIC-K6ENNYVR-MT9AVTFM-W,https://hskla.hr/o-nama/,HSKLA official directory,hr,utorak 18:30,,,0,17.16576,45.21561,COUNTRY_DISTRIBUTED_ESTIMATE,0,0,75
SIC-GW4JZD2C-PT2N0QQ7-F,UAA DUBRAVA CENTAR I,CLUB,LOCAL_CLUB,10,#22C55E,Europe,Croatia,Zagreb,,Zagreb,Međugorska 55,ACTIVE,SIC-K6ENNYVR-MT9AVTFM-W,https://hskla.hr/o-nama/,HSKLA official directory,hr,utorak 20:00,,,0,17.1862,45.18108,COUNTRY_DISTRIBUTED_ESTIMATE,0,0,75
SIC-DYK3GEX1-NNXPPVFN-1,KLA KLAKA III,CLUB,LOCAL_CLUB,10,#22C55E,Europe,Croatia,Zagreb,,Zagreb,Zdenka Škraba 3,ACTIVE,SIC-K6ENNYVR-MT9AVTFM-W,https://hskla.hr/o-nama/,HSKLA official directory,hr,srijeda 18:00,,,0,15.52814,45.13505,COUNTRY_DISTRIBUTED_ESTIMATE,0,0,75
SIC-TY4814WK-PP4JG0BR-H,KLA OBITELJSKI ŽIVOT,CLUB,LOCAL_CLUB,10,#22C55E,Europe,Croatia,Zagreb,,Zagreb,Vrpoljska 10,ACTIVE,SIC-K6ENNYVR-MT9AVTFM-W,https://hskla.hr/o-nama/,HSKLA official directory,hr,četvrtak 17:00,,,0,16.52139,45.10077,COUNTRY_DISTRIBUTED_ESTIMATE,0,0,75
SIC-91Q8N6M3-XYD89D54-C,ULA RETKOVEC,CLUB,LOCAL_CLUB,10,#22C55E,Europe,Croatia,Zagreb,,Zagreb,Vrpoljska 10,ACTIVE,SIC-K6ENNYVR-MT9AVTFM-W,https://hskla.hr/o-nama/,HSKLA official directory,hr,četvrtak 18:30,,,0,15.62847,44.92619,COUNTRY_DISTRIBUTED_ESTIMATE,0,0,75
SIC-QNNXR7ZQ-RHTJE9GZ-H,KLA STUDENTSKI GRAD,CLUB,LOCAL_CLUB,10,#22C55E,Europe,Croatia,Zagreb,,Zagreb,Vile Velebita 10/3,ACTIVE,SIC-K6ENNYVR-MT9AVTFM-W,https://hskla.hr/o-nama/,HSKLA official directory,hr,ponedjeljak 17:00,,,0,17.17557,45.37493,COUNTRY_DISTRIBUTED_ESTIMATE,0,0,75
SIC-B9GVTNZ1-JWTS7DV0-2,KLA BARUTANSKI JARAK,CLUB,LOCAL_CLUB,10,#22C55E,Europe,Croatia,Zagreb,,Zagreb,Barutanski brijeg 5,ACTIVE,SIC-K6ENNYVR-MT9AVTFM-W,https://hskla.hr/o-nama/,HSKLA official directory,hr,ponedjeljak 17:30,,,0,17.05019,44.60619,COUNTRY_DISTRIBUTED_ESTIMATE,0,0,75
SIC-HE014JZN-DSHEWQ9G-W,KLA DINKO ŠIMUNOVIĆ,CLUB,LOCAL_CLUB,10,#22C55E,Europe,Croatia,Zagreb,,Zagreb,Trg Vlahe Bukovca 3,ACTIVE,SIC-K6ENNYVR-MT9AVTFM-W,https://hskla.hr/o-nama/,HSKLA official directory,hr,ponedjeljak 17:00,,,0,17.39055,45.64319,COUNTRY_DISTRIBUTED_ESTIMATE,0,0,75
SIC-G2AZ43HK-NT8HCZD5-A,KLA MAKSIMIRSKA NASELJA,CLUB,LOCAL_CLUB,10,#22C55E,Europe,Croatia,Zagreb,,Zagreb,Zvonimirova 68,ACTIVE,SIC-K6ENNYVR-MT9AVTFM-W,https://hskla.hr/o-nama/,HSKLA official directory,hr,utorak 18:00,,,0,17.0031,44.8311,COUNTRY_DISTRIBUTED_ESTIMATE,0,0,75
SIC-0SNWGYGD-Z9RWPR16-J,KLA NOVA TRATINČICA,CLUB,LOCAL_CLUB,10,#22C55E,Europe,Croatia,Zagreb,,Zagreb,Trg Vlahe Bukovca 3,ACTIVE,SIC-K6ENNYVR-MT9AVTFM-W,https://hskla.hr/o-nama/,HSKLA official directory,hr,ponedjeljak 18:00,,,0,16.90604,44.18263,COUNTRY_DISTRIBUTED_ESTIMATE,0,0,75
SIC-T9Q8A6F8-XRN7FVJ0-F,KLA HORVATI SREDNJACI,CLUB,LOCAL_CLUB,10,#22C55E,Europe,Croatia,Zagreb,,Zagreb,Horvaćanska 54,ACTIVE,SIC-K6ENNYVR-MT9AVTFM-W,https://hskla.hr/o-nama/,HSKLA official directory,hr,ponedjeljak 18:00,,,0,17.20548,45.05171,COUNTRY_DISTRIBUTED_ESTIMATE,0,0,75
SIC-D4558X5E-G6MHHVSP-Q,KLA OSVIT,CLUB,LOCAL_CLUB,10,#22C55E,Europe,Croatia,Zagreb,,Zagreb,Prečko 2a,ACTIVE,SIC-K6ENNYVR-MT9AVTFM-W,https://hskla.hr/o-nama/,HSKLA official directory,hr,četvrtak 17:30,,,0,16.8686,44.62639,COUNTRY_DISTRIBUTED_ESTIMATE,0,0,75
SIC-3PJ9ZTY4-2PJV6SNT-Q,KLA RUDEŠ,CLUB,LOCAL_CLUB,10,#22C55E,Europe,Croatia,Zagreb,,Zagreb,Rudeška cesta 71,ACTIVE,SIC-K6ENNYVR-MT9AVTFM-W,https://hskla.hr/o-nama/,HSKLA official directory,hr,srijeda 18:15,,,0,16.13108,44.34509,COUNTRY_DISTRIBUTED_ESTIMATE,0,0,75
SIC-X4AZW630-QDXB60PM-Y,KLA VRBANI,CLUB,LOCAL_CLUB,10,#22C55E,Europe,Croatia,Zagreb,,Zagreb,Rudeška cesta 71,ACTIVE,SIC-K6ENNYVR-MT9AVTFM-W,https://hskla.hr/o-nama/,HSKLA official directory,hr,srijeda 17:15,,,0,17.08643,44.93291,COUNTRY_DISTRIBUTED_ESTIMATE,0,0,75
SIC-6DAXZPSQ-S2VKVJAB-8,KLA STARA TREŠNJEVKA,CLUB,LOCAL_CLUB,10,#22C55E,Europe,Croatia,Zagreb,,Zagreb,Ozaljska 16,ACTIVE,SIC-K6ENNYVR-MT9AVTFM-W,https://hskla.hr/o-nama/,HSKLA official directory,hr,ponedjeljak 18:00,,,0,16.28726,45.23802,COUNTRY_DISTRIBUTED_ESTIMATE,0,0,75
SIC-9E47PG1Q-55MP1MRN-5,KLA MALEŠNICA,CLUB,LOCAL_CLUB,10,#22C55E,Europe,Croatia,Zagreb,,Zagreb,I.B. Mažuranić 18,ACTIVE,SIC-K6ENNYVR-MT9AVTFM-W,https://hskla.hr/o-nama/,HSKLA official directory,hr,ponedjeljak 18:00,,,0,15.89601,44.44753,COUNTRY_DISTRIBUTED_ESTIMATE,0,0,75
SIC-1CBCG5HK-BTVGWRN8-4,KLA PODSUSED,CLUB,LOCAL_CLUB,10,#22C55E,Europe,Croatia,Zagreb,,Zagreb,Podsusedski trg 3,ACTIVE,SIC-K6ENNYVR-MT9AVTFM-W,https://hskla.hr/o-nama/,HSKLA official directory,hr,četvrtak 17:30,,,0,15.62936,45.53301,COUNTRY_DISTRIBUTED_ESTIMATE,0,0,75
SIC-GWNGBYNE-HF10WW2Y-4,KLA ŠPANSKO,CLUB,LOCAL_CLUB,10,#22C55E,Europe,Croatia,Zagreb,,Zagreb,Trg I. Kukuljevića 9,ACTIVE,SIC-K6ENNYVR-MT9AVTFM-W,https://hskla.hr/o-nama/,HSKLA official directory,hr,četvrtak 18:00,,,0,17.20066,45.29664,COUNTRY_DISTRIBUTED_ESTIMATE,0,0,75
SIC-60SJM1B0-X37GG581-C,KLA STENJEVEC,CLUB,LOCAL_CLUB,10,#22C55E,Europe,Croatia,Zagreb,,Zagreb,Samoborska c. 63,ACTIVE,SIC-K6ENNYVR-MT9AVTFM-W,https://hskla.hr/o-nama/,HSKLA official directory,hr,srijeda 17:30,,,0,17.15335,44.33102,COUNTRY_DISTRIBUTED_ESTIMATE,0,0,75
SIC-9E6AK69N-HXFEDSDN-Z,KLA SUSEDGRAD,CLUB,LOCAL_CLUB,10,#22C55E,Europe,Croatia,Zagreb,,Zagreb,Ilica 421,ACTIVE,SIC-K6ENNYVR-MT9AVTFM-W,https://hskla.hr/o-nama/,HSKLA official directory,hr,ponedjeljak 17:30,,,0,16.33676,44.15547,COUNTRY_DISTRIBUTED_ESTIMATE,0,0,75
SIC-D00WC343-9TFVXFPS-P,KLA VRAPČE-CENTAR I,CLUB,LOCAL_CLUB,10,#22C55E,Europe,Croatia,Zagreb,,Zagreb,Ilica 421,ACTIVE,SIC-K6ENNYVR-MT9AVTFM-W,https://hskla.hr/o-nama/,HSKLA official directory,hr,srijeda 16:30,,,0,16.19517,44.37903,COUNTRY_DISTRIBUTED_ESTIMATE,0,0,75
SIC-KMJQ4Y4J-D3R5KHG3-R,OKLA VRAPČE,CLUB,LOCAL_CLUB,10,#22C55E,Europe,Croatia,Zagreb,,Zagreb,Bolnička 32,ACTIVE,SIC-K6ENNYVR-MT9AVTFM-W,https://hskla.hr/o-nama/,HSKLA official directory,hr,utorak 14:00,,,0,16.65129,44.52931,COUNTRY_DISTRIBUTED_ESTIMATE,0,0,75
SIC-NBTV44EW-4J93Y0K9-P,KLA DUGAVE,CLUB,LOCAL_CLUB,10,#22C55E,Europe,Croatia,Zagreb,,Zagreb,Ul. Sv. Mateja 93,ACTIVE,SIC-K6ENNYVR-MT9AVTFM-W,https://hskla.hr/o-nama/,HSKLA official directory,hr,utorak 17:00,,,0,15.90228,44.70096,COUNTRY_DISTRIBUTED_ESTIMATE,0,0,75
SIC-YB9DVKW0-3ZKWB19Y-A,KLA REMETINEC,CLUB,LOCAL_CLUB,10,#22C55E,Europe,Croatia,Zagreb,,Zagreb,Trg Narodne zaštite 1,ACTIVE,SIC-K6ENNYVR-MT9AVTFM-W,https://hskla.hr/o-nama/,HSKLA official directory,hr,ponedjeljak 16:00,,,0,15.62514,44.76497,COUNTRY_DISTRIBUTED_ESTIMATE,0,0,75
SIC-8W9YA1SR-JE1FFAP8-D,KLA REMETINEC GAJ,CLUB,LOCAL_CLUB,10,#22C55E,Europe,Croatia,Zagreb,,Zagreb,Remetinečki gaj 12,ACTIVE,SIC-K6ENNYVR-MT9AVTFM-W,https://hskla.hr/o-nama/,HSKLA official directory,hr,ponedjeljak 17:00,,,0,16.21027,45.54289,COUNTRY_DISTRIBUTED_ESTIMATE,0,0,75
SIC-0XXTSAWG-1AZ7SPKJ-9,KLA SIGET,CLUB,LOCAL_CLUB,10,#22C55E,Europe,Croatia,Zagreb,,Zagreb,Radmanovečka 39,ACTIVE,SIC-K6ENNYVR-MT9AVTFM-W,https://hskla.hr/o-nama/,HSKLA official directory,hr,četvrtak 16:45,,,0,15.34225,44.4924,COUNTRY_DISTRIBUTED_ESTIMATE,0,0,75
SIC-51SHZC7Q-46B4BC53-Z,KLA SVETA KLARA,CLUB,LOCAL_CLUB,10,#22C55E,Europe,Croatia,Zagreb,,Zagreb,Mrkšina 40,ACTIVE,SIC-K6ENNYVR-MT9AVTFM-W,https://hskla.hr/o-nama/,HSKLA official directory,hr,utorak 17:00,,,0,15.90479,44.94258,COUNTRY_DISTRIBUTED_ESTIMATE,0,0,75
SIC-XRVKZ7Q7-BPV1ZPYY-2,KLA UTRINA,CLUB,LOCAL_CLUB,10,#22C55E,Europe,Croatia,Zagreb,,Zagreb,Barčev trg 16/II,ACTIVE,SIC-K6ENNYVR-MT9AVTFM-W,https://hskla.hr/o-nama/,HSKLA official directory,hr,srijeda 17:30,,,0,15.91606,44.14777,COUNTRY_DISTRIBUTED_ESTIMATE,0,0,75
SIC-NYS02TXK-DRK8G91T-1,KLA ZAPRUĐE,CLUB,LOCAL_CLUB,10,#22C55E,Europe,Croatia,Zagreb,,Zagreb,Meštrovićev trg 16,ACTIVE,SIC-K6ENNYVR-MT9AVTFM-W,https://hskla.hr/o-nama/,HSKLA official directory,hr,utorak 17:30,,,0,15.56548,44.31299,COUNTRY_DISTRIBUTED_ESTIMATE,0,0,75
SIC-ZN28WKSE-WXTWKPBT-2,KLA KATARINA,CLUB,LOCAL_CLUB,10,#22C55E,Europe,Croatia,Zagreb,,Sesvete,Ninska 10,ACTIVE,SIC-K6ENNYVR-MT9AVTFM-W,https://hskla.hr/o-nama/,HSKLA official directory,hr,srijeda 15:30,,,0,15.63179,44.11829,COUNTRY_DISTRIBUTED_ESTIMATE,0,0,75
SIC-AKYR20TG-S9G74XKQ-S,KLA NOVO BRESTJE,CLUB,LOCAL_CLUB,10,#22C55E,Europe,Croatia,Zagreb,,Sesvete,Ul. ljubičica 33,ACTIVE,SIC-K6ENNYVR-MT9AVTFM-W,https://hskla.hr/o-nama/,HSKLA official directory,hr,ponedjeljak 17:30,,,0,16.5239,45.01395,COUNTRY_DISTRIBUTED_ESTIMATE,0,0,75
SIC-SA7YQA4Z-3SMKV3J7-F,KLA OPSTANAK SESVETE,CLUB,LOCAL_CLUB,10,#22C55E,Europe,Croatia,Zagreb,,Sesvete,Ninska 10,ACTIVE,SIC-K6ENNYVR-MT9AVTFM-W,https://hskla.hr/o-nama/,HSKLA official directory,hr,srijeda 17:00,,,0,16.56332,45.56816,COUNTRY_DISTRIBUTED_ESTIMATE,0,0,75
SIC-9YC2P8CD-5WD0ZK27-X,KLA SESVETE NADA,CLUB,LOCAL_CLUB,10,#22C55E,Europe,Croatia,Zagreb,,Sesvete,Ninska 10,ACTIVE,SIC-K6ENNYVR-MT9AVTFM-W,https://hskla.hr/o-nama/,HSKLA official directory,hr,srijeda 17:00,,,0,17.42682,45.60092,COUNTRY_DISTRIBUTED_ESTIMATE,0,0,75
SIC-9CSGZ092-DM38XC1J-N,KLA SESVETE CENTAR,CLUB,LOCAL_CLUB,10,#22C55E,Europe,Croatia,Zagreb,,Sesvete,Ninska 10,ACTIVE,SIC-K6ENNYVR-MT9AVTFM-W,https://hskla.hr/o-nama/,HSKLA official directory,hr,srijeda 15:30,,,0,15.79324,45.47499,COUNTRY_DISTRIBUTED_ESTIMATE,0,0,75
SIC-MF2RTAJC-0TMB0K1M-K,KLA AUGUST ŠENOA,CLUB,LOCAL_CLUB,10,#22C55E,Europe,Croatia,Zagrebačka,,Velika Gorica,M. Slatinskog 4,ACTIVE,SIC-K6ENNYVR-MT9AVTFM-W,https://hskla.hr/o-nama/,HSKLA official directory,hr,utorak 17:00,,,0,16.67956,44.93561,COUNTRY_DISTRIBUTED_ESTIMATE,0,0,75
SIC-XH33W6Y1-GFJYQNCS-H,KLA MARKO OREŠKOVIĆ,CLUB,LOCAL_CLUB,10,#22C55E,Europe,Croatia,Zagrebačka,,Velika Gorica,M. Slatinskog 4,ACTIVE,SIC-K6ENNYVR-MT9AVTFM-W,https://hskla.hr/o-nama/,HSKLA official directory,hr,ponedjeljak 17:00,,,0,17.45624,44.61368,COUNTRY_DISTRIBUTED_ESTIMATE,0,0,75
SIC-RKQ1X218-DBXX2GH2-3,KLA Prof.dr. BRANKO LANG,CLUB,LOCAL_CLUB,10,#22C55E,Europe,Croatia,Zagrebačka,,Velika Gorica,M. Slatinskog 4,ACTIVE,SIC-K6ENNYVR-MT9AVTFM-W,https://hskla.hr/o-nama/,HSKLA official directory,hr,srijeda 19:00,,,0,16.89016,44.78288,COUNTRY_DISTRIBUTED_ESTIMATE,0,0,75
SIC-KZMWF1SX-4D3G1T29-G,KLA VLADIMIR NAZOR,CLUB,LOCAL_CLUB,10,#22C55E,Europe,Croatia,Zagrebačka,,Velika Gorica,M. Slatinskog 4,ACTIVE,SIC-K6ENNYVR-MT9AVTFM-W,https://hskla.hr/o-nama/,HSKLA official directory,hr,četvrtak 17:30,,,0,16.79682,45.0176,COUNTRY_DISTRIBUTED_ESTIMATE,0,0,75
SIC-ZRYTTG4Y-AVXZEXY4-N,KLA ZAPREŠIĆ,CLUB,LOCAL_CLUB,10,#22C55E,Europe,Croatia,Zagrebačka,,Zaprešić,Online (Skype),ACTIVE,SIC-K6ENNYVR-MT9AVTFM-W,https://hskla.hr/o-nama/,HSKLA official directory,hr,utorak 17:00,,,0,15.57052,44.81663,COUNTRY_DISTRIBUTED_ESTIMATE,0,0,75
SIC-SPPDN2JJ-0H6GHTQ9-1,KLA ZAPREŠIĆ-SJEVER,CLUB,LOCAL_CLUB,10,#22C55E,Europe,Croatia,Zagrebačka,,Zaprešić,Antuna Mihanovića 43,ACTIVE,SIC-K6ENNYVR-MT9AVTFM-W,https://hskla.hr/o-nama/,HSKLA official directory,hr,utorak 16:00,,,0,15.60339,44.49165,COUNTRY_DISTRIBUTED_ESTIMATE,0,0,75
SIC-5T558SQA-NA3YSXKH-Y,KLA KARLOVAC,CLUB,LOCAL_CLUB,10,#22C55E,Europe,Croatia,Karlovačka,,Karlovac,"A. Štampara 1, Opća bolnica",ACTIVE,SIC-K6ENNYVR-MT9AVTFM-W,https://hskla.hr/o-nama/,HSKLA official directory,hr,uto/sri/čet 18:00,,,0,15.40899,44.19849,COUNTRY_DISTRIBUTED_ESTIMATE,0,0,75
SIC-46D2WHVG-7K14JWXV-E,KLA IMOTSKI,CLUB,LOCAL_CLUB,10,#22C55E,Europe,Croatia,Splitsko-dalmatinska,,Imotski,"A. Starčevića 7, Dom zdravlja",ACTIVE,SIC-K6ENNYVR-MT9AVTFM-W,https://hskla.hr/o-nama/,HSKLA official directory,hr,petak 17:00,,,0,16.70971,45.32354,COUNTRY_DISTRIBUTED_ESTIMATE,0,0,75
SIC-9B89VSJZ-4HRTV8PD-S,KLA MAKARSKA,CLUB,LOCAL_CLUB,10,#22C55E,Europe,Croatia,Splitsko-dalmatinska,,Makarska,"Stjepana Ivičevića 4, Dom zdravlja",ACTIVE,SIC-K6ENNYVR-MT9AVTFM-W,https://hskla.hr/o-nama/,HSKLA official directory,hr,srijeda 16:30,,,0,17.33474,44.42587,COUNTRY_DISTRIBUTED_ESTIMATE,0,0,75
SIC-JNBKTQY3-HRXGPCVT-6,KLA SINJ,CLUB,LOCAL_CLUB,10,#22C55E,Europe,Croatia,Splitsko-dalmatinska,,Sinj,Petrovac 2,ACTIVE,SIC-K6ENNYVR-MT9AVTFM-W,https://hskla.hr/o-nama/,HSKLA official directory,hr,ponedjeljak 16:00,,,0,15.6915,45.67801,COUNTRY_DISTRIBUTED_ESTIMATE,0,0,75
SIC-E3B7N6Z1-XCZ20526-1,KLA SOLIN,CLUB,LOCAL_CLUB,10,#22C55E,Europe,Croatia,Splitsko-dalmatinska,,Solin,Solinske mladeži 17,ACTIVE,SIC-K6ENNYVR-MT9AVTFM-W,https://hskla.hr/o-nama/,HSKLA official directory,hr,utorak 18:00,,,0,15.21386,44.71115,COUNTRY_DISTRIBUTED_ESTIMATE,0,0,75
SIC-X0D89T01-PPEBYD5P-N,KLA FENIKS,CLUB,LOCAL_CLUB,10,#22C55E,Europe,Croatia,Splitsko-dalmatinska,,Split,Gundulićeva 25,ACTIVE,SIC-K6ENNYVR-MT9AVTFM-W,https://hskla.hr/o-nama/,HSKLA official directory,hr,utorak 16:00,,,0,15.83508,45.30065,COUNTRY_DISTRIBUTED_ESTIMATE,0,0,75
SIC-PCZ7CD6R-CXVFH0RA-B,KLA IZBOR,CLUB,LOCAL_CLUB,10,#22C55E,Europe,Croatia,Splitsko-dalmatinska,,Split,Doverska 17,ACTIVE,SIC-K6ENNYVR-MT9AVTFM-W,https://hskla.hr/o-nama/,HSKLA official directory,hr,sri 19:00 / čet 18:00,,,0,15.25827,44.64681,COUNTRY_DISTRIBUTED_ESTIMATE,0,0,75
SIC-44701CN8-P1D1SMJ6-8,KLA STIJEPO BOTTERI,CLUB,LOCAL_CLUB,10,#22C55E,Europe,Croatia,Splitsko-dalmatinska,,Split,A.G. Matoša 2,ACTIVE,SIC-K6ENNYVR-MT9AVTFM-W,https://hskla.hr/o-nama/,HSKLA official directory,hr,utorak 16:00,,,0,17.58707,44.76632,COUNTRY_DISTRIBUTED_ESTIMATE,0,0,75
SIC-G3Y3X7E0-VJSDMD9E-7,KLA LUČAC-MANUŠ,CLUB,LOCAL_CLUB,10,#22C55E,Europe,Croatia,Splitsko-dalmatinska,,Split,Omiška 14,ACTIVE,SIC-K6ENNYVR-MT9AVTFM-W,https://hskla.hr/o-nama/,HSKLA official directory,hr,utorak 16:00,,,0,16.59323,44.50408,COUNTRY_DISTRIBUTED_ESTIMATE,0,0,75
SIC-HYJTXVEY-06JQAQ6D-6,KLA NESLANOVAC,CLUB,LOCAL_CLUB,10,#22C55E,Europe,Croatia,Splitsko-dalmatinska,,Split,Sarajevska 30,ACTIVE,SIC-K6ENNYVR-MT9AVTFM-W,https://hskla.hr/o-nama/,HSKLA official directory,hr,srijeda 16:00,,,0,15.8565,45.59397,COUNTRY_DISTRIBUTED_ESTIMATE,0,0,75
SIC-ZSCVK138-XXNAX4BJ-D,KLA SPINUT,CLUB,LOCAL_CLUB,10,#22C55E,Europe,Croatia,Splitsko-dalmatinska,,Split,A.G. Matoša 29,ACTIVE,SIC-K6ENNYVR-MT9AVTFM-W,https://hskla.hr/o-nama/,HSKLA official directory,hr,srijeda 16:00,,,0,17.23367,45.34451,COUNTRY_DISTRIBUTED_ESTIMATE,0,0,75
SIC-A23GZ82S-QWRPKD77-K,KLA VRGORAC,CLUB,LOCAL_CLUB,10,#22C55E,Europe,Croatia,Splitsko-dalmatinska,,Vrgorac,Tina Ujevića 8,ACTIVE,SIC-K6ENNYVR-MT9AVTFM-W,https://hskla.hr/o-nama/,HSKLA official directory,hr,,,,0,16.91097,45.05074,COUNTRY_DISTRIBUTED_ESTIMATE,0,0,50
SIC-C3HXH9NB-9N2W2V1K-4,KLA ŽIVOT BRAČ,CLUB,LOCAL_CLUB,10,#22C55E,Europe,Croatia,Splitsko-dalmatinska,,Postira,Polježice 6,ACTIVE,SIC-K6ENNYVR-MT9AVTFM-W,https://hskla.hr/o-nama/,HSKLA official directory,hr,ponedjeljak 14:00,,,0,16.07279,45.16945,COUNTRY_DISTRIBUTED_ESTIMATE,0,0,75
SIC-WYTPY5ZR-W0ADVQWJ-X,KLA KLICA,CLUB,LOCAL_CLUB,10,#22C55E,Europe,Croatia,Šibensko-kninska,,Šibenik,Jurja Barakovića 2,ACTIVE,SIC-K6ENNYVR-MT9AVTFM-W,https://hskla.hr/o-nama/,HSKLA official directory,hr,ponedjeljak 19:15,,,0,16.63469,45.22489,COUNTRY_DISTRIBUTED_ESTIMATE,0,0,75
SIC-AP24DRGZ-69RET58X-Z,KLA DUBROVNIK,CLUB,LOCAL_CLUB,10,#22C55E,Europe,Croatia,Dubrovačko-neretvanska,,Dubrovnik,Josipa Kosora 4,ACTIVE,SIC-K6ENNYVR-MT9AVTFM-W,https://hskla.hr/o-nama/,HSKLA official directory,hr,pon/sri 18:00,,,0,15.92539,44.59239,COUNTRY_DISTRIBUTED_ESTIMATE,0,0,75
SIC-Q8QZFRK2-R0XY0H6T-W,KLA SIDRO,CLUB,LOCAL_CLUB,10,#22C55E,Europe,Croatia,Dubrovačko-neretvanska,,Metković,Kralja Zvonimira,ACTIVE,SIC-K6ENNYVR-MT9AVTFM-W,https://hskla.hr/o-nama/,HSKLA official directory,hr,,,,0,16.75275,44.14208,COUNTRY_DISTRIBUTED_ESTIMATE,0,0,50
SIC-PMNEH091-GKD7CHVR-7,KLA ZADAR,CLUB,LOCAL_CLUB,10,#22C55E,Europe,Croatia,Zadarska,,Zadar,MZ B. Jelačića 19,ACTIVE,SIC-K6ENNYVR-MT9AVTFM-W,https://hskla.hr/o-nama/,HSKLA official directory,hr,srijeda 18:00,,,0,16.11212,44.48652,COUNTRY_DISTRIBUTED_ESTIMATE,0,0,75
SIC-0G9JSG15-QZN5T1CA-V,KLA CENTAR,CLUB,LOCAL_CLUB,10,#22C55E,Europe,Croatia,Koprivničko-križevačka,,Koprivnica,Trg Tomislava dr. Bardeka 10/10,ACTIVE,SIC-K6ENNYVR-MT9AVTFM-W,https://hskla.hr/o-nama/,HSKLA official directory,hr,uto/sri 17:00,,,0,16.1668,45.15101,COUNTRY_DISTRIBUTED_ESTIMATE,0,0,75
SIC-GYJNRB21-ZPMHGWM3-Y,KLA PODRAVKA,CLUB,LOCAL_CLUB,10,#22C55E,Europe,Croatia,Koprivničko-križevačka,,Koprivnica,A. Starčevića 32,ACTIVE,SIC-K6ENNYVR-MT9AVTFM-W,https://hskla.hr/o-nama/,HSKLA official directory,hr,četvrtak 16:00,,,0,16.91061,44.11842,COUNTRY_DISTRIBUTED_ESTIMATE,0,0,75
SIC-26FDHBWK-XC6MAHG9-C,KLA KRIŽEVCI,CLUB,LOCAL_CLUB,10,#22C55E,Europe,Croatia,Koprivničko-križevačka,,Križevci,Trg A. Nemčića 7,ACTIVE,SIC-K6ENNYVR-MT9AVTFM-W,https://hskla.hr/o-nama/,HSKLA official directory,hr,utorak 17:30,,,0,17.55251,44.46752,COUNTRY_DISTRIBUTED_ESTIMATE,0,0,75
SIC-R5GR9N62-ZNYQ3VT4-C,KLA SVETI IVAN ŽABNO,CLUB,LOCAL_CLUB,10,#22C55E,Europe,Croatia,Koprivničko-križevačka,,Sveti Ivan Žabno,Križevačka 2,ACTIVE,SIC-K6ENNYVR-MT9AVTFM-W,https://hskla.hr/o-nama/,HSKLA official directory,hr,ponedjeljak 18:00,,,0,16.40169,45.63431,COUNTRY_DISTRIBUTED_ESTIMATE,0,0,75
SIC-NCYFJRG7-WVYY3BJC-5,KLA BJELOVAR,CLUB,LOCAL_CLUB,10,#22C55E,Europe,Croatia,Bjelovarsko-bilogorska,,Bjelovar,S.S. Kranjčevića 4,ACTIVE,SIC-K6ENNYVR-MT9AVTFM-W,https://hskla.hr/o-nama/,HSKLA official directory,hr,utorak 17:00/18:00,,,0,17.21646,44.89202,COUNTRY_DISTRIBUTED_ESTIMATE,0,0,75
SIC-S4H9AW0C-5WXX7JXV-B,KLA ČAZMA,CLUB,LOCAL_CLUB,10,#22C55E,Europe,Croatia,Bjelovarsko-bilogorska,,Čazma,Kralja Tomislava 16,ACTIVE,SIC-K6ENNYVR-MT9AVTFM-W,https://hskla.hr/o-nama/,HSKLA official directory,hr,srijeda 17:00,,,0,16.44416,45.66569,COUNTRY_DISTRIBUTED_ESTIMATE,0,0,75
SIC-CT3DGYKB-2H0MJ1W3-8,KLA GAREŠNICA,CLUB,LOCAL_CLUB,10,#22C55E,Europe,Croatia,Bjelovarsko-bilogorska,,Garešnica,Vladimira Nazora 13,ACTIVE,SIC-K6ENNYVR-MT9AVTFM-W,https://hskla.hr/o-nama/,HSKLA official directory,hr,utorak 15:00,,,0,15.62641,44.85169,COUNTRY_DISTRIBUTED_ESTIMATE,0,0,75
SIC-JM6E5NQF-A6CF9S46-J,KLA KUTINA,CLUB,LOCAL_CLUB,10,#22C55E,Europe,Croatia,Sisačko-moslavačka,,Kutina,Augusta Šenoe 2,ACTIVE,SIC-K6ENNYVR-MT9AVTFM-W,https://hskla.hr/o-nama/,HSKLA official directory,hr,srijeda 15:00,,,0,16.8028,45.57577,COUNTRY_DISTRIBUTED_ESTIMATE,0,0,75
SIC-37QTMXEF-XQ823JQV-T,KLA NAFTAPLIN POPOVAČA,CLUB,LOCAL_CLUB,10,#22C55E,Europe,Croatia,Sisačko-moslavačka,,Popovača,Sisačka bb,ACTIVE,SIC-K6ENNYVR-MT9AVTFM-W,https://hskla.hr/o-nama/,HSKLA official directory,hr,ponedjeljak 15:30,,,0,17.32392,44.56098,COUNTRY_DISTRIBUTED_ESTIMATE,0,0,75
SIC-247PVDB6-7KF942SS-K,OKLA SISAK,CLUB,LOCAL_CLUB,10,#22C55E,Europe,Croatia,Sisačko-moslavačka,,Sisak,"J.J. Strossmayera 59, Bolnica",ACTIVE,SIC-K6ENNYVR-MT9AVTFM-W,https://hskla.hr/o-nama/,HSKLA official directory,hr,pon 16:00 / sri 15:30,,,0,17.08477,45.15589,COUNTRY_DISTRIBUTED_ESTIMATE,0,0,75
SIC-EW7HE289-KDHSDAVC-Y,KLA JEZERA,CLUB,LOCAL_CLUB,10,#22C55E,Europe,Croatia,Krapinsko-zagorska,,Bedekovčina,Trg A. Starčevića 3/2,ACTIVE,SIC-K6ENNYVR-MT9AVTFM-W,https://hskla.hr/o-nama/,HSKLA official directory,hr,petak 19:30,,,0,16.46381,45.62508,COUNTRY_DISTRIBUTED_ESTIMATE,0,0,75
SIC-3EW5B66W-BGRTTHMY-Y,KLA STUBICA,CLUB,LOCAL_CLUB,10,#22C55E,Europe,Croatia,Krapinsko-zagorska,,Donja Stubica,Toplička 5,ACTIVE,SIC-K6ENNYVR-MT9AVTFM-W,https://hskla.hr/o-nama/,HSKLA official directory,hr,srijeda 19:00,,,0,17.25583,45.32654,COUNTRY_DISTRIBUTED_ESTIMATE,0,0,75
SIC-AKD82ZPR-GF1MJ6PP-H,KLA VIDEŽ,CLUB,LOCAL_CLUB,10,#22C55E,Europe,Croatia,Krapinsko-zagorska,,Hum na Sutli,Hum na Sutli 175,ACTIVE,SIC-K6ENNYVR-MT9AVTFM-W,https://hskla.hr/o-nama/,HSKLA official directory,hr,ponedjeljak 14:00,,,0,17.38638,45.32746,COUNTRY_DISTRIBUTED_ESTIMATE,0,0,75
SIC-FH1G6WSM-3YAPB4BQ-7,KLA BISTRINA,CLUB,LOCAL_CLUB,10,#22C55E,Europe,Croatia,Krapinsko-zagorska,,Marija Bistrica,Kralja Tomislava 27,ACTIVE,SIC-K6ENNYVR-MT9AVTFM-W,https://hskla.hr/o-nama/,HSKLA official directory,hr,četvrtak 19:00,,,0,16.68151,45.23463,COUNTRY_DISTRIBUTED_ESTIMATE,0,0,75
SIC-40TE6ZRX-RFMZ864A-S,KLA KUNAGORA,CLUB,LOCAL_CLUB,10,#22C55E,Europe,Croatia,Krapinsko-zagorska,,Pregrada,Kostelgradska 18,ACTIVE,SIC-K6ENNYVR-MT9AVTFM-W,https://hskla.hr/o-nama/,HSKLA official directory,hr,četvrtak 18:00,,,0,15.86288,44.46439,COUNTRY_DISTRIBUTED_ESTIMATE,0,0,75
SIC-RQH98ESE-X282XC3E-W,KLA ZVIRANJEK,CLUB,LOCAL_CLUB,10,#22C55E,Europe,Croatia,Krapinsko-zagorska,,Mače,Mače 30,ACTIVE,SIC-K6ENNYVR-MT9AVTFM-W,https://hskla.hr/o-nama/,HSKLA official directory,hr,utorak 18:00/19:00,,,0,17.02814,44.18639,COUNTRY_DISTRIBUTED_ESTIMATE,0,0,75
SIC-DNS67YPT-Q9CWQ4PE-N,ULA KRAPINA,CLUB,LOCAL_CLUB,10,#22C55E,Europe,Croatia,Krapinsko-zagorska,,Krapina,M. Cerkvenca 1,ACTIVE,SIC-K6ENNYVR-MT9AVTFM-W,https://hskla.hr/o-nama/,HSKLA official directory,hr,srijeda 18:00,,,0,15.54039,45.60922,COUNTRY_DISTRIBUTED_ESTIMATE,0,0,75
SIC-WAMGQ4T3-HAJC9B37-X,KLA KLANJEC,CLUB,LOCAL_CLUB,10,#22C55E,Europe,Croatia,Krapinsko-zagorska,,Klanjec,Lijepe Naše 22,ACTIVE,SIC-K6ENNYVR-MT9AVTFM-W,https://hskla.hr/o-nama/,HSKLA official directory,hr,srijeda 18:00,,,0,17.34927,45.68574,COUNTRY_DISTRIBUTED_ESTIMATE,0,0,75
SIC-DNE079A6-67GH5FAT-2,KLA DR. MATO GOLUBIĆ,CLUB,LOCAL_CLUB,10,#22C55E,Europe,Croatia,Međimurska,,Čakovec,A. Schulteissa 19,ACTIVE,SIC-K6ENNYVR-MT9AVTFM-W,https://hskla.hr/o-nama/,HSKLA official directory,hr,subota 18:00/19:00,,,0,15.46891,44.54846,COUNTRY_DISTRIBUTED_ESTIMATE,0,0,75
SIC-ANZZ9D07-GHQJ5MBE-R,KLA OSMIJEH,CLUB,LOCAL_CLUB,10,#22C55E,Europe,Croatia,Međimurska,,Donja Dubrava,Trg Republike 1,ACTIVE,SIC-K6ENNYVR-MT9AVTFM-W,https://hskla.hr/o-nama/,HSKLA official directory,hr,utorak 18:00,,,0,16.01974,44.71508,COUNTRY_DISTRIBUTED_ESTIMATE,0,0,75
SIC-9BP5C4GE-QCG9YXGP-T,KLA POVRATAK,CLUB,LOCAL_CLUB,10,#22C55E,Europe,Croatia,Međimurska,,Mursko Središće,Trg Bana Jelačića 2,ACTIVE,SIC-K6ENNYVR-MT9AVTFM-W,https://hskla.hr/o-nama/,HSKLA official directory,hr,subota 19:00,,,0,16.71387,45.01057,COUNTRY_DISTRIBUTED_ESTIMATE,0,0,75
SIC-8GYA7GT3-GXKAFP6G-8,KLA PRELOG,CLUB,LOCAL_CLUB,10,#22C55E,Europe,Croatia,Međimurska,,Prelog,Glavna 33,ACTIVE,SIC-K6ENNYVR-MT9AVTFM-W,https://hskla.hr/o-nama/,HSKLA official directory,hr,četvrtak 19:30,,,0,17.35418,44.18239,COUNTRY_DISTRIBUTED_ESTIMATE,0,0,75
SIC-555Z5CQ4-Q3TW458Z-C,KLA ZDRAV ŽIVOT,CLUB,LOCAL_CLUB,10,#22C55E,Europe,Croatia,Međimurska,,Sveta Marija,Trg bana Jelačića 1,ACTIVE,SIC-K6ENNYVR-MT9AVTFM-W,https://hskla.hr/o-nama/,HSKLA official directory,hr,petak 19:00,,,0,17.33082,45.34196,COUNTRY_DISTRIBUTED_ESTIMATE,0,0,75
SIC-H9JZ5PQP-ZMVW9SWZ-3,KLA OBITELJSKI KLUB,CLUB,LOCAL_CLUB,10,#22C55E,Europe,Croatia,Varaždinska,,Varaždin,Stepinčeva 1,ACTIVE,SIC-K6ENNYVR-MT9AVTFM-W,https://hskla.hr/o-nama/,HSKLA official directory,hr,ponedjeljak 18:00,,,0,16.12149,45.63107,COUNTRY_DISTRIBUTED_ESTIMATE,0,0,75
SIC-T8G31K79-02E3KRBX-X,UAA HRABROST,CLUB,LOCAL_CLUB,10,#22C55E,Europe,Croatia,Varaždinska,,Varaždin,Stepinčeva 1,ACTIVE,SIC-K6ENNYVR-MT9AVTFM-W,https://hskla.hr/o-nama/,HSKLA official directory,hr,četvrtak 19:30,,,0,17.5432,45.07776,COUNTRY_DISTRIBUTED_ESTIMATE,0,0,75
SIC-0M138H2C-VTNSXK65-Z,KLA SLATINA,CLUB,LOCAL_CLUB,10,#22C55E,Europe,Croatia,Virovitičko-podravska,,Slatina,B. Jelačića 33B,ACTIVE,SIC-K6ENNYVR-MT9AVTFM-W,https://hskla.hr/o-nama/,HSKLA official directory,hr,sri 15:30 / pet 08:30,,,0,17.45427,44.33625,COUNTRY_DISTRIBUTED_ESTIMATE,0,0,75
SIC-5GW7SE6W-P2TBZ9FJ-D,UKLA VIROVITICA,CLUB,LOCAL_CLUB,10,#22C55E,Europe,Croatia,Virovitičko-podravska,,Virovitica,Gajeva 21,ACTIVE,SIC-K6ENNYVR-MT9AVTFM-W,https://hskla.hr/o-nama/,HSKLA official directory,hr,uto 18:00 / sri 17:00,,,0,17.13969,44.87715,COUNTRY_DISTRIBUTED_ESTIMATE,0,0,75
SIC-GQ3D24R4-HYY0DXE4-G,KLA JASNI VIDICI,CLUB,LOCAL_CLUB,10,#22C55E,Europe,Croatia,Brodsko-posavska,,Oriovac,Kolodvorska bb,ACTIVE,SIC-K6ENNYVR-MT9AVTFM-W,https://hskla.hr/o-nama/,HSKLA official directory,hr,utorak 18:00,,,0,16.16465,45.05086,COUNTRY_DISTRIBUTED_ESTIMATE,0,0,75
SIC-6EBWMG0K-QMVMP6Z1-Q,KLA VINKOVCI,CLUB,LOCAL_CLUB,10,#22C55E,Europe,Croatia,Vukovarsko-srijemska,,Vinkovci,Kralja Zvonimira 64,ACTIVE,SIC-K6ENNYVR-MT9AVTFM-W,https://hskla.hr/o-nama/,HSKLA official directory,hr,četvrtak 17:00,,,0,16.62981,44.55819,COUNTRY_DISTRIBUTED_ESTIMATE,0,0,75
SIC-HHMDWGC5-KP1FKBDW-X,KLA CIBALIA,CLUB,LOCAL_CLUB,10,#22C55E,Europe,Croatia,Vukovarsko-srijemska,,Vinkovci,Kralja Zvonimira 64,ACTIVE,SIC-K6ENNYVR-MT9AVTFM-W,https://hskla.hr/o-nama/,HSKLA official directory,hr,ponedjeljak 17:00,,,0,17.13782,45.14712,COUNTRY_DISTRIBUTED_ESTIMATE,0,0,75
SIC-XTKSZJT6-0RNMA850-G,KLA OSIJEK,CLUB,LOCAL_CLUB,10,#22C55E,Europe,Croatia,Osječko-baranjska,,Osijek,Srijemska 124 A,ACTIVE,SIC-K6ENNYVR-MT9AVTFM-W,https://hskla.hr/o-nama/,HSKLA official directory,hr,ponedjeljak 17:00,,,0,16.50106,44.46926,COUNTRY_DISTRIBUTED_ESTIMATE,0,0,75
SIC-B2N1C98G-DH0PJX8H-Y,KLA DONJI GRAD,CLUB,LOCAL_CLUB,10,#22C55E,Europe,Croatia,Osječko-baranjska,,Osijek,Trg Bana Jelačića 25,ACTIVE,SIC-K6ENNYVR-MT9AVTFM-W,https://hskla.hr/o-nama/,HSKLA official directory,hr,utorak 17:00,,,0,16.1873,44.80855,COUNTRY_DISTRIBUTED_ESTIMATE,0,0,75
SIC-6H4EE8K0-EAT77X8V-V,KLA RETFALA,CLUB,LOCAL_CLUB,10,#22C55E,Europe,Croatia,Osječko-baranjska,,Osijek,J.J. Strossmayera 200,ACTIVE,SIC-K6ENNYVR-MT9AVTFM-W,https://hskla.hr/o-nama/,HSKLA official directory,hr,utorak 17:00,,,0,15.71064,45.30589,COUNTRY_DISTRIBUTED_ESTIMATE,0,0,75
SIC-EP32Q7M5-5Z4HYZX9-4,KLA TVRĐA,CLUB,LOCAL_CLUB,10,#22C55E,Europe,Croatia,Osječko-baranjska,,Osijek,Vijenac Ivana Meštrovića 26f,ACTIVE,SIC-K6ENNYVR-MT9AVTFM-W,https://hskla.hr/o-nama/,HSKLA official directory,hr,,,,0,17.058,45.66081,COUNTRY_DISTRIBUTED_ESTIMATE,0,0,50
SIC-TQ67K7CE-JQ3EF8MA-K,ULA VALPOVŠTINA,CLUB,LOCAL_CLUB,10,#22C55E,Europe,Croatia,Osječko-baranjska,,Valpovo,Kralja P. Krešimira IV 6b,ACTIVE,SIC-K6ENNYVR-MT9AVTFM-W,https://hskla.hr/o-nama/,HSKLA official directory,hr,četvrtak 14:00,,,0,17.30519,44.62332,COUNTRY_DISTRIBUTED_ESTIMATE,0,0,75
SIC-CXR3DHXX-KJCSM87Z-J,KLA POŽEGA,CLUB,LOCAL_CLUB,10,#22C55E,Europe,Croatia,Požeško-slavonska,,Požega,Lermanova 4,ACTIVE,SIC-K6ENNYVR-MT9AVTFM-W,https://hskla.hr/o-nama/,HSKLA official directory,hr,nedjelja 18:00,,,0,16.94996,44.88405,COUNTRY_DISTRIBUTED_ESTIMATE,0,0,75
SIC-GR3KAR3E-3XK5428A-W,KLA BUZET,CLUB,LOCAL_CLUB,10,#22C55E,Europe,Croatia,Istarska,,Buzet,II. Istarske brigade 11,ACTIVE,SIC-K6ENNYVR-MT9AVTFM-W,https://hskla.hr/o-nama/,HSKLA official directory,hr,ponedjeljak 18:00,,,0,16.85079,44.95558,COUNTRY_DISTRIBUTED_ESTIMATE,0,0,75
SIC-5E29NFNS-1DFYA3YS-8,KLA CENTAR LABIN,CLUB,LOCAL_CLUB,10,#22C55E,Europe,Croatia,Istarska,,Labin,Zelenice 34,ACTIVE,SIC-K6ENNYVR-MT9AVTFM-W,https://hskla.hr/o-nama/,HSKLA official directory,hr,utorak 16:00,,,0,16.47025,44.9251,COUNTRY_DISTRIBUTED_ESTIMATE,0,0,75
SIC-48KJFQ33-YD1XT2S9-G,KLA PAZIN,CLUB,LOCAL_CLUB,10,#22C55E,Europe,Croatia,Istarska,,Pazin,Prolaz Otokara Keršovanija 2,ACTIVE,SIC-K6ENNYVR-MT9AVTFM-W,https://hskla.hr/o-nama/,HSKLA official directory,hr,ponedjeljak 17:00,,,0,17.49353,44.80974,COUNTRY_DISTRIBUTED_ESTIMATE,0,0,75
SIC-ZJHJCH7V-462PJZG2-N,KLA POREČ,CLUB,LOCAL_CLUB,10,#22C55E,Europe,Croatia,Istarska,,Poreč,Dr. Mauro Gioseffi 2b,ACTIVE,SIC-K6ENNYVR-MT9AVTFM-W,https://hskla.hr/o-nama/,HSKLA official directory,hr,sri/čet 16:00,,,0,15.85419,44.59152,COUNTRY_DISTRIBUTED_ESTIMATE,0,0,75
SIC-WN1RG243-JV6KMFHH-D,KLA PULA,CLUB,LOCAL_CLUB,10,#22C55E,Europe,Croatia,Istarska,,Pula,Dubrovačke bratovštine 14,ACTIVE,SIC-K6ENNYVR-MT9AVTFM-W,https://hskla.hr/o-nama/,HSKLA official directory,hr,utorak 18:00/19:00,,,0,16.68135,44.59052,COUNTRY_DISTRIBUTED_ESTIMATE,0,0,75
SIC-20YMP8AP-M06H3NKH-S,KLA STVARANJE,CLUB,LOCAL_CLUB,10,#22C55E,Europe,Croatia,Istarska,,Pula,Zagrebačka 30,ACTIVE,SIC-K6ENNYVR-MT9AVTFM-W,https://hskla.hr/o-nama/,HSKLA official directory,hr,utorak 17:00/18:30,,,0,15.3706,44.6183,COUNTRY_DISTRIBUTED_ESTIMATE,0,0,75
SIC-GB6675GP-CGYHXX23-C,KLA CRES,CLUB,LOCAL_CLUB,10,#22C55E,Europe,Croatia,Primorsko-goranska,,Cres,Jadranska obala 37,ACTIVE,SIC-K6ENNYVR-MT9AVTFM-W,https://hskla.hr/o-nama/,HSKLA official directory,hr,,,,0,16.59746,44.29571,COUNTRY_DISTRIBUTED_ESTIMATE,0,0,50
SIC-DNF6MKX4-3WF3BH82-2,KLA DUBRAČINA,CLUB,LOCAL_CLUB,10,#22C55E,Europe,Croatia,Primorsko-goranska,,Crikvenica,Emila Antića 20,ACTIVE,SIC-K6ENNYVR-MT9AVTFM-W,https://hskla.hr/o-nama/,HSKLA official directory,hr,srijeda 19:00,,,0,17.05439,45.59944,COUNTRY_DISTRIBUTED_ESTIMATE,0,0,75
SIC-PA9X08JZ-3KN0D08V-6,KLA DELNICE,CLUB,LOCAL_CLUB,10,#22C55E,Europe,Croatia,Primorsko-goranska,,Delnice,Šet. I.G. Kovačića bb DZ,ACTIVE,SIC-K6ENNYVR-MT9AVTFM-W,https://hskla.hr/o-nama/,HSKLA official directory,hr,srijeda 18:00,,,0,15.37655,44.24873,COUNTRY_DISTRIBUTED_ESTIMATE,0,0,75
SIC-WSCDM8AG-WF11HRBN-7,KLA GROMAČE,CLUB,LOCAL_CLUB,10,#22C55E,Europe,Croatia,Primorsko-goranska,,Krk,Dubrovačka 13,ACTIVE,SIC-K6ENNYVR-MT9AVTFM-W,https://hskla.hr/o-nama/,HSKLA official directory,hr,srijeda,,,0,15.45701,44.90682,COUNTRY_DISTRIBUTED_ESTIMATE,0,0,75
SIC-943TEQ8K-F9XFTPRZ-H,KLA BONACA,CLUB,LOCAL_CLUB,10,#22C55E,Europe,Croatia,Primorsko-goranska,,Mali Lošinj,Priko 69,ACTIVE,SIC-K6ENNYVR-MT9AVTFM-W,https://hskla.hr/o-nama/,HSKLA official directory,hr,srijeda 19:00,,,0,17.01578,45.18998,COUNTRY_DISTRIBUTED_ESTIMATE,0,0,75
SIC-8DJ17ASN-T7JFQR24-1,KLA MATULJI,CLUB,LOCAL_CLUB,10,#22C55E,Europe,Croatia,Primorsko-goranska,,Matulji,Trg M. Tita 11,ACTIVE,SIC-K6ENNYVR-MT9AVTFM-W,https://hskla.hr/o-nama/,HSKLA official directory,hr,ponedjeljak 18:00,,,0,16.97012,44.26421,COUNTRY_DISTRIBUTED_ESTIMATE,0,0,75
SIC-M6RDGXVV-EJDC26B5-P,KLA OPATIJA,CLUB,LOCAL_CLUB,10,#22C55E,Europe,Croatia,Primorsko-goranska,,Opatija,Štengerova 34,ACTIVE,SIC-K6ENNYVR-MT9AVTFM-W,https://hskla.hr/o-nama/,HSKLA official directory,hr,ponedjeljak 17:00,,,0,16.00966,44.48434,COUNTRY_DISTRIBUTED_ESTIMATE,0,0,75
SIC-DSCCSK26-AXS43V17-Z,KLA RAB,CLUB,LOCAL_CLUB,10,#22C55E,Europe,Croatia,Primorsko-goranska,,Rab,"Kampor 224, Psihijatrijska bolnica Rab",ACTIVE,SIC-K6ENNYVR-MT9AVTFM-W,https://hskla.hr/o-nama/,HSKLA official directory,hr,ponedjeljak 18:00,,,0,16.01527,45.13036,COUNTRY_DISTRIBUTED_ESTIMATE,0,0,75
SIC-7SECVT8X-2E0JB1R6-S,KLA NOVI ŽIVOT,CLUB,LOCAL_CLUB,10,#22C55E,Europe,Croatia,Primorsko-goranska,,Rijeka,Verdijeva 6,ACTIVE,SIC-K6ENNYVR-MT9AVTFM-W,https://hskla.hr/o-nama/,HSKLA official directory,hr,pon/uto,,,0,17.10252,45.41903,COUNTRY_DISTRIBUTED_ESTIMATE,0,0,75
SIC-B613XD92-CEMKD917-D,KLA SVETI MATEJ,CLUB,LOCAL_CLUB,10,#22C55E,Europe,Croatia,Primorsko-goranska,,Viškovo,"Sroki, Kulići 2",ACTIVE,SIC-K6ENNYVR-MT9AVTFM-W,https://hskla.hr/o-nama/,HSKLA official directory,hr,četvrtak 19:00,,,0,15.81428,44.72999,COUNTRY_DISTRIBUTED_ESTIMATE,0,0,75
SIC-YT1941G3-01VRYGNA-8,KLA ZAMET 2,CLUB,LOCAL_CLUB,10,#22C55E,Europe,Croatia,Primorsko-goranska,,Rijeka,Braće Monjac 5,ACTIVE,SIC-K6ENNYVR-MT9AVTFM-W,https://hskla.hr/o-nama/,HSKLA official directory,hr,,,,0,16.91428,45.18931,COUNTRY_DISTRIBUTED_ESTIMATE,0,0,50
SIC-31NN9592-6H0DK11H-Z,KLA ZAMET,CLUB,LOCAL_CLUB,10,#22C55E,Europe,Croatia,Primorsko-goranska,,Rijeka,Braće Monjac 5,ACTIVE,SIC-K6ENNYVR-MT9AVTFM-W,https://hskla.hr/o-nama/,HSKLA official directory,hr,,,,0,16.78637,44.65991,COUNTRY_DISTRIBUTED_ESTIMATE,0,0,50
SIC-Y5FC7J5N-HQT3RFWM-T,KLA CENTAR RIJEKA,CLUB,LOCAL_CLUB,10,#22C55E,Europe,Croatia,Primorsko-goranska,,Rijeka,Krešimirova 8/II,ACTIVE,SIC-K6ENNYVR-MT9AVTFM-W,https://hskla.hr/o-nama/,HSKLA official directory,hr,četvrtak 17:00,,,0,15.94419,44.58354,COUNTRY_DISTRIBUTED_ESTIMATE,0,0,75
SIC-GG1KTNC6-R8V7WR3P-W,KLA BURA,CLUB,LOCAL_CLUB,10,#22C55E,Europe,Croatia,Ličko-senjska,,Senj,Stara cesta 43,ACTIVE,SIC-K6ENNYVR-MT9AVTFM-W,https://hskla.hr/o-nama/,HSKLA official directory,hr,,,,0,17.29916,45.46961,COUNTRY_DISTRIBUTED_ESTIMATE,0,0,50
SIC-D35968GJ-KKFZBTMF-H,KLA GOSPIĆ,CLUB,LOCAL_CLUB,10,#22C55E,Europe,Croatia,Ličko-senjska,,Gospić,Budačka 12,ACTIVE,SIC-K6ENNYVR-MT9AVTFM-W,https://hskla.hr/o-nama/,HSKLA official directory,hr,,,,0,15.58042,44.76258,COUNTRY_DISTRIBUTED_ESTIMATE,0,0,50
SIC-DB4D0ARP-5RMRT5SH-B,KLA OTOČAC,CLUB,LOCAL_CLUB,10,#22C55E,Europe,Croatia,Ličko-senjska,,Otočac,Bana J. Jelačića 16,ACTIVE,SIC-K6ENNYVR-MT9AVTFM-W,https://hskla.hr/o-nama/,HSKLA official directory,hr,,,,0,15.90147,45.59974,COUNTRY_DISTRIBUTED_ESTIMATE,0,0,50
SIC-DXA3ZFPV-Q56CJVK0-3,Socio-psihoterapijski KLA Dunav,CLUB,LOCAL_CLUB,10,#22C55E,Europe,Serbia,,,Novi Sad,"Seljačkih buna 85, 21000 Novi Sad",VERIFIED_PUBLIC_CURRENT,SIC-STVP94M2-T31FXB2J-8,https://zklas.org/kontakt-podaci-zajednice-klubova/klubovi-zajednice/,ZKLAS public directory,sr,,darkojankovic1950@gmail.com; kladunav@zklas.org,,0,21.85891,44.2859,COUNTRY_DISTRIBUTED_ESTIMATE,0,0,75
SIC-F4FT4QPE-Y9QQPM7F-6,Socioterapijski KLA Gornjačka,CLUB,LOCAL_CLUB,10,#22C55E,Europe,Serbia,,,Beograd,"Gornjačka 34, 11000 Beograd",VERIFIED_PUBLIC_CURRENT,SIC-STVP94M2-T31FXB2J-8,https://zklas.org/kontakt-podaci-zajednice-klubova/klubovi-zajednice/,ZKLAS public directory,sr,,klagornjacka@zklas.org,,0,21.62556,43.68963,COUNTRY_DISTRIBUTED_ESTIMATE,0,0,75
SIC-226Y31VK-8TZFBG2M-Z,KLA Grbavica,CLUB,LOCAL_CLUB,10,#22C55E,Europe,Serbia,,,Novi Sad,"Seljačkih buna 85, 21000 Novi Sad",VERIFIED_PUBLIC_CURRENT,SIC-STVP94M2-T31FXB2J-8,https://zklas.org/kontakt-podaci-zajednice-klubova/klubovi-zajednice/,ZKLAS public directory,sr,,klagrbavica@zklas.org,,0,20.15312,43.63765,COUNTRY_DISTRIBUTED_ESTIMATE,0,0,75
SIC-3RYDV7EE-SK50C4R8-0,KLA Lav,CLUB,LOCAL_CLUB,10,#22C55E,Europe,Serbia,,,Valjevo,"Sinđelićeva 60, 14000 Valjevo",VERIFIED_PUBLIC_CURRENT,SIC-STVP94M2-T31FXB2J-8,https://zklas.org/kontakt-podaci-zajednice-klubova/klubovi-zajednice/,ZKLAS public directory,sr,,klalav@zklas.org,,0,20.98195,43.69874,COUNTRY_DISTRIBUTED_ESTIMATE,0,0,75
SIC-E1THF6Y1-V3GNX7G4-S,Klub apstinenata Mladost,CLUB,LOCAL_CLUB,10,#22C55E,Europe,Serbia,,,Novi Sad,"Seljačkih buna 85, 21000 Novi Sad",VERIFIED_PUBLIC_CURRENT,SIC-STVP94M2-T31FXB2J-8,https://zklas.org/kontakt-podaci-zajednice-klubova/klubovi-zajednice/,ZKLAS public directory,sr,,klamladost@zklas.org,,0,20.10368,43.77715,COUNTRY_DISTRIBUTED_ESTIMATE,0,0,75
SIC-3ZS1TRZZ-3BB374AH-M,Porodični klub Paunova,CLUB,LOCAL_CLUB,10,#22C55E,Europe,Serbia,,,Beograd,"Kneginje Zorke 15, 11000 Beograd",VERIFIED_PUBLIC_CURRENT,SIC-STVP94M2-T31FXB2J-8,https://zklas.org/kontakt-podaci-zajednice-klubova/klubovi-zajednice/,ZKLAS public directory,sr,,klapaunova@zklas.org,,0,21.45115,44.60513,COUNTRY_DISTRIBUTED_ESTIMATE,0,0,75
SIC-NAGEEDA3-R8TQH92Y-0,KLA Skela,CLUB,LOCAL_CLUB,10,#22C55E,Europe,Serbia,,,Beograd,"Višegradska 26, 11000 Beograd",VERIFIED_PUBLIC_CURRENT,SIC-STVP94M2-T31FXB2J-8,https://zklas.org/kontakt-podaci-zajednice-klubova/klubovi-zajednice/,ZKLAS public directory,sr,,klaskela@zklas.org,,0,22.11806,43.33276,COUNTRY_DISTRIBUTED_ESTIMATE,0,0,75
SIC-K71VNBYC-GNBS8ZZV-G,Društvo apstinenata Sombor,CLUB,LOCAL_CLUB,10,#22C55E,Europe,Serbia,,,Sombor,"Apatinski put 38, 25000 Sombor",VERIFIED_PUBLIC_CURRENT,SIC-STVP94M2-T31FXB2J-8,https://zklas.org/kontakt-podaci-zajednice-klubova/klubovi-zajednice/,ZKLAS public directory,sr,,dasombor@zklas.org,,0,21.55919,43.28787,COUNTRY_DISTRIBUTED_ESTIMATE,0,0,75
SIC-G9BMS0AA-TEHGZGMY-T,Socioterapijski KLA VMA,CLUB,LOCAL_CLUB,10,#22C55E,Europe,Serbia,,,Beograd,"Crnotravska 17, 11000 Beograd",VERIFIED_PUBLIC_CURRENT,SIC-STVP94M2-T31FXB2J-8,https://zklas.org/kontakt-podaci-zajednice-klubova/klubovi-zajednice/,ZKLAS public directory,sr,,klavma@zklas.org,,0,21.6938,44.25913,COUNTRY_DISTRIBUTED_ESTIMATE,0,0,75
SIC-HS8H7CZX-19VVGQCT-K,KLA Vršačka kula,CLUB,LOCAL_CLUB,10,#22C55E,Europe,Serbia,,,Vršac,Stevana Nemanje 43,VERIFIED_PUBLIC_CURRENT,SIC-STVP94M2-T31FXB2J-8,https://zklas.org/kontakt-podaci-zajednice-klubova/klubovi-zajednice/,ZKLAS public directory,sr,,klavrsackakula@zklas.org,,0,20.45163,43.39947,COUNTRY_DISTRIBUTED_ESTIMATE,0,0,75
SIC-4CPY7ZRY-3BESPMKH-7,Socioterapijski porodični klub Palmotićeva,CLUB,LOCAL_CLUB,10,#22C55E,Europe,Serbia,,,Beograd,"Milana Kašanina 3, 11000 Beograd",VERIFIED_PUBLIC_CURRENT,SIC-STVP94M2-T31FXB2J-8,https://zklas.org/kontakt-podaci-zajednice-klubova/klubovi-zajednice/,ZKLAS public directory,sr,,,,0,21.47002,43.74077,COUNTRY_DISTRIBUTED_ESTIMATE,0,0,50
SIC-KBAVF4X8-T7QP9Z70-Q,Zajednica KLA Hercegovačko-neretvanske županije Dr. Vladimira Hudolina,TERRITORIAL,TERRITORIAL,20,#14B8A6,Europe,Bosnia and Herzegovina,,,Mostar,,PUBLIC_HISTORICAL_DIRECTORY_NEEDS_CURRENT_RECHECK,SIC-A53THB43-9DMD9PY1-W,https://www.moravek.org/kla/53-adres.html,Public KLA directory,hr,,,,0,17.94603,44.7915,COUNTRY_DISTRIBUTED_ESTIMATE,4,4,25
SIC-9G8QBY87-9KQYVEYM-Z,"KLA ""Rondo"" Mostar",CLUB,LOCAL_CLUB,10,#22C55E,Europe,Bosnia and Herzegovina,,,Mostar,,HISTORICAL_PUBLIC_NEEDS_CURRENT_RECHECK,SIC-KBAVF4X8-T7QP9Z70-Q,https://www.moravek.org/kla/53-adres.html,Public historical KLA directory,hr,utorak 19:00,,,0,17.21114,43.784,COUNTRY_DISTRIBUTED_ESTIMATE,0,0,50
SIC-CBRH1V8G-HW9EGBWE-N,"KLA ""Balinovac"" Mostar",CLUB,LOCAL_CLUB,10,#22C55E,Europe,Bosnia and Herzegovina,,,Mostar,,HISTORICAL_PUBLIC_NEEDS_CURRENT_RECHECK,SIC-KBAVF4X8-T7QP9Z70-Q,https://www.moravek.org/kla/53-adres.html,Public historical KLA directory,hr,srijeda 19:00,,,0,16.76295,44.34141,COUNTRY_DISTRIBUTED_ESTIMATE,0,0,50
SIC-HS3QR82C-2CHBC8X8-Y,KLA Međugorje,CLUB,LOCAL_CLUB,10,#22C55E,Europe,Bosnia and Herzegovina,,,Međugorje,,HISTORICAL_PUBLIC_NEEDS_CURRENT_RECHECK,SIC-KBAVF4X8-T7QP9Z70-Q,https://www.moravek.org/kla/53-adres.html,Public historical KLA directory,hr,ponedjeljak 19:00,,,0,17.07898,44.42275,COUNTRY_DISTRIBUTED_ESTIMATE,0,0,50
SIC-XC1C264T-HKG2DT3B-4,KLA Široki Brijeg,CLUB,LOCAL_CLUB,10,#22C55E,Europe,Bosnia and Herzegovina,,,Široki Brijeg,,HISTORICAL_PUBLIC_NEEDS_CURRENT_RECHECK,SIC-KBAVF4X8-T7QP9Z70-Q,https://www.moravek.org/kla/53-adres.html,Public historical KLA directory,hr,,,,0,17.81444,44.19703,COUNTRY_DISTRIBUTED_ESTIMATE,0,0,25
SIC-5ZW4K4Z9-K8YQZKHN-T,Zajednica klubova liječenih alkoholičara Dr Vladimir Hudolin,TERRITORIAL,TERRITORIAL,20,#14B8A6,Europe,Bosnia and Herzegovina,,,Mostar,"Splitska 34, 88000 Mostar",PUBLIC_REGISTER_CURRENT,SIC-A53THB43-9DMD9PY1-W,https://www.akta.ba/Firma/zajednica-klubova-lijecenih-alkoholicara-dr-vladimir-hudolin-mostar/53451,Public business/association register,hr,,,,0,16.82764,43.41255,COUNTRY_DISTRIBUTED_ESTIMATE,0,0,50
SIC-5PR58792-3D2K5VC3-N,Zveza klubov zdravljenih alkoholikov Slovenije,NATIONAL,NATIONAL,50,#F59E0B,Europe,Slovenia,,,Tolmin,"Prešernova 6a, p.p. 19, 5220 Tolmin",VERIFIED_PUBLIC_CURRENT,SIC-JZ4DXD20-TGYG5W95-D,https://zvezakza.si/kontakt/,Official federation site,sl,,info@zvezakza.si; +386 31 479 296,,0,13.86583,45.33302,COUNTRY_DISTRIBUTED_ESTIMATE,0,0,75
SIC-9XT8MTH5-ZRYXSCR1-T,KZA Cerknica,CLUB,LOCAL_CLUB,10,#22C55E,Europe,Slovenia,,,Cerknica,"Partizanska cesta 2a, 1380 Cerknica",VERIFIED_PUBLIC_DIRECTORY,SIC-FTS8QZF9-20R6MME1-9,https://brezalkohola.si/drustva_klubi_ustanove/,Slovenian public addiction network directory,sl,,068 158 165,,0,14.0945,45.68223,COUNTRY_DISTRIBUTED_ESTIMATE,0,0,75
SIC-WNJP0MH8-G1V7FJ93-J,KZA Idrija,CLUB,LOCAL_CLUB,10,#22C55E,Europe,Slovenia,,,Idrija,"Pot sv. Antona 49, 5280 Idrija",VERIFIED_PUBLIC_DIRECTORY,SIC-FTS8QZF9-20R6MME1-9,https://brezalkohola.si/drustva_klubi_ustanove/,Slovenian public addiction network directory,sl,,040 283 808,,0,15.04363,46.88677,COUNTRY_DISTRIBUTED_ESTIMATE,0,0,75
SIC-2EE6RF9M-QBF60Z1J-K,KZA Koper,CLUB,LOCAL_CLUB,10,#22C55E,Europe,Slovenia,,,Koper,"p.p. 395, Koper",VERIFIED_PUBLIC_DIRECTORY,SIC-FTS8QZF9-20R6MME1-9,https://brezalkohola.si/drustva_klubi_ustanove/,Slovenian public addiction network directory,sl,,051 314 133,,0,14.01569,45.46261,COUNTRY_DISTRIBUTED_ESTIMATE,0,0,75
SIC-YZ0BFT6A-YXE0RS1Y-Z,KZA Logatec,CLUB,LOCAL_CLUB,10,#22C55E,Europe,Slovenia,,,Logatec,"Notranjska c. 2, p.p. 6, 1370 Logatec",VERIFIED_PUBLIC_DIRECTORY,SIC-FTS8QZF9-20R6MME1-9,https://brezalkohola.si/drustva_klubi_ustanove/,Slovenian public addiction network directory,sl,,041 419 079,,0,14.45722,45.51882,COUNTRY_DISTRIBUTED_ESTIMATE,0,0,75
SIC-KKT4DFKV-SCGX8DMM-M,KZA Tolmin,CLUB,LOCAL_CLUB,10,#22C55E,Europe,Slovenia,,,Tolmin,"Prešernova 6a, p.p.19, 5220 Tolmin",VERIFIED_PUBLIC_DIRECTORY,SIC-FTS8QZF9-20R6MME1-9,https://brezalkohola.si/drustva_klubi_ustanove/,Slovenian public addiction network directory,sl,,031 479 296,,0,14.8712,45.9156,COUNTRY_DISTRIBUTED_ESTIMATE,0,0,75
SIC-48W9QT00-QPNATJCT-5,DZA Vrhnika,CLUB,LOCAL_CLUB,10,#22C55E,Europe,Slovenia,,,Vrhnika,"Raskovec 21, 1360 Vrhnika",VERIFIED_PUBLIC_DIRECTORY,SIC-FTS8QZF9-20R6MME1-9,https://brezalkohola.si/drustva_klubi_ustanove/,Slovenian public addiction network directory,sl,,041 229 142; 031 251 642,,0,14.99717,46.23787,COUNTRY_DISTRIBUTED_ESTIMATE,0,0,75
SIC-6CD07EKS-JACTWKY3-Y,Društvo zdravljenih alkoholikov Ajdovščina-Vipava,CLUB,LOCAL_CLUB,10,#22C55E,Europe,Slovenia,,,Ajdovščina,"Tovarniška 3, 5370 Ajdovščina",VERIFIED_PUBLIC_DIRECTORY,SIC-FTS8QZF9-20R6MME1-9,https://brezalkohola.si/drustva_klubi_ustanove/,Slovenian public addiction network directory,sl,,051 337 347,,0,14.05087,46.71148,COUNTRY_DISTRIBUTED_ESTIMATE,0,0,75
SIC-A5AE0RB4-VN6Z09JB-X,AICAT - Associazione Italiana dei Club Alcologici Territoriali,NATIONAL,NATIONAL,50,#F59E0B,Europe,Italy,Italia,,Udine / Padova,"Sede legale: Via Chisimaio 40, Udine; sede operativa: Via Cave 178, Padova",VERIFIED_OFFICIAL_CURRENT,SIC-SAPSJ5F6-GDEFRWNM-E,https://aicat.net/index.php?page=contatti,AICAT ufficiale,it,,366 3625248; segreteria@aicat.net,ODV; struttura nazionale di riferimento,0,12.77018,41.06934,COUNTRY_DISTRIBUTED_ESTIMATE,21,162,75
SIC-VTPZ5VTE-CN5C3HSW-X,ARCAT Abruzzo,REGIONAL,REGIONAL,40,#8B5CF6,Europe,Italy,Abruzzo,,Avezzano,Via Pio XII 30,VERIFIED_OFFICIAL_CURRENT,SIC-A5AE0RB4-VN6Z09JB-X,https://aicat.net/index.php?page=contatti,AICAT ufficiale,it,,320 8805222; katiusciatuzi@yahoo.it,,0,12.46697,43.21743,COUNTRY_DISTRIBUTED_ESTIMATE,0,0,75
SIC-H20ZR2EF-6B35QK4T-4,Alto Adige,REGIONAL,REGIONAL,40,#8B5CF6,Europe,Italy,Trentino-Alto Adige,,,,OFFICIAL_LIST_CONTACT_MISSING,SIC-A5AE0RB4-VN6Z09JB-X,https://aicat.net/index.php?page=contatti,AICAT ufficiale,it,,,,0,13.64684,41.15319,COUNTRY_DISTRIBUTED_ESTIMATE,0,0,25
SIC-FVTP6Y0F-1JSJXR34-N,ARCAT Basilicata,REGIONAL,REGIONAL,40,#8B5CF6,Europe,Italy,Basilicata,,Matera,Via Rosario Livatino 47a,VERIFIED_OFFICIAL_CURRENT,SIC-A5AE0RB4-VN6Z09JB-X,https://aicat.net/index.php?page=contatti,AICAT ufficiale,it,,329 8859203; miriello.umberto70@gmail.com,,0,13.5625,41.41403,COUNTRY_DISTRIBUTED_ESTIMATE,1,1,75
SIC-EK5ZJH8T-GETTY2FP-W,ARCAT Calabria ODV,REGIONAL,REGIONAL,40,#8B5CF6,Europe,Italy,Calabria,,Cosenza,Via Macchiabella 58,VERIFIED_OFFICIAL_CURRENT,SIC-A5AE0RB4-VN6Z09JB-X,https://aicat.net/index.php?page=contatti,AICAT ufficiale,it,,0984 1865040; arcatcalabriaodv@gmail.com,,0,13.6102,42.74539,COUNTRY_DISTRIBUTED_ESTIMATE,0,0,75
SIC-B43BB5EB-6ZXFME7V-D,ARCAT Campania,REGIONAL,REGIONAL,40,#8B5CF6,Europe,Italy,Campania,,Salerno,Via M. Pironti 14,VERIFIED_OFFICIAL_CURRENT,SIC-A5AE0RB4-VN6Z09JB-X,https://aicat.net/index.php?page=contatti,AICAT ufficiale,it,,375 5056720; arcatcampania@gmail.com,,0,11.52061,43.13992,COUNTRY_DISTRIBUTED_ESTIMATE,0,0,75
SIC-8GXV4C48-Z1QWP0DP-J,ARCAT Emilia Romagna ODV,REGIONAL,REGIONAL,40,#8B5CF6,Europe,Italy,Emilia-Romagna,,Mercato Saraceno,Via Matilde Serao 11,VERIFIED_OFFICIAL_CURRENT,SIC-A5AE0RB4-VN6Z09JB-X,https://aicat.net/index.php?page=contatti,AICAT ufficiale,it,,346 2176182; arcatemiliaromagna92@gmail.com,,0,13.46858,42.55819,COUNTRY_DISTRIBUTED_ESTIMATE,2,2,75
SIC-2KT4SVM9-3648P2M5-4,ARCAT Friuli,REGIONAL,REGIONAL,40,#8B5CF6,Europe,Italy,Friuli-Venezia Giulia,,,,OFFICIAL_LIST_CONTACT_MISSING,SIC-A5AE0RB4-VN6Z09JB-X,https://aicat.net/index.php?page=contatti,AICAT ufficiale,it,,,,0,13.40739,42.54244,COUNTRY_DISTRIBUTED_ESTIMATE,0,0,25
SIC-77AZHNGD-B4V7TSQH-S,ARCAT Regione Lazio,REGIONAL,REGIONAL,40,#8B5CF6,Europe,Italy,Lazio,,Aprilia,Via Carano 21,VERIFIED_OFFICIAL_CURRENT,SIC-A5AE0RB4-VN6Z09JB-X,https://aicat.net/index.php?page=contatti,AICAT ufficiale,it,,392 2766030; arcatregionelazio@gmail.com,,0,12.41731,41.75229,COUNTRY_DISTRIBUTED_ESTIMATE,1,1,75
SIC-SAPSPJXD-51WPHBC5-B,ARCAT Liguria,REGIONAL,REGIONAL,40,#8B5CF6,Europe,Italy,Liguria,,,,OFFICIAL_LIST_CONTACT_MISSING,SIC-A5AE0RB4-VN6Z09JB-X,https://aicat.net/index.php?page=contatti,AICAT ufficiale,it,,,,0,13.28978,41.43604,COUNTRY_DISTRIBUTED_ESTIMATE,0,0,25
SIC-W45XMWNN-5YPZP9S0-Q,ARCAT Lombardia,REGIONAL,REGIONAL,40,#8B5CF6,Europe,Italy,Lombardia,,Almenno San Bartolomeo,Via 4 Novembre 66,VERIFIED_OFFICIAL_CURRENT,SIC-A5AE0RB4-VN6Z09JB-X,https://aicat.net/index.php?page=contatti,AICAT ufficiale,it,,375 8876759; info@arcatlombardia.it,,0,13.05176,41.13551,COUNTRY_DISTRIBUTED_ESTIMATE,64,73,75
SIC-JQ09PERZ-53Q5953G-1,ARCAT Marche ETS-ODV,REGIONAL,REGIONAL,40,#8B5CF6,Europe,Italy,Marche,,Campofilone,C.da Montecamauro 6,VERIFIED_OFFICIAL_CURRENT,SIC-A5AE0RB4-VN6Z09JB-X,https://aicat.net/index.php?page=contatti,AICAT ufficiale,it,,349 7656452; arcatmarche@libero.it,,0,13.80065,40.86612,COUNTRY_DISTRIBUTED_ESTIMATE,15,15,75
SIC-RDTRPEX7-DANAZ51D-R,ARCAT Molise,REGIONAL,REGIONAL,40,#8B5CF6,Europe,Italy,Molise,,Campobasso,Via Cirese snc,VERIFIED_OFFICIAL_CURRENT,SIC-A5AE0RB4-VN6Z09JB-X,https://aicat.net/index.php?page=contatti,AICAT ufficiale,it,,338 1614519; arcatmolise@libero.it,,0,13.20931,41.33707,COUNTRY_DISTRIBUTED_ESTIMATE,0,0,75
SIC-51N3J0HD-VGNN2JP1-6,ARCAT Piemonte,REGIONAL,REGIONAL,40,#8B5CF6,Europe,Italy,Piemonte,,Torino,Via Giolitti 21,VERIFIED_OFFICIAL_CURRENT,SIC-A5AE0RB4-VN6Z09JB-X,https://aicat.net/index.php?page=contatti,AICAT ufficiale,it,,348 7722812; segreteria.arcatpiemonte@gmail.com,,0,12.27405,41.13671,COUNTRY_DISTRIBUTED_ESTIMATE,7,7,75
SIC-FP3Y4CDR-7J3ZW8WX-S,ARCAT Puglia ODV,REGIONAL,REGIONAL,40,#8B5CF6,Europe,Italy,Puglia,,Bari,Via Perrone 19,VERIFIED_OFFICIAL_CURRENT,SIC-A5AE0RB4-VN6Z09JB-X,https://aicat.net/index.php?page=contatti,AICAT ufficiale,it,,349 7431529; Infoarcatpuglia@gmail.com,,0,11.83595,42.22052,COUNTRY_DISTRIBUTED_ESTIMATE,10,10,75
SIC-WXRPG675-XMV7T94W-Z,ARCAT Sardegna,REGIONAL,REGIONAL,40,#8B5CF6,Europe,Italy,Sardegna,,Nuoro,Via Oggiano 18,VERIFIED_OFFICIAL_CURRENT,SIC-A5AE0RB4-VN6Z09JB-X,https://aicat.net/index.php?page=contatti,AICAT ufficiale,it,,328 7378290; arcatsardegna@aicat.net,,0,11.34228,41.10677,COUNTRY_DISTRIBUTED_ESTIMATE,1,1,75
SIC-00GPNEFM-VBWTZRVD-K,ARCAT della Sicilia ODV,REGIONAL,REGIONAL,40,#8B5CF6,Europe,Italy,Sicilia,,Caltanissetta,Via Xiboli 310,VERIFIED_OFFICIAL_CURRENT,SIC-A5AE0RB4-VN6Z09JB-X,https://aicat.net/index.php?page=contatti,AICAT ufficiale,it,,329 1521062; arcatdellasiciliaodv@gmail.com,,0,12.75422,42.67414,COUNTRY_DISTRIBUTED_ESTIMATE,0,0,75
SIC-RRSP33QN-Y5YHA4E1-V,ARCAT Toscana ODV,REGIONAL,REGIONAL,40,#8B5CF6,Europe,Italy,Toscana,,Firenze,Viale G. Matteotti 25,VERIFIED_OFFICIAL_CURRENT,SIC-A5AE0RB4-VN6Z09JB-X,https://aicat.net/index.php?page=contatti,AICAT ufficiale,it,,348 9214600; segreteria@arcattoscana.it,,0,12.28381,41.61299,COUNTRY_DISTRIBUTED_ESTIMATE,15,15,75
SIC-33Y9KF0M-SNASNV7Q-A,APCAT Trentino ODV,REGIONAL,REGIONAL,40,#8B5CF6,Europe,Italy,Trentino-Alto Adige,,Pergine Valsugana,Via Guglielmi 19,VERIFIED_OFFICIAL_CURRENT,SIC-A5AE0RB4-VN6Z09JB-X,https://aicat.net/index.php?page=contatti,AICAT ufficiale,it,,0461 914451; segreteria@apcattrentino-centrostudi.it,,0,11.62125,41.2241,COUNTRY_DISTRIBUTED_ESTIMATE,0,0,75
SIC-DCM75P3Z-1HDQ3KPZ-6,ARCAT Umbria / Club Famiglia,REGIONAL,REGIONAL,40,#8B5CF6,Europe,Italy,Umbria,,Perugia,Via Cristoforo Colombo 9,VERIFIED_OFFICIAL_CURRENT,SIC-A5AE0RB4-VN6Z09JB-X,https://aicat.net/index.php?page=contatti,AICAT ufficiale,it,,340 8672029; matteucci.vale@gmail.com,,0,12.38078,43.21608,COUNTRY_DISTRIBUTED_ESTIMATE,0,0,75
SIC-MWD6NTHF-BQR1SX9Q-1,Valle d'Aosta,REGIONAL,REGIONAL,40,#8B5CF6,Europe,Italy,Valle d'Aosta,,,,OFFICIAL_LIST_CONTACT_MISSING,SIC-A5AE0RB4-VN6Z09JB-X,https://aicat.net/index.php?page=contatti,AICAT ufficiale,it,,,,0,13.81332,41.87577,COUNTRY_DISTRIBUTED_ESTIMATE,0,0,25
SIC-3JXF0TMQ-BDRN8KQ4-F,ARCAT Veneto ODV,REGIONAL,REGIONAL,40,#8B5CF6,Europe,Italy,Veneto,,Trevignano,Via Tre Forni 16,VERIFIED_OFFICIAL_CURRENT,SIC-A5AE0RB4-VN6Z09JB-X,https://aicat.net/index.php?page=contatti,AICAT ufficiale,it,,0423 677168; segreteria@arcatveneto.it,,0,11.08077,41.56745,COUNTRY_DISTRIBUTED_ESTIMATE,3,16,75
SIC-NZ9YZ360-BZNAPN9J-S,APCAT Latina,PROVINCIAL,PROVINCIAL,30,#3B82F6,Europe,Italy,Lazio,,Latina,Via Feronia 8,VERIFIED_OFFICIAL_CURRENT,SIC-77AZHNGD-B4V7TSQH-S,https://aicat.net/index.php?page=contatti,AICAT ufficiale,it,,0773 661962; apcatlatinaodv@gmail.com,,0,12.42035,40.90496,COUNTRY_DISTRIBUTED_ESTIMATE,0,0,75
SIC-ZWERK5F4-GSRBGWEG-C,ACAT Sesto Campi Firenze,TERRITORIAL,TERRITORIAL,20,#14B8A6,Europe,Italy,Toscana,,Sesto Fiorentino / Campi Bisenzio,,VERIFIED_OFFICIAL_CURRENT,SIC-RRSP33QN-Y5YHA4E1-V,https://www.arcattoscana.it/dove-sono-i-club-del-territorio/,ARCAT Toscana ufficiale,it,,347 1041089,Contatto pubblicato: Simona,0,12.64746,42.39401,COUNTRY_DISTRIBUTED_ESTIMATE,0,0,50
SIC-WM9VSFJM-6SRKQR2P-T,ACAT Empoli,TERRITORIAL,TERRITORIAL,20,#14B8A6,Europe,Italy,Toscana,,Empoli,,VERIFIED_OFFICIAL_CURRENT,SIC-RRSP33QN-Y5YHA4E1-V,https://www.arcattoscana.it/dove-sono-i-club-del-territorio/,ARCAT Toscana ufficiale,it,,335 5421096,Contatto pubblicato: Patrizia,0,12.3925,42.23978,COUNTRY_DISTRIBUTED_ESTIMATE,0,0,50
SIC-V6APBWAZ-0ZQX01CC-Y,ACAT Follonica,TERRITORIAL,TERRITORIAL,20,#14B8A6,Europe,Italy,Toscana,,Follonica,,VERIFIED_OFFICIAL_CURRENT,SIC-RRSP33QN-Y5YHA4E1-V,https://www.arcattoscana.it/dove-sono-i-club-del-territorio/,ARCAT Toscana ufficiale,it,,339 2554034,Contatto pubblicato: Ilio,0,13.49071,41.56302,COUNTRY_DISTRIBUTED_ESTIMATE,0,0,50
SIC-2HRYDWVX-EM1T6SYG-5,ACAT Garfagnana,TERRITORIAL,TERRITORIAL,20,#14B8A6,Europe,Italy,Toscana,,Garfagnana,,VERIFIED_OFFICIAL_CURRENT,SIC-RRSP33QN-Y5YHA4E1-V,https://www.arcattoscana.it/dove-sono-i-club-del-territorio/,ARCAT Toscana ufficiale,it,,335 5481095,Contatto pubblicato: Franca,0,13.25128,43.08405,COUNTRY_DISTRIBUTED_ESTIMATE,0,0,50
SIC-WMZFEQV7-W1F469BD-6,ACAT Grosseto Green,TERRITORIAL,TERRITORIAL,20,#14B8A6,Europe,Italy,Toscana,,Grosseto,,VERIFIED_OFFICIAL_CURRENT,SIC-RRSP33QN-Y5YHA4E1-V,https://www.arcattoscana.it/dove-sono-i-club-del-territorio/,ARCAT Toscana ufficiale,it,,349 1884621,Contatto pubblicato: Simona,0,13.52698,43.27573,COUNTRY_DISTRIBUTED_ESTIMATE,0,0,50
SIC-81MK3FXX-04QXAB5D-9,ACAT Grosseto Hudolin,TERRITORIAL,TERRITORIAL,20,#14B8A6,Europe,Italy,Toscana,,Grosseto,,VERIFIED_OFFICIAL_CURRENT,SIC-RRSP33QN-Y5YHA4E1-V,https://www.arcattoscana.it/dove-sono-i-club-del-territorio/,ARCAT Toscana ufficiale,it,,328 5334010,Contatto pubblicato: Patrizia,0,12.17089,41.23247,COUNTRY_DISTRIBUTED_ESTIMATE,0,0,50
SIC-CQBSRHYC-BMNNYPQH-X,ACAT Grosseto Nord,TERRITORIAL,TERRITORIAL,20,#14B8A6,Europe,Italy,Toscana,,Grosseto Nord,,VERIFIED_OFFICIAL_CURRENT,SIC-RRSP33QN-Y5YHA4E1-V,https://www.arcattoscana.it/dove-sono-i-club-del-territorio/,ARCAT Toscana ufficiale,it,,328 6246905,Contatto pubblicato: Ilio,0,13.16536,42.90301,COUNTRY_DISTRIBUTED_ESTIMATE,0,0,50
SIC-1G86F8H2-2KZCFMD4-9,ACAT Livorno,TERRITORIAL,TERRITORIAL,20,#14B8A6,Europe,Italy,Toscana,,Livorno,,VERIFIED_OFFICIAL_CURRENT,SIC-RRSP33QN-Y5YHA4E1-V,https://www.arcattoscana.it/dove-sono-i-club-del-territorio/,ARCAT Toscana ufficiale,it,,351 2171326,Contatto pubblicato: Salvatore,0,11.87315,41.455,COUNTRY_DISTRIBUTED_ESTIMATE,0,0,50
SIC-JC3K9Q3X-7TEBDVHP-M,ACAT Lucca,TERRITORIAL,TERRITORIAL,20,#14B8A6,Europe,Italy,Toscana,,Lucca,,VERIFIED_OFFICIAL_CURRENT,SIC-RRSP33QN-Y5YHA4E1-V,https://www.arcattoscana.it/dove-sono-i-club-del-territorio/,ARCAT Toscana ufficiale,it,,347 3359683,Contatto pubblicato: Segreteria,0,12.58155,41.35473,COUNTRY_DISTRIBUTED_ESTIMATE,0,0,50
SIC-8MD51WZX-2YCGE2F0-Q,ACAT Massa Montignoso,TERRITORIAL,TERRITORIAL,20,#14B8A6,Europe,Italy,Toscana,,Massa / Montignoso,,VERIFIED_OFFICIAL_CURRENT,SIC-RRSP33QN-Y5YHA4E1-V,https://www.arcattoscana.it/dove-sono-i-club-del-territorio/,ARCAT Toscana ufficiale,it,,339 4279137,Contatto pubblicato: Maria,0,12.92569,41.00595,COUNTRY_DISTRIBUTED_ESTIMATE,0,0,50
SIC-MGRQP5RK-BXYDHHZG-K,ACAT Pistoiese,TERRITORIAL,TERRITORIAL,20,#14B8A6,Europe,Italy,Toscana,,Pistoia,,VERIFIED_OFFICIAL_CURRENT,SIC-RRSP33QN-Y5YHA4E1-V,https://www.arcattoscana.it/dove-sono-i-club-del-territorio/,ARCAT Toscana ufficiale,it,,339 8188384,Contatto pubblicato: Ilde,0,11.16855,40.87649,COUNTRY_DISTRIBUTED_ESTIMATE,0,0,50
SIC-3PSYW1MG-NKB2B3ZH-9,ACAT Pratese,TERRITORIAL,TERRITORIAL,20,#14B8A6,Europe,Italy,Toscana,,Prato,,VERIFIED_OFFICIAL_CURRENT,SIC-RRSP33QN-Y5YHA4E1-V,https://www.arcattoscana.it/dove-sono-i-club-del-territorio/,ARCAT Toscana ufficiale,it,,338 2094460,Contatto pubblicato: Agostino,0,11.76205,42.43895,COUNTRY_DISTRIBUTED_ESTIMATE,0,0,50
SIC-QY9Z7Q1A-T5859RHM-F,ACAT Val di Cornia,TERRITORIAL,TERRITORIAL,20,#14B8A6,Europe,Italy,Toscana,,Val di Cornia,,VERIFIED_OFFICIAL_CURRENT,SIC-RRSP33QN-Y5YHA4E1-V,https://www.arcattoscana.it/dove-sono-i-club-del-territorio/,ARCAT Toscana ufficiale,it,,333 2119635,Contatto pubblicato: Antonio,0,11.9092,42.55584,COUNTRY_DISTRIBUTED_ESTIMATE,0,0,50
SIC-580XZS2V-3R4B72GQ-D,ACAT Valdinievole,TERRITORIAL,TERRITORIAL,20,#14B8A6,Europe,Italy,Toscana,,Valdinievole,,VERIFIED_OFFICIAL_CURRENT,SIC-RRSP33QN-Y5YHA4E1-V,https://www.arcattoscana.it/dove-sono-i-club-del-territorio/,ARCAT Toscana ufficiale,it,,393 8875648,Contatto pubblicato: Sergio,0,12.54686,42.30557,COUNTRY_DISTRIBUTED_ESTIMATE,0,0,50
SIC-TXHH2EX9-T8W1ZE9G-X,ACAT Versilia,TERRITORIAL,TERRITORIAL,20,#14B8A6,Europe,Italy,Toscana,,Versilia,,VERIFIED_OFFICIAL_CURRENT,SIC-RRSP33QN-Y5YHA4E1-V,https://www.arcattoscana.it/dove-sono-i-club-del-territorio/,ARCAT Toscana ufficiale,it,,388 3740502,Contatto pubblicato: Segreteria,0,12.36041,41.17728,COUNTRY_DISTRIBUTED_ESTIMATE,0,0,50
SIC-2BE8G2PK-W5ASH9SE-Y,ACAT Basso Polesine,TERRITORIAL,TERRITORIAL,20,#14B8A6,Europe,Italy,Veneto,,Taglio di Po,Viale Kennedy 63,VERIFIED_OFFICIAL_CURRENT,SIC-3JXF0TMQ-BDRN8KQ4-F,https://www.acatbassopolesine.org/acat-basso-polesine,ACAT ufficiale,it,,328 8420028; acat.bassop@tiscali.it,Sito indica anche Piazza Venezia 3 come sede ACAT per alcuni Club,0,12.16829,41.84628,COUNTRY_DISTRIBUTED_ESTIMATE,13,13,75
SIC-NJJ86EW2-YQZACPFM-H,Club 566,CLUB,LOCAL_CLUB,10,#22C55E,Europe,Italy,Veneto,,Taglio di Po,"Piazza Venezia 3, sede ACAT",VERIFIED_OFFICIAL_CURRENT,SIC-2BE8G2PK-W5ASH9SE-Y,https://www.acatbassopolesine.org/acat-basso-polesine,ACAT ufficiale,it,,,,0,13.52901,43.15388,COUNTRY_DISTRIBUTED_ESTIMATE,0,0,50
SIC-RV1K23YG-8RSF53ZC-G,Club 497 - Viola,CLUB,LOCAL_CLUB,10,#22C55E,Europe,Italy,Veneto,,Porto Tolle,"Centro ""Un Ponte per"", Via Matteotti",VERIFIED_OFFICIAL_CURRENT,SIC-2BE8G2PK-W5ASH9SE-Y,https://www.acatbassopolesine.org/acat-basso-polesine,ACAT ufficiale,it,,,,0,12.75458,42.06205,COUNTRY_DISTRIBUTED_ESTIMATE,0,0,50
SIC-W51K2ZWH-RE2H5DED-J,Club 348,CLUB,LOCAL_CLUB,10,#22C55E,Europe,Italy,Veneto,,Taglio di Po,"Piazza Venezia 3, sede ACAT",VERIFIED_OFFICIAL_CURRENT,SIC-2BE8G2PK-W5ASH9SE-Y,https://www.acatbassopolesine.org/acat-basso-polesine,ACAT ufficiale,it,,,,0,13.05637,42.02941,COUNTRY_DISTRIBUTED_ESTIMATE,0,0,50
SIC-GM8ZE1F1-HY70HRSP-2,Club 498 - Baby Club,CLUB,LOCAL_CLUB,10,#22C55E,Europe,Italy,Veneto,,Rosolina,"Centro Civico, Viale Marconi",VERIFIED_OFFICIAL_CURRENT,SIC-2BE8G2PK-W5ASH9SE-Y,https://www.acatbassopolesine.org/acat-basso-polesine,ACAT ufficiale,it,,,,0,11.06181,43.00551,COUNTRY_DISTRIBUTED_ESTIMATE,0,0,50
SIC-QPRN5PPF-PJ1NVWWK-N,Club 315 - Luna,CLUB,LOCAL_CLUB,10,#22C55E,Europe,Italy,Veneto,,Taglio di Po,"Piazza Venezia 3, sede ACAT",VERIFIED_OFFICIAL_CURRENT,SIC-2BE8G2PK-W5ASH9SE-Y,https://www.acatbassopolesine.org/acat-basso-polesine,ACAT ufficiale,it,,,,0,12.29263,41.17231,COUNTRY_DISTRIBUTED_ESTIMATE,0,0,50
SIC-J7VXZYZA-00FN6DKA-T,Club 590,CLUB,LOCAL_CLUB,10,#22C55E,Europe,Italy,Veneto,,Adria,"Centro Anziani, Piazza Casellati",VERIFIED_OFFICIAL_CURRENT,SIC-2BE8G2PK-W5ASH9SE-Y,https://www.acatbassopolesine.org/acat-basso-polesine,ACAT ufficiale,it,,,,0,11.33426,42.54806,COUNTRY_DISTRIBUTED_ESTIMATE,0,0,50
SIC-T94KXBMM-YE3B15CS-W,Club 628 - La Rivincita,CLUB,LOCAL_CLUB,10,#22C55E,Europe,Italy,Veneto,,Porto Viro,"Centro Venos Sitta, Via Dante",VERIFIED_OFFICIAL_CURRENT,SIC-2BE8G2PK-W5ASH9SE-Y,https://www.acatbassopolesine.org/acat-basso-polesine,ACAT ufficiale,it,,,,0,11.52922,41.34048,COUNTRY_DISTRIBUTED_ESTIMATE,0,0,50
SIC-TGPRSPBH-B3ZJ5G0P-2,Club 630 - La Rosa Bianca,CLUB,LOCAL_CLUB,10,#22C55E,Europe,Italy,Veneto,,Adria,,VERIFIED_OFFICIAL_CURRENT,SIC-2BE8G2PK-W5ASH9SE-Y,https://www.acatbassopolesine.org/acat-basso-polesine,ACAT ufficiale,it,,,,0,11.59207,40.85769,COUNTRY_DISTRIBUTED_ESTIMATE,0,0,25
SIC-EAT8PC1V-S8CYW4ST-A,Club 637 - L'Aurora,CLUB,LOCAL_CLUB,10,#22C55E,Europe,Italy,Veneto,,Pettorazza Grimani,"Biblioteca Comunale, Via Roma",VERIFIED_OFFICIAL_CURRENT,SIC-2BE8G2PK-W5ASH9SE-Y,https://www.acatbassopolesine.org/acat-basso-polesine,ACAT ufficiale,it,,,,0,11.21192,41.51784,COUNTRY_DISTRIBUTED_ESTIMATE,0,0,50
SIC-QDDMP6DW-57VR90GJ-M,Club 643 - Iris,CLUB,LOCAL_CLUB,10,#22C55E,Europe,Italy,Veneto,,Porto Tolle,"Centro ""Un Ponte per"", Via Matteotti",VERIFIED_OFFICIAL_CURRENT,SIC-2BE8G2PK-W5ASH9SE-Y,https://www.acatbassopolesine.org/acat-basso-polesine,ACAT ufficiale,it,,,,0,12.49123,40.99219,COUNTRY_DISTRIBUTED_ESTIMATE,0,0,50
SIC-T670JKSC-N99YSF35-R,Club 644,CLUB,LOCAL_CLUB,10,#22C55E,Europe,Italy,Veneto,,Corbola,"Pro Loco, Piazza Martiri",VERIFIED_OFFICIAL_CURRENT,SIC-2BE8G2PK-W5ASH9SE-Y,https://www.acatbassopolesine.org/acat-basso-polesine,ACAT ufficiale,it,,,,0,13.71746,42.70971,COUNTRY_DISTRIBUTED_ESTIMATE,0,0,50
SIC-QYHQSRE2-4E0SMF1F-C,Club 649 - Il Girasole,CLUB,LOCAL_CLUB,10,#22C55E,Europe,Italy,Veneto,,Papozze,"Biblioteca Comunale, Piazza Municipio",VERIFIED_OFFICIAL_CURRENT,SIC-2BE8G2PK-W5ASH9SE-Y,https://www.acatbassopolesine.org/acat-basso-polesine,ACAT ufficiale,it,,,,0,12.01827,42.15949,COUNTRY_DISTRIBUTED_ESTIMATE,0,0,50
SIC-T32TVJ0D-Q9X00F8Y-6,Club 496,CLUB,LOCAL_CLUB,10,#22C55E,Europe,Italy,Veneto,,Porto Viro,"Centro Venos Sitta, Via Dante",VERIFIED_OFFICIAL_CURRENT,SIC-2BE8G2PK-W5ASH9SE-Y,https://www.acatbassopolesine.org/acat-basso-polesine,ACAT ufficiale,it,,,,0,13.54751,42.96557,COUNTRY_DISTRIBUTED_ESTIMATE,0,0,50
SIC-PT8PRT87-WM545Q05-D,ACAT Bergamo,TERRITORIAL,TERRITORIAL,20,#14B8A6,Europe,Italy,Lombardia,,Bergamo,"Via Borgo Palazzo 130, pad. 7/b",VERIFIED_OFFICIAL_CURRENT,SIC-W45XMWNN-5YPZP9S0-Q,https://www.arcatlombardia.it/CAT_Bergamo.html,ARCAT Lombardia ufficiale,it,,349 6653262; acatbergamo7@gmail.com,,0,12.73446,40.97659,COUNTRY_DISTRIBUTED_ESTIMATE,0,0,75
SIC-QG77K2H4-K86H29DZ-Q,ACAT Isola Bergamasca,TERRITORIAL,TERRITORIAL,20,#14B8A6,Europe,Italy,Lombardia,,Terno d'Isola,Via G. Bravi 16,VERIFIED_OFFICIAL_CURRENT,SIC-W45XMWNN-5YPZP9S0-Q,https://www.arcatlombardia.it/CAT_Bergamo.html,ARCAT Lombardia ufficiale,it,,328 3071891; acatisolabergamasca@libero.it,,0,12.55313,41.3988,COUNTRY_DISTRIBUTED_ESTIMATE,0,0,75
SIC-61P1PVJ5-RCVRFEES-F,ACAT Arcobaleno,TERRITORIAL,TERRITORIAL,20,#14B8A6,Europe,Italy,Lombardia,,Osio Sotto,Via Libertà 40,VERIFIED_OFFICIAL_CURRENT,SIC-W45XMWNN-5YPZP9S0-Q,https://www.arcatlombardia.it/CAT_Bergamo.html,ARCAT Lombardia ufficiale,it,,351 8282923; acatarcobaleno@virgilio.it,,0,13.47008,42.36349,COUNTRY_DISTRIBUTED_ESTIMATE,0,0,75
SIC-P0S5XMBH-BTDZR7Y0-3,ACAT Curno,TERRITORIAL,TERRITORIAL,20,#14B8A6,Europe,Italy,Lombardia,,Curno,Via Edmondo De Amicis,VERIFIED_OFFICIAL_CURRENT,SIC-W45XMWNN-5YPZP9S0-Q,https://www.arcatlombardia.it/CAT_Bergamo.html,ARCAT Lombardia ufficiale,it,,347 3478263; acatcurno@gmail.com,,0,12.52726,43.07583,COUNTRY_DISTRIBUTED_ESTIMATE,0,0,75
SIC-V74SVW7J-7G86XRKB-D,ACAT Valle Seriana Superiore e Valle di Scalve,TERRITORIAL,TERRITORIAL,20,#14B8A6,Europe,Italy,Lombardia,,Clusone,,VERIFIED_OFFICIAL_CURRENT,SIC-W45XMWNN-5YPZP9S0-Q,https://www.arcatlombardia.it/CAT_Bergamo.html,ARCAT Lombardia ufficiale,it,,333 7519188; acataltavalseriana@tiscali.it,,0,11.63326,41.91123,COUNTRY_DISTRIBUTED_ESTIMATE,0,0,50
SIC-2S28A76Y-KMV1020S-E,ACAT Media Val Seriana,TERRITORIAL,TERRITORIAL,20,#14B8A6,Europe,Italy,Lombardia,,Albino,Via M.O. Briolini 2/f,VERIFIED_OFFICIAL_CURRENT,SIC-W45XMWNN-5YPZP9S0-Q,https://www.arcatlombardia.it/CAT_Bergamo.html,ARCAT Lombardia ufficiale,it,,334 9808448; acatmediavalleseriana@gmail.com,,0,12.24478,42.20641,COUNTRY_DISTRIBUTED_ESTIMATE,0,0,75
SIC-B97Y4XYJ-7WYGCJSK-D,ACAT Parco dei Colli,TERRITORIAL,TERRITORIAL,20,#14B8A6,Europe,Italy,Lombardia,,Villa d'Almè,"Via Locatelli, Municipio",VERIFIED_OFFICIAL_CURRENT,SIC-W45XMWNN-5YPZP9S0-Q,https://www.arcatlombardia.it/CAT_Bergamo.html,ARCAT Lombardia ufficiale,it,,340 2716420; acat.parcodeicolli@libero.it,,0,11.21881,40.85175,COUNTRY_DISTRIBUTED_ESTIMATE,0,0,75
SIC-KR0Z7CWW-ATFR8Q7V-N,ACAT Valcavallina Valcalepio,TERRITORIAL,TERRITORIAL,20,#14B8A6,Europe,Italy,Lombardia,,Chiuduno,"Largo Mons. Vistalli, c/o Parrocchia",VERIFIED_OFFICIAL_CURRENT,SIC-W45XMWNN-5YPZP9S0-Q,https://www.arcatlombardia.it/CAT_Bergamo.html,ARCAT Lombardia ufficiale,it,,320 1525284; benaglimassimo@gmail.com,,0,12.72234,42.60966,COUNTRY_DISTRIBUTED_ESTIMATE,0,0,75
SIC-CZ01S1MR-D16SJX0H-V,ACAT Alto Sebino,TERRITORIAL,TERRITORIAL,20,#14B8A6,Europe,Italy,Lombardia,,Costa Volpino,"Via Nazionale, Domus Civica",VERIFIED_OFFICIAL_CURRENT,SIC-W45XMWNN-5YPZP9S0-Q,https://www.arcatlombardia.it/CAT_Bergamo.html,ARCAT Lombardia ufficiale,it,,335 6995822; bloren.g@alice.it,,0,12.69716,43.22658,COUNTRY_DISTRIBUTED_ESTIMATE,0,0,75
SIC-B2XG62TH-HXKQ1TDS-8,CAT Bergamo 4 - Loreto,CLUB,LOCAL_CLUB,10,#22C55E,Europe,Italy,Lombardia,,Bergamo,"Via Loreto 5, Oratorio",VERIFIED_OFFICIAL_CURRENT,SIC-W45XMWNN-5YPZP9S0-Q,https://www.arcatlombardia.it/CAT_Bergamo.html,ARCAT Lombardia ufficiale,it,Sabato 16:00,,Parent ACAT ricostruibile dalla pagina sorgente; da normalizzare nella fase 2,0,11.01043,42.59444,COUNTRY_DISTRIBUTED_ESTIMATE,0,0,75
SIC-VXAMM0CN-RYVWFZRF-Z,CAT Bergamo 6 - La Farfalla,CLUB,LOCAL_CLUB,10,#22C55E,Europe,Italy,Lombardia,,Bergamo,"Via Biava 26, CTE Valtesse",VERIFIED_OFFICIAL_CURRENT,SIC-W45XMWNN-5YPZP9S0-Q,https://www.arcatlombardia.it/CAT_Bergamo.html,ARCAT Lombardia ufficiale,it,Venerdì 20:30,,Parent ACAT ricostruibile dalla pagina sorgente; da normalizzare nella fase 2,0,12.72071,41.24972,COUNTRY_DISTRIBUTED_ESTIMATE,0,0,75
SIC-JZMWSTR4-B2YRXCQ1-8,CAT Bergamo 7 - S. Caterina,CLUB,LOCAL_CLUB,10,#22C55E,Europe,Italy,Lombardia,,Bergamo,Via Borgo Santa Caterina 16,VERIFIED_OFFICIAL_CURRENT,SIC-W45XMWNN-5YPZP9S0-Q,https://www.arcatlombardia.it/CAT_Bergamo.html,ARCAT Lombardia ufficiale,it,Venerdì 20:30,,Parent ACAT ricostruibile dalla pagina sorgente; da normalizzare nella fase 2,0,13.48103,42.31339,COUNTRY_DISTRIBUTED_ESTIMATE,0,0,75
SIC-X9CQ00H3-20GSDK86-J,CAT Bergamo 8 - Torre Boldone,CLUB,LOCAL_CLUB,10,#22C55E,Europe,Italy,Lombardia,,Torre Boldone,"Piazza Mercato, Centro polivalente",VERIFIED_OFFICIAL_CURRENT,SIC-W45XMWNN-5YPZP9S0-Q,https://www.arcatlombardia.it/CAT_Bergamo.html,ARCAT Lombardia ufficiale,it,Giovedì 20:30,,Parent ACAT ricostruibile dalla pagina sorgente; da normalizzare nella fase 2,0,13.41813,42.23361,COUNTRY_DISTRIBUTED_ESTIMATE,0,0,75
SIC-FFQV51P3-E4EHSJJJ-6,CAT Bergamo - Borgo Santa Caterina,CLUB,LOCAL_CLUB,10,#22C55E,Europe,Italy,Lombardia,,Bergamo,Via Borgo Santa Caterina 16,VERIFIED_OFFICIAL_CURRENT,SIC-W45XMWNN-5YPZP9S0-Q,https://www.arcatlombardia.it/CAT_Bergamo.html,ARCAT Lombardia ufficiale,it,Mercoledì 20:30,,Parent ACAT ricostruibile dalla pagina sorgente; da normalizzare nella fase 2,0,12.70263,42.94446,COUNTRY_DISTRIBUTED_ESTIMATE,0,0,75
SIC-1M6881G7-V7A6NXPN-8,CAT Bergamo Reti - Valtesse,CLUB,LOCAL_CLUB,10,#22C55E,Europe,Italy,Lombardia,,Bergamo,"Via Biava 26, CTE Valtesse",VERIFIED_OFFICIAL_CURRENT,SIC-W45XMWNN-5YPZP9S0-Q,https://www.arcatlombardia.it/CAT_Bergamo.html,ARCAT Lombardia ufficiale,it,Martedì 20:15,,Parent ACAT ricostruibile dalla pagina sorgente; da normalizzare nella fase 2,0,13.41173,42.17693,COUNTRY_DISTRIBUTED_ESTIMATE,0,0,75
SIC-JAFJGWVC-KKRS16GM-Z,CAT Ponte S. Pietro,CLUB,LOCAL_CLUB,10,#22C55E,Europe,Italy,Lombardia,,Ponte San Pietro,"Via Legionari di Polonia 5, Centro UFO",VERIFIED_OFFICIAL_CURRENT,SIC-W45XMWNN-5YPZP9S0-Q,https://www.arcatlombardia.it/CAT_Bergamo.html,ARCAT Lombardia ufficiale,it,Mercoledì 20:30,,Parent ACAT ricostruibile dalla pagina sorgente; da normalizzare nella fase 2,0,13.75239,42.02687,COUNTRY_DISTRIBUTED_ESTIMATE,0,0,75
SIC-S3ZXYHY6-VWR2XCE3-3,CAT Madone,CLUB,LOCAL_CLUB,10,#22C55E,Europe,Italy,Lombardia,,Madone,"Via Patrioti 7, Casa delle Associazioni",VERIFIED_OFFICIAL_CURRENT,SIC-W45XMWNN-5YPZP9S0-Q,https://www.arcatlombardia.it/CAT_Bergamo.html,ARCAT Lombardia ufficiale,it,Giovedì 20:30,,Parent ACAT ricostruibile dalla pagina sorgente; da normalizzare nella fase 2,0,12.62842,41.84543,COUNTRY_DISTRIBUTED_ESTIMATE,0,0,75
SIC-35TNEBRE-4WRHTC4G-7,CAT Terno d'Isola 1,CLUB,LOCAL_CLUB,10,#22C55E,Europe,Italy,Lombardia,,Terno d'Isola,"Via G. Bravi 15, ex Scuole Elementari",VERIFIED_OFFICIAL_CURRENT,SIC-W45XMWNN-5YPZP9S0-Q,https://www.arcatlombardia.it/CAT_Bergamo.html,ARCAT Lombardia ufficiale,it,Sabato 15:00,,Parent ACAT ricostruibile dalla pagina sorgente; da normalizzare nella fase 2,0,13.66776,42.85954,COUNTRY_DISTRIBUTED_ESTIMATE,0,0,75
SIC-VZW9K4S8-76N5YEM2-G,CAT Terno d'Isola 2,CLUB,LOCAL_CLUB,10,#22C55E,Europe,Italy,Lombardia,,Terno d'Isola,"Via G. Bravi 15, ex Scuole Elementari",VERIFIED_OFFICIAL_CURRENT,SIC-W45XMWNN-5YPZP9S0-Q,https://www.arcatlombardia.it/CAT_Bergamo.html,ARCAT Lombardia ufficiale,it,Mercoledì 20:30,,Parent ACAT ricostruibile dalla pagina sorgente; da normalizzare nella fase 2,0,12.4486,42.14532,COUNTRY_DISTRIBUTED_ESTIMATE,0,0,75
SIC-J7W09KHH-RC89M5X4-K,CAT Terno d'Isola 3,CLUB,LOCAL_CLUB,10,#22C55E,Europe,Italy,Lombardia,,Terno d'Isola,"Via G. Bravi 15, ex Scuole Elementari",VERIFIED_OFFICIAL_CURRENT,SIC-W45XMWNN-5YPZP9S0-Q,https://www.arcatlombardia.it/CAT_Bergamo.html,ARCAT Lombardia ufficiale,it,Martedì 20:30,,Parent ACAT ricostruibile dalla pagina sorgente; da normalizzare nella fase 2,0,11.68245,41.05544,COUNTRY_DISTRIBUTED_ESTIMATE,0,0,75
SIC-1CSVJFR2-X2V0R0GY-A,CAT Calusco d'Adda,CLUB,LOCAL_CLUB,10,#22C55E,Europe,Italy,Lombardia,,Calusco d'Adda,"Via dell'Assunta 243, Casa Papa Giovanni",VERIFIED_OFFICIAL_CURRENT,SIC-W45XMWNN-5YPZP9S0-Q,https://www.arcatlombardia.it/CAT_Bergamo.html,ARCAT Lombardia ufficiale,it,Mercoledì 20:30,,Parent ACAT ricostruibile dalla pagina sorgente; da normalizzare nella fase 2,0,13.59411,42.27379,COUNTRY_DISTRIBUTED_ESTIMATE,0,0,75
SIC-CQXXGHP8-NHFQAT43-N,CAT Stezzano,CLUB,LOCAL_CLUB,10,#22C55E,Europe,Italy,Lombardia,,Stezzano,"Via Mascagni 13, Centro Cascinetto",VERIFIED_OFFICIAL_CURRENT,SIC-W45XMWNN-5YPZP9S0-Q,https://www.arcatlombardia.it/CAT_Bergamo.html,ARCAT Lombardia ufficiale,it,Lunedì 20:30,,Parent ACAT ricostruibile dalla pagina sorgente; da normalizzare nella fase 2,0,12.49483,42.71222,COUNTRY_DISTRIBUTED_ESTIMATE,0,0,75
SIC-DFV6DW0S-V19AZFES-X,CAT Osio Sotto 1,CLUB,LOCAL_CLUB,10,#22C55E,Europe,Italy,Lombardia,,Osio Sotto,"Via Libertà 45, Centro Sociale Mons. Barbisotti",VERIFIED_OFFICIAL_CURRENT,SIC-W45XMWNN-5YPZP9S0-Q,https://www.arcatlombardia.it/CAT_Bergamo.html,ARCAT Lombardia ufficiale,it,Martedì 20:30,,Parent ACAT ricostruibile dalla pagina sorgente; da normalizzare nella fase 2,0,12.83692,42.04784,COUNTRY_DISTRIBUTED_ESTIMATE,0,0,75
SIC-QGPBVS9C-RWWYS2Y4-0,CAT Osio Sotto 3,CLUB,LOCAL_CLUB,10,#22C55E,Europe,Italy,Lombardia,,Osio Sotto,"Via Libertà 45, Centro Mons. Barbisotti",VERIFIED_OFFICIAL_CURRENT,SIC-W45XMWNN-5YPZP9S0-Q,https://www.arcatlombardia.it/CAT_Bergamo.html,ARCAT Lombardia ufficiale,it,Lunedì 20:30,,Parent ACAT ricostruibile dalla pagina sorgente; da normalizzare nella fase 2,0,13.4353,41.65063,COUNTRY_DISTRIBUTED_ESTIMATE,0,0,75
SIC-ACHD21YD-HZ2D2Q30-Q,CAT Zanica,CLUB,LOCAL_CLUB,10,#22C55E,Europe,Italy,Lombardia,,Zanica,"Piazza Repubblica, Centro Socio Culturale",VERIFIED_OFFICIAL_CURRENT,SIC-W45XMWNN-5YPZP9S0-Q,https://www.arcatlombardia.it/CAT_Bergamo.html,ARCAT Lombardia ufficiale,it,Lunedì 20:30,,Parent ACAT ricostruibile dalla pagina sorgente; da normalizzare nella fase 2,0,13.71311,43.20765,COUNTRY_DISTRIBUTED_ESTIMATE,0,0,75
SIC-3XBJAHB3-QWBW150C-X,CAT Grassobbio,CLUB,LOCAL_CLUB,10,#22C55E,Europe,Italy,Lombardia,,Grassobbio,"Via Roma 25, Cascina Ghezzi",VERIFIED_OFFICIAL_CURRENT,SIC-W45XMWNN-5YPZP9S0-Q,https://www.arcatlombardia.it/CAT_Bergamo.html,ARCAT Lombardia ufficiale,it,Giovedì 20:30,,Parent ACAT ricostruibile dalla pagina sorgente; da normalizzare nella fase 2,0,12.99794,41.24893,COUNTRY_DISTRIBUTED_ESTIMATE,0,0,75
SIC-B2P9BJZ1-9R4J3V02-Q,CAT Sforzatica S. Andrea,CLUB,LOCAL_CLUB,10,#22C55E,Europe,Italy,Lombardia,,Dalmine,"Via Colombo 7, Oratorio Sforzatica S. Andrea",VERIFIED_OFFICIAL_CURRENT,SIC-W45XMWNN-5YPZP9S0-Q,https://www.arcatlombardia.it/CAT_Bergamo.html,ARCAT Lombardia ufficiale,it,Martedì 20:15,,Parent ACAT ricostruibile dalla pagina sorgente; da normalizzare nella fase 2,0,12.90422,42.72348,COUNTRY_DISTRIBUTED_ESTIMATE,0,0,75
SIC-H9G9ZRW1-AD4161CE-K,CAT Curno,CLUB,LOCAL_CLUB,10,#22C55E,Europe,Italy,Lombardia,,Curno,"Via Edmondo De Amicis, ex Scuola Media",VERIFIED_OFFICIAL_CURRENT,SIC-W45XMWNN-5YPZP9S0-Q,https://www.arcatlombardia.it/CAT_Bergamo.html,ARCAT Lombardia ufficiale,it,Lunedì 20:30,,Parent ACAT ricostruibile dalla pagina sorgente; da normalizzare nella fase 2,0,11.6418,41.40533,COUNTRY_DISTRIBUTED_ESTIMATE,0,0,75
SIC-A5WS8CCC-H6FQJ0FB-7,CAT Nuovo Percorso,CLUB,LOCAL_CLUB,10,#22C55E,Europe,Italy,Lombardia,,Clusone,"Oratorio Maschile, località Fiorine",VERIFIED_OFFICIAL_CURRENT,SIC-W45XMWNN-5YPZP9S0-Q,https://www.arcatlombardia.it/CAT_Bergamo.html,ARCAT Lombardia ufficiale,it,Lunedì 20:30,,Parent ACAT ricostruibile dalla pagina sorgente; da normalizzare nella fase 2,0,13.61668,40.9533,COUNTRY_DISTRIBUTED_ESTIMATE,0,0,75
SIC-B7G36G01-HAEXAPT1-7,CAT 3 - Il Cammino,CLUB,LOCAL_CLUB,10,#22C55E,Europe,Italy,Lombardia,,Vertova,"Via Convento, ex Convento",VERIFIED_OFFICIAL_CURRENT,SIC-W45XMWNN-5YPZP9S0-Q,https://www.arcatlombardia.it/CAT_Bergamo.html,ARCAT Lombardia ufficiale,it,Lunedì 20:30,,Parent ACAT ricostruibile dalla pagina sorgente; da normalizzare nella fase 2,0,12.00783,41.94121,COUNTRY_DISTRIBUTED_ESTIMATE,0,0,75
SIC-8KVZZVPT-E58DX4VC-4,CAT 4 - Cene,CLUB,LOCAL_CLUB,10,#22C55E,Europe,Italy,Lombardia,,Cene,"Piazza Italia 14, Municipio",VERIFIED_OFFICIAL_CURRENT,SIC-W45XMWNN-5YPZP9S0-Q,https://www.arcatlombardia.it/CAT_Bergamo.html,ARCAT Lombardia ufficiale,it,Lunedì 20:30,,Parent ACAT ricostruibile dalla pagina sorgente; da normalizzare nella fase 2,0,11.05385,43.21817,COUNTRY_DISTRIBUTED_ESTIMATE,0,0,75
SIC-8KV30HAP-MFRST4DC-J,CAT 5 - Arcobaleno,CLUB,LOCAL_CLUB,10,#22C55E,Europe,Italy,Lombardia,,Albino,"Via Valbossana, Ca Carati - Vall'Alta",VERIFIED_OFFICIAL_CURRENT,SIC-W45XMWNN-5YPZP9S0-Q,https://www.arcatlombardia.it/CAT_Bergamo.html,ARCAT Lombardia ufficiale,it,Martedì 20:30,,Parent ACAT ricostruibile dalla pagina sorgente; da normalizzare nella fase 2,0,13.73864,41.11544,COUNTRY_DISTRIBUTED_ESTIMATE,0,0,75
SIC-T8D4XK6Y-KYX5N7XY-6,CAT 8 - Alba Nuova,CLUB,LOCAL_CLUB,10,#22C55E,Europe,Italy,Lombardia,,Albino,"Via Frati Cappuccini, Frati Cappuccini",VERIFIED_OFFICIAL_CURRENT,SIC-W45XMWNN-5YPZP9S0-Q,https://www.arcatlombardia.it/CAT_Bergamo.html,ARCAT Lombardia ufficiale,it,Martedì 20:30,,Parent ACAT ricostruibile dalla pagina sorgente; da normalizzare nella fase 2,0,12.7785,43.10156,COUNTRY_DISTRIBUTED_ESTIMATE,0,0,75
SIC-0ETW9KZ0-4TJ55Y5D-C,CAT 10 - Aurora,CLUB,LOCAL_CLUB,10,#22C55E,Europe,Italy,Lombardia,,Pradalunga,"Via Aldo Moro 12, Centro Sociale",VERIFIED_OFFICIAL_CURRENT,SIC-W45XMWNN-5YPZP9S0-Q,https://www.arcatlombardia.it/CAT_Bergamo.html,ARCAT Lombardia ufficiale,it,Mercoledì 20:30,,Parent ACAT ricostruibile dalla pagina sorgente; da normalizzare nella fase 2,0,11.60942,42.87754,COUNTRY_DISTRIBUTED_ESTIMATE,0,0,75
SIC-AZKJ79TZ-VVFZYZS2-K,CAT 11 - La Fenice,CLUB,LOCAL_CLUB,10,#22C55E,Europe,Italy,Lombardia,,Gazzaniga,"Via Manzoni 130, Ospedale Briolini",VERIFIED_OFFICIAL_CURRENT,SIC-W45XMWNN-5YPZP9S0-Q,https://www.arcatlombardia.it/CAT_Bergamo.html,ARCAT Lombardia ufficiale,it,Mercoledì 20:30,,Parent ACAT ricostruibile dalla pagina sorgente; da normalizzare nella fase 2,0,11.32051,42.18666,COUNTRY_DISTRIBUTED_ESTIMATE,0,0,75
SIC-XF31DAR6-NZD208XY-C,CAT Berbenno,CLUB,LOCAL_CLUB,10,#22C55E,Europe,Italy,Lombardia,,Ponte Giurino,"Via Stoppani 2/g, Sala Comunale",VERIFIED_OFFICIAL_CURRENT,SIC-W45XMWNN-5YPZP9S0-Q,https://www.arcatlombardia.it/CAT_Bergamo.html,ARCAT Lombardia ufficiale,it,Giovedì 20:30,,Parent ACAT ricostruibile dalla pagina sorgente; da normalizzare nella fase 2,0,12.81564,41.46842,COUNTRY_DISTRIBUTED_ESTIMATE,0,0,75
SIC-D12GWE4P-WJH5CSAP-K,CAT Almenno S. Bartolomeo 1,CLUB,LOCAL_CLUB,10,#22C55E,Europe,Italy,Lombardia,,Almenno San Bartolomeo,"Via 4 Novembre, Municipio",VERIFIED_OFFICIAL_CURRENT,SIC-W45XMWNN-5YPZP9S0-Q,https://www.arcatlombardia.it/CAT_Bergamo.html,ARCAT Lombardia ufficiale,it,Giovedì 20:30,,Parent ACAT ricostruibile dalla pagina sorgente; da normalizzare nella fase 2,0,13.5146,41.77615,COUNTRY_DISTRIBUTED_ESTIMATE,0,0,75
SIC-E29SGRE9-P07N3HGC-V,CAT Almenno S. Bartolomeo 2,CLUB,LOCAL_CLUB,10,#22C55E,Europe,Italy,Lombardia,,Almenno San Bartolomeo,"Via 4 Novembre, Municipio",VERIFIED_OFFICIAL_CURRENT,SIC-W45XMWNN-5YPZP9S0-Q,https://www.arcatlombardia.it/CAT_Bergamo.html,ARCAT Lombardia ufficiale,it,Venerdì 20:30,,Parent ACAT ricostruibile dalla pagina sorgente; da normalizzare nella fase 2,0,12.48807,42.12868,COUNTRY_DISTRIBUTED_ESTIMATE,0,0,75
SIC-VCW9B4MD-RDQ2QAZS-M,CAT Villa d'Almè 1,CLUB,LOCAL_CLUB,10,#22C55E,Europe,Italy,Lombardia,,Villa d'Almè,"Passaggio del Borgo, Sala Polifunzionale",VERIFIED_OFFICIAL_CURRENT,SIC-W45XMWNN-5YPZP9S0-Q,https://www.arcatlombardia.it/CAT_Bergamo.html,ARCAT Lombardia ufficiale,it,Mercoledì 17:30,,Parent ACAT ricostruibile dalla pagina sorgente; da normalizzare nella fase 2,0,11.82939,41.03274,COUNTRY_DISTRIBUTED_ESTIMATE,0,0,75
SIC-F0JMH45X-2TPDR59P-Y,CAT Villa d'Almè 2,CLUB,LOCAL_CLUB,10,#22C55E,Europe,Italy,Lombardia,,Villa d'Almè,"Passaggio del Borgo, Sala Polifunzionale",VERIFIED_OFFICIAL_CURRENT,SIC-W45XMWNN-5YPZP9S0-Q,https://www.arcatlombardia.it/CAT_Bergamo.html,ARCAT Lombardia ufficiale,it,Lunedì 20:30,,Parent ACAT ricostruibile dalla pagina sorgente; da normalizzare nella fase 2,0,12.04843,42.30813,COUNTRY_DISTRIBUTED_ESTIMATE,0,0,75
SIC-WZYB7MR2-9BT6HH50-7,CAT Sorisole-Petosino-Azzonica,CLUB,LOCAL_CLUB,10,#22C55E,Europe,Italy,Lombardia,,Petosino,"Via Martiri della Libertà 57, Centro Civico",VERIFIED_OFFICIAL_CURRENT,SIC-W45XMWNN-5YPZP9S0-Q,https://www.arcatlombardia.it/CAT_Bergamo.html,ARCAT Lombardia ufficiale,it,Mercoledì 20:30,,Parent ACAT ricostruibile dalla pagina sorgente; da normalizzare nella fase 2,0,11.83519,42.23527,COUNTRY_DISTRIBUTED_ESTIMATE,0,0,75
SIC-0X0K2RP4-D5G3JF96-V,CAT Chiuduno,CLUB,LOCAL_CLUB,10,#22C55E,Europe,Italy,Lombardia,,Chiuduno,"Largo Mons. Vistalli, Sala ""Il Torchio""",VERIFIED_OFFICIAL_CURRENT,SIC-W45XMWNN-5YPZP9S0-Q,https://www.arcatlombardia.it/CAT_Bergamo.html,ARCAT Lombardia ufficiale,it,Lunedì 20:30,,Parent ACAT ricostruibile dalla pagina sorgente; da normalizzare nella fase 2,0,12.31166,43.03828,COUNTRY_DISTRIBUTED_ESTIMATE,0,0,75
SIC-82EBJ0WA-SM0DWGBX-F,CAT Telgate,CLUB,LOCAL_CLUB,10,#22C55E,Europe,Italy,Lombardia,,Telgate,"Piazza Vittorio Veneto 42, Municipio",VERIFIED_OFFICIAL_CURRENT,SIC-W45XMWNN-5YPZP9S0-Q,https://www.arcatlombardia.it/CAT_Bergamo.html,ARCAT Lombardia ufficiale,it,Giovedì 20:30,,Parent ACAT ricostruibile dalla pagina sorgente; da normalizzare nella fase 2,0,12.89414,42.53646,COUNTRY_DISTRIBUTED_ESTIMATE,0,0,75
SIC-8HPRSYYE-NB1T7G7Z-F,CAT Trescore Balneario,CLUB,LOCAL_CLUB,10,#22C55E,Europe,Italy,Lombardia,,Trescore Balneario,Oratorio,VERIFIED_OFFICIAL_CURRENT,SIC-W45XMWNN-5YPZP9S0-Q,https://www.arcatlombardia.it/CAT_Bergamo.html,ARCAT Lombardia ufficiale,it,Lunedì 20:30,,Parent ACAT ricostruibile dalla pagina sorgente; da normalizzare nella fase 2,0,12.97066,42.38955,COUNTRY_DISTRIBUTED_ESTIMATE,0,0,75
SIC-6J0AD7MG-GY3G7650-8,CAT Costa Volpino - Arcobaleno,CLUB,LOCAL_CLUB,10,#22C55E,Europe,Italy,Lombardia,,Costa Volpino,"Via Nazionale, Domus Civica 2° piano",VERIFIED_OFFICIAL_CURRENT,SIC-W45XMWNN-5YPZP9S0-Q,https://www.arcatlombardia.it/CAT_Bergamo.html,ARCAT Lombardia ufficiale,it,Mercoledì 20:30,,Parent ACAT ricostruibile dalla pagina sorgente; da normalizzare nella fase 2,0,11.57856,41.20559,COUNTRY_DISTRIBUTED_ESTIMATE,0,0,75
SIC-W9HWFACB-PPREV1ZY-K,ACAT Brescia,TERRITORIAL,TERRITORIAL,20,#14B8A6,Europe,Italy,Lombardia,,Brescia,Via Livorno 7,VERIFIED_OFFICIAL_CURRENT,SIC-W45XMWNN-5YPZP9S0-Q,https://www.arcatlombardia.it/CAT_Brescia.html,ARCAT Lombardia ufficiale,it,,351 5111330,,0,12.57033,42.03178,COUNTRY_DISTRIBUTED_ESTIMATE,0,0,75
SIC-XK872YY4-GDNKFPG1-D,ACAT Manerbio,TERRITORIAL,TERRITORIAL,20,#14B8A6,Europe,Italy,Lombardia,,Manerbio,"Via Palestro 57, Centro Sociale",VERIFIED_OFFICIAL_CURRENT,SIC-W45XMWNN-5YPZP9S0-Q,https://www.arcatlombardia.it/CAT_Brescia.html,ARCAT Lombardia ufficiale,it,,339 4602401; ciscoroda@gmail.com,,0,12.4388,42.06886,COUNTRY_DISTRIBUTED_ESTIMATE,0,0,75
SIC-7GRCE202-Q478HRVP-J,ACAT Gardesana,TERRITORIAL,TERRITORIAL,20,#14B8A6,Europe,Italy,Lombardia,,Lonato del Garda,Piazza Martiri della Libertà 1,VERIFIED_OFFICIAL_CURRENT,SIC-W45XMWNN-5YPZP9S0-Q,https://www.arcatlombardia.it/CAT_Brescia.html,ARCAT Lombardia ufficiale,it,,339 3333119,,0,11.03188,42.83165,COUNTRY_DISTRIBUTED_ESTIMATE,0,0,75
SIC-T5WF7RWP-YSAEMNCF-1,ACAT Vallesabbia,TERRITORIAL,TERRITORIAL,20,#14B8A6,Europe,Italy,Lombardia,,Roè Volciano,Via Luigi Ragazzo 21,VERIFIED_OFFICIAL_CURRENT,SIC-W45XMWNN-5YPZP9S0-Q,https://www.arcatlombardia.it/CAT_Brescia.html,ARCAT Lombardia ufficiale,it,,349 7421258; acatvallesabbia.info@yahoo.it,,0,13.34478,41.45228,COUNTRY_DISTRIBUTED_ESTIMATE,0,0,75
SIC-EXT1V5D4-JRCRWK7P-A,CAT Armonia,CLUB,LOCAL_CLUB,10,#22C55E,Europe,Italy,Lombardia,,Brescia,Via Borgondio 29,VERIFIED_OFFICIAL_CURRENT,SIC-W45XMWNN-5YPZP9S0-Q,https://www.arcatlombardia.it/CAT_Brescia.html,ARCAT Lombardia ufficiale,it,Giovedì 20:15,,,0,12.93248,41.24647,COUNTRY_DISTRIBUTED_ESTIMATE,0,0,75
SIC-MZVXQC2S-91YBFC8X-A,CAT Vladimir Hudolin,CLUB,LOCAL_CLUB,10,#22C55E,Europe,Italy,Lombardia,,Brescia,Via Livorno 7,VERIFIED_OFFICIAL_CURRENT,SIC-W45XMWNN-5YPZP9S0-Q,https://www.arcatlombardia.it/CAT_Brescia.html,ARCAT Lombardia ufficiale,it,Mercoledì 20:30,,,0,13.41417,42.14066,COUNTRY_DISTRIBUTED_ESTIMATE,0,0,75
SIC-BFD97KB6-0KXJ1246-N,CAT Montichiari - Il Germoglio,CLUB,LOCAL_CLUB,10,#22C55E,Europe,Italy,Lombardia,,Montichiari,"Via Trieste 26, Casa delle Associazioni",VERIFIED_OFFICIAL_CURRENT,SIC-W45XMWNN-5YPZP9S0-Q,https://www.arcatlombardia.it/CAT_Brescia.html,ARCAT Lombardia ufficiale,it,Mercoledì 20:30,,,0,12.59468,41.13256,COUNTRY_DISTRIBUTED_ESTIMATE,0,0,75
SIC-TG848C41-R2XVZ930-B,CAT Manerbio 3,CLUB,LOCAL_CLUB,10,#22C55E,Europe,Italy,Lombardia,,Manerbio,"Via Palestro 57, Centro Sociale",VERIFIED_OFFICIAL_CURRENT,SIC-W45XMWNN-5YPZP9S0-Q,https://www.arcatlombardia.it/CAT_Brescia.html,ARCAT Lombardia ufficiale,it,Mercoledì 21:00,,,0,11.34132,42.62263,COUNTRY_DISTRIBUTED_ESTIMATE,0,0,75
SIC-H8JBH4D8-VY00PXG2-4,CAT Azzurro,CLUB,LOCAL_CLUB,10,#22C55E,Europe,Italy,Lombardia,,Prevalle,"Via Morani 9, Municipio",VERIFIED_OFFICIAL_CURRENT,SIC-W45XMWNN-5YPZP9S0-Q,https://www.arcatlombardia.it/CAT_Brescia.html,ARCAT Lombardia ufficiale,it,Mercoledì 20:00,,,0,13.08796,42.05136,COUNTRY_DISTRIBUTED_ESTIMATE,0,0,75
SIC-E9SPDP69-RZXWGV9A-Q,CAT Il Girasole,CLUB,LOCAL_CLUB,10,#22C55E,Europe,Italy,Lombardia,,Salò,Via Ponte Vecchio 6,VERIFIED_OFFICIAL_CURRENT,SIC-W45XMWNN-5YPZP9S0-Q,https://www.arcatlombardia.it/CAT_Brescia.html,ARCAT Lombardia ufficiale,it,Martedì 20:00,,,0,12.22683,42.8983,COUNTRY_DISTRIBUTED_ESTIMATE,0,0,75
SIC-T8Q0FTY6-VNWFDKMS-P,CAT L'Alba,CLUB,LOCAL_CLUB,10,#22C55E,Europe,Italy,Lombardia,,Bedizzole,Centro Sociale,VERIFIED_OFFICIAL_CURRENT,SIC-W45XMWNN-5YPZP9S0-Q,https://www.arcatlombardia.it/CAT_Brescia.html,ARCAT Lombardia ufficiale,it,Martedì 20:30,,,0,13.3094,41.05162,COUNTRY_DISTRIBUTED_ESTIMATE,0,0,75
SIC-98ZR025Y-X1V5JHZX-Y,CAT Arcobaleno,CLUB,LOCAL_CLUB,10,#22C55E,Europe,Italy,Lombardia,,Vobarno,Largo Donatori di Sangue,VERIFIED_OFFICIAL_CURRENT,SIC-W45XMWNN-5YPZP9S0-Q,https://www.arcatlombardia.it/CAT_Brescia.html,ARCAT Lombardia ufficiale,it,Martedì 20:00,,,0,11.99504,41.47691,COUNTRY_DISTRIBUTED_ESTIMATE,0,0,75
SIC-T1QMJ0KB-XQAX9X0F-P,CAT La Goccia,CLUB,LOCAL_CLUB,10,#22C55E,Europe,Italy,Lombardia,,Vobarno,Largo Donatori di Sangue,VERIFIED_OFFICIAL_CURRENT,SIC-W45XMWNN-5YPZP9S0-Q,https://www.arcatlombardia.it/CAT_Brescia.html,ARCAT Lombardia ufficiale,it,Lunedì 20:30,,,0,12.80832,40.80391,COUNTRY_DISTRIBUTED_ESTIMATE,0,0,75
SIC-7QK8R6P2-2SBHRZV6-8,CAT La Farfalla,CLUB,LOCAL_CLUB,10,#22C55E,Europe,Italy,Lombardia,,Paitone,"Via Beschi 18, Centro Sociale",VERIFIED_OFFICIAL_CURRENT,SIC-W45XMWNN-5YPZP9S0-Q,https://www.arcatlombardia.it/CAT_Brescia.html,ARCAT Lombardia ufficiale,it,Mercoledì 20:00,,,0,13.24467,41.21374,COUNTRY_DISTRIBUTED_ESTIMATE,0,0,75
SIC-X8BNRPBC-MNNC28X1-R,CAT La Vetta,CLUB,LOCAL_CLUB,10,#22C55E,Europe,Italy,Lombardia,,Roè Volciano,Via Luigi Ragazzo 21,VERIFIED_OFFICIAL_CURRENT,SIC-W45XMWNN-5YPZP9S0-Q,https://www.arcatlombardia.it/CAT_Brescia.html,ARCAT Lombardia ufficiale,it,Martedì 20:00,,,0,13.56269,40.95659,COUNTRY_DISTRIBUTED_ESTIMATE,0,0,75
SIC-PZ5ZBZQD-A0S04SHY-4,CAT Orizzonte,CLUB,LOCAL_CLUB,10,#22C55E,Europe,Italy,Lombardia,,Vestone,"Via Pialorsi 14, saletta conferenze",VERIFIED_OFFICIAL_CURRENT,SIC-W45XMWNN-5YPZP9S0-Q,https://www.arcatlombardia.it/CAT_Brescia.html,ARCAT Lombardia ufficiale,it,Lunedì 20:00,,,0,13.33988,42.79092,COUNTRY_DISTRIBUTED_ESTIMATE,0,0,75
SIC-QCSYTM8V-BMDRP0KQ-F,ACAT Hudolin Milano,TERRITORIAL,TERRITORIAL,20,#14B8A6,Europe,Italy,Lombardia,,Milano,Via Costalovara 1,VERIFIED_OFFICIAL_CURRENT,SIC-W45XMWNN-5YPZP9S0-Q,https://www.arcatlombardia.it/CAT_Milano.html,ARCAT Lombardia ufficiale,it,,335 7755355; acat_milano@yahoo.it,,0,11.88184,41.05818,COUNTRY_DISTRIBUTED_ESTIMATE,9,9,75
SIC-D38Q13Y1-BTJ63W7J-9,CAT Milano 1,CLUB,LOCAL_CLUB,10,#22C55E,Europe,Italy,Lombardia,,Milano,"Via De Martino 2, Oratorio S. Dionigi",VERIFIED_OFFICIAL_CURRENT,SIC-QCSYTM8V-BMDRP0KQ-F,https://www.arcatlombardia.it/CAT_Milano.html,ARCAT Lombardia ufficiale,it,Giovedì 21:00,,,0,13.56804,42.80053,COUNTRY_DISTRIBUTED_ESTIMATE,0,0,75
SIC-Z4RC9YEY-S86WX280-7,CAT Milano 2 - Acqua in Circolo,CLUB,LOCAL_CLUB,10,#22C55E,Europe,Italy,Lombardia,,Milano,"Via degli Anemoni 6, IPR",VERIFIED_OFFICIAL_CURRENT,SIC-QCSYTM8V-BMDRP0KQ-F,https://www.arcatlombardia.it/CAT_Milano.html,ARCAT Lombardia ufficiale,it,Martedì 21:00,,,0,12.99954,41.97076,COUNTRY_DISTRIBUTED_ESTIMATE,0,0,75
SIC-KABB4QJY-8ZK1P2DB-X,CAT Milano 3 - La Maria,CLUB,LOCAL_CLUB,10,#22C55E,Europe,Italy,Lombardia,,Milano,"Via Tamigi 7, VSP",VERIFIED_OFFICIAL_CURRENT,SIC-QCSYTM8V-BMDRP0KQ-F,https://www.arcatlombardia.it/CAT_Milano.html,ARCAT Lombardia ufficiale,it,Martedì 21:00,,,0,12.35725,41.63778,COUNTRY_DISTRIBUTED_ESTIMATE,0,0,75
SIC-MYDTZHAZ-KP7D7S0K-0,CAT Milano 4 - Le rose che sbocciano,CLUB,LOCAL_CLUB,10,#22C55E,Europe,Italy,Lombardia,,Milano,"Via Antonino Bezzola 5, Parrocchia Sant'Elena",VERIFIED_OFFICIAL_CURRENT,SIC-QCSYTM8V-BMDRP0KQ-F,https://www.arcatlombardia.it/CAT_Milano.html,ARCAT Lombardia ufficiale,it,Giovedì 20:30,,,0,12.22839,41.11089,COUNTRY_DISTRIBUTED_ESTIMATE,0,0,75
SIC-QJF5CNJX-CHSV28VD-1,CAT Milano 5 - Della Rinascita,CLUB,LOCAL_CLUB,10,#22C55E,Europe,Italy,Lombardia,,Milano,"Via Duprè 19, Istituto San Gaetano",VERIFIED_OFFICIAL_CURRENT,SIC-QCSYTM8V-BMDRP0KQ-F,https://www.arcatlombardia.it/CAT_Milano.html,ARCAT Lombardia ufficiale,it,Martedì 21:00,,,0,11.08242,41.09763,COUNTRY_DISTRIBUTED_ESTIMATE,0,0,75
SIC-HCF3YEV6-H33P1VH2-D,CAT Milano 6 - La Fenice,CLUB,LOCAL_CLUB,10,#22C55E,Europe,Italy,Lombardia,,Milano,"Via Marsala 10, Casa delle Associazioni",VERIFIED_OFFICIAL_CURRENT,SIC-QCSYTM8V-BMDRP0KQ-F,https://www.arcatlombardia.it/CAT_Milano.html,ARCAT Lombardia ufficiale,it,Giovedì 21:00,,,0,12.13778,41.83974,COUNTRY_DISTRIBUTED_ESTIMATE,0,0,75
SIC-72M3XPQN-CGPC3RRR-Q,CAT Milano 7 - Ampère,CLUB,LOCAL_CLUB,10,#22C55E,Europe,Italy,Lombardia,,Milano,"Via Ampère 75, Oratorio San Luca",VERIFIED_OFFICIAL_CURRENT,SIC-QCSYTM8V-BMDRP0KQ-F,https://www.arcatlombardia.it/CAT_Milano.html,ARCAT Lombardia ufficiale,it,Giovedì 20:30,,,0,11.20909,41.54623,COUNTRY_DISTRIBUTED_ESTIMATE,0,0,75
SIC-6W2MP5SF-XRQD88ED-0,CAT Colturano 9 - La Libellula,CLUB,LOCAL_CLUB,10,#22C55E,Europe,Italy,Lombardia,,Colturano,"Via Verdi, Sala del Tempo Libero Palestra",VERIFIED_OFFICIAL_CURRENT,SIC-QCSYTM8V-BMDRP0KQ-F,https://www.arcatlombardia.it/CAT_Milano.html,ARCAT Lombardia ufficiale,it,Martedì 20:45,,,0,11.55407,43.28067,COUNTRY_DISTRIBUTED_ESTIMATE,0,0,75
SIC-GC717NAW-MK9HJD65-Q,CAT 8 - Ginkgo,CLUB,LOCAL_CLUB,10,#22C55E,Europe,Italy,Lombardia,,Milano,"Via Lattanzio 58, Parrocchia San Pio V",VERIFIED_OFFICIAL_CURRENT,SIC-QCSYTM8V-BMDRP0KQ-F,https://www.arcatlombardia.it/CAT_Milano.html,ARCAT Lombardia ufficiale,it,Giovedì 20:30,,,0,11.55393,41.7543,COUNTRY_DISTRIBUTED_ESTIMATE,0,0,75
SIC-5YVBX06D-1PPYW0P3-Q,La Rondine,CLUB,LOCAL_CLUB,10,#22C55E,Europe,Italy,Marche,,Marina di Altidona,Via Leonardo da Vinci 10,VERIFIED_OFFICIAL_CURRENT,SIC-JQ09PERZ-53Q5953G-1,https://www.arcatmarche.it/dove-siamo/,ARCAT Marche ufficiale,it,,3497656452; amadio2004@libero.it,,0,12.69124,41.6987,COUNTRY_DISTRIBUTED_ESTIMATE,0,0,75
SIC-Y9D81JA7-NGE9MS18-7,Arcobaleno,CLUB,LOCAL_CLUB,10,#22C55E,Europe,Italy,Marche,,Fermo,Via Migliorati 2,VERIFIED_OFFICIAL_CURRENT,SIC-JQ09PERZ-53Q5953G-1,https://www.arcatmarche.it/dove-siamo/,ARCAT Marche ufficiale,it,,3408200491 / 3388771873; rosyeglauco@libero.it,,0,11.62674,42.3056,COUNTRY_DISTRIBUTED_ESTIMATE,0,0,75
SIC-V2C4AWEX-GH97X4YH-H,L'Orizzonte,CLUB,LOCAL_CLUB,10,#22C55E,Europe,Italy,Marche,,Campofilone,"Corso G. Marconi 25, Teatro Comunale",VERIFIED_OFFICIAL_CURRENT,SIC-JQ09PERZ-53Q5953G-1,https://www.arcatmarche.it/dove-siamo/,ARCAT Marche ufficiale,it,,3450709840; amadio2004@libero.it,,0,12.98083,42.9469,COUNTRY_DISTRIBUTED_ESTIMATE,0,0,75
SIC-ZSKCQ20T-GQZTDVX7-H,L'Astro Nascente,CLUB,LOCAL_CLUB,10,#22C55E,Europe,Italy,Marche,,Fermo,"C.da Girola Valtenna 58, centro sociale Molini Girola",VERIFIED_OFFICIAL_CURRENT,SIC-JQ09PERZ-53Q5953G-1,https://www.arcatmarche.it/dove-siamo/,ARCAT Marche ufficiale,it,,3335745867; elilia@hotmail.it,,0,13.55738,40.92869,COUNTRY_DISTRIBUTED_ESTIMATE,0,0,75
SIC-8T4VCHYW-67WGCBKA-8,L'Ancora,CLUB,LOCAL_CLUB,10,#22C55E,Europe,Italy,Marche,,Porto San Giorgio,"Via D. Silenzi 10, centro sportivo Don Bosco",VERIFIED_OFFICIAL_CURRENT,SIC-JQ09PERZ-53Q5953G-1,https://www.arcatmarche.it/dove-siamo/,ARCAT Marche ufficiale,it,,3487290866; luiginazazio@hotmail.com,,0,12.03753,42.7574,COUNTRY_DISTRIBUTED_ESTIMATE,0,0,75
SIC-TVA7ZDHS-SJYHB3ZC-K,Insieme,CLUB,LOCAL_CLUB,10,#22C55E,Europe,Italy,Marche,,Porto San Giorgio,"Via D. Silenzi 10, centro sportivo Don Bosco",VERIFIED_OFFICIAL_CURRENT,SIC-JQ09PERZ-53Q5953G-1,https://www.arcatmarche.it/dove-siamo/,ARCAT Marche ufficiale,it,,3471862122; urbanistefano1952@libero.it,,0,11.11824,42.85541,COUNTRY_DISTRIBUTED_ESTIMATE,0,0,75
SIC-BZSX8TAZ-TDFQSXBT-P,Unica Stella,CLUB,LOCAL_CLUB,10,#22C55E,Europe,Italy,Marche,,Monte Urano,Via Monte Grappa 43,VERIFIED_OFFICIAL_CURRENT,SIC-JQ09PERZ-53Q5953G-1,https://www.arcatmarche.it/dove-siamo/,ARCAT Marche ufficiale,it,,335343886; luisantonietta@yahoo.it,,0,13.59928,41.58718,COUNTRY_DISTRIBUTED_ESTIMATE,0,0,75
SIC-QW9K2HHF-1CKTM4TV-Y,Le Palme,CLUB,LOCAL_CLUB,10,#22C55E,Europe,Italy,Marche,,San Benedetto del Tronto,"Via Manzoni 36, Servizio Risposte Alcologiche",VERIFIED_OFFICIAL_CURRENT,SIC-JQ09PERZ-53Q5953G-1,https://www.arcatmarche.it/dove-siamo/,ARCAT Marche ufficiale,it,,3337754541; sabvici@libero.it,,0,12.99612,41.84738,COUNTRY_DISTRIBUTED_ESTIMATE,0,0,75
SIC-0VKKQVM6-CZH1W15P-K,Il Faro,CLUB,LOCAL_CLUB,10,#22C55E,Europe,Italy,Marche,,San Benedetto del Tronto,"Piazza San Filippo Neri, Parrocchia San Filippo Neri",VERIFIED_OFFICIAL_CURRENT,SIC-JQ09PERZ-53Q5953G-1,https://www.arcatmarche.it/dove-siamo/,ARCAT Marche ufficiale,it,,3397948429; 56renziero@gmail.com,,0,12.25464,41.34922,COUNTRY_DISTRIBUTED_ESTIMATE,0,0,75
SIC-SG48SH8T-PC77PPQP-F,Pegasus,CLUB,LOCAL_CLUB,10,#22C55E,Europe,Italy,Marche,,Porto d'Ascoli,Via Gronchi 17,VERIFIED_OFFICIAL_CURRENT,SIC-JQ09PERZ-53Q5953G-1,https://www.arcatmarche.it/dove-siamo/,ARCAT Marche ufficiale,it,,3402290219,,0,11.77004,43.01653,COUNTRY_DISTRIBUTED_ESTIMATE,0,0,75
SIC-9B4RB3R0-8JQ038Y0-E,Vladimir Hudolin,CLUB,LOCAL_CLUB,10,#22C55E,Europe,Italy,Marche,,Centobuchi di Monteprandone,"Via San Giacomo 107, Centro culturale Pacetti",VERIFIED_OFFICIAL_CURRENT,SIC-JQ09PERZ-53Q5953G-1,https://www.arcatmarche.it/dove-siamo/,ARCAT Marche ufficiale,it,,3452260282; marco.castorani8@gmail.com,,0,13.82079,42.49164,COUNTRY_DISTRIBUTED_ESTIMATE,0,0,75
SIC-WZH7Z5ZH-9NH5S5X3-6,Ce La Faremo,CLUB,LOCAL_CLUB,10,#22C55E,Europe,Italy,Marche,,Cagli,Via Lapis 8,VERIFIED_OFFICIAL_CURRENT,SIC-JQ09PERZ-53Q5953G-1,https://www.arcatmarche.it/dove-siamo/,ARCAT Marche ufficiale,it,Giovedì 17:30,3387132923,,0,13.61832,42.04114,COUNTRY_DISTRIBUTED_ESTIMATE,0,0,100
SIC-7MKM7WKT-DSJJSJW7-D,L'Incontro,CLUB,LOCAL_CLUB,10,#22C55E,Europe,Italy,Marche,,Urbania,Via Roma 54,VERIFIED_OFFICIAL_CURRENT,SIC-JQ09PERZ-53Q5953G-1,https://www.arcatmarche.it/dove-siamo/,ARCAT Marche ufficiale,it,Lunedì 18:00,3463794502,,0,11.55599,41.86036,COUNTRY_DISTRIBUTED_ESTIMATE,0,0,100
SIC-YPAQN9RY-DG2ZM81H-9,Uscendo dalla Nebbia,CLUB,LOCAL_CLUB,10,#22C55E,Europe,Italy,Marche,,Urbino,Via Guido da Montefeltro 45,VERIFIED_OFFICIAL_CURRENT,SIC-JQ09PERZ-53Q5953G-1,https://www.arcatmarche.it/dove-siamo/,ARCAT Marche ufficiale,it,Mercoledì 17:30,3476258643,,0,11.74284,41.86282,COUNTRY_DISTRIBUTED_ESTIMATE,0,0,100
SIC-4D8RFG4J-QDA6J172-A,Ad Maiora,CLUB,LOCAL_CLUB,10,#22C55E,Europe,Italy,Marche,,Civitanova Marche,Via Crivelli 19,VERIFIED_OFFICIAL_CURRENT,SIC-JQ09PERZ-53Q5953G-1,https://www.arcatmarche.it/dove-siamo/,ARCAT Marche ufficiale,it,,3388771873; rosyeglauco@libero.it,,0,11.29758,43.30258,COUNTRY_DISTRIBUTED_ESTIMATE,0,0,75
SIC-XBKX2R4W-29B2ZPC6-8,Piemonte,REGION_SYNTH,REGIONAL,40,#8B5CF6,Europe,Italy,Piemonte,,,,SYNTHETIC_HIERARCHY,SIC-SAPSJ5F6-GDEFRWNM-E,,,,,,,1,11.47832,41.14015,COUNTRY_DISTRIBUTED_ESTIMATE,3,3,0
SIC-KEAEH7GH-5K07WEMV-W,CAT Alba,CLUB,LOCAL_CLUB,10,#22C55E,Europe,Italy,Piemonte,,Alba,,VERIFIED_PUBLIC_INSTITUTION,SIC-XBKX2R4W-29B2ZPC6-8,https://www.aslcn2.it/associazioni-di-volontariato/sostegno-persone-in-difficolta/acat-alba-langhe-roero/,ASL CN2,it,,,"ASL CN2 dichiara tre Club attivi ad Alba, Canale e Cortemilia; indirizzo specifico non pubblicato nella scheda",0,12.15496,41.41365,COUNTRY_DISTRIBUTED_ESTIMATE,0,0,25
SIC-967F69BT-XYR0VHZQ-G,CAT Canale,CLUB,LOCAL_CLUB,10,#22C55E,Europe,Italy,Piemonte,,Canale,,VERIFIED_PUBLIC_INSTITUTION,SIC-XBKX2R4W-29B2ZPC6-8,https://www.aslcn2.it/associazioni-di-volontariato/sostegno-persone-in-difficolta/acat-alba-langhe-roero/,ASL CN2,it,,,"ASL CN2 dichiara tre Club attivi ad Alba, Canale e Cortemilia; indirizzo specifico non pubblicato nella scheda",0,12.87308,42.92236,COUNTRY_DISTRIBUTED_ESTIMATE,0,0,25
SIC-4EC91CZJ-A6S6VGZW-P,CAT Cortemilia,CLUB,LOCAL_CLUB,10,#22C55E,Europe,Italy,Piemonte,,Cortemilia,,VERIFIED_PUBLIC_INSTITUTION,SIC-XBKX2R4W-29B2ZPC6-8,https://www.aslcn2.it/associazioni-di-volontariato/sostegno-persone-in-difficolta/acat-alba-langhe-roero/,ASL CN2,it,,,"ASL CN2 dichiara tre Club attivi ad Alba, Canale e Cortemilia; indirizzo specifico non pubblicato nella scheda",0,12.69986,42.39588,COUNTRY_DISTRIBUTED_ESTIMATE,0,0,25
SIC-VXSD8ES2-SXHVJMGA-V,CAT Bari,CLUB,LOCAL_CLUB,10,#22C55E,Europe,Italy,Puglia,,Bari,,PUBLIC_SOCIAL_NEEDS_ADDRESS_VERIFICATION,SIC-FP3Y4CDR-7J3ZW8WX-S,https://www.facebook.com/61578021032255/,ARCAT Puglia Facebook pubblico,it,,,"Località citata da ARCAT Puglia; denominazione, indirizzo e orario da verificare",0,12.19073,40.98132,COUNTRY_DISTRIBUTED_ESTIMATE,0,0,25
SIC-H30J1C7R-MFXXFB3V-A,CAT Altamura,CLUB,LOCAL_CLUB,10,#22C55E,Europe,Italy,Puglia,,Altamura,,PUBLIC_SOCIAL_NEEDS_ADDRESS_VERIFICATION,SIC-FP3Y4CDR-7J3ZW8WX-S,https://www.facebook.com/61578021032255/,ARCAT Puglia Facebook pubblico,it,,,"Località citata da ARCAT Puglia; denominazione, indirizzo e orario da verificare",0,13.70477,41.26004,COUNTRY_DISTRIBUTED_ESTIMATE,0,0,25
SIC-M6JV6QM6-43TZSKA7-7,CAT Capurso,CLUB,LOCAL_CLUB,10,#22C55E,Europe,Italy,Puglia,,Capurso,,PUBLIC_SOCIAL_NEEDS_ADDRESS_VERIFICATION,SIC-FP3Y4CDR-7J3ZW8WX-S,https://www.facebook.com/61578021032255/,ARCAT Puglia Facebook pubblico,it,,,"Località citata da ARCAT Puglia; denominazione, indirizzo e orario da verificare",0,13.41415,42.59658,COUNTRY_DISTRIBUTED_ESTIMATE,0,0,25
SIC-QMYA1KA7-256ZN0TF-G,CAT Cassano delle Murge,CLUB,LOCAL_CLUB,10,#22C55E,Europe,Italy,Puglia,,Cassano delle Murge,,PUBLIC_SOCIAL_NEEDS_ADDRESS_VERIFICATION,SIC-FP3Y4CDR-7J3ZW8WX-S,https://www.facebook.com/61578021032255/,ARCAT Puglia Facebook pubblico,it,,,"Località citata da ARCAT Puglia; denominazione, indirizzo e orario da verificare",0,11.20251,42.09871,COUNTRY_DISTRIBUTED_ESTIMATE,0,0,25
SIC-B0DBA2QA-XW3MF972-B,CAT Carbonara,CLUB,LOCAL_CLUB,10,#22C55E,Europe,Italy,Puglia,,Carbonara,,PUBLIC_SOCIAL_NEEDS_ADDRESS_VERIFICATION,SIC-FP3Y4CDR-7J3ZW8WX-S,https://www.facebook.com/61578021032255/,ARCAT Puglia Facebook pubblico,it,,,"Località citata da ARCAT Puglia; denominazione, indirizzo e orario da verificare",0,12.60442,41.87169,COUNTRY_DISTRIBUTED_ESTIMATE,0,0,25
SIC-MZ75HCEM-CZG4NM60-N,CAT Rutigliano,CLUB,LOCAL_CLUB,10,#22C55E,Europe,Italy,Puglia,,Rutigliano,,PUBLIC_SOCIAL_NEEDS_ADDRESS_VERIFICATION,SIC-FP3Y4CDR-7J3ZW8WX-S,https://www.facebook.com/61578021032255/,ARCAT Puglia Facebook pubblico,it,,,"Località citata da ARCAT Puglia; denominazione, indirizzo e orario da verificare",0,12.58838,41.74231,COUNTRY_DISTRIBUTED_ESTIMATE,0,0,25
SIC-8M2GZ4VQ-ARWMV1SH-2,CAT Mola di Bari,CLUB,LOCAL_CLUB,10,#22C55E,Europe,Italy,Puglia,,Mola di Bari,,PUBLIC_SOCIAL_NEEDS_ADDRESS_VERIFICATION,SIC-FP3Y4CDR-7J3ZW8WX-S,https://www.facebook.com/61578021032255/,ARCAT Puglia Facebook pubblico,it,,,"Località citata da ARCAT Puglia; denominazione, indirizzo e orario da verificare",0,12.81673,42.70339,COUNTRY_DISTRIBUTED_ESTIMATE,0,0,25
SIC-S95AKRZE-0GGMVJJP-4,CAT Modugno,CLUB,LOCAL_CLUB,10,#22C55E,Europe,Italy,Puglia,,Modugno,,PUBLIC_SOCIAL_NEEDS_ADDRESS_VERIFICATION,SIC-FP3Y4CDR-7J3ZW8WX-S,https://www.facebook.com/61578021032255/,ARCAT Puglia Facebook pubblico,it,,,"Località citata da ARCAT Puglia; denominazione, indirizzo e orario da verificare",0,11.65117,41.57106,COUNTRY_DISTRIBUTED_ESTIMATE,0,0,25
SIC-VX9J0E75-W0J3C9WT-C,CAT Taranto,CLUB,LOCAL_CLUB,10,#22C55E,Europe,Italy,Puglia,,Taranto,,PUBLIC_SOCIAL_NEEDS_ADDRESS_VERIFICATION,SIC-FP3Y4CDR-7J3ZW8WX-S,https://www.facebook.com/61578021032255/,ARCAT Puglia Facebook pubblico,it,,,"Località citata da ARCAT Puglia; denominazione, indirizzo e orario da verificare",0,13.38142,41.32714,COUNTRY_DISTRIBUTED_ESTIMATE,0,0,25
SIC-J23S12HJ-NHF8YQ7C-P,CAT Massafra,CLUB,LOCAL_CLUB,10,#22C55E,Europe,Italy,Puglia,,Massafra,,PUBLIC_SOCIAL_NEEDS_ADDRESS_VERIFICATION,SIC-FP3Y4CDR-7J3ZW8WX-S,https://www.facebook.com/61578021032255/,ARCAT Puglia Facebook pubblico,it,,,"Località citata da ARCAT Puglia; denominazione, indirizzo e orario da verificare",0,11.80199,43.05263,COUNTRY_DISTRIBUTED_ESTIMATE,0,0,25
SIC-N6JQ9EQG-HEHHZHPA-M,ACAT ToCentro,TERRITORIAL,TERRITORIAL,20,#14B8A6,Europe,Italy,Piemonte,,Torino,Via Massena 55,VERIFIED_PUBLIC_SOURCE,SIC-51N3J0HD-VGNN2JP1-6,https://www.cittadellasalute.to.it/,PUBLIC_INSTITUTION,it,,339 5926249 / 346 1315143,,0,11.59538,42.07834,COUNTRY_DISTRIBUTED_ESTIMATE,0,0,75
SIC-HFSAB0FW-FV2XVWPP-Q,ACAT Torino Nord,TERRITORIAL,TERRITORIAL,20,#14B8A6,Europe,Italy,Piemonte,,Torino,Via Pietro Mascagni 20,VERIFIED_PUBLIC_SOURCE,SIC-51N3J0HD-VGNN2JP1-6,https://www.piemontegiovani.it/uffici/associazione-club-alcologici-territoriali,PUBLIC_INSTITUTION,it,,338 1244217,,0,12.92317,41.23371,COUNTRY_DISTRIBUTED_ESTIMATE,0,0,75
SIC-BAC1B858-H60GPVTN-K,ACAT Borgo San Dalmazzo,TERRITORIAL,TERRITORIAL,20,#14B8A6,Europe,Italy,Piemonte,,Borgo San Dalmazzo,Piazza dell'Abbazia 4,PUBLIC_SOURCE_NEEDS_CURRENT_CONFIRMATION,SIC-51N3J0HD-VGNN2JP1-6,https://www1.agenziaentrate.gov.it/servizi/domanda%2B5%2Bper%2Bmille/2021/motore.htm?_pagina=5,PUBLIC_REGISTER,it,,,,0,13.54152,42.50531,COUNTRY_DISTRIBUTED_ESTIMATE,0,0,50
SIC-PMRM08FE-D69F7GMH-6,ACAT Cuneese,TERRITORIAL,TERRITORIAL,20,#14B8A6,Europe,Italy,Piemonte,,Cuneo,Via Felice Cavallotti 35,PUBLIC_SOURCE_NEEDS_CURRENT_CONFIRMATION,SIC-51N3J0HD-VGNN2JP1-6,https://www1.agenziaentrate.gov.it/servizi/domanda%2B5%2Bper%2Bmille/2021/motore.htm?_pagina=5,PUBLIC_REGISTER,it,,,,0,12.15865,41.70484,COUNTRY_DISTRIBUTED_ESTIMATE,0,0,50
SIC-RECEPPAN-XEM9A32B-5,ACAT di Chieri,TERRITORIAL,TERRITORIAL,20,#14B8A6,Europe,Italy,Piemonte,,Chieri,Via Giovanni XXIII 8,PUBLIC_SOURCE_NEEDS_CURRENT_CONFIRMATION,SIC-51N3J0HD-VGNN2JP1-6,https://www1.agenziaentrate.gov.it/servizi/domanda%2B5%2Bper%2Bmille/2021/motore.htm?_pagina=5,PUBLIC_REGISTER,it,,,,0,12.63698,42.66094,COUNTRY_DISTRIBUTED_ESTIMATE,0,0,50
SIC-JKARMZ3A-KKQXQ8VS-1,ACAT Sorriso della Speranza,TERRITORIAL,TERRITORIAL,20,#14B8A6,Europe,Italy,Piemonte,,Alessandria,Via Paolo Sacco 8,PUBLIC_SOURCE_NEEDS_CURRENT_CONFIRMATION,SIC-51N3J0HD-VGNN2JP1-6,https://www1.agenziaentrate.gov.it/servizi/domanda%2B5%2Bper%2Bmille/2021/motore.htm?_pagina=5,PUBLIC_REGISTER,it,,,,0,13.36188,40.86627,COUNTRY_DISTRIBUTED_ESTIMATE,0,0,50
SIC-6261QW0C-Y2T2RPD4-C,ACAT Torino Est ODV,TERRITORIAL,TERRITORIAL,20,#14B8A6,Europe,Italy,Piemonte,,Torino,Via Giolitti 21,PUBLIC_SOURCE_NEEDS_CURRENT_CONFIRMATION,SIC-51N3J0HD-VGNN2JP1-6,https://www1.agenziaentrate.gov.it/servizi/domanda%2B5%2Bper%2Bmille/2021/motore.htm?_pagina=5,PUBLIC_REGISTER,it,,,,0,11.4764,41.66693,COUNTRY_DISTRIBUTED_ESTIMATE,0,0,50
SIC-ZCP7CBYW-PHBFN4W6-5,ACAT Cremona e Territorio ODV,TERRITORIAL,TERRITORIAL,20,#14B8A6,Europe,Italy,Lombardia,,Cremona,Via dell'Annona 1/3,PUBLIC_SOURCE_NEEDS_CURRENT_CONFIRMATION,SIC-W45XMWNN-5YPZP9S0-Q,https://www1.agenziaentrate.gov.it/servizi/domanda%2B5%2Bper%2Bmille/2021/motore.htm?_pagina=5,PUBLIC_REGISTER,it,,,,0,11.42514,42.71409,COUNTRY_DISTRIBUTED_ESTIMATE,0,0,50
SIC-0TFWDMT8-JBBSXAEG-X,ACAT Pavia,TERRITORIAL,TERRITORIAL,20,#14B8A6,Europe,Italy,Lombardia,,Pavia,Via dei Liguri 34,PUBLIC_SOURCE_NEEDS_CURRENT_CONFIRMATION,SIC-W45XMWNN-5YPZP9S0-Q,https://www1.agenziaentrate.gov.it/servizi/domanda%2B5%2Bper%2Bmille/2021/motore.htm?_pagina=5,PUBLIC_REGISTER,it,,,,0,12.16551,41.6866,COUNTRY_DISTRIBUTED_ESTIMATE,0,0,50
SIC-TXD0YDGN-G0H4KXVJ-M,ACAT Polesine Occidentale ODV,TERRITORIAL,TERRITORIAL,20,#14B8A6,Europe,Italy,Veneto,,Lendinara,Via Caduti del Lavoro 33,PUBLIC_SOURCE_NEEDS_CURRENT_CONFIRMATION,SIC-3JXF0TMQ-BDRN8KQ4-F,https://www1.agenziaentrate.gov.it/servizi/domanda%2B5%2Bper%2Bmille/2021/motore.htm?_pagina=5,PUBLIC_REGISTER,it,,,,0,11.53114,42.07522,COUNTRY_DISTRIBUTED_ESTIMATE,0,0,50
SIC-M4BQ1WFC-33PYFJEY-E,ACAT La Speranza ODV,TERRITORIAL,TERRITORIAL,20,#14B8A6,Europe,Italy,Veneto,,Spresiano,"Via Monsignor Condotta 1, Visnadello",PUBLIC_SOURCE_NEEDS_CURRENT_CONFIRMATION,SIC-3JXF0TMQ-BDRN8KQ4-F,https://www1.agenziaentrate.gov.it/servizi/domanda%2B5%2Bper%2Bmille/2021/motore.htm?_pagina=5,PUBLIC_REGISTER,it,,,,0,12.29367,42.17578,COUNTRY_DISTRIBUTED_ESTIMATE,0,0,50
SIC-NMQ3XBM3-T6QJGWXY-K,ACAT Camminiamo Insieme,TERRITORIAL,TERRITORIAL,20,#14B8A6,Europe,Italy,Sardegna,,Sassari,Via Ugo La Malfa 34,PUBLIC_SOURCE_NEEDS_CURRENT_CONFIRMATION,SIC-WXRPG675-XMV7T94W-Z,https://www1.agenziaentrate.gov.it/servizi/domanda%2B5%2Bper%2Bmille/2021/motore.htm?_pagina=5,PUBLIC_REGISTER,it,,,,0,13.67833,43.28322,COUNTRY_DISTRIBUTED_ESTIMATE,0,0,50
SIC-33F69RXW-AP0VN584-F,ACAT del Potentino,TERRITORIAL,TERRITORIAL,20,#14B8A6,Europe,Italy,Basilicata,,Potenza,Via Masseria Barrata 45,PUBLIC_SOURCE_NEEDS_CURRENT_CONFIRMATION,SIC-FVTP6Y0F-1JSJXR34-N,https://www1.agenziaentrate.gov.it/servizi/domanda%2B5%2Bper%2Bmille/2021/motore.htm?_pagina=5,PUBLIC_REGISTER,it,,,,0,11.75776,43.24768,COUNTRY_DISTRIBUTED_ESTIMATE,0,0,50
SIC-8A06GY1M-GCQQNXPV-P,ACAT Romagna Renato Bolognesi ODV,TERRITORIAL,TERRITORIAL,20,#14B8A6,Europe,Italy,Emilia-Romagna,,Cesena,,VERIFIED_PUBLIC_SOURCE,SIC-8GXV4C48-Z1QWP0DP-J,https://www.acatromagna.com/,OFFICIAL_ASSOCIATION,it,,346 2176182 / 338 9377562,,0,12.79859,42.19948,COUNTRY_DISTRIBUTED_ESTIMATE,0,0,50
SIC-B715FR9E-A1Q6157Y-S,ACAT Piacenza,TERRITORIAL,TERRITORIAL,20,#14B8A6,Europe,Italy,Emilia-Romagna,,Piacenza,Galleria San Donnino 4,PUBLIC_SOURCE_NEEDS_CURRENT_CONFIRMATION,SIC-8GXV4C48-Z1QWP0DP-J,https://acatpiacenza.jimdofree.com,PUBLIC_DIRECTORY,it,,349 0889290,,0,13.01839,42.48676,COUNTRY_DISTRIBUTED_ESTIMATE,0,0,75
SIC-602FFQ1Z-DSTTT28S-M,Hudolin-model club presence,COUNTRY_PRESENCE,NATIONAL,50,#F59E0B,Europe,France,,,,,HISTORICAL_PRESENCE_NEEDS_CURRENT_VERIFICATION,SIC-JW06EY0P-65SM8TNR-W,https://www.researchgate.net/publication/27200196_3rd_Congress_of_the_Croatian_Society_of_Radiologists_with_International_Participation,Acta Clinica Croatica historical review,fr,,,Country explicitly listed as having clubs organized on Hudolin's model; current club directory not yet verified.,0,-6.66405,35.55924,COUNTRY_DISTRIBUTED_ESTIMATE,0,0,25
SIC-J1HYQZ1W-3YAC5XF9-B,Hudolin-model club presence,COUNTRY_PRESENCE,NATIONAL,50,#F59E0B,Europe,Portugal,,,,,HISTORICAL_PRESENCE_NEEDS_CURRENT_VERIFICATION,SIC-838THQNS-E61B1A0F-9,https://www.researchgate.net/publication/27200196_3rd_Congress_of_the_Croatian_Society_of_Radiologists_with_International_Participation,Acta Clinica Croatica historical review,pt,,,Country explicitly listed as having clubs organized on Hudolin's model; current club directory not yet verified.,0,-7.95071,39.34306,COUNTRY_DISTRIBUTED_ESTIMATE,0,0,25
SIC-AV0FD4ZW-B83EW7MQ-D,Hudolin-model club presence,COUNTRY_PRESENCE,NATIONAL,50,#F59E0B,Europe,Belarus,,,,,HISTORICAL_PRESENCE_NEEDS_CURRENT_VERIFICATION,SIC-E6Z3YYDC-4KA1CGQ5-W,https://www.researchgate.net/publication/27200196_3rd_Congress_of_the_Croatian_Society_of_Radiologists_with_International_Participation,Acta Clinica Croatica historical review,be/ru,,,Country explicitly listed as having clubs organized on Hudolin's model; current club directory not yet verified.,0,27.48366,54.00855,COUNTRY_DISTRIBUTED_ESTIMATE,0,0,25
SIC-NFVXPS8T-QD8HKT35-0,Hudolin-model club presence,COUNTRY_PRESENCE,NATIONAL,50,#F59E0B,Asia,India,,,,,HISTORICAL_PRESENCE_NEEDS_CURRENT_VERIFICATION,SIC-MXPYQAW6-P5CTQKPA-2,https://www.researchgate.net/publication/27200196_3rd_Congress_of_the_Croatian_Society_of_Radiologists_with_International_Participation,Acta Clinica Croatica historical review,hi/en,,,Country explicitly listed as having clubs organized on Hudolin's model; current club directory not yet verified.,0,80.70793,24.01974,COUNTRY_DISTRIBUTED_ESTIMATE,0,0,25
SIC-JX3ZTQPC-1HZNH6A1-3,Hudolin-model club presence,COUNTRY_PRESENCE,NATIONAL,50,#F59E0B,South America,Chile,,,,,HISTORICAL_PRESENCE_NEEDS_CURRENT_VERIFICATION,SIC-E6HZ089D-QJWFGGB0-H,https://www.researchgate.net/publication/27200196_3rd_Congress_of_the_Croatian_Society_of_Radiologists_with_International_Participation,Acta Clinica Croatica historical review,es,,,Country explicitly listed as having clubs organized on Hudolin's model; current club directory not yet verified.,0,-72.1968,-38.37868,COUNTRY_DISTRIBUTED_ESTIMATE,0,0,25
SIC-1EFFKWP5-Q1NVGA9B-2,Hudolin-model club presence,COUNTRY_PRESENCE,NATIONAL,50,#F59E0B,South America,Bolivia,,,,,HISTORICAL_PRESENCE_NEEDS_CURRENT_VERIFICATION,SIC-FM2KE49A-QXNTD0JG-G,https://www.researchgate.net/publication/27200196_3rd_Congress_of_the_Croatian_Society_of_Radiologists_with_International_Participation,Acta Clinica Croatica historical review,es,,,Country explicitly listed as having clubs organized on Hudolin's model; current club directory not yet verified.,0,-62.72162,-15.92361,COUNTRY_DISTRIBUTED_ESTIMATE,0,0,25
SIC-AAN3M72D-5DG8YP9C-Y,Hudolin-model club presence,COUNTRY_PRESENCE,NATIONAL,50,#F59E0B,South America,Peru,,,,,HISTORICAL_PRESENCE_NEEDS_CURRENT_VERIFICATION,SIC-68ZVY0P1-HCZB26XD-V,https://www.researchgate.net/publication/27200196_3rd_Congress_of_the_Croatian_Society_of_Radiologists_with_International_Participation,Acta Clinica Croatica historical review,es,,,Country explicitly listed as having clubs organized on Hudolin's model; current club directory not yet verified.,0,-75.04388,-6.56781,COUNTRY_DISTRIBUTED_ESTIMATE,0,0,25
SIC-7A8PH599-8GPYYR04-7,Hudolin-model club presence,COUNTRY_PRESENCE,NATIONAL,50,#F59E0B,North America,Nicaragua,,,,,HISTORICAL_PRESENCE_NEEDS_CURRENT_VERIFICATION,SIC-GEE56MEW-XQPAEF9T-6,https://www.researchgate.net/publication/27200196_3rd_Congress_of_the_Croatian_Society_of_Radiologists_with_International_Participation,Acta Clinica Croatica historical review,es,,,Country explicitly listed as having clubs organized on Hudolin's model; current club directory not yet verified.,0,-84.18546,12.5007,COUNTRY_DISTRIBUTED_ESTIMATE,0,0,25
SIC-AMKXG3MK-DZEJ2KCT-5,МОД СКТ — Межрегиональное общественное движение в поддержку семейных клубов трезвости,NATIONAL,NATIONAL,50,#F59E0B,Europe,Russia,,,,,VERIFIED_PUBLIC_CURRENT,SIC-8CSKHVF4-1TC7JZVG-4,https://modskt.ru/,Official/public movement website,ru,,,Family sobriety clubs state they work according to Vladimir Hudolin methodology.,0,86.41876,60.19778,COUNTRY_DISTRIBUTED_ESTIMATE,19,19,25
SIC-MBPGA2RM-XRNHWF65-0,Hudolin Clubs / Sofia programme,COUNTRY_NETWORK,NATIONAL,50,#F59E0B,Europe,Bulgaria,,,Sofia,,VERIFIED_PUBLIC_METHODOLOGY_PRESENCE,SIC-97VMBR39-C440N9WS-6,https://bapn-bg.com/,Bulgarian Association for Drug Prevention,bg,,,Public source states certified servant-teachers work with Hudolin Clubs introduced in Sofia.,0,24.00772,42.62342,COUNTRY_DISTRIBUTED_ESTIMATE,0,0,25
SIC-7Z8C3FMZ-54E5868Y-8,Hudolin Club Aarhus,CLUB,LOCAL_CLUB,10,#22C55E,Europe,Denmark,,,Aarhus,,HISTORICAL_NAMED_CLUB_NEEDS_CURRENT_RECHECK,SIC-SG6XEF3M-J7KZ4WMR-S,https://www.hudolin.it/doc/Manuale_lavoro_nei_Club.pdf,Hudolin international manual,da,,,Manual documents creation of a Hudolin-method Club in Aarhus.,0,8.94244,56.60964,COUNTRY_DISTRIBUTED_ESTIMATE,0,0,25
SIC-CAQZC2B2-4484M6YC-S,Hudolin Club Copenhagen,CLUB,LOCAL_CLUB,10,#22C55E,Europe,Denmark,,,Copenhagen,,HISTORICAL_NAMED_CLUB_NEEDS_CURRENT_RECHECK,SIC-SG6XEF3M-J7KZ4WMR-S,https://www.hudolin.it/doc/Manuale_lavoro_nei_Club.pdf,Hudolin international manual,da,,,Manual documents a subsequent Club in Copenhagen.,0,10.08777,56.62713,COUNTRY_DISTRIBUTED_ESTIMATE,0,0,25
SIC-MXDBAFF8-XZ3YZEX5-9,Hudolin Club Oslo,CLUB,LOCAL_CLUB,10,#22C55E,Europe,Norway,,,Oslo,,HISTORICAL_NAMED_CLUB_NEEDS_CURRENT_RECHECK,SIC-QNJSMTAX-400ART1D-B,https://www.hudolin.it/doc/Manuale_lavoro_nei_Club.pdf,Hudolin international manual,no,,,Manual documents Hudolin-method clubs in Norway including Oslo around the beginning of the millennium.,0,19.93361,69.20059,COUNTRY_DISTRIBUTED_ESTIMATE,0,0,25
SIC-FAGF3CEG-7DK6JFYG-P,"CLUB 358 ""PRIMAVERA DI VITA""",CLUB,LOCAL_CLUB,10,#22C55E,Europe,Italy,,,Cervignano del Friuli,Via Trieste 25 c/o Sala Civica,VERIFIED_OFFICIAL_CURRENT,SIC-SAPSJ5F6-GDEFRWNM-E,https://www.acatcervignanese.it/,ACAT Cervignanese official,it,,,,0,11.86588,42.13221,COUNTRY_DISTRIBUTED_ESTIMATE,0,0,50
SIC-ZSNHWJ95-VD7YNJNY-X,"CLUB 243 ""INSIEME PER UNA VITA MIGLIORE""",CLUB,LOCAL_CLUB,10,#22C55E,Europe,Italy,,,Fiumicello Villa Vicentina,Via Nazionale 31 c/o ex Scuola Papariano,VERIFIED_OFFICIAL_CURRENT,SIC-SAPSJ5F6-GDEFRWNM-E,https://www.acatcervignanese.it/,ACAT Cervignanese official,it,,,,0,12.75497,42.38768,COUNTRY_DISTRIBUTED_ESTIMATE,0,0,50
SIC-V51D3DX4-XNCQNEYG-B,"CLUB 352 ""AURORA""",CLUB,LOCAL_CLUB,10,#22C55E,Europe,Italy,,,Ruda,"Sala gruppo sportivo, San Nicolò",VERIFIED_OFFICIAL_CURRENT,SIC-SAPSJ5F6-GDEFRWNM-E,https://www.acatcervignanese.it/,ACAT Cervignanese official,it,,,,0,12.25005,42.54565,COUNTRY_DISTRIBUTED_ESTIMATE,0,0,50
SIC-VX8N58C3-8WGE32JF-C,"CLUB 276 ""PAR STA MIOR""",CLUB,LOCAL_CLUB,10,#22C55E,Europe,Italy,,,Aquileia,,DORMANT_WAITING_REOPEN,SIC-SAPSJ5F6-GDEFRWNM-E,https://www.acatcervignanese.it/,ACAT Cervignanese official,it,,,,0,11.41831,43.26402,COUNTRY_DISTRIBUTED_ESTIMATE,0,0,25
SIC-SRWJEWVX-AW9AT8YK-9,"CLUB 100 ""OGGI PER DOMANI""",CLUB,LOCAL_CLUB,10,#22C55E,Europe,Italy,,,San Vito al Torre,,DORMANT_WAITING_REOPEN,SIC-SAPSJ5F6-GDEFRWNM-E,https://www.acatcervignanese.it/,ACAT Cervignanese official,it,,,,0,13.20126,43.16819,COUNTRY_DISTRIBUTED_ESTIMATE,0,0,25
SIC-YJ4VEKAQ-8925ZWM1-0,"CLUB 327 ""DIAMOCI UNA MANO""",CLUB,LOCAL_CLUB,10,#22C55E,Europe,Italy,,,Terzo di Aquileia,,DORMANT_WAITING_REOPEN,SIC-SAPSJ5F6-GDEFRWNM-E,https://www.acatcervignanese.it/,ACAT Cervignanese official,it,,,,0,13.30627,41.81134,COUNTRY_DISTRIBUTED_ESTIMATE,0,0,25
SIC-6GK7YTZS-VXSQV745-Y,"CAT 7 ""Mimosa""",CLUB,LOCAL_CLUB,10,#22C55E,Europe,Italy,,,Pavia,"Via S. Lanfranco, Casa parrocchiale",VERIFIED_INSTITUTION_CURRENT,SIC-SAPSJ5F6-GDEFRWNM-E,https://www.ats-pavia.it/gap/ama,ATS Pavia,it,,,,0,13.31916,43.16784,COUNTRY_DISTRIBUTED_ESTIMATE,0,0,50
SIC-3J001BFC-JQ787EMH-8,"CAT 2 ""Melograno""",CLUB,LOCAL_CLUB,10,#22C55E,Europe,Italy,,,Torre d'Isola,"Via De Paoli, Oratorio Don Bosco",VERIFIED_INSTITUTION_CURRENT,SIC-SAPSJ5F6-GDEFRWNM-E,https://www.ats-pavia.it/gap/ama,ATS Pavia,it,,,,0,13.26302,42.58079,COUNTRY_DISTRIBUTED_ESTIMATE,0,0,50
SIC-WQHCGDK0-NPMAD67N-T,"CAT 9 ""Nuova vita""",CLUB,LOCAL_CLUB,10,#22C55E,Europe,Italy,,,Cava Manara,"Via Conti 20, Centro diurno Le Querce",VERIFIED_INSTITUTION_CURRENT,SIC-SAPSJ5F6-GDEFRWNM-E,https://www.ats-pavia.it/gap/ama,ATS Pavia,it,,,,0,13.49209,41.98612,COUNTRY_DISTRIBUTED_ESTIMATE,0,0,50
SIC-J68AH3EV-2461M2VT-G,"CAT 5 ""Iris""",CLUB,LOCAL_CLUB,10,#22C55E,Europe,Italy,,,Travacò Siccomario,Via A. Gramsci 5,VERIFIED_INSTITUTION_CURRENT,SIC-SAPSJ5F6-GDEFRWNM-E,https://www.ats-pavia.it/gap/ama,ATS Pavia,it,,,,0,13.52652,42.87688,COUNTRY_DISTRIBUTED_ESTIMATE,0,0,50
SIC-8TNKTP4F-W7NNFB5F-C,CAT Pieve Emanuele,CLUB,LOCAL_CLUB,10,#22C55E,Europe,Italy,,,Pieve Emanuele,Via Vivaldi 2,VERIFIED_INSTITUTION_CURRENT,SIC-SAPSJ5F6-GDEFRWNM-E,https://www.ats-pavia.it/gap/ama,ATS Pavia,it,,,,0,12.01159,41.70084,COUNTRY_DISTRIBUTED_ESTIMATE,0,0,50
SIC-6H83R2C6-Q6AY3FTD-P,CAT Landriano,CLUB,LOCAL_CLUB,10,#22C55E,Europe,Italy,,,Landriano,"Via Verdi, Scuola Media",VERIFIED_INSTITUTION_CURRENT,SIC-SAPSJ5F6-GDEFRWNM-E,https://www.ats-pavia.it/gap/ama,ATS Pavia,it,,,,0,13.3874,42.51279,COUNTRY_DISTRIBUTED_ESTIMATE,0,0,50
SIC-H76TCZ73-ZX8ZCJNX-C,CAT Mede,CLUB,LOCAL_CLUB,10,#22C55E,Europe,Italy,,,Mede,"Via Cavour 3, Casa della Carità",VERIFIED_INSTITUTION_CURRENT,SIC-SAPSJ5F6-GDEFRWNM-E,https://www.ats-pavia.it/gap/ama,ATS Pavia,it,,,,0,12.48274,41.23073,COUNTRY_DISTRIBUTED_ESTIMATE,0,0,50
SIC-3X81CBQ6-2R6JZQDD-0,CAT Voghera,CLUB,LOCAL_CLUB,10,#22C55E,Europe,Italy,,,Voghera,"Piazza Meardi 2, Sala Zonca",VERIFIED_INSTITUTION_CURRENT,SIC-SAPSJ5F6-GDEFRWNM-E,https://www.ats-pavia.it/gap/ama,ATS Pavia,it,,,,0,12.64984,41.70973,COUNTRY_DISTRIBUTED_ESTIMATE,0,0,50
SIC-SQJ3JZV8-GTC1GEQB-R,CAT Nuovi Orizzonti,CLUB,LOCAL_CLUB,10,#22C55E,Europe,Italy,,,Broni,"Via privata Togni, Centro Cremaschi",VERIFIED_INSTITUTION_CURRENT,SIC-SAPSJ5F6-GDEFRWNM-E,https://www.ats-pavia.it/gap/ama,ATS Pavia,it,,,,0,13.56228,43.072,COUNTRY_DISTRIBUTED_ESTIMATE,0,0,50
SIC-CKGFWDZZ-1AC9N6KG-3,CAT Arcobaleno,CLUB,LOCAL_CLUB,10,#22C55E,Europe,Italy,,,Stradella,Via Montebello 27,VERIFIED_INSTITUTION_CURRENT,SIC-SAPSJ5F6-GDEFRWNM-E,https://www.ats-pavia.it/gap/ama,ATS Pavia,it,,,,0,12.82941,41.40529,COUNTRY_DISTRIBUTED_ESTIMATE,0,0,50
SIC-NJH2P9W0-2GCKZB1W-8,CAT Il Cigno,CLUB,LOCAL_CLUB,10,#22C55E,Europe,Italy,,,Ospitaletto,Via Martiri della Libertà 40,VERIFIED_CURRENT_2026,SIC-SAPSJ5F6-GDEFRWNM-E,https://www.failmeglio.it/dove-sono-i-club/,Club network directory updated March 2026,it,,,,0,11.78092,41.45997,COUNTRY_DISTRIBUTED_ESTIMATE,0,0,50
SIC-VWY7ERZV-XPHS689T-9,CAT Una Porta Aperta,CLUB,LOCAL_CLUB,10,#22C55E,Europe,Italy,,,Pontevico,Piazzetta del Comune 2,VERIFIED_CURRENT_2026,SIC-SAPSJ5F6-GDEFRWNM-E,https://www.failmeglio.it/dove-sono-i-club/,Club network directory updated March 2026,it,,,,0,12.13563,42.28161,COUNTRY_DISTRIBUTED_ESTIMATE,0,0,50
SIC-VPR9BVK4-E1WDPVT8-M,CAT Rinascita 2,CLUB,LOCAL_CLUB,10,#22C55E,Europe,Italy,,,Verolavecchia,Piazza Giuseppe Verdi,VERIFIED_CURRENT_2026,SIC-SAPSJ5F6-GDEFRWNM-E,https://www.failmeglio.it/dove-sono-i-club/,Club network directory updated March 2026,it,,,,0,11.97698,41.74109,COUNTRY_DISTRIBUTED_ESTIMATE,0,0,50
SIC-GQZBEQW3-QFCFK3W6-D,Hudolin model — current/recent practice evidence,COUNTRY_NETWORK,NATIONAL,50,#F59E0B,South America,Ecuador,,,,,RECENT_SCIENTIFIC_EVIDENCE_2024,SIC-M8R38W6B-1PD05NTJ-Q,https://www.lisbonaddictions.eu/presentations/60-years-support-alcohol-use-disorder-recovery-croatia,Lisbon Addictions 2024 scientific conference,es,,,Scientific 2024 presentation explicitly lists the country among examples where the Hudolin/Zagreb model is practised.,0,-78.19877,-1.22532,COUNTRY_DISTRIBUTED_ESTIMATE,0,0,25
SIC-71CKAA6Y-6R2G5TC6-Q,Hudolin model — current/recent practice evidence,COUNTRY_NETWORK,NATIONAL,50,#F59E0B,Europe,Russia,,,,,RECENT_SCIENTIFIC_EVIDENCE_2024,SIC-8CSKHVF4-1TC7JZVG-4,https://www.lisbonaddictions.eu/presentations/60-years-support-alcohol-use-disorder-recovery-croatia,Lisbon Addictions 2024 scientific conference,ru,,,Scientific 2024 presentation explicitly lists the country among examples where the Hudolin/Zagreb model is practised.,0,100.13386,59.0889,COUNTRY_DISTRIBUTED_ESTIMATE,0,0,25
SIC-G49WJ7S3-XN2AT314-0,Hudolin model — current/recent practice evidence,COUNTRY_NETWORK,NATIONAL,50,#F59E0B,Europe,Norway,,,,,RECENT_SCIENTIFIC_EVIDENCE_2024,SIC-QNJSMTAX-400ART1D-B,https://www.lisbonaddictions.eu/presentations/60-years-support-alcohol-use-disorder-recovery-croatia,Lisbon Addictions 2024 scientific conference,no,,,Scientific 2024 presentation explicitly lists the country among examples where the Hudolin/Zagreb model is practised.,0,21.71183,73.01559,COUNTRY_DISTRIBUTED_ESTIMATE,0,0,25
SIC-MGZ90ZHG-X73APX67-2,Hudolin model — current/recent practice evidence,COUNTRY_NETWORK,NATIONAL,50,#F59E0B,Asia,Sri Lanka,,,,,RECENT_SCIENTIFIC_EVIDENCE_2024,SIC-V11D4C3Q-4G4WN40F-X,https://www.lisbonaddictions.eu/presentations/60-years-support-alcohol-use-disorder-recovery-croatia,Lisbon Addictions 2024 scientific conference,si/en,,,Scientific 2024 presentation explicitly lists the country among examples where the Hudolin/Zagreb model is practised.,0,81.96807,8.39948,COUNTRY_DISTRIBUTED_ESTIMATE,0,0,25
SIC-7KJPXQHA-X2DD2NW9-Z,Hudolin model — current/recent practice evidence,COUNTRY_NETWORK,NATIONAL,50,#F59E0B,Asia,Thailand,,,,,RECENT_SCIENTIFIC_EVIDENCE_2024,SIC-NVJNRF7B-X3AWM0QG-J,https://www.lisbonaddictions.eu/presentations/60-years-support-alcohol-use-disorder-recovery-croatia,Lisbon Addictions 2024 scientific conference,th,,,Scientific 2024 presentation explicitly lists the country among examples where the Hudolin/Zagreb model is practised.,0,100.64914,11.7996,COUNTRY_DISTRIBUTED_ESTIMATE,0,0,25
SIC-Z2W2FEKQ-WAEAHA5D-T,Hudolin model — current/recent practice evidence,COUNTRY_NETWORK,NATIONAL,50,#F59E0B,Europe,Denmark,,,,,RECENT_SCIENTIFIC_EVIDENCE_2024,SIC-SG6XEF3M-J7KZ4WMR-S,https://www.lisbonaddictions.eu/presentations/60-years-support-alcohol-use-disorder-recovery-croatia,Lisbon Addictions 2024 scientific conference,da,,,Scientific 2024 presentation explicitly lists the country among examples where the Hudolin/Zagreb model is practised.,0,10.18521,56.31596,COUNTRY_DISTRIBUTED_ESTIMATE,0,0,25
SIC-7W2GBP8V-8X5MJCRW-T,Alcohol Therapy Club — Suan Prung Hospital research setting,CLUB_MODEL,LOCAL_CLUB,10,#22C55E,Asia,Thailand,,,Chiang Mai,,RECENT_CLUB_MODEL_EVIDENCE_2021,SIC-NVJNRF7B-X3AWM0QG-J,https://he01.tci-thaijo.org/index.php/APPJ/article/view/242407,Academic Psychiatry and Psychology Journal 2021,th/en,,,"Study titled 'Effects of Alcohol Therapy Club on Drinking Behavior and Family Functioning among People with Alcohol Dependence'; authors affiliated with Suan Prung Hospital. Treat as concrete club-model evidence, not yet a verified public directory record.",0,101.13313,12.43555,COUNTRY_DISTRIBUTED_ESTIMATE,0,0,25
SIC-91W6S6J5-3WFFRZMF-T,KLA Stari Grad Sarajevo,CLUB,LOCAL_CLUB,10,#22C55E,Europe,Bosnia and Herzegovina,,,Sarajevo,,ACTIVE_PROBABLE_2024,SIC-A53THB43-9DMD9PY1-W,https://klastarigrad.wordpress.com/tag/vladimir-hudolin/,Public club website / activity archive,bs,,,Public club site contains meeting/activity posts through June 2024 and annual assembly material for 2023/2024.,0,17.00963,44.21173,COUNTRY_DISTRIBUTED_ESTIMATE,0,0,25
SIC-TB93PN8D-5416GYWB-5,Russian Family Sobriety Clubs network,COUNTRY_NETWORK,NATIONAL,50,#F59E0B,Europe,Russia,,,,,RECENT_RESEARCH_EVIDENCE_2025,SIC-8CSKHVF4-1TC7JZVG-4,https://www.researchgate.net/topic/Alcohol-Addiction/publications,Research listing 2025 / family sobriety clubs,ru/en,,,Recent research listing states more than 50 clubs in Russia; exact current directory and club-level addresses still require verification.,0,87.35927,58.36818,COUNTRY_DISTRIBUTED_ESTIMATE,0,0,25
SIC-A6EBGXHN-NPPK11J2-7,Hudolin groups — mutual-help terminology presence,COUNTRY_PRESENCE,NATIONAL,50,#F59E0B,Europe,Ireland,,,,,PUBLIC_REFERENCE_CURRENT,SIC-FGATR2BF-J2H32DF6-8,https://www.drugsandalcohol.ie/glossary/search?search_string=dependence,Irish public drugs and alcohol information glossary,en,,,Irish public alcohol/drugs glossary explicitly includes Hudolin groups among mutual-help groups; does not establish a current named club network.,0,-7.10395,53.8411,COUNTRY_DISTRIBUTED_ESTIMATE,0,0,25
SIC-C32GAD5W-VGNTR89P-5,Приходские семейные клубы трезвости во имя свмч. Иоанна Восторгова на Соколе,CLUB,LOCAL_CLUB,10,#22C55E,Europe,Russia,,,Moscow,"Ленинградский проспект, 73а",ACTIVE_VERIFIED_2026,SIC-AMKXG3MK-DZEJ2KCT-5,https://modskt.ru/page-clubs/,MOD SKT official/current club directory,ru,вторник 18:00–21:00 / пятница 18:00–20:00,+7 (916) 547-02-13; +7 (926) 553-53-67,Public directory crawled in 2026; methodology of movement explicitly traces to Vladimir Hudolin.,0,90.4707,64.20423,COUNTRY_DISTRIBUTED_ESTIMATE,0,0,100
SIC-V33DQCGX-V32WVA08-D,Семейный клуб трезвости Трубино,CLUB,LOCAL_CLUB,10,#22C55E,Europe,Russia,,,Trubino,"Московская область, г.о. Щёлково, с. Трубино, стр. 26А",ACTIVE_VERIFIED_2026,SIC-AMKXG3MK-DZEJ2KCT-5,https://modskt.ru/page-clubs/,MOD SKT official/current club directory,ru,пятница 19:30–21:00,+7 (915) 072-02-08; +7 (916) 805-73-26,Public directory crawled in 2026; methodology of movement explicitly traces to Vladimir Hudolin.,0,95.06648,57.58753,COUNTRY_DISTRIBUTED_ESTIMATE,0,0,100
SIC-V4KQNFB5-VKF9J01R-C,Приходской семейный клуб трезвости в Клину,CLUB,LOCAL_CLUB,10,#22C55E,Europe,Russia,,,Klin,"Московская область, пр. Танеева, 15",ACTIVE_VERIFIED_2026,SIC-AMKXG3MK-DZEJ2KCT-5,https://modskt.ru/page-clubs/,MOD SKT official/current club directory,ru,вторник 17:30–20:00; воскресенье 15:00–17:00,+7 (963) 770-29-61,Public directory crawled in 2026; methodology of movement explicitly traces to Vladimir Hudolin.,0,89.54539,65.51537,COUNTRY_DISTRIBUTED_ESTIMATE,0,0,100
SIC-6Q370SWC-NKJDQ3XE-N,Приходской семейный клуб трезвости в Королеве,CLUB,LOCAL_CLUB,10,#22C55E,Europe,Russia,,,Korolyov,"Московская область, ул. Калининградская, д.1",ACTIVE_VERIFIED_2026,SIC-AMKXG3MK-DZEJ2KCT-5,https://modskt.ru/page-clubs/,MOD SKT official/current club directory,ru,воскресенье 18:30–20:00,+7 (906) 720-93-96,Public directory crawled in 2026; methodology of movement explicitly traces to Vladimir Hudolin.,0,89.47081,56.74285,COUNTRY_DISTRIBUTED_ESTIMATE,0,0,100
SIC-S37RM153-0MFNR4ZX-B,Приходской семейный клуб трезвости «Пробуждение»,CLUB,LOCAL_CLUB,10,#22C55E,Europe,Russia,,,Kurovskoye,"Московская область, ул. Лесная",ACTIVE_VERIFIED_2026,SIC-AMKXG3MK-DZEJ2KCT-5,https://modskt.ru/page-clubs/,MOD SKT official/current club directory,ru,пятница 18:00–19:30,+7 (926) 594-85-91,Public directory crawled in 2026; methodology of movement explicitly traces to Vladimir Hudolin.,0,91.48089,58.46991,COUNTRY_DISTRIBUTED_ESTIMATE,0,0,100
SIC-J4EPEF81-WRVR7D76-8,Приходской семейный клуб трезвости «Соратник»,CLUB,LOCAL_CLUB,10,#22C55E,Europe,Russia,,,Podolsk,"Московская область, ул. Большая Серпуховская, д.93",ACTIVE_VERIFIED_2026,SIC-AMKXG3MK-DZEJ2KCT-5,https://modskt.ru/page-clubs/,MOD SKT official/current club directory,ru,четверг 19:00–21:00,+7 (915) 275-47-52; +7 (906) 097-00-36,Public directory crawled in 2026; methodology of movement explicitly traces to Vladimir Hudolin.,0,101.5139,65.12176,COUNTRY_DISTRIBUTED_ESTIMATE,0,0,100
SIC-HV8NENFB-N5EWJ8E1-F,Приходской семейный клуб трезвости в Котово,CLUB,LOCAL_CLUB,10,#22C55E,Europe,Russia,,,Dolgoprudny,"Московская область, ул. Парковая, д.1",ACTIVE_VERIFIED_2026,SIC-AMKXG3MK-DZEJ2KCT-5,https://modskt.ru/page-clubs/,MOD SKT official/current club directory,ru,,,Public directory crawled in 2026; methodology of movement explicitly traces to Vladimir Hudolin.,0,98.98946,63.74607,COUNTRY_DISTRIBUTED_ESTIMATE,0,0,50
SIC-TQB8RRKY-CAZ67C86-5,Семейный клуб трезвости Черноголовка,CLUB,LOCAL_CLUB,10,#22C55E,Europe,Russia,,,Chernogolovka,"Московская область, ул. Центральная, д.18, подъезд 6",ACTIVE_VERIFIED_2026,SIC-AMKXG3MK-DZEJ2KCT-5,https://modskt.ru/page-clubs/,MOD SKT official/current club directory,ru,понедельник 19:00,+7 (915) 910-48-82; +7 (903) 789-46-32,Public directory crawled in 2026; methodology of movement explicitly traces to Vladimir Hudolin.,0,99.22382,64.36111,COUNTRY_DISTRIBUTED_ESTIMATE,0,0,100
SIC-219G5AVX-8644WYCJ-S,Приходской семейный клуб трезвости в Одинцово,CLUB,LOCAL_CLUB,10,#22C55E,Europe,Russia,,,Odintsovo,"Московская область, Можайское ш., д.72",ACTIVE_VERIFIED_2026,SIC-AMKXG3MK-DZEJ2KCT-5,https://modskt.ru/page-clubs/,MOD SKT official/current club directory,ru,вторник 19:00,+7 936 002-01-15,Public directory crawled in 2026; methodology of movement explicitly traces to Vladimir Hudolin.,0,90.11988,58.27252,COUNTRY_DISTRIBUTED_ESTIMATE,0,0,100
SIC-J7HX8500-PACB57XY-9,Приходской семейный клуб трезвости в Кумертау,CLUB,LOCAL_CLUB,10,#22C55E,Europe,Russia,,,Kumertau,Республика Башкортостан,ACTIVE_VERIFIED_2026,SIC-AMKXG3MK-DZEJ2KCT-5,https://modskt.ru/page-clubs/,MOD SKT official/current club directory,ru,вторник,+7 (987) 491-37-95,Public directory crawled in 2026; methodology of movement explicitly traces to Vladimir Hudolin.,0,97.45423,60.83014,COUNTRY_DISTRIBUTED_ESTIMATE,0,0,100
SIC-9A3FYCD1-X1G5CTQM-3,Приходской семейный клуб трезвости «Новая жизнь»,CLUB,LOCAL_CLUB,10,#22C55E,Europe,Russia,,,Ishimbay,"Республика Башкортостан, ул. Советская 68а",ACTIVE_VERIFIED_2026,SIC-AMKXG3MK-DZEJ2KCT-5,https://modskt.ru/page-clubs/,MOD SKT official/current club directory,ru,понедельник 19:00–21:00,+7 (987) 496-28-77; +7 (917) 364-03-74,Public directory crawled in 2026; methodology of movement explicitly traces to Vladimir Hudolin.,0,97.31895,56.3113,COUNTRY_DISTRIBUTED_ESTIMATE,0,0,100
SIC-ZBBZCCQR-K5CDDNBF-H,Приходской семейный клуб трезвости Стерлитамак — суббота,CLUB,LOCAL_CLUB,10,#22C55E,Europe,Russia,,,Sterlitamak,"Республика Башкортостан, ул. Строителей, 73",ACTIVE_VERIFIED_2026,SIC-AMKXG3MK-DZEJ2KCT-5,https://modskt.ru/page-clubs/,MOD SKT official/current club directory,ru,суббота 19:00–21:00,+7 (917) 385-72-90,Public directory crawled in 2026; methodology of movement explicitly traces to Vladimir Hudolin.,0,88.07481,59.02027,COUNTRY_DISTRIBUTED_ESTIMATE,0,0,100
SIC-N90JCQVB-P41ECZSZ-A,Приходской семейный клуб трезвости Стерлитамак — вторник,CLUB,LOCAL_CLUB,10,#22C55E,Europe,Russia,,,Sterlitamak,"Республика Башкортостан, ул. Строителей, 73",ACTIVE_VERIFIED_2026,SIC-AMKXG3MK-DZEJ2KCT-5,https://modskt.ru/page-clubs/,MOD SKT official/current club directory,ru,вторник 19:00–21:00,+7 (987) 498-15-61,Public directory crawled in 2026; methodology of movement explicitly traces to Vladimir Hudolin.,0,90.10605,56.99302,COUNTRY_DISTRIBUTED_ESTIMATE,0,0,100
SIC-0H49MFV5-PXZJWDRW-M,Приходской семейный клуб трезвости «Надежда»,CLUB,LOCAL_CLUB,10,#22C55E,Europe,Russia,,,Vladimir,"Константино-Еленинский проезд, 6",ACTIVE_VERIFIED_2026,SIC-AMKXG3MK-DZEJ2KCT-5,https://modskt.ru/page-clubs/,MOD SKT official/current club directory,ru,понедельник,+7 (910) 773-67-06; +7 (920) 931-95-15,Public directory crawled in 2026; methodology of movement explicitly traces to Vladimir Hudolin.,0,100.76863,56.59271,COUNTRY_DISTRIBUTED_ESTIMATE,0,0,100
SIC-11MKNHDB-AXT8VT6G-1,Приходской семейный клуб трезвости в Томске,CLUB,LOCAL_CLUB,10,#22C55E,Europe,Russia,,,Tomsk,"ул. Войкова, д.16",ACTIVE_VERIFIED_2026,SIC-AMKXG3MK-DZEJ2KCT-5,https://modskt.ru/page-clubs/,MOD SKT official/current club directory,ru,суббота 16:00–18:00,+7 (960) 979-50-21,Public directory crawled in 2026; methodology of movement explicitly traces to Vladimir Hudolin.,0,87.27344,58.27047,COUNTRY_DISTRIBUTED_ESTIMATE,0,0,100
SIC-BW6NMVR4-8SQM5SV5-8,Приходской семейный клуб трезвости в Петропавловске-Камчатском,CLUB,LOCAL_CLUB,10,#22C55E,Europe,Russia,,,Petropavlovsk-Kamchatsky,"просп. 50 Лет Октября, 2",ACTIVE_VERIFIED_2026,SIC-AMKXG3MK-DZEJ2KCT-5,https://modskt.ru/page-clubs/,MOD SKT official/current club directory,ru,воскресенье 18:00–20:00,+7 (914) 620-62-93,Public directory crawled in 2026; methodology of movement explicitly traces to Vladimir Hudolin.,0,99.33877,61.55275,COUNTRY_DISTRIBUTED_ESTIMATE,0,0,100
SIC-FF0HS0K5-2NPEQ8BK-2,Приходской семейный клуб трезвости в Нижнем Новгороде,CLUB,LOCAL_CLUB,10,#22C55E,Europe,Russia,,,Nizhny Novgorod,"ул. Гордеевская, 141",ACTIVE_VERIFIED_2026,SIC-AMKXG3MK-DZEJ2KCT-5,https://modskt.ru/page-clubs/,MOD SKT official/current club directory,ru,пятница 18:30–20:30,+7 (904) 795-86-51,Public directory crawled in 2026; methodology of movement explicitly traces to Vladimir Hudolin.,0,90.83911,62.32655,COUNTRY_DISTRIBUTED_ESTIMATE,0,0,100
SIC-XMZFFW04-HX525KYH-B,Семейный клуб трезвости во имя Иоанна в Сарове,CLUB,LOCAL_CLUB,10,#22C55E,Europe,Russia,,,Sarov,,ACTIVE_VERIFIED_2026,SIC-AMKXG3MK-DZEJ2KCT-5,https://modskt.ru/page-clubs/,MOD SKT official/current club directory,ru,пятница 18:30–20:30,+7 (952) 464-01-56,Public directory crawled in 2026; methodology of movement explicitly traces to Vladimir Hudolin.,0,98.66375,57.85079,COUNTRY_DISTRIBUTED_ESTIMATE,0,0,75
SIC-RMZN59W6-V8PJ3B0G-P,Приходской семейный клуб трезвости в Тюмени,CLUB,LOCAL_CLUB,10,#22C55E,Europe,Russia,,,Tyumen,"ул. Малышева, 28",ACTIVE_VERIFIED_2026,SIC-AMKXG3MK-DZEJ2KCT-5,https://modskt.ru/page-clubs/,MOD SKT official/current club directory,ru,четверг,+7 (912) 399-77-03,Public directory crawled in 2026; methodology of movement explicitly traces to Vladimir Hudolin.,0,97.9389,65.55152,COUNTRY_DISTRIBUTED_ESTIMATE,0,0,100
SIC-HBF01QFG-7KHKMWAT-R,Hudolin/KLA network cluster — Skopje (5 clubs),NETWORK_CLUSTER,TERRITORIAL,20,#14B8A6,Europe,North Macedonia,,,Skopje,,VERIFIED_WACAT_2019,SIC-EV247EFZ-CAWAFST6-8,https://modskt.ru/wp-content/uploads/2019/11/WACAT-Newsletter-5.-2019.pdf,WACAT Newsletter 5/2019,mk/en,,,WACAT reports 5 club(s) in Skopje; individual club names/addresses not supplied in this source.,0,22.90236,42.31907,COUNTRY_DISTRIBUTED_ESTIMATE,0,0,25
SIC-X23PB8MN-9GGZR3J9-T,Hudolin/KLA network cluster — Bitola (1 club),NETWORK_CLUSTER,TERRITORIAL,20,#14B8A6,Europe,North Macedonia,,,Bitola,,VERIFIED_WACAT_2019,SIC-EV247EFZ-CAWAFST6-8,https://modskt.ru/wp-content/uploads/2019/11/WACAT-Newsletter-5.-2019.pdf,WACAT Newsletter 5/2019,mk/en,,,WACAT reports 1 club(s) in Bitola; individual club names/addresses not supplied in this source.,0,21.39581,40.97582,COUNTRY_DISTRIBUTED_ESTIMATE,0,0,25
SIC-RTHYSH2S-4XK2H5TJ-4,Hudolin/KLA network cluster — Kumanovo (1 club),NETWORK_CLUSTER,TERRITORIAL,20,#14B8A6,Europe,North Macedonia,,,Kumanovo,,VERIFIED_WACAT_2019,SIC-EV247EFZ-CAWAFST6-8,https://modskt.ru/wp-content/uploads/2019/11/WACAT-Newsletter-5.-2019.pdf,WACAT Newsletter 5/2019,mk/en,,,WACAT reports 1 club(s) in Kumanovo; individual club names/addresses not supplied in this source.,0,22.32525,40.91628,COUNTRY_DISTRIBUTED_ESTIMATE,0,0,25
SIC-HB9WN057-YZ3PCGY8-7,Hudolin/KLA network cluster — Negotino (1 club),NETWORK_CLUSTER,TERRITORIAL,20,#14B8A6,Europe,North Macedonia,,,Negotino,,VERIFIED_WACAT_2019,SIC-EV247EFZ-CAWAFST6-8,https://modskt.ru/wp-content/uploads/2019/11/WACAT-Newsletter-5.-2019.pdf,WACAT Newsletter 5/2019,mk/en,,,WACAT reports 1 club(s) in Negotino; individual club names/addresses not supplied in this source.,0,20.64349,41.44295,COUNTRY_DISTRIBUTED_ESTIMATE,0,0,25
SIC-PQJD0A27-Y9Y0PRGW-D,Hudolin/KLA network cluster — Prilep (1 club),NETWORK_CLUSTER,TERRITORIAL,20,#14B8A6,Europe,North Macedonia,,,Prilep,,VERIFIED_WACAT_2019,SIC-EV247EFZ-CAWAFST6-8,https://modskt.ru/wp-content/uploads/2019/11/WACAT-Newsletter-5.-2019.pdf,WACAT Newsletter 5/2019,mk/en,,,WACAT reports 1 club(s) in Prilep; individual club names/addresses not supplied in this source.,0,21.00351,42.32413,COUNTRY_DISTRIBUTED_ESTIMATE,0,0,25
SIC-DGBMZ2DB-WQ7N86XT-N,Здружение на клубови на лекувани алкохоличари на Македонија,NATIONAL,NATIONAL,50,#F59E0B,Europe,North Macedonia,,,Skopje,11-ти Октомври 42-а,PUBLIC_DIRECTORY_CURRENT,SIC-EV247EFZ-CAWAFST6-8,https://zk.mk/zdruzhenie-na-klubovi-na-lekuvani-alkoholichari-na-makedonija,Public Macedonian organization directory,mk,,,National association of clubs; public directory address.,0,22.62094,41.41056,COUNTRY_DISTRIBUTED_ESTIMATE,0,0,50
SIC-FT25NQJP-0XKVMY2F-Q,Ecuador Hudolin CAT network — 10 clubs,COUNTRY_NETWORK,NATIONAL,50,#F59E0B,South America,Ecuador,,,,,HISTORICAL_NETWORK_COUNT_2000_ERA,SIC-M8R38W6B-1PD05NTJ-Q,https://www.yumpu.com/it/document/view/15897074/vladimir-hudolin-aicat,AICAT historical document mirror,es/it,,,AICAT historical document reports 10 clubs in Ecuador after seven new clubs opened; current individual directory not yet found.,0,-78.27849,-2.40797,COUNTRY_DISTRIBUTED_ESTIMATE,0,0,25
SIC-KG5CM2TE-QGX276H4-W,Asociația Cluburilor Alcoolicilor în Recuperare “Don Orione”,NATIONAL_NETWORK,NATIONAL,50,#F59E0B,Europe,Romania,,,Iași,,ACTIVE_VERIFIED_CURRENT,SIC-MN9EJQHA-AFWA3NMG-V,https://www.acardonorione.ro/despre-noi,ACAR Don Orione official,ro,,0232-228.204; 0770-621.149; 0774-066.951; acardonorione@gmail.com,Hudolin method in Romania since 2004; WACAT member since 2006. Official site reports active support-club network in Moldova.,0,25.29092,45.36425,COUNTRY_DISTRIBUTED_ESTIMATE,7,7,50
SIC-WQZPJ13Z-N3MVK385-2,ACAR Hudolin support-club cluster — Iași (8 clubs),NETWORK_CLUSTER,TERRITORIAL,20,#14B8A6,Europe,Romania,,,Iași,,ACTIVE_VERIFIED_CURRENT,SIC-KG5CM2TE-QGX276H4-W,https://www.acardonorione.ro/accesare-servicii/servicii-oferite,ACAR Don Orione official current services page,ro,,,Official ACAR current page reports 8 active Hudolin-method support clubs in Iași; individual club names/addresses not all publicly listed.,0,24.11464,46.04626,COUNTRY_DISTRIBUTED_ESTIMATE,0,0,25
SIC-Y0NKKYRJ-1V25F0CS-7,ACAR Hudolin support-club cluster — Roman (3 clubs),NETWORK_CLUSTER,TERRITORIAL,20,#14B8A6,Europe,Romania,,,Roman,,ACTIVE_VERIFIED_CURRENT,SIC-KG5CM2TE-QGX276H4-W,https://www.acardonorione.ro/accesare-servicii/servicii-oferite,ACAR Don Orione official current services page,ro,,,Official ACAR current page reports 3 active Hudolin-method support club(s) in Roman; individual club names/addresses not publicly listed on this page.,0,25.24501,46.11003,COUNTRY_DISTRIBUTED_ESTIMATE,0,0,25
SIC-CNDWNEHS-D2CWTKA8-X,ACAR Hudolin support-club cluster — Rădăuți (1 club),NETWORK_CLUSTER,TERRITORIAL,20,#14B8A6,Europe,Romania,,,Rădăuți,,ACTIVE_VERIFIED_CURRENT,SIC-KG5CM2TE-QGX276H4-W,https://www.acardonorione.ro/accesare-servicii/servicii-oferite,ACAR Don Orione official current services page,ro,,,Official ACAR current page reports 1 active Hudolin-method support club(s) in Rădăuți; individual club names/addresses not publicly listed on this page.,0,25.52633,45.82714,COUNTRY_DISTRIBUTED_ESTIMATE,0,0,25
SIC-5SN2GNZY-QVYWHHA8-5,ACAR Hudolin support-club cluster — Bacău (1 club),NETWORK_CLUSTER,TERRITORIAL,20,#14B8A6,Europe,Romania,,,Bacău,,ACTIVE_VERIFIED_CURRENT,SIC-KG5CM2TE-QGX276H4-W,https://www.acardonorione.ro/accesare-servicii/servicii-oferite,ACAR Don Orione official current services page,ro,,,Official ACAR current page reports 1 active Hudolin-method support club(s) in Bacău; individual club names/addresses not publicly listed on this page.,0,26.16066,45.44524,COUNTRY_DISTRIBUTED_ESTIMATE,0,0,25
SIC-DGRGP479-KFW7TPER-1,ACAR Hudolin support-club cluster — Răducăneni (1 club),NETWORK_CLUSTER,TERRITORIAL,20,#14B8A6,Europe,Romania,,,Răducăneni,,ACTIVE_VERIFIED_CURRENT,SIC-KG5CM2TE-QGX276H4-W,https://www.acardonorione.ro/accesare-servicii/servicii-oferite,ACAR Don Orione official current services page,ro,,,Official ACAR current page reports 1 active Hudolin-method support club(s) in Răducăneni; individual club names/addresses not publicly listed on this page.,0,24.04986,46.18507,COUNTRY_DISTRIBUTED_ESTIMATE,0,0,25
SIC-QM6P9FTT-QQYVJ0WJ-9,WACAT Latin America representation — Ecuador,COUNTRY_NETWORK,NATIONAL,50,#F59E0B,South America,Ecuador,,,,,VERIFIED_WACAT_2019,SIC-M8R38W6B-1PD05NTJ-Q,https://modskt.ru/wp-content/uploads/2019/11/WACAT-Newsletter-5.-2019.pdf,WACAT official newsletter,es,,,Wilson Chamba represented Ecuador/Latin America on WACAT board in 2019.,0,-79.61439,-1.60133,COUNTRY_DISTRIBUTED_ESTIMATE,0,0,25
SIC-1SY5XVE2-W9N3GG12-Z,WACAT Thailand representation,COUNTRY_NETWORK,NATIONAL,50,#F59E0B,Asia,Thailand,,,,,VERIFIED_WACAT_2019,SIC-NVJNRF7B-X3AWM0QG-J,https://modskt.ru/wp-content/uploads/2019/11/WACAT-Newsletter-5.-2019.pdf,WACAT official newsletter,th/en,,,Soontaree Srikosai was re-elected substitute WACAT board member in 2019.,0,100.47352,13.51055,COUNTRY_DISTRIBUTED_ESTIMATE,0,0,25
SIC-J2PHYS6G-X5KS7QR6-J,WACAT Sri Lanka representation,COUNTRY_NETWORK,NATIONAL,50,#F59E0B,Asia,Sri Lanka,,,,,VERIFIED_WACAT_2019,SIC-V11D4C3Q-4G4WN40F-X,https://modskt.ru/wp-content/uploads/2019/11/WACAT-Newsletter-5.-2019.pdf,WACAT official newsletter,si/en,,,Pubudu Sumanasekera represented Sri Lanka in WACAT leadership before 2019 substitution.,0,81.4934,7.06747,COUNTRY_DISTRIBUTED_ESTIMATE,0,0,25
SIC-XPWYVSW4-49811DGB-A,WACAT Denmark representation,COUNTRY_NETWORK,NATIONAL,50,#F59E0B,Europe,Denmark,,,,,VERIFIED_WACAT_2019,SIC-SG6XEF3M-J7KZ4WMR-S,https://modskt.ru/wp-content/uploads/2019/11/WACAT-Newsletter-5.-2019.pdf,WACAT official newsletter,da/en,,,Lasse Rossen served on WACAT board; Birgit Juul Nielsen on nomination committee.,0,9.54134,56.71621,COUNTRY_DISTRIBUTED_ESTIMATE,0,0,25
SIC-8KYFX94T-F0A25RKQ-R,WACAT Norway representation,COUNTRY_NETWORK,NATIONAL,50,#F59E0B,Europe,Norway,,,,,VERIFIED_WACAT_2019,SIC-QNJSMTAX-400ART1D-B,https://modskt.ru/wp-content/uploads/2019/11/WACAT-Newsletter-5.-2019.pdf,WACAT official newsletter,no/en,,,Helge Kolstad was WACAT president prior to 2019 congress.,0,18.33072,71.93834,COUNTRY_DISTRIBUTED_ESTIMATE,0,0,25
SIC-KNDF5GHS-XGZCNK60-P,WACAT Russia representation,COUNTRY_NETWORK,NATIONAL,50,#F59E0B,Europe,Russia,,,,,VERIFIED_WACAT_2019,SIC-8CSKHVF4-1TC7JZVG-4,https://modskt.ru/wp-content/uploads/2019/11/WACAT-Newsletter-5.-2019.pdf,WACAT official newsletter,ru/en,,,Maria Medvedova represented Russia on WACAT board in 2019.,0,97.65789,57.3257,COUNTRY_DISTRIBUTED_ESTIMATE,0,0,25
SIC-CGH21JJH-MJZAAX5A-S,Hudolin club movement restart initiative — Montenegro,COUNTRY_NETWORK,NATIONAL,50,#F59E0B,Europe,Montenegro,,,,,RESTART_INITIATIVE_2018_NEEDS_CURRENT_VERIFICATION,SIC-RJWRN7NV-AGQ2XENJ-E,https://modskt.ru/wp-content/uploads/2018/11/WACAT-Newsletter-02.18.pdf,WACAT official newsletter,me/en,,,WACAT 2018 reports hospital director Dragan Cabarkapa was determined to restart club work in Montenegro; current active clubs not yet verified.,0,18.89193,42.99134,COUNTRY_DISTRIBUTED_ESTIMATE,0,0,25
SIC-TCNG5XQ1-EC34SMV2-D,Traditional Slovenian Hudolin club association,NATIONAL_NETWORK,NATIONAL,50,#F59E0B,Europe,Slovenia,,,,,VERIFIED_WACAT_2018,SIC-JZ4DXD20-TGYG5W95-D,https://modskt.ru/wp-content/uploads/2018/11/WACAT-Newsletter-02.18.pdf,WACAT official newsletter,sl/en,,,WACAT describes one Slovenian association as continuation of the Yugoslav movement working closely with health services.,0,14.73425,46.05733,COUNTRY_DISTRIBUTED_ESTIMATE,0,0,25
SIC-1E9YAM1A-MFTC4CT8-B,Volunteer-oriented Slovenian Hudolin club association,NATIONAL_NETWORK,NATIONAL,50,#F59E0B,Europe,Slovenia,,,,,VERIFIED_WACAT_2018,SIC-JZ4DXD20-TGYG5W95-D,https://modskt.ru/wp-content/uploads/2018/11/WACAT-Newsletter-02.18.pdf,WACAT official newsletter,sl/en,,,WACAT describes a newer Slovenian association inspired from Italy and working more with volunteers.,0,13.85597,46.83157,COUNTRY_DISTRIBUTED_ESTIMATE,0,0,25
SIC-M521P6RG-Q8F63PYA-Z,Clubul Alcoolicilor în Recuperare „Primul Pas”,CLUB,LOCAL_CLUB,10,#22C55E,Europe,Romania,,,Iași,,ACTIVE_PROBABLE_CURRENT,SIC-KG5CM2TE-QGX276H4-W,https://www.acardonorione.ro/accesare-servicii/servicii-oferite,ACAR Don Orione official/public web evidence,ro,,,Named ACAR recovery club; individual current meeting address still to verify.,0,24.34221,46.28616,COUNTRY_DISTRIBUTED_ESTIMATE,0,0,25
SIC-BV1SD5MK-182PWE73-K,Clubul Alcoolicilor în Recuperare „Don Orione”,CLUB,LOCAL_CLUB,10,#22C55E,Europe,Romania,,,Iași,,ACTIVE_PROBABLE_CURRENT,SIC-KG5CM2TE-QGX276H4-W,https://www.acardonorione.ro/accesare-servicii/servicii-oferite,ACAR Don Orione official/public web evidence,ro,,,Named ACAR/Hudolin recovery club associated with Don Orione network.,0,24.05334,46.20984,COUNTRY_DISTRIBUTED_ESTIMATE,0,0,25
SIC-0T6XTJ4C-YQZXH6ZR-V,Clube de abstinentes / Grupo de Apoio (Hudolin-based local mutual-help club),CLUB_MODEL,LOCAL_CLUB,10,#22C55E,South America,Brazil,,,São Lourenço do Sul,,ACADEMICALLY_DOCUMENTED_2010_NEEDS_CURRENT_RECHECK,SIC-HS528K21-MDV86QKH-W,https://www.scielo.br/j/csc/a/c76T5jJHTfNspbnSWdmjJqv/,Ciência & Saúde Coletiva / SciELO,pt,,,Academic paper on local alcohol-care network documents mutual-help groups including a Clube de Abstinentes and explicitly cites Hudolin among references; current club identity/status requires recheck.,0,-52.54707,-11.39667,COUNTRY_DISTRIBUTED_ESTIMATE,0,0,25
SIC-X290DN83-QV3QTA4K-Q,Hudolin-informed alcohol mutual-help network — Joinville,COUNTRY_NETWORK,NATIONAL,50,#F59E0B,South America,Brazil,,,Joinville,,ACADEMIC_HISTORICAL_NETWORK_EVIDENCE,SIC-HS528K21-MDV86QKH-W,https://www.scielo.br/j/csc/a/CRqN9X4rLGh9r7bHtt9L8vK/,Brazilian public-health academic literature,pt,,,"Alcohol-care network literature in Brazil cites Hudolin approach; use as research lead, not current club directory.",0,-53.46929,-9.77529,COUNTRY_DISTRIBUTED_ESTIMATE,0,0,25
SIC-C3YDHRA7-8Q8Z855Y-A,"ชมรมบำบัดผู้ติดสุรา — Alcohol Therapy Club, Suan Prung Hospital",CLUB_MODEL,LOCAL_CLUB,10,#22C55E,Asia,Thailand,,,Chiang Mai,,ACADEMICALLY_VERIFIED_2021,SIC-NVJNRF7B-X3AWM0QG-J,https://he01.tci-thaijo.org/index.php/APPJ/article/view/242407,Academic Psychiatry and Psychology Journal,th/en,,,Named Alcohol Therapy Club intervention studied at Suan Prung Hospital; verify whether the club remains publicly active in 2026.,0,100.83725,13.85379,COUNTRY_DISTRIBUTED_ESTIMATE,0,0,25
SIC-75BKJZH4-34XVQ9RH-G,Alcohol and Drug Information Centre (ADIC) — Hudolin/WACAT network lead,ORGANIZATION,TERRITORIAL,20,#14B8A6,Asia,Sri Lanka,,,Colombo,,CURRENT_ORGANIZATION_RESEARCH_LEAD,SIC-V11D4C3Q-4G4WN40F-X,https://adicsrilanka.org/,Official ADIC Sri Lanka,en/si,,,Sri Lanka has recent Hudolin-model evidence and WACAT representation; ADIC is a major current alcohol/drug NGO to cross-check for club-level Hudolin activity. Do not infer formal club affiliation without further source.,0,80.96123,6.84144,COUNTRY_DISTRIBUTED_ESTIMATE,0,0,25
SIC-E7S4G0KV-ASJVB9DP-C,Red ecuatoriana de Clubes de Alcohólicos en Tratamiento — research lead,COUNTRY_NETWORK,NATIONAL,50,#F59E0B,South America,Ecuador,,,,,HISTORICAL_NETWORK_RESEARCH_LEAD,SIC-M8R38W6B-1PD05NTJ-Q,https://www.yumpu.com/it/document/view/15897074/vladimir-hudolin-aicat,AICAT historical document mirror,es,,,"Historical AICAT evidence reports 10 Ecuadorian clubs. Network name is a normalized research label, not yet verified as an official legal name.",0,-79.25199,-0.95605,COUNTRY_DISTRIBUTED_ESTIMATE,0,0,25
SIC-SPB5M7ZT-XVQPEGWC-M,Hudolin CAT network — Chile,COUNTRY_NETWORK,NATIONAL,50,#F59E0B,South America,Chile,,,,,HISTORICAL_NETWORK_CONFIRMED_CURRENT_DIRECTORY_MISSING,SIC-E6HZ089D-QJWFGGB0-H,https://www.researchgate.net/publication/27200196_3rd_Congress_of_the_Croatian_Society_of_Radiologists_with_International_Participation,International historical scientific review,es,,,Country explicitly documented as having Hudolin-model clubs; current individual club directory still not located.,0,-71.55561,-40.53146,COUNTRY_DISTRIBUTED_ESTIMATE,0,0,25
SIC-3YYM53FE-8R9F7CPF-G,Hudolin CAT network — Bolivia,COUNTRY_NETWORK,NATIONAL,50,#F59E0B,South America,Bolivia,,,,,HISTORICAL_NETWORK_CONFIRMED_CURRENT_DIRECTORY_MISSING,SIC-FM2KE49A-QXNTD0JG-G,https://www.researchgate.net/publication/27200196_3rd_Congress_of_the_Croatian_Society_of_Radiologists_with_International_Participation,International historical scientific review,es,,,Country explicitly documented as having Hudolin-model clubs; current individual club directory still not located.,0,-64.82754,-15.10948,COUNTRY_DISTRIBUTED_ESTIMATE,0,0,25
SIC-WDSMPAGY-VW9JTSBC-Z,Hudolin CAT network — Peru,COUNTRY_NETWORK,NATIONAL,50,#F59E0B,South America,Peru,,,,,HISTORICAL_NETWORK_CONFIRMED_CURRENT_DIRECTORY_MISSING,SIC-68ZVY0P1-HCZB26XD-V,https://www.researchgate.net/publication/27200196_3rd_Congress_of_the_Croatian_Society_of_Radiologists_with_International_Participation,International historical scientific review,es,,,Country explicitly documented as having Hudolin-model clubs; current individual club directory still not located.,0,-73.35242,-7.45042,COUNTRY_DISTRIBUTED_ESTIMATE,0,0,25
SIC-E2J1V7VJ-AKZCGYKY-C,Hudolin CAT network — Nicaragua,COUNTRY_NETWORK,NATIONAL,50,#F59E0B,North America,Nicaragua,,,,,HISTORICAL_NETWORK_CONFIRMED_CURRENT_DIRECTORY_MISSING,SIC-GEE56MEW-XQPAEF9T-6,https://www.researchgate.net/publication/27200196_3rd_Congress_of_the_Croatian_Society_of_Radiologists_with_International_Participation,International historical scientific review,es,,,Country explicitly documented as having Hudolin-model clubs; current individual club directory still not located.,0,-85.19487,12.90745,COUNTRY_DISTRIBUTED_ESTIMATE,0,0,25
SIC-79QT1MT3-7822HCC8-F,Hudolin Club presence — Cameroon,COUNTRY_PRESENCE,NATIONAL,50,#F59E0B,Africa,Cameroon,,,,,HISTORICAL_SCHOLARLY_PRESENCE,SIC-6D05R5PP-JXRPTK1S-A,https://www.manchesterhive.com/display/9781526159410/9781526159410.00017.xml,Historical/scholarly public source,fr/en,,,Scholarly history of Hudolin Club diffusion mentions Cameroon; current directory not yet verified.,0,11.97519,6.41609,COUNTRY_DISTRIBUTED_ESTIMATE,0,0,25
SIC-W67QQ8G2-P178AY85-Z,Hudolin Club presence — Kenya,COUNTRY_PRESENCE,NATIONAL,50,#F59E0B,Africa,Kenya,,,,,HISTORICAL_SCHOLARLY_PRESENCE,SIC-CVZW2ZK7-3NK7BN6D-Y,https://www.manchesterhive.com/display/9781526159410/9781526159410.00017.xml,Historical/scholarly public source,en/sw,,,Scholarly history of Hudolin Club diffusion mentions Kenya; current directory not yet verified.,0,38.04425,1.29631,COUNTRY_DISTRIBUTED_ESTIMATE,0,0,25
