id,sic_id,entity_name,original_type,network_level,network_rank,rank_color,continent,country,region,province,city,address,latitude,longitude,geo_accuracy,status,parent_sic_id,source_url,source_type,language,meeting,public_contact,notes,direct_children,network_descendants,public_data_score,is_synthetic,created_at,updated_at,website,phone,email,geo_confidence,geocoded_from,geocoded_at,original_name,translated_name,original_hierarchy,postal_code,facebook,instagram,youtube,linkedin,x_twitter,founding_year,closure_year,reopening_year,hudolin_confirmed,confidence_score,last_verified,geo_provider,geo_provider_ref,territorial_association,regional_federation,national_federation,families_count
2,SIC-1VP5PKA2-VEJXHQ8M-8,Africa,CONTINENT,CONTINENT,60,#F97316,Africa,,,,,,5.0,20.0,CONTINENT,ACTIVE,SIC-WS2VDS86-YRB6M7TV-B,,,,,,,2,4,4,1,2026-08-18 13:21:46,2026-08-18 13:21:46,,,,0,,,,,,,,,,,,,,,0,50,,,,,,,11
3,SIC-EER60AR9-PERPDWT1-V,Asia,CONTINENT,CONTINENT,60,#F97316,Asia,,,,,,35.0,85.0,CONTINENT,ACTIVE,SIC-WS2VDS86-YRB6M7TV-B,,,,,,,3,11,4,1,2026-08-18 13:21:46,2026-08-18 13:21:46,,,,0,,,,,,,,,,,,,,,0,50,,,,,,,11
1,SIC-WS2VDS86-YRB6M7TV-B,DEPENDEX WORLD,WORLD,WORLD,70,#EF4444,,,,,,,15.0,0.0,WORLD,ACTIVE,,,,,,,,6,545,4,1,2026-08-18 13:21:46,2026-08-18 13:21:46,,,,0,,,,,,,,,,,,,,,0,50,,,,,,,11
4,SIC-6Y6S4M7A-K0MRKAPA-K,Europe,CONTINENT,CONTINENT,60,#F97316,Europe,,,,,,50.0,15.0,CONTINENT,ACTIVE,SIC-WS2VDS86-YRB6M7TV-B,,,,,,,24,500,4,1,2026-08-18 13:21:46,2026-08-18 13:21:46,,,,0,,,,,,,,,,,,,,,0,50,,,,,,,11
5,SIC-P5ZMQMS2-W4K87C8B-Q,North America,CONTINENT,CONTINENT,60,#F97316,North America,,,,,,35.0,-95.0,CONTINENT,ACTIVE,SIC-WS2VDS86-YRB6M7TV-B,,,,,,,1,3,4,1,2026-08-18 13:21:46,2026-08-18 13:21:46,,,,0,,,,,,,,,,,,,,,0,50,,,,,,,11
6,SIC-54F9H5YV-C11KP5F4-N,Oceania,CONTINENT,CONTINENT,60,#F97316,Oceania,,,,,,-25.0,145.0,CONTINENT,ACTIVE,SIC-WS2VDS86-YRB6M7TV-B,,,,,,,1,2,4,1,2026-08-18 13:21:46,2026-08-18 13:21:46,,,,0,,,,,,,,,,,,,,,0,50,,,,,,,11
7,SIC-S7H9RTYM-9K7A84S9-W,South America,CONTINENT,CONTINENT,60,#F97316,South America,,,,,,-15.0,-60.0,CONTINENT,ACTIVE,SIC-WS2VDS86-YRB6M7TV-B,,,,,,,5,19,4,1,2026-08-18 13:21:46,2026-08-18 13:21:46,,,,0,,,,,,,,,,,,,,,0,50,,,,,,,11
8,SIC-86WEYN77-9C4ED9KZ-4,Albania,COUNTRY,NATIONAL,50,#F59E0B,Europe,Albania,,,,,41.22272727272727,20.13181818181818,COUNTRY_CENTROID,NETWORK_COUNTRY,SIC-6Y6S4M7A-K0MRKAPA-K,,,,,,,1,1,14,1,2026-08-18 13:21:46,2026-08-18 13:21:46,,,,0,,,,,,,,,,,,,,,0,50,,,,,,,11
50,SIC-W31QPHGC-VAZR8ZR5-5,Hudolin Club / socio-ecological approach presence,COUNTRY_PRESENCE,NATIONAL,50,#F59E0B,Europe,Albania,,,,,40.63465,20.05247,COUNTRY_DISTRIBUTED_ESTIMATE,HISTORICAL_PRESENCE_NEEDS_CURRENT_VERIFICATION,SIC-86WEYN77-9C4ED9KZ-4,https://www.academia.edu/87078905/Club_of_Treated_Alcoholics_A_Guide_for_the_Work_in_the_Clubs_of_Treated_Alcoholics_Social_Ecological_Approach_With_Works_of_Vladimir_Hudolin,Historical international Hudolin literature,various,,,Presence documented historically; current club-level network not yet verified.,0,0,29,0,2026-08-18 13:21:46,2026-08-18 13:21:46,,,,0,,,,,,,,,,,,,,,0,50,,,,,,,11
9,SIC-E6Z3YYDC-4KA1CGQ5-W,Belarus,COUNTRY,NATIONAL,50,#F59E0B,Europe,Belarus,,,,,53.37954545454545,28.222727272727273,COUNTRY_CENTROID,NETWORK_COUNTRY,SIC-6Y6S4M7A-K0MRKAPA-K,,,,,,,1,1,14,1,2026-08-18 13:21:46,2026-08-18 13:21:46,,,,0,,,,,,,,,,,,,,,0,50,,,,,,,11
390,SIC-AV0FD4ZW-B83EW7MQ-D,Hudolin-model club presence,COUNTRY_PRESENCE,NATIONAL,50,#F59E0B,Europe,Belarus,,,,,54.00855,27.48366,COUNTRY_DISTRIBUTED_ESTIMATE,HISTORICAL_PRESENCE_NEEDS_CURRENT_VERIFICATION,SIC-E6Z3YYDC-4KA1CGQ5-W,https://www.researchgate.net/publication/27200196_3rd_Congress_of_the_Croatian_Society_of_Radiologists_with_International_Participation,Acta Clinica Croatica historical review,be/ru,,,Country explicitly listed as having clubs organized on Hudolin's model; current club directory not yet verified.,0,0,29,0,2026-08-18 13:21:46,2026-08-18 13:21:46,,,,0,,,,,,,,,,,,,,,0,50,,,,,,,11
572,SIC-EUROCARE-EUROPE,Eurocare - European Alcohol Policy Alliance,,CONTINENT,2,#F5DF88,Europe,Belgium,Europe,,Brussels,,,,,ACTIVE_VERIFIED_2026,SIC-EUR-ROOT,https://www.eurocare.org,OSINT_DIRECTORY_2026,it,,,Alleanza europea delle organizzazioni non governative per le politiche sull'alcol e la salute pubblica.,0,0,90,0,2026-09-18 13:50:44,2026-09-18 13:50:44,https://www.eurocare.org,,,0,,,,,,,,,,,,,,,0,50,,,,,,,11
10,SIC-FM2KE49A-QXNTD0JG-G,Bolivia,COUNTRY,NATIONAL,50,#F59E0B,South America,Bolivia,,,,,-16.346666666666668,-64.13166666666666,COUNTRY_CENTROID,NETWORK_COUNTRY,SIC-S7H9RTYM-9K7A84S9-W,,,,,,,2,2,14,1,2026-08-18 13:21:46,2026-08-18 13:21:46,,,,0,,,,,,,,,,,,,,,0,50,,,,,,,11
479,SIC-3YYM53FE-8R9F7CPF-G,Hudolin CAT network — Bolivia,COUNTRY_NETWORK,NATIONAL,50,#F59E0B,South America,Bolivia,,,,,-15.10948,-64.82754,COUNTRY_DISTRIBUTED_ESTIMATE,HISTORICAL_NETWORK_CONFIRMED_CURRENT_DIRECTORY_MISSING,SIC-FM2KE49A-QXNTD0JG-G,https://www.researchgate.net/publication/27200196_3rd_Congress_of_the_Croatian_Society_of_Radiologists_with_International_Participation,International historical scientific review,es,,,Country explicitly documented as having Hudolin-model clubs; current individual club directory still not located.,0,0,29,0,2026-08-18 13:21:46,2026-08-18 13:21:46,,,,0,,,,,,,,,,,,,,,0,50,,,,,,,11
393,SIC-1EFFKWP5-Q1NVGA9B-2,Hudolin-model club presence,COUNTRY_PRESENCE,NATIONAL,50,#F59E0B,South America,Bolivia,,,,,-15.92361,-62.72162,COUNTRY_DISTRIBUTED_ESTIMATE,HISTORICAL_PRESENCE_NEEDS_CURRENT_VERIFICATION,SIC-FM2KE49A-QXNTD0JG-G,https://www.researchgate.net/publication/27200196_3rd_Congress_of_the_Croatian_Society_of_Radiologists_with_International_Participation,Acta Clinica Croatica historical review,es,,,Country explicitly listed as having clubs organized on Hudolin's model; current club directory not yet verified.,0,0,29,0,2026-08-18 13:21:46,2026-08-18 13:21:46,,,,0,,,,,,,,,,,,,,,0,50,,,,,,,11
11,SIC-A53THB43-9DMD9PY1-W,Bosnia and Herzegovina,COUNTRY,NATIONAL,50,#F59E0B,Europe,Bosnia and Herzegovina,,,,,44.14545454545455,17.87727272727273,COUNTRY_CENTROID,NETWORK_COUNTRY,SIC-6Y6S4M7A-K0MRKAPA-K,,,,,,,4,8,14,1,2026-08-18 13:21:46,2026-08-18 13:21:46,,,,0,,,,,,,,,,,,,,,0,50,,,,,,,11
48,SIC-DAFC0T6H-AREXSB04-Z,Hudolin/KLA networks,COUNTRY_NETWORK,NATIONAL,50,#F59E0B,Europe,Bosnia and Herzegovina,,,,,43.87441,17.89945,COUNTRY_DISTRIBUTED_ESTIMATE,PUBLIC_NETWORK_REFERENCES,SIC-A53THB43-9DMD9PY1-W,https://zklas.org/kontakt-podaci-zajednice-klubova/klubovi-u-regionu/,Official/public network source,Bosnian/Croatian/Serbian,,,,0,0,39,0,2026-08-18 13:21:46,2026-08-18 13:21:46,https://zklas.org/kontakt-podaci-zajednice-klubova/klubovi-u-regionu/,,,0,,,,,,,,,,,,,,,0,50,,,,,,,11
210,SIC-HS3QR82C-2CHBC8X8-Y,KLA Međugorje,CLUB,LOCAL_CLUB,10,#22C55E,Europe,Bosnia and Herzegovina,,,Međugorje,,44.2,18.25,COUNTRY_ONLY,HISTORICAL_PUBLIC_NEEDS_CURRENT_RECHECK,SIC-KBAVF4X8-T7QP9Z70-Q,https://www.moravek.org/kla/53-adres.html,Public historical KLA directory,hr,ponedjeljak 19:00,,,0,0,49,0,2026-08-18 13:21:46,2026-08-18 13:21:46,,,,20,Bosnia and Herzegovina,2026-08-18 15:14:59,,,,,,,,,,,,,0,50,,WORLD_POLYGON_CENTROID,,,,,11
209,SIC-CBRH1V8G-HW9EGBWE-N,"KLA ""Balinovac"" Mostar",CLUB,LOCAL_CLUB,10,#22C55E,Europe,Bosnia and Herzegovina,,,Mostar,,43.34361,17.8075,CITY,HISTORICAL_PUBLIC_NEEDS_CURRENT_RECHECK,SIC-KBAVF4X8-T7QP9Z70-Q,https://www.moravek.org/kla/53-adres.html,Public historical KLA directory,hr,srijeda 19:00,,,0,0,55,0,2026-08-18 13:21:46,2026-08-18 13:21:46,,,,78,"Mostar, Bosnia and Herzegovina | https://en.wikipedia.org/wiki/Mostar",2026-08-18 14:38:37,,,,,,,,,,,,,0,50,,,,,,,11
208,SIC-9G8QBY87-9KQYVEYM-Z,"KLA ""Rondo"" Mostar",CLUB,LOCAL_CLUB,10,#22C55E,Europe,Bosnia and Herzegovina,,,Mostar,,43.34361,17.8075,CITY,HISTORICAL_PUBLIC_NEEDS_CURRENT_RECHECK,SIC-KBAVF4X8-T7QP9Z70-Q,https://www.moravek.org/kla/53-adres.html,Public historical KLA directory,hr,utorak 19:00,,,0,0,55,0,2026-08-18 13:21:46,2026-08-18 13:21:46,,,,78,"Mostar, Bosnia and Herzegovina | https://en.wikipedia.org/wiki/Mostar",2026-08-18 14:38:37,,,,,,,,,,,,,0,50,,,,,,,11
207,SIC-KBAVF4X8-T7QP9Z70-Q,Zajednica KLA Hercegovačko-neretvanske županije Dr. Vladimira Hudolina,TERRITORIAL,TERRITORIAL,20,#14B8A6,Europe,Bosnia and Herzegovina,,,Mostar,,44.7915,17.94603,COUNTRY_DISTRIBUTED_ESTIMATE,PUBLIC_HISTORICAL_DIRECTORY_NEEDS_CURRENT_RECHECK,SIC-A53THB43-9DMD9PY1-W,https://www.moravek.org/kla/53-adres.html,Public KLA directory,hr,,,,4,4,39,0,2026-08-18 13:21:46,2026-08-18 13:21:46,,,,0,,,,,,,,,,,,,,,0,50,,,,,,,11
212,SIC-5ZW4K4Z9-K8YQZKHN-T,Zajednica klubova liječenih alkoholičara Dr Vladimir Hudolin,TERRITORIAL,TERRITORIAL,20,#14B8A6,Europe,Bosnia and Herzegovina,,,Mostar,"Splitska 34, 88000 Mostar",43.41255,16.82764,COUNTRY_DISTRIBUTED_ESTIMATE,PUBLIC_REGISTER_CURRENT,SIC-A53THB43-9DMD9PY1-W,https://www.akta.ba/Firma/zajednica-klubova-lijecenih-alkoholicara-dr-vladimir-hudolin-mostar/53451,Public business/association register,hr,,,,0,0,54,0,2026-08-18 13:21:46,2026-08-18 13:21:46,,,,0,,,,,,,,,,,,,,,0,50,,,,,,,11
427,SIC-91W6S6J5-3WFFRZMF-T,KLA Stari Grad Sarajevo,CLUB,LOCAL_CLUB,10,#22C55E,Europe,Bosnia and Herzegovina,,,Sarajevo,,44.2,18.25,COUNTRY_ONLY,ACTIVE_PROBABLE_2024,SIC-A53THB43-9DMD9PY1-W,https://klastarigrad.wordpress.com/tag/vladimir-hudolin/,Public club website / activity archive,bs,,,Public club site contains meeting/activity posts through June 2024 and annual assembly material for 2023/2024.,0,0,39,0,2026-08-18 13:21:46,2026-08-18 13:21:46,,,,20,Bosnia and Herzegovina,2026-08-18 15:14:59,,,,,,,,,,,,,0,50,,WORLD_POLYGON_CENTROID,,,,,11
211,SIC-XC1C264T-HKG2DT3B-4,KLA Široki Brijeg,CLUB,LOCAL_CLUB,10,#22C55E,Europe,Bosnia and Herzegovina,,,Široki Brijeg,,44.2,18.25,COUNTRY_ONLY,HISTORICAL_PUBLIC_NEEDS_CURRENT_RECHECK,SIC-KBAVF4X8-T7QP9Z70-Q,https://www.moravek.org/kla/53-adres.html,Public historical KLA directory,hr,,,,0,0,39,0,2026-08-18 13:21:46,2026-08-18 13:21:46,,,,20,Bosnia and Herzegovina,2026-08-18 15:14:59,,,,,,,,,,,,,0,50,,WORLD_POLYGON_CENTROID,,,,,11
12,SIC-HS528K21-MDV86QKH-W,Brazil,COUNTRY,NATIONAL,50,#F59E0B,South America,Brazil,,,,,-9.661083743842365,-56.92709359605911,COUNTRY_CENTROID,NETWORK_COUNTRY,SIC-S7H9RTYM-9K7A84S9-W,,,,,,,3,3,14,1,2026-08-18 13:21:46,2026-08-18 13:21:46,,,,0,,,,,,,,,,,,,,,0,50,,,,,,,11
51,SIC-VV7TB09K-Z9J7XRSR-E,Hudolin Club / socio-ecological approach presence,COUNTRY_PRESENCE,NATIONAL,50,#F59E0B,South America,Brazil,,,,,-6.16023,-56.03234,COUNTRY_DISTRIBUTED_ESTIMATE,HISTORICAL_PRESENCE_NEEDS_CURRENT_VERIFICATION,SIC-HS528K21-MDV86QKH-W,https://www.academia.edu/87078905/Club_of_Treated_Alcoholics_A_Guide_for_the_Work_in_the_Clubs_of_Treated_Alcoholics_Social_Ecological_Approach_With_Works_of_Vladimir_Hudolin,Historical international Hudolin literature,various,,,Presence documented historically; current club-level network not yet verified.,0,0,29,0,2026-08-18 13:21:46,2026-08-18 13:21:46,,,,0,,,,,,,,,,,,,,,0,50,,,,,,,11
474,SIC-X290DN83-QV3QTA4K-Q,Hudolin-informed alcohol mutual-help network — Joinville,COUNTRY_NETWORK,NATIONAL,50,#F59E0B,South America,Brazil,,,Joinville,,-9.77529,-53.46929,COUNTRY_DISTRIBUTED_ESTIMATE,ACADEMIC_HISTORICAL_NETWORK_EVIDENCE,SIC-HS528K21-MDV86QKH-W,https://www.scielo.br/j/csc/a/CRqN9X4rLGh9r7bHtt9L8vK/,Brazilian public-health academic literature,pt,,,"Alcohol-care network literature in Brazil cites Hudolin approach; use as research lead, not current club directory.",0,0,39,0,2026-08-18 13:21:46,2026-08-18 13:21:46,,,,0,,,,,,,,,,,,,,,0,50,,,,,,,11
473,SIC-0T6XTJ4C-YQZXH6ZR-V,Clube de abstinentes / Grupo de Apoio (Hudolin-based local mutual-help club),CLUB_MODEL,LOCAL_CLUB,10,#22C55E,South America,Brazil,,,São Lourenço do Sul,,-7.5,-57.6,COUNTRY_ONLY,ACADEMICALLY_DOCUMENTED_2010_NEEDS_CURRENT_RECHECK,SIC-HS528K21-MDV86QKH-W,https://www.scielo.br/j/csc/a/c76T5jJHTfNspbnSWdmjJqv/,Ciência & Saúde Coletiva / SciELO,pt,,,Academic paper on local alcohol-care network documents mutual-help groups including a Clube de Abstinentes and explicitly cites Hudolin among references; current club identity/status requires recheck.,0,0,39,0,2026-08-18 13:21:46,2026-08-18 13:21:46,,,,20,Brazil,2026-08-18 15:14:59,,,,,,,,,,,,,0,50,,WORLD_POLYGON_CENTROID,,,,,11
13,SIC-97VMBR39-C440N9WS-6,Bulgaria,COUNTRY,NATIONAL,50,#F59E0B,Europe,Bulgaria,,,,,42.88214285714286,24.689285714285717,COUNTRY_CENTROID,NETWORK_COUNTRY,SIC-6Y6S4M7A-K0MRKAPA-K,,,,,,,2,2,14,1,2026-08-18 13:21:46,2026-08-18 13:21:46,,,,0,,,,,,,,,,,,,,,0,50,,,,,,,11
52,SIC-KYPSH3VY-D2VA89YT-B,Hudolin Club / socio-ecological approach presence,COUNTRY_PRESENCE,NATIONAL,50,#F59E0B,Europe,Bulgaria,,,,,42.82729,25.04218,COUNTRY_DISTRIBUTED_ESTIMATE,HISTORICAL_PRESENCE_NEEDS_CURRENT_VERIFICATION,SIC-97VMBR39-C440N9WS-6,https://www.academia.edu/87078905/Club_of_Treated_Alcoholics_A_Guide_for_the_Work_in_the_Clubs_of_Treated_Alcoholics_Social_Ecological_Approach_With_Works_of_Vladimir_Hudolin,Historical international Hudolin literature,various,,,Presence documented historically; current club-level network not yet verified.,0,0,29,0,2026-08-18 13:21:46,2026-08-18 13:21:46,,,,0,,,,,,,,,,,,,,,0,50,,,,,,,11
397,SIC-MBPGA2RM-XRNHWF65-0,Hudolin Clubs / Sofia programme,COUNTRY_NETWORK,NATIONAL,50,#F59E0B,Europe,Bulgaria,,,Sofia,,42.62342,24.00772,COUNTRY_DISTRIBUTED_ESTIMATE,VERIFIED_PUBLIC_METHODOLOGY_PRESENCE,SIC-97VMBR39-C440N9WS-6,https://bapn-bg.com/,Bulgarian Association for Drug Prevention,bg,,,Public source states certified servant-teachers work with Hudolin Clubs introduced in Sofia.,0,0,39,0,2026-08-18 13:21:46,2026-08-18 13:21:46,,,,0,,,,,,,,,,,,,,,0,50,,,,,,,11
14,SIC-6D05R5PP-JXRPTK1S-A,Cameroon,COUNTRY,NATIONAL,50,#F59E0B,Africa,Cameroon,,,,,6.909836065573771,13.172131147540984,COUNTRY_CENTROID,NETWORK_COUNTRY,SIC-1VP5PKA2-VEJXHQ8M-8,,,,,,,1,1,14,1,2026-08-18 13:21:46,2026-08-18 13:21:46,,,,0,,,,,,,,,,,,,,,0,50,,,,,,,11
482,SIC-79QT1MT3-7822HCC8-F,Hudolin Club presence — Cameroon,COUNTRY_PRESENCE,NATIONAL,50,#F59E0B,Africa,Cameroon,,,,,6.41609,11.97519,COUNTRY_DISTRIBUTED_ESTIMATE,HISTORICAL_SCHOLARLY_PRESENCE,SIC-6D05R5PP-JXRPTK1S-A,https://www.manchesterhive.com/display/9781526159410/9781526159410.00017.xml,Historical/scholarly public source,fr/en,,,Scholarly history of Hudolin Club diffusion mentions Cameroon; current directory not yet verified.,0,0,29,0,2026-08-18 13:21:46,2026-08-18 13:21:46,,,,0,,,,,,,,,,,,,,,0,50,,,,,,,11
15,SIC-E6HZ089D-QJWFGGB0-H,Chile,COUNTRY,NATIONAL,50,#F59E0B,South America,Chile,,,,,-40.82743362831859,-71.1929203539823,COUNTRY_CENTROID,NETWORK_COUNTRY,SIC-S7H9RTYM-9K7A84S9-W,,,,,,,2,2,14,1,2026-08-18 13:21:46,2026-08-18 13:21:46,,,,0,,,,,,,,,,,,,,,0,50,,,,,,,11
478,SIC-SPB5M7ZT-XVQPEGWC-M,Hudolin CAT network — Chile,COUNTRY_NETWORK,NATIONAL,50,#F59E0B,South America,Chile,,,,,-40.53146,-71.55561,COUNTRY_DISTRIBUTED_ESTIMATE,HISTORICAL_NETWORK_CONFIRMED_CURRENT_DIRECTORY_MISSING,SIC-E6HZ089D-QJWFGGB0-H,https://www.researchgate.net/publication/27200196_3rd_Congress_of_the_Croatian_Society_of_Radiologists_with_International_Participation,International historical scientific review,es,,,Country explicitly documented as having Hudolin-model clubs; current individual club directory still not located.,0,0,29,0,2026-08-18 13:21:46,2026-08-18 13:21:46,,,,0,,,,,,,,,,,,,,,0,50,,,,,,,11
392,SIC-JX3ZTQPC-1HZNH6A1-3,Hudolin-model club presence,COUNTRY_PRESENCE,NATIONAL,50,#F59E0B,South America,Chile,,,,,-38.37868,-72.1968,COUNTRY_DISTRIBUTED_ESTIMATE,HISTORICAL_PRESENCE_NEEDS_CURRENT_VERIFICATION,SIC-E6HZ089D-QJWFGGB0-H,https://www.researchgate.net/publication/27200196_3rd_Congress_of_the_Croatian_Society_of_Radiologists_with_International_Participation,Acta Clinica Croatica historical review,es,,,Country explicitly listed as having clubs organized on Hudolin's model; current club directory not yet verified.,0,0,29,0,2026-08-18 13:21:46,2026-08-18 13:21:46,,,,0,,,,,,,,,,,,,,,0,50,,,,,,,11
16,SIC-22FWS3ZJ-XQPBHFBE-1,Croatia,COUNTRY,NATIONAL,50,#F59E0B,Europe,Croatia,,,,,44.89523809523809,16.388095238095236,COUNTRY_CENTROID,NETWORK_COUNTRY,SIC-6Y6S4M7A-K0MRKAPA-K,,,,,,,2,133,14,1,2026-08-18 13:21:46,2026-08-18 13:21:46,,,,0,,,,,,,,,,,,,,,0,50,,,,,,,11
45,SIC-1XGNMVME-RRA48J40-2,Hrvatski savez klubova liječenih alkoholičara (HSKLA),COUNTRY_NETWORK,NATIONAL,50,#F59E0B,Europe,Croatia,,,,,45.15691,17.25905,COUNTRY_DISTRIBUTED_ESTIMATE,ACTIVE_NETWORK,SIC-22FWS3ZJ-XQPBHFBE-1,https://hskla.hr/o-nama/,Official/public network source,Croatian,,,,0,0,39,0,2026-08-18 13:21:46,2026-08-18 13:21:46,https://hskla.hr/o-nama/,,,0,,,,,,,,,,,,,,,0,50,,,,,,,11
67,SIC-K6ENNYVR-MT9AVTFM-W,HSKLA - Hrvatski savez klubova liječenih alkoholičara,NATIONAL,NATIONAL,50,#F59E0B,Europe,Croatia,,,Zagreb,"Vinogradska c. 29, 10000 Zagreb",45.6611,17.47387,COUNTRY_DISTRIBUTED_ESTIMATE,VERIFIED_OFFICIAL_CURRENT,SIC-22FWS3ZJ-XQPBHFBE-1,https://hskla.hr/o-nama/,HSKLA official,hr,,hskla.zg@gmail.com,,131,131,74,0,2026-08-18 13:21:46,2026-08-18 13:21:46,https://hskla.hr/o-nama/,,hskla.zg@gmail.com,0,,,,,,,,,,,,,,,0,50,,,,,,,11
142,SIC-NCYFJRG7-WVYY3BJC-5,KLA BJELOVAR,CLUB,LOCAL_CLUB,10,#22C55E,Europe,Croatia,Bjelovarsko-bilogorska,,Bjelovar,S.S. Kranjčevića 4,45.150000000000006,16.4,COUNTRY_ONLY,ACTIVE,SIC-K6ENNYVR-MT9AVTFM-W,https://hskla.hr/o-nama/,HSKLA official directory,hr,utorak 17:00/18:00,,,0,0,74,0,2026-08-18 13:21:46,2026-08-18 13:21:46,https://hskla.hr/o-nama/,,,20,Croatia,2026-08-18 15:14:59,,,,,,,,,,,,,0,50,,WORLD_POLYGON_CENTROID,,,,,11
144,SIC-CT3DGYKB-2H0MJ1W3-8,KLA GAREŠNICA,CLUB,LOCAL_CLUB,10,#22C55E,Europe,Croatia,Bjelovarsko-bilogorska,,Garešnica,Vladimira Nazora 13,45.150000000000006,16.4,COUNTRY_ONLY,ACTIVE,SIC-K6ENNYVR-MT9AVTFM-W,https://hskla.hr/o-nama/,HSKLA official directory,hr,utorak 15:00,,,0,0,74,0,2026-08-18 13:21:46,2026-08-18 13:21:46,https://hskla.hr/o-nama/,,,20,Croatia,2026-08-18 15:14:59,,,,,,,,,,,,,0,50,,WORLD_POLYGON_CENTROID,,,,,11
143,SIC-S4H9AW0C-5WXX7JXV-B,KLA ČAZMA,CLUB,LOCAL_CLUB,10,#22C55E,Europe,Croatia,Bjelovarsko-bilogorska,,Čazma,Kralja Tomislava 16,45.150000000000006,16.4,COUNTRY_ONLY,ACTIVE,SIC-K6ENNYVR-MT9AVTFM-W,https://hskla.hr/o-nama/,HSKLA official directory,hr,srijeda 17:00,,,0,0,74,0,2026-08-18 13:21:46,2026-08-18 13:21:46,https://hskla.hr/o-nama/,,,20,Croatia,2026-08-18 15:14:59,,,,,,,,,,,,,0,50,,WORLD_POLYGON_CENTROID,,,,,11
165,SIC-GQ3D24R4-HYY0DXE4-G,KLA JASNI VIDICI,CLUB,LOCAL_CLUB,10,#22C55E,Europe,Croatia,Brodsko-posavska,,Oriovac,Kolodvorska bb,45.150000000000006,16.4,COUNTRY_ONLY,ACTIVE,SIC-K6ENNYVR-MT9AVTFM-W,https://hskla.hr/o-nama/,HSKLA official directory,hr,utorak 18:00,,,0,0,74,0,2026-08-18 13:21:46,2026-08-18 13:21:46,https://hskla.hr/o-nama/,,,20,Croatia,2026-08-18 15:14:59,,,,,,,,,,,,,0,50,,WORLD_POLYGON_CENTROID,,,,,11
135,SIC-AP24DRGZ-69RET58X-Z,KLA DUBROVNIK,CLUB,LOCAL_CLUB,10,#22C55E,Europe,Croatia,Dubrovačko-neretvanska,,Dubrovnik,Josipa Kosora 4,45.150000000000006,16.4,COUNTRY_ONLY,ACTIVE,SIC-K6ENNYVR-MT9AVTFM-W,https://hskla.hr/o-nama/,HSKLA official directory,hr,pon/sri 18:00,,,0,0,74,0,2026-08-18 13:21:46,2026-08-18 13:21:46,https://hskla.hr/o-nama/,,,20,Croatia,2026-08-18 15:14:59,,,,,,,,,,,,,0,50,,WORLD_POLYGON_CENTROID,,,,,11
136,SIC-Q8QZFRK2-R0XY0H6T-W,KLA SIDRO,CLUB,LOCAL_CLUB,10,#22C55E,Europe,Croatia,Dubrovačko-neretvanska,,Metković,Kralja Zvonimira,45.150000000000006,16.4,COUNTRY_ONLY,ACTIVE,SIC-K6ENNYVR-MT9AVTFM-W,https://hskla.hr/o-nama/,HSKLA official directory,hr,,,,0,0,64,0,2026-08-18 13:21:46,2026-08-18 13:21:46,https://hskla.hr/o-nama/,,,20,Croatia,2026-08-18 15:14:59,,,,,,,,,,,,,0,50,,WORLD_POLYGON_CENTROID,,,,,11
174,SIC-GR3KAR3E-3XK5428A-W,KLA BUZET,CLUB,LOCAL_CLUB,10,#22C55E,Europe,Croatia,Istarska,,Buzet,II. Istarske brigade 11,45.150000000000006,16.4,COUNTRY_ONLY,ACTIVE,SIC-K6ENNYVR-MT9AVTFM-W,https://hskla.hr/o-nama/,HSKLA official directory,hr,ponedjeljak 18:00,,,0,0,74,0,2026-08-18 13:21:46,2026-08-18 13:21:46,https://hskla.hr/o-nama/,,,20,Croatia,2026-08-18 15:14:59,,,,,,,,,,,,,0,50,,WORLD_POLYGON_CENTROID,,,,,11
175,SIC-5E29NFNS-1DFYA3YS-8,KLA CENTAR LABIN,CLUB,LOCAL_CLUB,10,#22C55E,Europe,Croatia,Istarska,,Labin,Zelenice 34,45.150000000000006,16.4,COUNTRY_ONLY,ACTIVE,SIC-K6ENNYVR-MT9AVTFM-W,https://hskla.hr/o-nama/,HSKLA official directory,hr,utorak 16:00,,,0,0,74,0,2026-08-18 13:21:46,2026-08-18 13:21:46,https://hskla.hr/o-nama/,,,20,Croatia,2026-08-18 15:14:59,,,,,,,,,,,,,0,50,,WORLD_POLYGON_CENTROID,,,,,11
176,SIC-48KJFQ33-YD1XT2S9-G,KLA PAZIN,CLUB,LOCAL_CLUB,10,#22C55E,Europe,Croatia,Istarska,,Pazin,Prolaz Otokara Keršovanija 2,45.150000000000006,16.4,COUNTRY_ONLY,ACTIVE,SIC-K6ENNYVR-MT9AVTFM-W,https://hskla.hr/o-nama/,HSKLA official directory,hr,ponedjeljak 17:00,,,0,0,74,0,2026-08-18 13:21:46,2026-08-18 13:21:46,https://hskla.hr/o-nama/,,,20,Croatia,2026-08-18 15:14:59,,,,,,,,,,,,,0,50,,WORLD_POLYGON_CENTROID,,,,,11
177,SIC-ZJHJCH7V-462PJZG2-N,KLA POREČ,CLUB,LOCAL_CLUB,10,#22C55E,Europe,Croatia,Istarska,,Poreč,Dr. Mauro Gioseffi 2b,45.150000000000006,16.4,COUNTRY_ONLY,ACTIVE,SIC-K6ENNYVR-MT9AVTFM-W,https://hskla.hr/o-nama/,HSKLA official directory,hr,sri/čet 16:00,,,0,0,74,0,2026-08-18 13:21:46,2026-08-18 13:21:46,https://hskla.hr/o-nama/,,,20,Croatia,2026-08-18 15:14:59,,,,,,,,,,,,,0,50,,WORLD_POLYGON_CENTROID,,,,,11
178,SIC-WN1RG243-JV6KMFHH-D,KLA PULA,CLUB,LOCAL_CLUB,10,#22C55E,Europe,Croatia,Istarska,,Pula,Dubrovačke bratovštine 14,44.86833,13.84806,CITY,ACTIVE,SIC-K6ENNYVR-MT9AVTFM-W,https://hskla.hr/o-nama/,HSKLA official directory,hr,utorak 18:00/19:00,,,0,0,80,0,2026-08-18 13:21:46,2026-08-18 13:21:46,https://hskla.hr/o-nama/,,,78,"Pula, Croatia | https://latitudelongitude.org/hr/pula/",2026-08-18 14:40:41,,,,,,,,,,,,,0,50,,,,,,,11
179,SIC-20YMP8AP-M06H3NKH-S,KLA STVARANJE,CLUB,LOCAL_CLUB,10,#22C55E,Europe,Croatia,Istarska,,Pula,Zagrebačka 30,44.86833,13.84806,CITY,ACTIVE,SIC-K6ENNYVR-MT9AVTFM-W,https://hskla.hr/o-nama/,HSKLA official directory,hr,utorak 17:00/18:30,,,0,0,80,0,2026-08-18 13:21:46,2026-08-18 13:21:46,https://hskla.hr/o-nama/,,,78,"Pula, Croatia | https://latitudelongitude.org/hr/pula/",2026-08-18 14:40:41,,,,,,,,,,,,,0,50,,,,,,,11
121,SIC-5T558SQA-NA3YSXKH-Y,KLA KARLOVAC,CLUB,LOCAL_CLUB,10,#22C55E,Europe,Croatia,Karlovačka,,Karlovac,"A. Štampara 1, Opća bolnica",45.150000000000006,16.4,COUNTRY_ONLY,ACTIVE,SIC-K6ENNYVR-MT9AVTFM-W,https://hskla.hr/o-nama/,HSKLA official directory,hr,uto/sri/čet 18:00,,,0,0,74,0,2026-08-18 13:21:46,2026-08-18 13:21:46,https://hskla.hr/o-nama/,,,20,Croatia,2026-08-18 15:14:59,,,,,,,,,,,,,0,50,,WORLD_POLYGON_CENTROID,,,,,11
138,SIC-0G9JSG15-QZN5T1CA-V,KLA CENTAR,CLUB,LOCAL_CLUB,10,#22C55E,Europe,Croatia,Koprivničko-križevačka,,Koprivnica,Trg Tomislava dr. Bardeka 10/10,46.16364,16.8297,CITY,ACTIVE,SIC-K6ENNYVR-MT9AVTFM-W,https://hskla.hr/o-nama/,HSKLA official directory,hr,uto/sri 17:00,,,0,0,80,0,2026-08-18 13:21:46,2026-08-18 13:21:46,https://hskla.hr/o-nama/,,,78,"Koprivnica, Croatia | https://www.geodatos.net/en/coordinates/croatia/koprivnica",2026-08-18 14:38:37,,,,,,,,,,,,,0,50,,,,,,,11
139,SIC-GYJNRB21-ZPMHGWM3-Y,KLA PODRAVKA,CLUB,LOCAL_CLUB,10,#22C55E,Europe,Croatia,Koprivničko-križevačka,,Koprivnica,A. Starčevića 32,46.16364,16.8297,CITY,ACTIVE,SIC-K6ENNYVR-MT9AVTFM-W,https://hskla.hr/o-nama/,HSKLA official directory,hr,četvrtak 16:00,,,0,0,80,0,2026-08-18 13:21:46,2026-08-18 13:21:46,https://hskla.hr/o-nama/,,,78,"Koprivnica, Croatia | https://www.geodatos.net/en/coordinates/croatia/koprivnica",2026-08-18 14:38:37,,,,,,,,,,,,,0,50,,,,,,,11
140,SIC-26FDHBWK-XC6MAHG9-C,KLA KRIŽEVCI,CLUB,LOCAL_CLUB,10,#22C55E,Europe,Croatia,Koprivničko-križevačka,,Križevci,Trg A. Nemčića 7,45.150000000000006,16.4,COUNTRY_ONLY,ACTIVE,SIC-K6ENNYVR-MT9AVTFM-W,https://hskla.hr/o-nama/,HSKLA official directory,hr,utorak 17:30,,,0,0,74,0,2026-08-18 13:21:46,2026-08-18 13:21:46,https://hskla.hr/o-nama/,,,20,Croatia,2026-08-18 15:14:59,,,,,,,,,,,,,0,50,,WORLD_POLYGON_CENTROID,,,,,11
141,SIC-R5GR9N62-ZNYQ3VT4-C,KLA SVETI IVAN ŽABNO,CLUB,LOCAL_CLUB,10,#22C55E,Europe,Croatia,Koprivničko-križevačka,,Sveti Ivan Žabno,Križevačka 2,45.150000000000006,16.4,COUNTRY_ONLY,ACTIVE,SIC-K6ENNYVR-MT9AVTFM-W,https://hskla.hr/o-nama/,HSKLA official directory,hr,ponedjeljak 18:00,,,0,0,74,0,2026-08-18 13:21:46,2026-08-18 13:21:46,https://hskla.hr/o-nama/,,,20,Croatia,2026-08-18 15:14:59,,,,,,,,,,,,,0,50,,WORLD_POLYGON_CENTROID,,,,,11
148,SIC-EW7HE289-KDHSDAVC-Y,KLA JEZERA,CLUB,LOCAL_CLUB,10,#22C55E,Europe,Croatia,Krapinsko-zagorska,,Bedekovčina,Trg A. Starčevića 3/2,45.150000000000006,16.4,COUNTRY_ONLY,ACTIVE,SIC-K6ENNYVR-MT9AVTFM-W,https://hskla.hr/o-nama/,HSKLA official directory,hr,petak 19:30,,,0,0,74,0,2026-08-18 13:21:46,2026-08-18 13:21:46,https://hskla.hr/o-nama/,,,20,Croatia,2026-08-18 15:14:59,,,,,,,,,,,,,0,50,,WORLD_POLYGON_CENTROID,,,,,11
149,SIC-3EW5B66W-BGRTTHMY-Y,KLA STUBICA,CLUB,LOCAL_CLUB,10,#22C55E,Europe,Croatia,Krapinsko-zagorska,,Donja Stubica,Toplička 5,45.150000000000006,16.4,COUNTRY_ONLY,ACTIVE,SIC-K6ENNYVR-MT9AVTFM-W,https://hskla.hr/o-nama/,HSKLA official directory,hr,srijeda 19:00,,,0,0,74,0,2026-08-18 13:21:46,2026-08-18 13:21:46,https://hskla.hr/o-nama/,,,20,Croatia,2026-08-18 15:14:59,,,,,,,,,,,,,0,50,,WORLD_POLYGON_CENTROID,,,,,11
150,SIC-AKD82ZPR-GF1MJ6PP-H,KLA VIDEŽ,CLUB,LOCAL_CLUB,10,#22C55E,Europe,Croatia,Krapinsko-zagorska,,Hum na Sutli,Hum na Sutli 175,45.150000000000006,16.4,COUNTRY_ONLY,ACTIVE,SIC-K6ENNYVR-MT9AVTFM-W,https://hskla.hr/o-nama/,HSKLA official directory,hr,ponedjeljak 14:00,,,0,0,74,0,2026-08-18 13:21:46,2026-08-18 13:21:46,https://hskla.hr/o-nama/,,,20,Croatia,2026-08-18 15:14:59,,,,,,,,,,,,,0,50,,WORLD_POLYGON_CENTROID,,,,,11
155,SIC-WAMGQ4T3-HAJC9B37-X,KLA KLANJEC,CLUB,LOCAL_CLUB,10,#22C55E,Europe,Croatia,Krapinsko-zagorska,,Klanjec,Lijepe Naše 22,45.150000000000006,16.4,COUNTRY_ONLY,ACTIVE,SIC-K6ENNYVR-MT9AVTFM-W,https://hskla.hr/o-nama/,HSKLA official directory,hr,srijeda 18:00,,,0,0,74,0,2026-08-18 13:21:46,2026-08-18 13:21:46,https://hskla.hr/o-nama/,,,20,Croatia,2026-08-18 15:14:59,,,,,,,,,,,,,0,50,,WORLD_POLYGON_CENTROID,,,,,11
154,SIC-DNS67YPT-Q9CWQ4PE-N,ULA KRAPINA,CLUB,LOCAL_CLUB,10,#22C55E,Europe,Croatia,Krapinsko-zagorska,,Krapina,M. Cerkvenca 1,45.150000000000006,16.4,COUNTRY_ONLY,ACTIVE,SIC-K6ENNYVR-MT9AVTFM-W,https://hskla.hr/o-nama/,HSKLA official directory,hr,srijeda 18:00,,,0,0,74,0,2026-08-18 13:21:46,2026-08-18 13:21:46,https://hskla.hr/o-nama/,,,20,Croatia,2026-08-18 15:14:59,,,,,,,,,,,,,0,50,,WORLD_POLYGON_CENTROID,,,,,11
151,SIC-FH1G6WSM-3YAPB4BQ-7,KLA BISTRINA,CLUB,LOCAL_CLUB,10,#22C55E,Europe,Croatia,Krapinsko-zagorska,,Marija Bistrica,Kralja Tomislava 27,45.150000000000006,16.4,COUNTRY_ONLY,ACTIVE,SIC-K6ENNYVR-MT9AVTFM-W,https://hskla.hr/o-nama/,HSKLA official directory,hr,četvrtak 19:00,,,0,0,74,0,2026-08-18 13:21:46,2026-08-18 13:21:46,https://hskla.hr/o-nama/,,,20,Croatia,2026-08-18 15:14:59,,,,,,,,,,,,,0,50,,WORLD_POLYGON_CENTROID,,,,,11
153,SIC-RQH98ESE-X282XC3E-W,KLA ZVIRANJEK,CLUB,LOCAL_CLUB,10,#22C55E,Europe,Croatia,Krapinsko-zagorska,,Mače,Mače 30,45.150000000000006,16.4,COUNTRY_ONLY,ACTIVE,SIC-K6ENNYVR-MT9AVTFM-W,https://hskla.hr/o-nama/,HSKLA official directory,hr,utorak 18:00/19:00,,,0,0,74,0,2026-08-18 13:21:46,2026-08-18 13:21:46,https://hskla.hr/o-nama/,,,20,Croatia,2026-08-18 15:14:59,,,,,,,,,,,,,0,50,,WORLD_POLYGON_CENTROID,,,,,11
152,SIC-40TE6ZRX-RFMZ864A-S,KLA KUNAGORA,CLUB,LOCAL_CLUB,10,#22C55E,Europe,Croatia,Krapinsko-zagorska,,Pregrada,Kostelgradska 18,45.150000000000006,16.4,COUNTRY_ONLY,ACTIVE,SIC-K6ENNYVR-MT9AVTFM-W,https://hskla.hr/o-nama/,HSKLA official directory,hr,četvrtak 18:00,,,0,0,74,0,2026-08-18 13:21:46,2026-08-18 13:21:46,https://hskla.hr/o-nama/,,,20,Croatia,2026-08-18 15:14:59,,,,,,,,,,,,,0,50,,WORLD_POLYGON_CENTROID,,,,,11
194,SIC-D35968GJ-KKFZBTMF-H,KLA GOSPIĆ,CLUB,LOCAL_CLUB,10,#22C55E,Europe,Croatia,Ličko-senjska,,Gospić,Budačka 12,45.150000000000006,16.4,COUNTRY_ONLY,ACTIVE,SIC-K6ENNYVR-MT9AVTFM-W,https://hskla.hr/o-nama/,HSKLA official directory,hr,,,,0,0,64,0,2026-08-18 13:21:46,2026-08-18 13:21:46,https://hskla.hr/o-nama/,,,20,Croatia,2026-08-18 15:14:59,,,,,,,,,,,,,0,50,,WORLD_POLYGON_CENTROID,,,,,11
195,SIC-DB4D0ARP-5RMRT5SH-B,KLA OTOČAC,CLUB,LOCAL_CLUB,10,#22C55E,Europe,Croatia,Ličko-senjska,,Otočac,Bana J. Jelačića 16,45.150000000000006,16.4,COUNTRY_ONLY,ACTIVE,SIC-K6ENNYVR-MT9AVTFM-W,https://hskla.hr/o-nama/,HSKLA official directory,hr,,,,0,0,64,0,2026-08-18 13:21:46,2026-08-18 13:21:46,https://hskla.hr/o-nama/,,,20,Croatia,2026-08-18 15:14:59,,,,,,,,,,,,,0,50,,WORLD_POLYGON_CENTROID,,,,,11
193,SIC-GG1KTNC6-R8V7WR3P-W,KLA BURA,CLUB,LOCAL_CLUB,10,#22C55E,Europe,Croatia,Ličko-senjska,,Senj,Stara cesta 43,45.150000000000006,16.4,COUNTRY_ONLY,ACTIVE,SIC-K6ENNYVR-MT9AVTFM-W,https://hskla.hr/o-nama/,HSKLA official directory,hr,,,,0,0,64,0,2026-08-18 13:21:46,2026-08-18 13:21:46,https://hskla.hr/o-nama/,,,20,Croatia,2026-08-18 15:14:59,,,,,,,,,,,,,0,50,,WORLD_POLYGON_CENTROID,,,,,11
157,SIC-ANZZ9D07-GHQJ5MBE-R,KLA OSMIJEH,CLUB,LOCAL_CLUB,10,#22C55E,Europe,Croatia,Međimurska,,Donja Dubrava,Trg Republike 1,45.150000000000006,16.4,COUNTRY_ONLY,ACTIVE,SIC-K6ENNYVR-MT9AVTFM-W,https://hskla.hr/o-nama/,HSKLA official directory,hr,utorak 18:00,,,0,0,74,0,2026-08-18 13:21:46,2026-08-18 13:21:46,https://hskla.hr/o-nama/,,,20,Croatia,2026-08-18 15:14:59,,,,,,,,,,,,,0,50,,WORLD_POLYGON_CENTROID,,,,,11
158,SIC-9BP5C4GE-QCG9YXGP-T,KLA POVRATAK,CLUB,LOCAL_CLUB,10,#22C55E,Europe,Croatia,Međimurska,,Mursko Središće,Trg Bana Jelačića 2,45.150000000000006,16.4,COUNTRY_ONLY,ACTIVE,SIC-K6ENNYVR-MT9AVTFM-W,https://hskla.hr/o-nama/,HSKLA official directory,hr,subota 19:00,,,0,0,74,0,2026-08-18 13:21:46,2026-08-18 13:21:46,https://hskla.hr/o-nama/,,,20,Croatia,2026-08-18 15:14:59,,,,,,,,,,,,,0,50,,WORLD_POLYGON_CENTROID,,,,,11
159,SIC-8GYA7GT3-GXKAFP6G-8,KLA PRELOG,CLUB,LOCAL_CLUB,10,#22C55E,Europe,Croatia,Međimurska,,Prelog,Glavna 33,45.150000000000006,16.4,COUNTRY_ONLY,ACTIVE,SIC-K6ENNYVR-MT9AVTFM-W,https://hskla.hr/o-nama/,HSKLA official directory,hr,četvrtak 19:30,,,0,0,74,0,2026-08-18 13:21:46,2026-08-18 13:21:46,https://hskla.hr/o-nama/,,,20,Croatia,2026-08-18 15:14:59,,,,,,,,,,,,,0,50,,WORLD_POLYGON_CENTROID,,,,,11
160,SIC-555Z5CQ4-Q3TW458Z-C,KLA ZDRAV ŽIVOT,CLUB,LOCAL_CLUB,10,#22C55E,Europe,Croatia,Međimurska,,Sveta Marija,Trg bana Jelačića 1,45.150000000000006,16.4,COUNTRY_ONLY,ACTIVE,SIC-K6ENNYVR-MT9AVTFM-W,https://hskla.hr/o-nama/,HSKLA official directory,hr,petak 19:00,,,0,0,74,0,2026-08-18 13:21:46,2026-08-18 13:21:46,https://hskla.hr/o-nama/,,,20,Croatia,2026-08-18 15:14:59,,,,,,,,,,,,,0,50,,WORLD_POLYGON_CENTROID,,,,,11
156,SIC-DNE079A6-67GH5FAT-2,KLA DR. MATO GOLUBIĆ,CLUB,LOCAL_CLUB,10,#22C55E,Europe,Croatia,Međimurska,,Čakovec,A. Schulteissa 19,45.150000000000006,16.4,COUNTRY_ONLY,ACTIVE,SIC-K6ENNYVR-MT9AVTFM-W,https://hskla.hr/o-nama/,HSKLA official directory,hr,subota 18:00/19:00,,,0,0,74,0,2026-08-18 13:21:46,2026-08-18 13:21:46,https://hskla.hr/o-nama/,,,20,Croatia,2026-08-18 15:14:59,,,,,,,,,,,,,0,50,,WORLD_POLYGON_CENTROID,,,,,11
169,SIC-B2N1C98G-DH0PJX8H-Y,KLA DONJI GRAD,CLUB,LOCAL_CLUB,10,#22C55E,Europe,Croatia,Osječko-baranjska,,Osijek,Trg Bana Jelačića 25,45.55111,18.69389,CITY,ACTIVE,SIC-K6ENNYVR-MT9AVTFM-W,https://hskla.hr/o-nama/,HSKLA official directory,hr,utorak 17:00,,,0,0,80,0,2026-08-18 13:21:46,2026-08-18 13:21:46,https://hskla.hr/o-nama/,,,78,"Osijek, Croatia | https://latitudelongitude.org/hr/osijek/",2026-08-18 14:37:50,,,,,,,,,,,,,0,50,,,,,,,11
168,SIC-XTKSZJT6-0RNMA850-G,KLA OSIJEK,CLUB,LOCAL_CLUB,10,#22C55E,Europe,Croatia,Osječko-baranjska,,Osijek,Srijemska 124 A,45.55111,18.69389,CITY,ACTIVE,SIC-K6ENNYVR-MT9AVTFM-W,https://hskla.hr/o-nama/,HSKLA official directory,hr,ponedjeljak 17:00,,,0,0,80,0,2026-08-18 13:21:46,2026-08-18 13:21:46,https://hskla.hr/o-nama/,,,78,"Osijek, Croatia | https://latitudelongitude.org/hr/osijek/",2026-08-18 14:37:50,,,,,,,,,,,,,0,50,,,,,,,11
170,SIC-6H4EE8K0-EAT77X8V-V,KLA RETFALA,CLUB,LOCAL_CLUB,10,#22C55E,Europe,Croatia,Osječko-baranjska,,Osijek,J.J. Strossmayera 200,45.55111,18.69389,CITY,ACTIVE,SIC-K6ENNYVR-MT9AVTFM-W,https://hskla.hr/o-nama/,HSKLA official directory,hr,utorak 17:00,,,0,0,80,0,2026-08-18 13:21:46,2026-08-18 13:21:46,https://hskla.hr/o-nama/,,,78,"Osijek, Croatia | https://latitudelongitude.org/hr/osijek/",2026-08-18 14:37:50,,,,,,,,,,,,,0,50,,,,,,,11
171,SIC-EP32Q7M5-5Z4HYZX9-4,KLA TVRĐA,CLUB,LOCAL_CLUB,10,#22C55E,Europe,Croatia,Osječko-baranjska,,Osijek,Vijenac Ivana Meštrovića 26f,45.55111,18.69389,CITY,ACTIVE,SIC-K6ENNYVR-MT9AVTFM-W,https://hskla.hr/o-nama/,HSKLA official directory,hr,,,,0,0,70,0,2026-08-18 13:21:46,2026-08-18 13:21:46,https://hskla.hr/o-nama/,,,78,"Osijek, Croatia | https://latitudelongitude.org/hr/osijek/",2026-08-18 14:37:50,,,,,,,,,,,,,0,50,,,,,,,11
172,SIC-TQ67K7CE-JQ3EF8MA-K,ULA VALPOVŠTINA,CLUB,LOCAL_CLUB,10,#22C55E,Europe,Croatia,Osječko-baranjska,,Valpovo,Kralja P. Krešimira IV 6b,45.150000000000006,16.4,COUNTRY_ONLY,ACTIVE,SIC-K6ENNYVR-MT9AVTFM-W,https://hskla.hr/o-nama/,HSKLA official directory,hr,četvrtak 14:00,,,0,0,74,0,2026-08-18 13:21:46,2026-08-18 13:21:46,https://hskla.hr/o-nama/,,,20,Croatia,2026-08-18 15:14:59,,,,,,,,,,,,,0,50,,WORLD_POLYGON_CENTROID,,,,,11
173,SIC-CXR3DHXX-KJCSM87Z-J,KLA POŽEGA,CLUB,LOCAL_CLUB,10,#22C55E,Europe,Croatia,Požeško-slavonska,,Požega,Lermanova 4,45.150000000000006,16.4,COUNTRY_ONLY,ACTIVE,SIC-K6ENNYVR-MT9AVTFM-W,https://hskla.hr/o-nama/,HSKLA official directory,hr,nedjelja 18:00,,,0,0,74,0,2026-08-18 13:21:46,2026-08-18 13:21:46,https://hskla.hr/o-nama/,,,20,Croatia,2026-08-18 15:14:59,,,,,,,,,,,,,0,50,,WORLD_POLYGON_CENTROID,,,,,11
180,SIC-GB6675GP-CGYHXX23-C,KLA CRES,CLUB,LOCAL_CLUB,10,#22C55E,Europe,Croatia,Primorsko-goranska,,Cres,Jadranska obala 37,45.150000000000006,16.4,COUNTRY_ONLY,ACTIVE,SIC-K6ENNYVR-MT9AVTFM-W,https://hskla.hr/o-nama/,HSKLA official directory,hr,,,,0,0,64,0,2026-08-18 13:21:46,2026-08-18 13:21:46,https://hskla.hr/o-nama/,,,20,Croatia,2026-08-18 15:14:59,,,,,,,,,,,,,0,50,,WORLD_POLYGON_CENTROID,,,,,11
181,SIC-DNF6MKX4-3WF3BH82-2,KLA DUBRAČINA,CLUB,LOCAL_CLUB,10,#22C55E,Europe,Croatia,Primorsko-goranska,,Crikvenica,Emila Antića 20,45.150000000000006,16.4,COUNTRY_ONLY,ACTIVE,SIC-K6ENNYVR-MT9AVTFM-W,https://hskla.hr/o-nama/,HSKLA official directory,hr,srijeda 19:00,,,0,0,74,0,2026-08-18 13:21:46,2026-08-18 13:21:46,https://hskla.hr/o-nama/,,,20,Croatia,2026-08-18 15:14:59,,,,,,,,,,,,,0,50,,WORLD_POLYGON_CENTROID,,,,,11
182,SIC-PA9X08JZ-3KN0D08V-6,KLA DELNICE,CLUB,LOCAL_CLUB,10,#22C55E,Europe,Croatia,Primorsko-goranska,,Delnice,Šet. I.G. Kovačića bb DZ,45.150000000000006,16.4,COUNTRY_ONLY,ACTIVE,SIC-K6ENNYVR-MT9AVTFM-W,https://hskla.hr/o-nama/,HSKLA official directory,hr,srijeda 18:00,,,0,0,74,0,2026-08-18 13:21:46,2026-08-18 13:21:46,https://hskla.hr/o-nama/,,,20,Croatia,2026-08-18 15:14:59,,,,,,,,,,,,,0,50,,WORLD_POLYGON_CENTROID,,,,,11
183,SIC-WSCDM8AG-WF11HRBN-7,KLA GROMAČE,CLUB,LOCAL_CLUB,10,#22C55E,Europe,Croatia,Primorsko-goranska,,Krk,Dubrovačka 13,45.150000000000006,16.4,COUNTRY_ONLY,ACTIVE,SIC-K6ENNYVR-MT9AVTFM-W,https://hskla.hr/o-nama/,HSKLA official directory,hr,srijeda,,,0,0,74,0,2026-08-18 13:21:46,2026-08-18 13:21:46,https://hskla.hr/o-nama/,,,20,Croatia,2026-08-18 15:14:59,,,,,,,,,,,,,0,50,,WORLD_POLYGON_CENTROID,,,,,11
184,SIC-943TEQ8K-F9XFTPRZ-H,KLA BONACA,CLUB,LOCAL_CLUB,10,#22C55E,Europe,Croatia,Primorsko-goranska,,Mali Lošinj,Priko 69,45.150000000000006,16.4,COUNTRY_ONLY,ACTIVE,SIC-K6ENNYVR-MT9AVTFM-W,https://hskla.hr/o-nama/,HSKLA official directory,hr,srijeda 19:00,,,0,0,74,0,2026-08-18 13:21:46,2026-08-18 13:21:46,https://hskla.hr/o-nama/,,,20,Croatia,2026-08-18 15:14:59,,,,,,,,,,,,,0,50,,WORLD_POLYGON_CENTROID,,,,,11
185,SIC-8DJ17ASN-T7JFQR24-1,KLA MATULJI,CLUB,LOCAL_CLUB,10,#22C55E,Europe,Croatia,Primorsko-goranska,,Matulji,Trg M. Tita 11,45.150000000000006,16.4,COUNTRY_ONLY,ACTIVE,SIC-K6ENNYVR-MT9AVTFM-W,https://hskla.hr/o-nama/,HSKLA official directory,hr,ponedjeljak 18:00,,,0,0,74,0,2026-08-18 13:21:46,2026-08-18 13:21:46,https://hskla.hr/o-nama/,,,20,Croatia,2026-08-18 15:14:59,,,,,,,,,,,,,0,50,,WORLD_POLYGON_CENTROID,,,,,11
186,SIC-M6RDGXVV-EJDC26B5-P,KLA OPATIJA,CLUB,LOCAL_CLUB,10,#22C55E,Europe,Croatia,Primorsko-goranska,,Opatija,Štengerova 34,45.150000000000006,16.4,COUNTRY_ONLY,ACTIVE,SIC-K6ENNYVR-MT9AVTFM-W,https://hskla.hr/o-nama/,HSKLA official directory,hr,ponedjeljak 17:00,,,0,0,74,0,2026-08-18 13:21:46,2026-08-18 13:21:46,https://hskla.hr/o-nama/,,,20,Croatia,2026-08-18 15:14:59,,,,,,,,,,,,,0,50,,WORLD_POLYGON_CENTROID,,,,,11
187,SIC-DSCCSK26-AXS43V17-Z,KLA RAB,CLUB,LOCAL_CLUB,10,#22C55E,Europe,Croatia,Primorsko-goranska,,Rab,"Kampor 224, Psihijatrijska bolnica Rab",45.150000000000006,16.4,COUNTRY_ONLY,ACTIVE,SIC-K6ENNYVR-MT9AVTFM-W,https://hskla.hr/o-nama/,HSKLA official directory,hr,ponedjeljak 18:00,,,0,0,74,0,2026-08-18 13:21:46,2026-08-18 13:21:46,https://hskla.hr/o-nama/,,,20,Croatia,2026-08-18 15:14:59,,,,,,,,,,,,,0,50,,WORLD_POLYGON_CENTROID,,,,,11
192,SIC-Y5FC7J5N-HQT3RFWM-T,KLA CENTAR RIJEKA,CLUB,LOCAL_CLUB,10,#22C55E,Europe,Croatia,Primorsko-goranska,,Rijeka,Krešimirova 8/II,45.32722,14.44111,CITY,ACTIVE,SIC-K6ENNYVR-MT9AVTFM-W,https://hskla.hr/o-nama/,HSKLA official directory,hr,četvrtak 17:00,,,0,0,80,0,2026-08-18 13:21:46,2026-08-18 13:21:46,https://hskla.hr/o-nama/,,,78,"Rijeka, Croatia | https://en.wikipedia.org/wiki/Rijeka",2026-08-18 14:37:50,,,,,,,,,,,,,0,50,,,,,,,11
188,SIC-7SECVT8X-2E0JB1R6-S,KLA NOVI ŽIVOT,CLUB,LOCAL_CLUB,10,#22C55E,Europe,Croatia,Primorsko-goranska,,Rijeka,Verdijeva 6,45.32722,14.44111,CITY,ACTIVE,SIC-K6ENNYVR-MT9AVTFM-W,https://hskla.hr/o-nama/,HSKLA official directory,hr,pon/uto,,,0,0,80,0,2026-08-18 13:21:46,2026-08-18 13:21:46,https://hskla.hr/o-nama/,,,78,"Rijeka, Croatia | https://en.wikipedia.org/wiki/Rijeka",2026-08-18 14:37:50,,,,,,,,,,,,,0,50,,,,,,,11
191,SIC-31NN9592-6H0DK11H-Z,KLA ZAMET,CLUB,LOCAL_CLUB,10,#22C55E,Europe,Croatia,Primorsko-goranska,,Rijeka,Braće Monjac 5,45.32722,14.44111,CITY,ACTIVE,SIC-K6ENNYVR-MT9AVTFM-W,https://hskla.hr/o-nama/,HSKLA official directory,hr,,,,0,0,70,0,2026-08-18 13:21:46,2026-08-18 13:21:46,https://hskla.hr/o-nama/,,,78,"Rijeka, Croatia | https://en.wikipedia.org/wiki/Rijeka",2026-08-18 14:37:50,,,,,,,,,,,,,0,50,,,,,,,11
190,SIC-YT1941G3-01VRYGNA-8,KLA ZAMET 2,CLUB,LOCAL_CLUB,10,#22C55E,Europe,Croatia,Primorsko-goranska,,Rijeka,Braće Monjac 5,45.32722,14.44111,CITY,ACTIVE,SIC-K6ENNYVR-MT9AVTFM-W,https://hskla.hr/o-nama/,HSKLA official directory,hr,,,,0,0,70,0,2026-08-18 13:21:46,2026-08-18 13:21:46,https://hskla.hr/o-nama/,,,78,"Rijeka, Croatia | https://en.wikipedia.org/wiki/Rijeka",2026-08-18 14:37:50,,,,,,,,,,,,,0,50,,,,,,,11
189,SIC-B613XD92-CEMKD917-D,KLA SVETI MATEJ,CLUB,LOCAL_CLUB,10,#22C55E,Europe,Croatia,Primorsko-goranska,,Viškovo,"Sroki, Kulići 2",45.150000000000006,16.4,COUNTRY_ONLY,ACTIVE,SIC-K6ENNYVR-MT9AVTFM-W,https://hskla.hr/o-nama/,HSKLA official directory,hr,četvrtak 19:00,,,0,0,74,0,2026-08-18 13:21:46,2026-08-18 13:21:46,https://hskla.hr/o-nama/,,,20,Croatia,2026-08-18 15:14:59,,,,,,,,,,,,,0,50,,WORLD_POLYGON_CENTROID,,,,,11
145,SIC-JM6E5NQF-A6CF9S46-J,KLA KUTINA,CLUB,LOCAL_CLUB,10,#22C55E,Europe,Croatia,Sisačko-moslavačka,,Kutina,Augusta Šenoe 2,45.150000000000006,16.4,COUNTRY_ONLY,ACTIVE,SIC-K6ENNYVR-MT9AVTFM-W,https://hskla.hr/o-nama/,HSKLA official directory,hr,srijeda 15:00,,,0,0,74,0,2026-08-18 13:21:46,2026-08-18 13:21:46,https://hskla.hr/o-nama/,,,20,Croatia,2026-08-18 15:14:59,,,,,,,,,,,,,0,50,,WORLD_POLYGON_CENTROID,,,,,11
146,SIC-37QTMXEF-XQ823JQV-T,KLA NAFTAPLIN POPOVAČA,CLUB,LOCAL_CLUB,10,#22C55E,Europe,Croatia,Sisačko-moslavačka,,Popovača,Sisačka bb,45.150000000000006,16.4,COUNTRY_ONLY,ACTIVE,SIC-K6ENNYVR-MT9AVTFM-W,https://hskla.hr/o-nama/,HSKLA official directory,hr,ponedjeljak 15:30,,,0,0,74,0,2026-08-18 13:21:46,2026-08-18 13:21:46,https://hskla.hr/o-nama/,,,20,Croatia,2026-08-18 15:14:59,,,,,,,,,,,,,0,50,,WORLD_POLYGON_CENTROID,,,,,11
147,SIC-247PVDB6-7KF942SS-K,OKLA SISAK,CLUB,LOCAL_CLUB,10,#22C55E,Europe,Croatia,Sisačko-moslavačka,,Sisak,"J.J. Strossmayera 59, Bolnica",45.150000000000006,16.4,COUNTRY_ONLY,ACTIVE,SIC-K6ENNYVR-MT9AVTFM-W,https://hskla.hr/o-nama/,HSKLA official directory,hr,pon 16:00 / sri 15:30,,,0,0,74,0,2026-08-18 13:21:46,2026-08-18 13:21:46,https://hskla.hr/o-nama/,,,20,Croatia,2026-08-18 15:14:59,,,,,,,,,,,,,0,50,,WORLD_POLYGON_CENTROID,,,,,11
122,SIC-46D2WHVG-7K14JWXV-E,KLA IMOTSKI,CLUB,LOCAL_CLUB,10,#22C55E,Europe,Croatia,Splitsko-dalmatinska,,Imotski,"A. Starčevića 7, Dom zdravlja",45.150000000000006,16.4,COUNTRY_ONLY,ACTIVE,SIC-K6ENNYVR-MT9AVTFM-W,https://hskla.hr/o-nama/,HSKLA official directory,hr,petak 17:00,,,0,0,74,0,2026-08-18 13:21:46,2026-08-18 13:21:46,https://hskla.hr/o-nama/,,,20,Croatia,2026-08-18 15:14:59,,,,,,,,,,,,,0,50,,WORLD_POLYGON_CENTROID,,,,,11
123,SIC-9B89VSJZ-4HRTV8PD-S,KLA MAKARSKA,CLUB,LOCAL_CLUB,10,#22C55E,Europe,Croatia,Splitsko-dalmatinska,,Makarska,"Stjepana Ivičevića 4, Dom zdravlja",45.150000000000006,16.4,COUNTRY_ONLY,ACTIVE,SIC-K6ENNYVR-MT9AVTFM-W,https://hskla.hr/o-nama/,HSKLA official directory,hr,srijeda 16:30,,,0,0,74,0,2026-08-18 13:21:46,2026-08-18 13:21:46,https://hskla.hr/o-nama/,,,20,Croatia,2026-08-18 15:14:59,,,,,,,,,,,,,0,50,,WORLD_POLYGON_CENTROID,,,,,11
133,SIC-C3HXH9NB-9N2W2V1K-4,KLA ŽIVOT BRAČ,CLUB,LOCAL_CLUB,10,#22C55E,Europe,Croatia,Splitsko-dalmatinska,,Postira,Polježice 6,45.150000000000006,16.4,COUNTRY_ONLY,ACTIVE,SIC-K6ENNYVR-MT9AVTFM-W,https://hskla.hr/o-nama/,HSKLA official directory,hr,ponedjeljak 14:00,,,0,0,74,0,2026-08-18 13:21:46,2026-08-18 13:21:46,https://hskla.hr/o-nama/,,,20,Croatia,2026-08-18 15:14:59,,,,,,,,,,,,,0,50,,WORLD_POLYGON_CENTROID,,,,,11
124,SIC-JNBKTQY3-HRXGPCVT-6,KLA SINJ,CLUB,LOCAL_CLUB,10,#22C55E,Europe,Croatia,Splitsko-dalmatinska,,Sinj,Petrovac 2,45.150000000000006,16.4,COUNTRY_ONLY,ACTIVE,SIC-K6ENNYVR-MT9AVTFM-W,https://hskla.hr/o-nama/,HSKLA official directory,hr,ponedjeljak 16:00,,,0,0,74,0,2026-08-18 13:21:46,2026-08-18 13:21:46,https://hskla.hr/o-nama/,,,20,Croatia,2026-08-18 15:14:59,,,,,,,,,,,,,0,50,,WORLD_POLYGON_CENTROID,,,,,11
125,SIC-E3B7N6Z1-XCZ20526-1,KLA SOLIN,CLUB,LOCAL_CLUB,10,#22C55E,Europe,Croatia,Splitsko-dalmatinska,,Solin,Solinske mladeži 17,45.150000000000006,16.4,COUNTRY_ONLY,ACTIVE,SIC-K6ENNYVR-MT9AVTFM-W,https://hskla.hr/o-nama/,HSKLA official directory,hr,utorak 18:00,,,0,0,74,0,2026-08-18 13:21:46,2026-08-18 13:21:46,https://hskla.hr/o-nama/,,,20,Croatia,2026-08-18 15:14:59,,,,,,,,,,,,,0,50,,WORLD_POLYGON_CENTROID,,,,,11
126,SIC-X0D89T01-PPEBYD5P-N,KLA FENIKS,CLUB,LOCAL_CLUB,10,#22C55E,Europe,Croatia,Splitsko-dalmatinska,,Split,Gundulićeva 25,43.508133,16.440193,CITY,ACTIVE,SIC-K6ENNYVR-MT9AVTFM-W,https://hskla.hr/o-nama/,HSKLA official directory,hr,utorak 16:00,,,0,0,80,0,2026-08-18 13:21:46,2026-08-18 13:21:46,https://hskla.hr/o-nama/,,,78,"Split, Croatia | https://www.latlong.net/place/split-croatia-17487.html",2026-08-18 14:37:50,,,,,,,,,,,,,0,50,,,,,,,11
127,SIC-PCZ7CD6R-CXVFH0RA-B,KLA IZBOR,CLUB,LOCAL_CLUB,10,#22C55E,Europe,Croatia,Splitsko-dalmatinska,,Split,Doverska 17,43.508133,16.440193,CITY,ACTIVE,SIC-K6ENNYVR-MT9AVTFM-W,https://hskla.hr/o-nama/,HSKLA official directory,hr,sri 19:00 / čet 18:00,,,0,0,80,0,2026-08-18 13:21:46,2026-08-18 13:21:46,https://hskla.hr/o-nama/,,,78,"Split, Croatia | https://www.latlong.net/place/split-croatia-17487.html",2026-08-18 14:37:50,,,,,,,,,,,,,0,50,,,,,,,11
129,SIC-G3Y3X7E0-VJSDMD9E-7,KLA LUČAC-MANUŠ,CLUB,LOCAL_CLUB,10,#22C55E,Europe,Croatia,Splitsko-dalmatinska,,Split,Omiška 14,43.508133,16.440193,CITY,ACTIVE,SIC-K6ENNYVR-MT9AVTFM-W,https://hskla.hr/o-nama/,HSKLA official directory,hr,utorak 16:00,,,0,0,80,0,2026-08-18 13:21:46,2026-08-18 13:21:46,https://hskla.hr/o-nama/,,,78,"Split, Croatia | https://www.latlong.net/place/split-croatia-17487.html",2026-08-18 14:37:50,,,,,,,,,,,,,0,50,,,,,,,11
130,SIC-HYJTXVEY-06JQAQ6D-6,KLA NESLANOVAC,CLUB,LOCAL_CLUB,10,#22C55E,Europe,Croatia,Splitsko-dalmatinska,,Split,Sarajevska 30,43.508133,16.440193,CITY,ACTIVE,SIC-K6ENNYVR-MT9AVTFM-W,https://hskla.hr/o-nama/,HSKLA official directory,hr,srijeda 16:00,,,0,0,80,0,2026-08-18 13:21:46,2026-08-18 13:21:46,https://hskla.hr/o-nama/,,,78,"Split, Croatia | https://www.latlong.net/place/split-croatia-17487.html",2026-08-18 14:37:50,,,,,,,,,,,,,0,50,,,,,,,11
131,SIC-ZSCVK138-XXNAX4BJ-D,KLA SPINUT,CLUB,LOCAL_CLUB,10,#22C55E,Europe,Croatia,Splitsko-dalmatinska,,Split,A.G. Matoša 29,43.508133,16.440193,CITY,ACTIVE,SIC-K6ENNYVR-MT9AVTFM-W,https://hskla.hr/o-nama/,HSKLA official directory,hr,srijeda 16:00,,,0,0,80,0,2026-08-18 13:21:46,2026-08-18 13:21:46,https://hskla.hr/o-nama/,,,78,"Split, Croatia | https://www.latlong.net/place/split-croatia-17487.html",2026-08-18 14:37:50,,,,,,,,,,,,,0,50,,,,,,,11
128,SIC-44701CN8-P1D1SMJ6-8,KLA STIJEPO BOTTERI,CLUB,LOCAL_CLUB,10,#22C55E,Europe,Croatia,Splitsko-dalmatinska,,Split,A.G. Matoša 2,43.508133,16.440193,CITY,ACTIVE,SIC-K6ENNYVR-MT9AVTFM-W,https://hskla.hr/o-nama/,HSKLA official directory,hr,utorak 16:00,,,0,0,80,0,2026-08-18 13:21:46,2026-08-18 13:21:46,https://hskla.hr/o-nama/,,,78,"Split, Croatia | https://www.latlong.net/place/split-croatia-17487.html",2026-08-18 14:37:50,,,,,,,,,,,,,0,50,,,,,,,11
132,SIC-A23GZ82S-QWRPKD77-K,KLA VRGORAC,CLUB,LOCAL_CLUB,10,#22C55E,Europe,Croatia,Splitsko-dalmatinska,,Vrgorac,Tina Ujevića 8,45.150000000000006,16.4,COUNTRY_ONLY,ACTIVE,SIC-K6ENNYVR-MT9AVTFM-W,https://hskla.hr/o-nama/,HSKLA official directory,hr,,,,0,0,64,0,2026-08-18 13:21:46,2026-08-18 13:21:46,https://hskla.hr/o-nama/,,,20,Croatia,2026-08-18 15:14:59,,,,,,,,,,,,,0,50,,WORLD_POLYGON_CENTROID,,,,,11
161,SIC-H9JZ5PQP-ZMVW9SWZ-3,KLA OBITELJSKI KLUB,CLUB,LOCAL_CLUB,10,#22C55E,Europe,Croatia,Varaždinska,,Varaždin,Stepinčeva 1,45.150000000000006,16.4,COUNTRY_ONLY,ACTIVE,SIC-K6ENNYVR-MT9AVTFM-W,https://hskla.hr/o-nama/,HSKLA official directory,hr,ponedjeljak 18:00,,,0,0,74,0,2026-08-18 13:21:46,2026-08-18 13:21:46,https://hskla.hr/o-nama/,,,20,Croatia,2026-08-18 15:14:59,,,,,,,,,,,,,0,50,,WORLD_POLYGON_CENTROID,,,,,11
162,SIC-T8G31K79-02E3KRBX-X,UAA HRABROST,CLUB,LOCAL_CLUB,10,#22C55E,Europe,Croatia,Varaždinska,,Varaždin,Stepinčeva 1,45.150000000000006,16.4,COUNTRY_ONLY,ACTIVE,SIC-K6ENNYVR-MT9AVTFM-W,https://hskla.hr/o-nama/,HSKLA official directory,hr,četvrtak 19:30,,,0,0,74,0,2026-08-18 13:21:46,2026-08-18 13:21:46,https://hskla.hr/o-nama/,,,20,Croatia,2026-08-18 15:14:59,,,,,,,,,,,,,0,50,,WORLD_POLYGON_CENTROID,,,,,11
163,SIC-0M138H2C-VTNSXK65-Z,KLA SLATINA,CLUB,LOCAL_CLUB,10,#22C55E,Europe,Croatia,Virovitičko-podravska,,Slatina,B. Jelačića 33B,45.150000000000006,16.4,COUNTRY_ONLY,ACTIVE,SIC-K6ENNYVR-MT9AVTFM-W,https://hskla.hr/o-nama/,HSKLA official directory,hr,sri 15:30 / pet 08:30,,,0,0,74,0,2026-08-18 13:21:46,2026-08-18 13:21:46,https://hskla.hr/o-nama/,,,20,Croatia,2026-08-18 15:14:59,,,,,,,,,,,,,0,50,,WORLD_POLYGON_CENTROID,,,,,11
164,SIC-5GW7SE6W-P2TBZ9FJ-D,UKLA VIROVITICA,CLUB,LOCAL_CLUB,10,#22C55E,Europe,Croatia,Virovitičko-podravska,,Virovitica,Gajeva 21,45.150000000000006,16.4,COUNTRY_ONLY,ACTIVE,SIC-K6ENNYVR-MT9AVTFM-W,https://hskla.hr/o-nama/,HSKLA official directory,hr,uto 18:00 / sri 17:00,,,0,0,74,0,2026-08-18 13:21:46,2026-08-18 13:21:46,https://hskla.hr/o-nama/,,,20,Croatia,2026-08-18 15:14:59,,,,,,,,,,,,,0,50,,WORLD_POLYGON_CENTROID,,,,,11
167,SIC-HHMDWGC5-KP1FKBDW-X,KLA CIBALIA,CLUB,LOCAL_CLUB,10,#22C55E,Europe,Croatia,Vukovarsko-srijemska,,Vinkovci,Kralja Zvonimira 64,45.150000000000006,16.4,COUNTRY_ONLY,ACTIVE,SIC-K6ENNYVR-MT9AVTFM-W,https://hskla.hr/o-nama/,HSKLA official directory,hr,ponedjeljak 17:00,,,0,0,74,0,2026-08-18 13:21:46,2026-08-18 13:21:46,https://hskla.hr/o-nama/,,,20,Croatia,2026-08-18 15:14:59,,,,,,,,,,,,,0,50,,WORLD_POLYGON_CENTROID,,,,,11
166,SIC-6EBWMG0K-QMVMP6Z1-Q,KLA VINKOVCI,CLUB,LOCAL_CLUB,10,#22C55E,Europe,Croatia,Vukovarsko-srijemska,,Vinkovci,Kralja Zvonimira 64,45.150000000000006,16.4,COUNTRY_ONLY,ACTIVE,SIC-K6ENNYVR-MT9AVTFM-W,https://hskla.hr/o-nama/,HSKLA official directory,hr,četvrtak 17:00,,,0,0,74,0,2026-08-18 13:21:46,2026-08-18 13:21:46,https://hskla.hr/o-nama/,,,20,Croatia,2026-08-18 15:14:59,,,,,,,,,,,,,0,50,,WORLD_POLYGON_CENTROID,,,,,11
137,SIC-PMNEH091-GKD7CHVR-7,KLA ZADAR,CLUB,LOCAL_CLUB,10,#22C55E,Europe,Croatia,Zadarska,,Zadar,MZ B. Jelačića 19,45.150000000000006,16.4,COUNTRY_ONLY,ACTIVE,SIC-K6ENNYVR-MT9AVTFM-W,https://hskla.hr/o-nama/,HSKLA official directory,hr,srijeda 18:00,,,0,0,74,0,2026-08-18 13:21:46,2026-08-18 13:21:46,https://hskla.hr/o-nama/,,,20,Croatia,2026-08-18 15:14:59,,,,,,,,,,,,,0,50,,WORLD_POLYGON_CENTROID,,,,,11
110,SIC-ZN28WKSE-WXTWKPBT-2,KLA KATARINA,CLUB,LOCAL_CLUB,10,#22C55E,Europe,Croatia,Zagreb,,Sesvete,Ninska 10,45.83111,16.11639,CITY,ACTIVE,SIC-K6ENNYVR-MT9AVTFM-W,https://hskla.hr/o-nama/,HSKLA official directory,hr,srijeda 15:30,,,0,0,80,0,2026-08-18 13:21:46,2026-08-18 13:21:46,https://hskla.hr/o-nama/,,,78,"Sesvete, Croatia | https://latitudelongitude.org/hr/sesvete/",2026-08-18 14:37:50,,,,,,,,,,,,,0,50,,,,,,,11
111,SIC-AKYR20TG-S9G74XKQ-S,KLA NOVO BRESTJE,CLUB,LOCAL_CLUB,10,#22C55E,Europe,Croatia,Zagreb,,Sesvete,Ul. ljubičica 33,45.83111,16.11639,CITY,ACTIVE,SIC-K6ENNYVR-MT9AVTFM-W,https://hskla.hr/o-nama/,HSKLA official directory,hr,ponedjeljak 17:30,,,0,0,80,0,2026-08-18 13:21:46,2026-08-18 13:21:46,https://hskla.hr/o-nama/,,,78,"Sesvete, Croatia | https://latitudelongitude.org/hr/sesvete/",2026-08-18 14:37:50,,,,,,,,,,,,,0,50,,,,,,,11
112,SIC-SA7YQA4Z-3SMKV3J7-F,KLA OPSTANAK SESVETE,CLUB,LOCAL_CLUB,10,#22C55E,Europe,Croatia,Zagreb,,Sesvete,Ninska 10,45.83111,16.11639,CITY,ACTIVE,SIC-K6ENNYVR-MT9AVTFM-W,https://hskla.hr/o-nama/,HSKLA official directory,hr,srijeda 17:00,,,0,0,80,0,2026-08-18 13:21:46,2026-08-18 13:21:46,https://hskla.hr/o-nama/,,,78,"Sesvete, Croatia | https://latitudelongitude.org/hr/sesvete/",2026-08-18 14:37:50,,,,,,,,,,,,,0,50,,,,,,,11
114,SIC-9CSGZ092-DM38XC1J-N,KLA SESVETE CENTAR,CLUB,LOCAL_CLUB,10,#22C55E,Europe,Croatia,Zagreb,,Sesvete,Ninska 10,45.83111,16.11639,CITY,ACTIVE,SIC-K6ENNYVR-MT9AVTFM-W,https://hskla.hr/o-nama/,HSKLA official directory,hr,srijeda 15:30,,,0,0,80,0,2026-08-18 13:21:46,2026-08-18 13:21:46,https://hskla.hr/o-nama/,,,78,"Sesvete, Croatia | https://latitudelongitude.org/hr/sesvete/",2026-08-18 14:37:50,,,,,,,,,,,,,0,50,,,,,,,11
113,SIC-9YC2P8CD-5WD0ZK27-X,KLA SESVETE NADA,CLUB,LOCAL_CLUB,10,#22C55E,Europe,Croatia,Zagreb,,Sesvete,Ninska 10,45.83111,16.11639,CITY,ACTIVE,SIC-K6ENNYVR-MT9AVTFM-W,https://hskla.hr/o-nama/,HSKLA official directory,hr,srijeda 17:00,,,0,0,80,0,2026-08-18 13:21:46,2026-08-18 13:21:46,https://hskla.hr/o-nama/,,,78,"Sesvete, Croatia | https://latitudelongitude.org/hr/sesvete/",2026-08-18 14:37:50,,,,,,,,,,,,,0,50,,,,,,,11
76,SIC-JNMPH7K4-WKM95J48-1,KLA BAN KEGLEVIĆ,CLUB,LOCAL_CLUB,10,#22C55E,Europe,Croatia,Zagreb,,Zagreb,Prilaz baruna Filipovića 11,45.815399,15.966568,CITY,ACTIVE,SIC-K6ENNYVR-MT9AVTFM-W,https://hskla.hr/o-nama/,HSKLA official directory,hr,četvrtak 19:00,,,0,0,80,0,2026-08-18 13:21:46,2026-08-18 13:21:46,https://hskla.hr/o-nama/,,,78,"Zagreb, Croatia | https://www.latlong.net/place/zagreb-croatia-2685.html",2026-08-18 14:37:50,,,,,,,,,,,,,0,50,,,,,,,11
87,SIC-B9GVTNZ1-JWTS7DV0-2,KLA BARUTANSKI JARAK,CLUB,LOCAL_CLUB,10,#22C55E,Europe,Croatia,Zagreb,,Zagreb,Barutanski brijeg 5,45.815399,15.966568,CITY,ACTIVE,SIC-K6ENNYVR-MT9AVTFM-W,https://hskla.hr/o-nama/,HSKLA official directory,hr,ponedjeljak 17:30,,,0,0,80,0,2026-08-18 13:21:46,2026-08-18 13:21:46,https://hskla.hr/o-nama/,,,78,"Zagreb, Croatia | https://www.latlong.net/place/zagreb-croatia-2685.html",2026-08-18 14:37:50,,,,,,,,,,,,,0,50,,,,,,,11
68,SIC-N9AH2MCE-J27NV14M-7,KLA CENTAR,CLUB,LOCAL_CLUB,10,#22C55E,Europe,Croatia,Zagreb,,Zagreb,Tkalčićeva 33,45.815399,15.966568,CITY,ACTIVE,SIC-K6ENNYVR-MT9AVTFM-W,https://hskla.hr/o-nama/,HSKLA official directory,hr,utorak 16:30,,,0,0,80,0,2026-08-18 13:21:46,2026-08-18 13:21:46,https://hskla.hr/o-nama/,,,78,"Zagreb, Croatia | https://www.latlong.net/place/zagreb-croatia-2685.html",2026-08-18 14:37:50,,,,,,,,,,,,,0,50,,,,,,,11
70,SIC-PV2F2NS7-8SZ6Y1GK-2,KLA CENTAR STARA TKALČA,CLUB,LOCAL_CLUB,10,#22C55E,Europe,Croatia,Zagreb,,Zagreb,Nova Ves 36,45.815399,15.966568,CITY,ACTIVE,SIC-K6ENNYVR-MT9AVTFM-W,https://hskla.hr/o-nama/,HSKLA official directory,hr,ponedjeljak 18:30,,,0,0,80,0,2026-08-18 13:21:46,2026-08-18 13:21:46,https://hskla.hr/o-nama/,,,78,"Zagreb, Croatia | https://www.latlong.net/place/zagreb-croatia-2685.html",2026-08-18 14:37:50,,,,,,,,,,,,,0,50,,,,,,,11
69,SIC-H2P1G0JM-BJN0AHGC-E,KLA CENTAR TKALČA,CLUB,LOCAL_CLUB,10,#22C55E,Europe,Croatia,Zagreb,,Zagreb,Tkalčićeva 33,45.815399,15.966568,CITY,ACTIVE,SIC-K6ENNYVR-MT9AVTFM-W,https://hskla.hr/o-nama/,HSKLA official directory,hr,ponedjeljak 16:30,,,0,0,80,0,2026-08-18 13:21:46,2026-08-18 13:21:46,https://hskla.hr/o-nama/,,,78,"Zagreb, Croatia | https://www.latlong.net/place/zagreb-croatia-2685.html",2026-08-18 14:37:50,,,,,,,,,,,,,0,50,,,,,,,11
88,SIC-HE014JZN-DSHEWQ9G-W,KLA DINKO ŠIMUNOVIĆ,CLUB,LOCAL_CLUB,10,#22C55E,Europe,Croatia,Zagreb,,Zagreb,Trg Vlahe Bukovca 3,45.815399,15.966568,CITY,ACTIVE,SIC-K6ENNYVR-MT9AVTFM-W,https://hskla.hr/o-nama/,HSKLA official directory,hr,ponedjeljak 17:00,,,0,0,80,0,2026-08-18 13:21:46,2026-08-18 13:21:46,https://hskla.hr/o-nama/,,,78,"Zagreb, Croatia | https://www.latlong.net/place/zagreb-croatia-2685.html",2026-08-18 14:37:50,,,,,,,,,,,,,0,50,,,,,,,11
71,SIC-D0AECGSP-2WGM8WQC-P,KLA DUBRAVKA NOVA,CLUB,LOCAL_CLUB,10,#22C55E,Europe,Croatia,Zagreb,,Zagreb,"Rapska 39, DZ Sigečica",45.815399,15.966568,CITY,ACTIVE,SIC-K6ENNYVR-MT9AVTFM-W,https://hskla.hr/o-nama/,HSKLA official directory,hr,utorak 17:30,,,0,0,80,0,2026-08-18 13:21:46,2026-08-18 13:21:46,https://hskla.hr/o-nama/,,,78,"Zagreb, Croatia | https://www.latlong.net/place/zagreb-croatia-2685.html",2026-08-18 14:37:50,,,,,,,,,,,,,0,50,,,,,,,11
103,SIC-NBTV44EW-4J93Y0K9-P,KLA DUGAVE,CLUB,LOCAL_CLUB,10,#22C55E,Europe,Croatia,Zagreb,,Zagreb,Ul. Sv. Mateja 93,45.815399,15.966568,CITY,ACTIVE,SIC-K6ENNYVR-MT9AVTFM-W,https://hskla.hr/o-nama/,HSKLA official directory,hr,utorak 17:00,,,0,0,80,0,2026-08-18 13:21:46,2026-08-18 13:21:46,https://hskla.hr/o-nama/,,,78,"Zagreb, Croatia | https://www.latlong.net/place/zagreb-croatia-2685.html",2026-08-18 14:37:50,,,,,,,,,,,,,0,50,,,,,,,11
91,SIC-T9Q8A6F8-XRN7FVJ0-F,KLA HORVATI SREDNJACI,CLUB,LOCAL_CLUB,10,#22C55E,Europe,Croatia,Zagreb,,Zagreb,Horvaćanska 54,45.815399,15.966568,CITY,ACTIVE,SIC-K6ENNYVR-MT9AVTFM-W,https://hskla.hr/o-nama/,HSKLA official directory,hr,ponedjeljak 18:00,,,0,0,80,0,2026-08-18 13:21:46,2026-08-18 13:21:46,https://hskla.hr/o-nama/,,,78,"Zagreb, Croatia | https://www.latlong.net/place/zagreb-croatia-2685.html",2026-08-18 14:37:50,,,,,,,,,,,,,0,50,,,,,,,11
72,SIC-BEC54C5T-FV6WB5ZT-Z,KLA IZVOR,CLUB,LOCAL_CLUB,10,#22C55E,Europe,Croatia,Zagreb,,Zagreb,,45.815399,15.966568,CITY,DORMANT,SIC-K6ENNYVR-MT9AVTFM-W,https://hskla.hr/o-nama/,HSKLA official directory,hr,,,,0,0,55,0,2026-08-18 13:21:46,2026-08-18 13:21:46,https://hskla.hr/o-nama/,,,78,"Zagreb, Croatia | https://www.latlong.net/place/zagreb-croatia-2685.html",2026-08-18 14:37:50,,,,,,,,,,,,,0,50,,,,,,,11
83,SIC-DYK3GEX1-NNXPPVFN-1,KLA KLAKA III,CLUB,LOCAL_CLUB,10,#22C55E,Europe,Croatia,Zagreb,,Zagreb,Zdenka Škraba 3,45.815399,15.966568,CITY,ACTIVE,SIC-K6ENNYVR-MT9AVTFM-W,https://hskla.hr/o-nama/,HSKLA official directory,hr,srijeda 18:00,,,0,0,80,0,2026-08-18 13:21:46,2026-08-18 13:21:46,https://hskla.hr/o-nama/,,,78,"Zagreb, Croatia | https://www.latlong.net/place/zagreb-croatia-2685.html",2026-08-18 14:37:50,,,,,,,,,,,,,0,50,,,,,,,11
80,SIC-RRCVRNCK-7ZTVQNJN-8,KLA KUSTOŠIJA 2,CLUB,LOCAL_CLUB,10,#22C55E,Europe,Croatia,Zagreb,,Zagreb,Vatrogasna 6,45.815399,15.966568,CITY,ACTIVE,SIC-K6ENNYVR-MT9AVTFM-W,https://hskla.hr/o-nama/,HSKLA official directory,hr,utorak 17:00,,,0,0,80,0,2026-08-18 13:21:46,2026-08-18 13:21:46,https://hskla.hr/o-nama/,,,78,"Zagreb, Croatia | https://www.latlong.net/place/zagreb-croatia-2685.html",2026-08-18 14:37:50,,,,,,,,,,,,,0,50,,,,,,,11
78,SIC-M4HYGWA2-JBC484XF-R,KLA KUSTOŠIJA-CENTAR,CLUB,LOCAL_CLUB,10,#22C55E,Europe,Croatia,Zagreb,,Zagreb,Ilica 259,45.815399,15.966568,CITY,ACTIVE,SIC-K6ENNYVR-MT9AVTFM-W,https://hskla.hr/o-nama/,HSKLA official directory,hr,utorak 16:00,,,0,0,80,0,2026-08-18 13:21:46,2026-08-18 13:21:46,https://hskla.hr/o-nama/,,,78,"Zagreb, Croatia | https://www.latlong.net/place/zagreb-croatia-2685.html",2026-08-18 14:37:50,,,,,,,,,,,,,0,50,,,,,,,11
89,SIC-G2AZ43HK-NT8HCZD5-A,KLA MAKSIMIRSKA NASELJA,CLUB,LOCAL_CLUB,10,#22C55E,Europe,Croatia,Zagreb,,Zagreb,Zvonimirova 68,45.815399,15.966568,CITY,ACTIVE,SIC-K6ENNYVR-MT9AVTFM-W,https://hskla.hr/o-nama/,HSKLA official directory,hr,utorak 18:00,,,0,0,80,0,2026-08-18 13:21:46,2026-08-18 13:21:46,https://hskla.hr/o-nama/,,,78,"Zagreb, Croatia | https://www.latlong.net/place/zagreb-croatia-2685.html",2026-08-18 14:37:50,,,,,,,,,,,,,0,50,,,,,,,11
96,SIC-9E47PG1Q-55MP1MRN-5,KLA MALEŠNICA,CLUB,LOCAL_CLUB,10,#22C55E,Europe,Croatia,Zagreb,,Zagreb,I.B. Mažuranić 18,45.815399,15.966568,CITY,ACTIVE,SIC-K6ENNYVR-MT9AVTFM-W,https://hskla.hr/o-nama/,HSKLA official directory,hr,ponedjeljak 18:00,,,0,0,80,0,2026-08-18 13:21:46,2026-08-18 13:21:46,https://hskla.hr/o-nama/,,,78,"Zagreb, Croatia | https://www.latlong.net/place/zagreb-croatia-2685.html",2026-08-18 14:37:50,,,,,,,,,,,,,0,50,,,,,,,11
73,SIC-ED0H8FKD-2JVRHWB1-R,KLA MEDVEŠČAK I,CLUB,LOCAL_CLUB,10,#22C55E,Europe,Croatia,Zagreb,,Zagreb,Šubićeva 40/2,45.815399,15.966568,CITY,ACTIVE,SIC-K6ENNYVR-MT9AVTFM-W,https://hskla.hr/o-nama/,HSKLA official directory,hr,ponedjeljak 16:00,,,0,0,80,0,2026-08-18 13:21:46,2026-08-18 13:21:46,https://hskla.hr/o-nama/,,,78,"Zagreb, Croatia | https://www.latlong.net/place/zagreb-croatia-2685.html",2026-08-18 14:37:50,,,,,,,,,,,,,0,50,,,,,,,11
74,SIC-DSEMRF62-EQ0WMAWB-S,KLA MEDVEŠČAK II,CLUB,LOCAL_CLUB,10,#22C55E,Europe,Croatia,Zagreb,,Zagreb,Šubićeva 40/2,45.815399,15.966568,CITY,ACTIVE,SIC-K6ENNYVR-MT9AVTFM-W,https://hskla.hr/o-nama/,HSKLA official directory,hr,ponedjeljak 17:00,,,0,0,80,0,2026-08-18 13:21:46,2026-08-18 13:21:46,https://hskla.hr/o-nama/,,,78,"Zagreb, Croatia | https://www.latlong.net/place/zagreb-croatia-2685.html",2026-08-18 14:37:50,,,,,,,,,,,,,0,50,,,,,,,11
544,SIC-054VQQVA-6A8J3MQV-5,KLA Moj put,CLUB,LOCAL_CLUB,1,#22C55E,Europe,Croatia,Zagreb,,Zagreb,"Jurija Barakovića 20, Župna crkva",,,,ACTIVE_VERIFIED_2026,SIC-K6ENNYVR-MT9AVTFM-W,https://mentalnozdravlje.zagreb.hr/vjezbe-i-podrska/klubovi-lijecenih-alkoholicara-zagreb/,Grad Zagreb — Mentalno zdravlje,hr,srijeda 16:00,098/902-2412,,0,0,70,0,2026-08-18 15:16:56,2026-08-18 15:16:56,,098/902-2412,,0,,,,,,,,,,,,,,,1,95,2026-08-18,,,,,,11
90,SIC-0SNWGYGD-Z9RWPR16-J,KLA NOVA TRATINČICA,CLUB,LOCAL_CLUB,10,#22C55E,Europe,Croatia,Zagreb,,Zagreb,Trg Vlahe Bukovca 3,45.815399,15.966568,CITY,ACTIVE,SIC-K6ENNYVR-MT9AVTFM-W,https://hskla.hr/o-nama/,HSKLA official directory,hr,ponedjeljak 18:00,,,0,0,80,0,2026-08-18 13:21:46,2026-08-18 13:21:46,https://hskla.hr/o-nama/,,,78,"Zagreb, Croatia | https://www.latlong.net/place/zagreb-croatia-2685.html",2026-08-18 14:37:50,,,,,,,,,,,,,0,50,,,,,,,11
84,SIC-TY4814WK-PP4JG0BR-H,KLA OBITELJSKI ŽIVOT,CLUB,LOCAL_CLUB,10,#22C55E,Europe,Croatia,Zagreb,,Zagreb,Vrpoljska 10,45.815399,15.966568,CITY,ACTIVE,SIC-K6ENNYVR-MT9AVTFM-W,https://hskla.hr/o-nama/,HSKLA official directory,hr,četvrtak 17:00,,,0,0,80,0,2026-08-18 13:21:46,2026-08-18 13:21:46,https://hskla.hr/o-nama/,,,78,"Zagreb, Croatia | https://www.latlong.net/place/zagreb-croatia-2685.html",2026-08-18 14:37:50,,,,,,,,,,,,,0,50,,,,,,,11
92,SIC-D4558X5E-G6MHHVSP-Q,KLA OSVIT,CLUB,LOCAL_CLUB,10,#22C55E,Europe,Croatia,Zagreb,,Zagreb,Prečko 2a,45.815399,15.966568,CITY,ACTIVE,SIC-K6ENNYVR-MT9AVTFM-W,https://hskla.hr/o-nama/,HSKLA official directory,hr,četvrtak 17:30,,,0,0,80,0,2026-08-18 13:21:46,2026-08-18 13:21:46,https://hskla.hr/o-nama/,,,78,"Zagreb, Croatia | https://www.latlong.net/place/zagreb-croatia-2685.html",2026-08-18 14:37:50,,,,,,,,,,,,,0,50,,,,,,,11
75,SIC-TYDP910K-WDPC09EX-Y,KLA PEŠČENICA,CLUB,LOCAL_CLUB,10,#22C55E,Europe,Croatia,Zagreb,,Zagreb,Miletićeva 1,45.815399,15.966568,CITY,ACTIVE,SIC-K6ENNYVR-MT9AVTFM-W,https://hskla.hr/o-nama/,HSKLA official directory,hr,utorak i četvrtak 17:00,,,0,0,80,0,2026-08-18 13:21:46,2026-08-18 13:21:46,https://hskla.hr/o-nama/,,,78,"Zagreb, Croatia | https://www.latlong.net/place/zagreb-croatia-2685.html",2026-08-18 14:37:50,,,,,,,,,,,,,0,50,,,,,,,11
97,SIC-1CBCG5HK-BTVGWRN8-4,KLA PODSUSED,CLUB,LOCAL_CLUB,10,#22C55E,Europe,Croatia,Zagreb,,Zagreb,Podsusedski trg 3,45.815399,15.966568,CITY,ACTIVE,SIC-K6ENNYVR-MT9AVTFM-W,https://hskla.hr/o-nama/,HSKLA official directory,hr,četvrtak 17:30,,,0,0,80,0,2026-08-18 13:21:46,2026-08-18 13:21:46,https://hskla.hr/o-nama/,,,78,"Zagreb, Croatia | https://www.latlong.net/place/zagreb-croatia-2685.html",2026-08-18 14:37:50,,,,,,,,,,,,,0,50,,,,,,,11
542,SIC-W14HW2RP-ADH1BRV1-6,KLA Poštar,CLUB,LOCAL_CLUB,1,#22C55E,Europe,Croatia,Zagreb,,Zagreb,Branimirova 4/4 kat,,,,ACTIVE_VERIFIED_2026,SIC-K6ENNYVR-MT9AVTFM-W,https://mentalnozdravlje.zagreb.hr/vjezbe-i-podrska/klubovi-lijecenih-alkoholicara-zagreb/,Grad Zagreb — Mentalno zdravlje,hr,četvrtak 16:30,098/531-573,,0,0,70,0,2026-08-18 15:16:56,2026-08-18 15:16:56,,098/531-573,,0,,,,,,,,,,,,,,,1,95,2026-08-18,,,,,,11
543,SIC-FCQMVB52-P4T3KFHR-E,KLA Primorska 32,CLUB,LOCAL_CLUB,1,#22C55E,Europe,Croatia,Zagreb,,Zagreb,Primorska 32,,,,ACTIVE_VERIFIED_2026,SIC-K6ENNYVR-MT9AVTFM-W,https://mentalnozdravlje.zagreb.hr/vjezbe-i-podrska/klubovi-lijecenih-alkoholicara-zagreb/,Grad Zagreb — Mentalno zdravlje,hr,četvrtak 17:45,097/777-6256,,0,0,70,0,2026-08-18 15:16:56,2026-08-18 15:16:56,,097/777-6256,,0,,,,,,,,,,,,,,,1,95,2026-08-18,,,,,,11
104,SIC-YB9DVKW0-3ZKWB19Y-A,KLA REMETINEC,CLUB,LOCAL_CLUB,10,#22C55E,Europe,Croatia,Zagreb,,Zagreb,Trg Narodne zaštite 1,45.815399,15.966568,CITY,ACTIVE,SIC-K6ENNYVR-MT9AVTFM-W,https://hskla.hr/o-nama/,HSKLA official directory,hr,ponedjeljak 16:00,,,0,0,80,0,2026-08-18 13:21:46,2026-08-18 13:21:46,https://hskla.hr/o-nama/,,,78,"Zagreb, Croatia | https://www.latlong.net/place/zagreb-croatia-2685.html",2026-08-18 14:37:50,,,,,,,,,,,,,0,50,,,,,,,11
105,SIC-8W9YA1SR-JE1FFAP8-D,KLA REMETINEC GAJ,CLUB,LOCAL_CLUB,10,#22C55E,Europe,Croatia,Zagreb,,Zagreb,Remetinečki gaj 12,45.815399,15.966568,CITY,ACTIVE,SIC-K6ENNYVR-MT9AVTFM-W,https://hskla.hr/o-nama/,HSKLA official directory,hr,ponedjeljak 17:00,,,0,0,80,0,2026-08-18 13:21:46,2026-08-18 13:21:46,https://hskla.hr/o-nama/,,,78,"Zagreb, Croatia | https://www.latlong.net/place/zagreb-croatia-2685.html",2026-08-18 14:37:50,,,,,,,,,,,,,0,50,,,,,,,11
93,SIC-3PJ9ZTY4-2PJV6SNT-Q,KLA RUDEŠ,CLUB,LOCAL_CLUB,10,#22C55E,Europe,Croatia,Zagreb,,Zagreb,Rudeška cesta 71,45.815399,15.966568,CITY,ACTIVE,SIC-K6ENNYVR-MT9AVTFM-W,https://hskla.hr/o-nama/,HSKLA official directory,hr,srijeda 18:15,,,0,0,80,0,2026-08-18 13:21:46,2026-08-18 13:21:46,https://hskla.hr/o-nama/,,,78,"Zagreb, Croatia | https://www.latlong.net/place/zagreb-croatia-2685.html",2026-08-18 14:37:50,,,,,,,,,,,,,0,50,,,,,,,11
106,SIC-0XXTSAWG-1AZ7SPKJ-9,KLA SIGET,CLUB,LOCAL_CLUB,10,#22C55E,Europe,Croatia,Zagreb,,Zagreb,Radmanovečka 39,45.815399,15.966568,CITY,ACTIVE,SIC-K6ENNYVR-MT9AVTFM-W,https://hskla.hr/o-nama/,HSKLA official directory,hr,četvrtak 16:45,,,0,0,80,0,2026-08-18 13:21:46,2026-08-18 13:21:46,https://hskla.hr/o-nama/,,,78,"Zagreb, Croatia | https://www.latlong.net/place/zagreb-croatia-2685.html",2026-08-18 14:37:50,,,,,,,,,,,,,0,50,,,,,,,11
95,SIC-6DAXZPSQ-S2VKVJAB-8,KLA STARA TREŠNJEVKA,CLUB,LOCAL_CLUB,10,#22C55E,Europe,Croatia,Zagreb,,Zagreb,Ozaljska 16,45.815399,15.966568,CITY,ACTIVE,SIC-K6ENNYVR-MT9AVTFM-W,https://hskla.hr/o-nama/,HSKLA official directory,hr,ponedjeljak 18:00,,,0,0,80,0,2026-08-18 13:21:46,2026-08-18 13:21:46,https://hskla.hr/o-nama/,,,78,"Zagreb, Croatia | https://www.latlong.net/place/zagreb-croatia-2685.html",2026-08-18 14:37:50,,,,,,,,,,,,,0,50,,,,,,,11
99,SIC-60SJM1B0-X37GG581-C,KLA STENJEVEC,CLUB,LOCAL_CLUB,10,#22C55E,Europe,Croatia,Zagreb,,Zagreb,Samoborska c. 63,45.815399,15.966568,CITY,ACTIVE,SIC-K6ENNYVR-MT9AVTFM-W,https://hskla.hr/o-nama/,HSKLA official directory,hr,srijeda 17:30,,,0,0,80,0,2026-08-18 13:21:46,2026-08-18 13:21:46,https://hskla.hr/o-nama/,,,78,"Zagreb, Croatia | https://www.latlong.net/place/zagreb-croatia-2685.html",2026-08-18 14:37:50,,,,,,,,,,,,,0,50,,,,,,,11
86,SIC-QNNXR7ZQ-RHTJE9GZ-H,KLA STUDENTSKI GRAD,CLUB,LOCAL_CLUB,10,#22C55E,Europe,Croatia,Zagreb,,Zagreb,Vile Velebita 10/3,45.815399,15.966568,CITY,ACTIVE,SIC-K6ENNYVR-MT9AVTFM-W,https://hskla.hr/o-nama/,HSKLA official directory,hr,ponedjeljak 17:00,,,0,0,80,0,2026-08-18 13:21:46,2026-08-18 13:21:46,https://hskla.hr/o-nama/,,,78,"Zagreb, Croatia | https://www.latlong.net/place/zagreb-croatia-2685.html",2026-08-18 14:37:50,,,,,,,,,,,,,0,50,,,,,,,11
100,SIC-9E6AK69N-HXFEDSDN-Z,KLA SUSEDGRAD,CLUB,LOCAL_CLUB,10,#22C55E,Europe,Croatia,Zagreb,,Zagreb,Ilica 421,45.815399,15.966568,CITY,ACTIVE,SIC-K6ENNYVR-MT9AVTFM-W,https://hskla.hr/o-nama/,HSKLA official directory,hr,ponedjeljak 17:30,,,0,0,80,0,2026-08-18 13:21:46,2026-08-18 13:21:46,https://hskla.hr/o-nama/,,,78,"Zagreb, Croatia | https://www.latlong.net/place/zagreb-croatia-2685.html",2026-08-18 14:37:50,,,,,,,,,,,,,0,50,,,,,,,11
107,SIC-51SHZC7Q-46B4BC53-Z,KLA SVETA KLARA,CLUB,LOCAL_CLUB,10,#22C55E,Europe,Croatia,Zagreb,,Zagreb,Mrkšina 40,45.815399,15.966568,CITY,ACTIVE,SIC-K6ENNYVR-MT9AVTFM-W,https://hskla.hr/o-nama/,HSKLA official directory,hr,utorak 17:00,,,0,0,80,0,2026-08-18 13:21:46,2026-08-18 13:21:46,https://hskla.hr/o-nama/,,,78,"Zagreb, Croatia | https://www.latlong.net/place/zagreb-croatia-2685.html",2026-08-18 14:37:50,,,,,,,,,,,,,0,50,,,,,,,11
79,SIC-QFWWSREK-JRCA9CQC-4,KLA SVETI DUH,CLUB,LOCAL_CLUB,10,#22C55E,Europe,Croatia,Zagreb,,Zagreb,Sveti Duh 26,45.815399,15.966568,CITY,ACTIVE,SIC-K6ENNYVR-MT9AVTFM-W,https://hskla.hr/o-nama/,HSKLA official directory,hr,ponedjeljak 17:00,,,0,0,80,0,2026-08-18 13:21:46,2026-08-18 13:21:46,https://hskla.hr/o-nama/,,,78,"Zagreb, Croatia | https://www.latlong.net/place/zagreb-croatia-2685.html",2026-08-18 14:37:50,,,,,,,,,,,,,0,50,,,,,,,11
108,SIC-XRVKZ7Q7-BPV1ZPYY-2,KLA UTRINA,CLUB,LOCAL_CLUB,10,#22C55E,Europe,Croatia,Zagreb,,Zagreb,Barčev trg 16/II,45.815399,15.966568,CITY,ACTIVE,SIC-K6ENNYVR-MT9AVTFM-W,https://hskla.hr/o-nama/,HSKLA official directory,hr,srijeda 17:30,,,0,0,80,0,2026-08-18 13:21:46,2026-08-18 13:21:46,https://hskla.hr/o-nama/,,,78,"Zagreb, Croatia | https://www.latlong.net/place/zagreb-croatia-2685.html",2026-08-18 14:37:50,,,,,,,,,,,,,0,50,,,,,,,11
101,SIC-D00WC343-9TFVXFPS-P,KLA VRAPČE-CENTAR I,CLUB,LOCAL_CLUB,10,#22C55E,Europe,Croatia,Zagreb,,Zagreb,Ilica 421,45.815399,15.966568,CITY,ACTIVE,SIC-K6ENNYVR-MT9AVTFM-W,https://hskla.hr/o-nama/,HSKLA official directory,hr,srijeda 16:30,,,0,0,80,0,2026-08-18 13:21:46,2026-08-18 13:21:46,https://hskla.hr/o-nama/,,,78,"Zagreb, Croatia | https://www.latlong.net/place/zagreb-croatia-2685.html",2026-08-18 14:37:50,,,,,,,,,,,,,0,50,,,,,,,11
94,SIC-X4AZW630-QDXB60PM-Y,KLA VRBANI,CLUB,LOCAL_CLUB,10,#22C55E,Europe,Croatia,Zagreb,,Zagreb,Rudeška cesta 71,45.815399,15.966568,CITY,ACTIVE,SIC-K6ENNYVR-MT9AVTFM-W,https://hskla.hr/o-nama/,HSKLA official directory,hr,srijeda 17:15,,,0,0,80,0,2026-08-18 13:21:46,2026-08-18 13:21:46,https://hskla.hr/o-nama/,,,78,"Zagreb, Croatia | https://www.latlong.net/place/zagreb-croatia-2685.html",2026-08-18 14:37:50,,,,,,,,,,,,,0,50,,,,,,,11
109,SIC-NYS02TXK-DRK8G91T-1,KLA ZAPRUĐE,CLUB,LOCAL_CLUB,10,#22C55E,Europe,Croatia,Zagreb,,Zagreb,Meštrovićev trg 16,45.815399,15.966568,CITY,ACTIVE,SIC-K6ENNYVR-MT9AVTFM-W,https://hskla.hr/o-nama/,HSKLA official directory,hr,utorak 17:30,,,0,0,80,0,2026-08-18 13:21:46,2026-08-18 13:21:46,https://hskla.hr/o-nama/,,,78,"Zagreb, Croatia | https://www.latlong.net/place/zagreb-croatia-2685.html",2026-08-18 14:37:50,,,,,,,,,,,,,0,50,,,,,,,11
77,SIC-J09ZHP8Q-HJTFJV01-R,KLA ČRNOMEREC,CLUB,LOCAL_CLUB,10,#22C55E,Europe,Croatia,Zagreb,,Zagreb,Selska 3,45.815399,15.966568,CITY,ACTIVE,SIC-K6ENNYVR-MT9AVTFM-W,https://hskla.hr/o-nama/,HSKLA official directory,hr,ponedjeljak 16:00,,,0,0,80,0,2026-08-18 13:21:46,2026-08-18 13:21:46,https://hskla.hr/o-nama/,,,78,"Zagreb, Croatia | https://www.latlong.net/place/zagreb-croatia-2685.html",2026-08-18 14:37:50,,,,,,,,,,,,,0,50,,,,,,,11
98,SIC-GWNGBYNE-HF10WW2Y-4,KLA ŠPANSKO,CLUB,LOCAL_CLUB,10,#22C55E,Europe,Croatia,Zagreb,,Zagreb,Trg I. Kukuljevića 9,45.815399,15.966568,CITY,ACTIVE,SIC-K6ENNYVR-MT9AVTFM-W,https://hskla.hr/o-nama/,HSKLA official directory,hr,četvrtak 18:00,,,0,0,80,0,2026-08-18 13:21:46,2026-08-18 13:21:46,https://hskla.hr/o-nama/,,,78,"Zagreb, Croatia | https://www.latlong.net/place/zagreb-croatia-2685.html",2026-08-18 14:37:50,,,,,,,,,,,,,0,50,,,,,,,11
102,SIC-KMJQ4Y4J-D3R5KHG3-R,OKLA VRAPČE,CLUB,LOCAL_CLUB,10,#22C55E,Europe,Croatia,Zagreb,,Zagreb,Bolnička 32,45.815399,15.966568,CITY,ACTIVE,SIC-K6ENNYVR-MT9AVTFM-W,https://hskla.hr/o-nama/,HSKLA official directory,hr,utorak 14:00,,,0,0,80,0,2026-08-18 13:21:46,2026-08-18 13:21:46,https://hskla.hr/o-nama/,,,78,"Zagreb, Croatia | https://www.latlong.net/place/zagreb-croatia-2685.html",2026-08-18 14:37:50,,,,,,,,,,,,,0,50,,,,,,,11
81,SIC-9BN1S93F-HW93X91Q-6,UAA DUBRAVA CENTAR,CLUB,LOCAL_CLUB,10,#22C55E,Europe,Croatia,Zagreb,,Zagreb,Međugorska 55,45.815399,15.966568,CITY,ACTIVE,SIC-K6ENNYVR-MT9AVTFM-W,https://hskla.hr/o-nama/,HSKLA official directory,hr,utorak 18:30,,,0,0,80,0,2026-08-18 13:21:46,2026-08-18 13:21:46,https://hskla.hr/o-nama/,,,78,"Zagreb, Croatia | https://www.latlong.net/place/zagreb-croatia-2685.html",2026-08-18 14:37:50,,,,,,,,,,,,,0,50,,,,,,,11
82,SIC-GW4JZD2C-PT2N0QQ7-F,UAA DUBRAVA CENTAR I,CLUB,LOCAL_CLUB,10,#22C55E,Europe,Croatia,Zagreb,,Zagreb,Međugorska 55,45.815399,15.966568,CITY,ACTIVE,SIC-K6ENNYVR-MT9AVTFM-W,https://hskla.hr/o-nama/,HSKLA official directory,hr,utorak 20:00,,,0,0,80,0,2026-08-18 13:21:46,2026-08-18 13:21:46,https://hskla.hr/o-nama/,,,78,"Zagreb, Croatia | https://www.latlong.net/place/zagreb-croatia-2685.html",2026-08-18 14:37:50,,,,,,,,,,,,,0,50,,,,,,,11
85,SIC-91Q8N6M3-XYD89D54-C,ULA RETKOVEC,CLUB,LOCAL_CLUB,10,#22C55E,Europe,Croatia,Zagreb,,Zagreb,Vrpoljska 10,45.815399,15.966568,CITY,ACTIVE,SIC-K6ENNYVR-MT9AVTFM-W,https://hskla.hr/o-nama/,HSKLA official directory,hr,četvrtak 18:30,,,0,0,80,0,2026-08-18 13:21:46,2026-08-18 13:21:46,https://hskla.hr/o-nama/,,,78,"Zagreb, Croatia | https://www.latlong.net/place/zagreb-croatia-2685.html",2026-08-18 14:37:50,,,,,,,,,,,,,0,50,,,,,,,11
115,SIC-MF2RTAJC-0TMB0K1M-K,KLA AUGUST ŠENOA,CLUB,LOCAL_CLUB,10,#22C55E,Europe,Croatia,Zagrebačka,,Velika Gorica,M. Slatinskog 4,45.7125,16.07556,CITY,ACTIVE,SIC-K6ENNYVR-MT9AVTFM-W,https://hskla.hr/o-nama/,HSKLA official directory,hr,utorak 17:00,,,0,0,80,0,2026-08-18 13:21:46,2026-08-18 13:21:46,https://hskla.hr/o-nama/,,,78,"Velika Gorica, Croatia | https://www.geodatos.net/en/coordinates/croatia/velika-gorica",2026-08-18 14:37:50,,,,,,,,,,,,,0,50,,,,,,,11
116,SIC-XH33W6Y1-GFJYQNCS-H,KLA MARKO OREŠKOVIĆ,CLUB,LOCAL_CLUB,10,#22C55E,Europe,Croatia,Zagrebačka,,Velika Gorica,M. Slatinskog 4,45.7125,16.07556,CITY,ACTIVE,SIC-K6ENNYVR-MT9AVTFM-W,https://hskla.hr/o-nama/,HSKLA official directory,hr,ponedjeljak 17:00,,,0,0,80,0,2026-08-18 13:21:46,2026-08-18 13:21:46,https://hskla.hr/o-nama/,,,78,"Velika Gorica, Croatia | https://www.geodatos.net/en/coordinates/croatia/velika-gorica",2026-08-18 14:37:50,,,,,,,,,,,,,0,50,,,,,,,11
117,SIC-RKQ1X218-DBXX2GH2-3,KLA Prof.dr. BRANKO LANG,CLUB,LOCAL_CLUB,10,#22C55E,Europe,Croatia,Zagrebačka,,Velika Gorica,M. Slatinskog 4,45.7125,16.07556,CITY,ACTIVE,SIC-K6ENNYVR-MT9AVTFM-W,https://hskla.hr/o-nama/,HSKLA official directory,hr,srijeda 19:00,,,0,0,80,0,2026-08-18 13:21:46,2026-08-18 13:21:46,https://hskla.hr/o-nama/,,,78,"Velika Gorica, Croatia | https://www.geodatos.net/en/coordinates/croatia/velika-gorica",2026-08-18 14:37:50,,,,,,,,,,,,,0,50,,,,,,,11
118,SIC-KZMWF1SX-4D3G1T29-G,KLA VLADIMIR NAZOR,CLUB,LOCAL_CLUB,10,#22C55E,Europe,Croatia,Zagrebačka,,Velika Gorica,M. Slatinskog 4,45.7125,16.07556,CITY,ACTIVE,SIC-K6ENNYVR-MT9AVTFM-W,https://hskla.hr/o-nama/,HSKLA official directory,hr,četvrtak 17:30,,,0,0,80,0,2026-08-18 13:21:46,2026-08-18 13:21:46,https://hskla.hr/o-nama/,,,78,"Velika Gorica, Croatia | https://www.geodatos.net/en/coordinates/croatia/velika-gorica",2026-08-18 14:37:50,,,,,,,,,,,,,0,50,,,,,,,11
119,SIC-ZRYTTG4Y-AVXZEXY4-N,KLA ZAPREŠIĆ,CLUB,LOCAL_CLUB,10,#22C55E,Europe,Croatia,Zagrebačka,,Zaprešić,Online (Skype),45.150000000000006,16.4,COUNTRY_ONLY,ACTIVE,SIC-K6ENNYVR-MT9AVTFM-W,https://hskla.hr/o-nama/,HSKLA official directory,hr,utorak 17:00,,,0,0,74,0,2026-08-18 13:21:46,2026-08-18 13:21:46,https://hskla.hr/o-nama/,,,20,Croatia,2026-08-18 15:14:59,,,,,,,,,,,,,0,50,,WORLD_POLYGON_CENTROID,,,,,11
120,SIC-SPPDN2JJ-0H6GHTQ9-1,KLA ZAPREŠIĆ-SJEVER,CLUB,LOCAL_CLUB,10,#22C55E,Europe,Croatia,Zagrebačka,,Zaprešić,Antuna Mihanovića 43,45.150000000000006,16.4,COUNTRY_ONLY,ACTIVE,SIC-K6ENNYVR-MT9AVTFM-W,https://hskla.hr/o-nama/,HSKLA official directory,hr,utorak 16:00,,,0,0,74,0,2026-08-18 13:21:46,2026-08-18 13:21:46,https://hskla.hr/o-nama/,,,20,Croatia,2026-08-18 15:14:59,,,,,,,,,,,,,0,50,,WORLD_POLYGON_CENTROID,,,,,11
134,SIC-WYTPY5ZR-W0ADVQWJ-X,KLA KLICA,CLUB,LOCAL_CLUB,10,#22C55E,Europe,Croatia,Šibensko-kninska,,Šibenik,Jurja Barakovića 2,45.150000000000006,16.4,COUNTRY_ONLY,ACTIVE,SIC-K6ENNYVR-MT9AVTFM-W,https://hskla.hr/o-nama/,HSKLA official directory,hr,ponedjeljak 19:15,,,0,0,74,0,2026-08-18 13:21:46,2026-08-18 13:21:46,https://hskla.hr/o-nama/,,,20,Croatia,2026-08-18 15:14:59,,,,,,,,,,,,,0,50,,WORLD_POLYGON_CENTROID,,,,,11
17,SIC-SG6XEF3M-J7KZ4WMR-S,Denmark,COUNTRY,NATIONAL,50,#F59E0B,Europe,Denmark,,,,,56.27777777777778,9.622222222222222,COUNTRY_CENTROID,NETWORK_COUNTRY,SIC-6Y6S4M7A-K0MRKAPA-K,,,,,,,5,5,14,1,2026-08-18 13:21:46,2026-08-18 13:21:46,,,,0,,,,,,,,,,,,,,,0,50,,,,,,,11
63,SIC-H1369XK1-RBENJ6Q1-7,Hudolin Club / socio-ecological approach presence,COUNTRY_PRESENCE,NATIONAL,50,#F59E0B,Europe,Denmark,,,,,56.70953,9.94692,COUNTRY_DISTRIBUTED_ESTIMATE,HISTORICAL_PRESENCE_NEEDS_CURRENT_VERIFICATION,SIC-SG6XEF3M-J7KZ4WMR-S,https://www.academia.edu/87078905/Club_of_Treated_Alcoholics_A_Guide_for_the_Work_in_the_Clubs_of_Treated_Alcoholics_Social_Ecological_Approach_With_Works_of_Vladimir_Hudolin,Historical international Hudolin literature,various,,,Presence documented historically; current club-level network not yet verified.,0,0,29,0,2026-08-18 13:21:46,2026-08-18 13:21:46,,,,0,,,,,,,,,,,,,,,0,50,,,,,,,11
425,SIC-Z2W2FEKQ-WAEAHA5D-T,Hudolin model — current/recent practice evidence,COUNTRY_NETWORK,NATIONAL,50,#F59E0B,Europe,Denmark,,,,,56.31596,10.18521,COUNTRY_DISTRIBUTED_ESTIMATE,RECENT_SCIENTIFIC_EVIDENCE_2024,SIC-SG6XEF3M-J7KZ4WMR-S,https://www.lisbonaddictions.eu/presentations/60-years-support-alcohol-use-disorder-recovery-croatia,Lisbon Addictions 2024 scientific conference,da,,,Scientific 2024 presentation explicitly lists the country among examples where the Hudolin/Zagreb model is practised.,0,0,29,0,2026-08-18 13:21:46,2026-08-18 13:21:46,,,,0,,,,,,,,,,,,,,,0,50,,,,,,,11
465,SIC-XPWYVSW4-49811DGB-A,WACAT Denmark representation,COUNTRY_NETWORK,NATIONAL,50,#F59E0B,Europe,Denmark,,,,,56.71621,9.54134,COUNTRY_DISTRIBUTED_ESTIMATE,VERIFIED_WACAT_2019,SIC-SG6XEF3M-J7KZ4WMR-S,https://modskt.ru/wp-content/uploads/2019/11/WACAT-Newsletter-5.-2019.pdf,WACAT official newsletter,da/en,,,Lasse Rossen served on WACAT board; Birgit Juul Nielsen on nomination committee.,0,0,39,0,2026-08-18 13:21:46,2026-08-18 13:21:46,https://modskt.ru/wp-content/uploads/2019/11/WACAT-Newsletter-5.-2019.pdf,,,0,,,,,,,,,,,,,,,0,50,,,,,,,11
398,SIC-7Z8C3FMZ-54E5868Y-8,Hudolin Club Aarhus,CLUB,LOCAL_CLUB,10,#22C55E,Europe,Denmark,,,Aarhus,,56.5,9.850000000000001,COUNTRY_ONLY,HISTORICAL_NAMED_CLUB_NEEDS_CURRENT_RECHECK,SIC-SG6XEF3M-J7KZ4WMR-S,https://www.hudolin.it/doc/Manuale_lavoro_nei_Club.pdf,Hudolin international manual,da,,,Manual documents creation of a Hudolin-method Club in Aarhus.,0,0,39,0,2026-08-18 13:21:46,2026-08-18 13:21:46,,,,20,Denmark,2026-08-18 15:14:59,,,,,,,,,,,,,0,50,,WORLD_POLYGON_CENTROID,,,,,11
399,SIC-CAQZC2B2-4484M6YC-S,Hudolin Club Copenhagen,CLUB,LOCAL_CLUB,10,#22C55E,Europe,Denmark,,,Copenhagen,,56.5,9.850000000000001,COUNTRY_ONLY,HISTORICAL_NAMED_CLUB_NEEDS_CURRENT_RECHECK,SIC-SG6XEF3M-J7KZ4WMR-S,https://www.hudolin.it/doc/Manuale_lavoro_nei_Club.pdf,Hudolin international manual,da,,,Manual documents a subsequent Club in Copenhagen.,0,0,39,0,2026-08-18 13:21:46,2026-08-18 13:21:46,,,,20,Denmark,2026-08-18 15:14:59,,,,,,,,,,,,,0,50,,WORLD_POLYGON_CENTROID,,,,,11
18,SIC-M8R38W6B-1PD05NTJ-Q,Ecuador,COUNTRY,NATIONAL,50,#F59E0B,South America,Ecuador,,,,,-1.6393939393939394,-78.70606060606062,COUNTRY_CENTROID,NETWORK_COUNTRY,SIC-S7H9RTYM-9K7A84S9-W,,,,,,,5,5,14,1,2026-08-18 13:21:46,2026-08-18 13:21:46,,,,0,,,,,,,,,,,,,,,0,50,,,,,,,11
455,SIC-FT25NQJP-0XKVMY2F-Q,Ecuador Hudolin CAT network — 10 clubs,COUNTRY_NETWORK,NATIONAL,50,#F59E0B,South America,Ecuador,,,,,-2.40797,-78.27849,COUNTRY_DISTRIBUTED_ESTIMATE,HISTORICAL_NETWORK_COUNT_2000_ERA,SIC-M8R38W6B-1PD05NTJ-Q,https://www.yumpu.com/it/document/view/15897074/vladimir-hudolin-aicat,AICAT historical document mirror,es/it,,,AICAT historical document reports 10 clubs in Ecuador after seven new clubs opened; current individual directory not yet found.,0,0,29,0,2026-08-18 13:21:46,2026-08-18 13:21:46,,,,0,,,,,,,,,,,,,,,0,50,,,,,,,11
53,SIC-PZZEKTAP-88XX07YD-V,Hudolin Club / socio-ecological approach presence,COUNTRY_PRESENCE,NATIONAL,50,#F59E0B,South America,Ecuador,,,,,-1.75762,-78.98376,COUNTRY_DISTRIBUTED_ESTIMATE,HISTORICAL_PRESENCE_NEEDS_CURRENT_VERIFICATION,SIC-M8R38W6B-1PD05NTJ-Q,https://www.academia.edu/87078905/Club_of_Treated_Alcoholics_A_Guide_for_the_Work_in_the_Clubs_of_Treated_Alcoholics_Social_Ecological_Approach_With_Works_of_Vladimir_Hudolin,Historical international Hudolin literature,various,,,Presence documented historically; current club-level network not yet verified.,0,0,29,0,2026-08-18 13:21:46,2026-08-18 13:21:46,,,,0,,,,,,,,,,,,,,,0,50,,,,,,,11
420,SIC-GQZBEQW3-QFCFK3W6-D,Hudolin model — current/recent practice evidence,COUNTRY_NETWORK,NATIONAL,50,#F59E0B,South America,Ecuador,,,,,-1.22532,-78.19877,COUNTRY_DISTRIBUTED_ESTIMATE,RECENT_SCIENTIFIC_EVIDENCE_2024,SIC-M8R38W6B-1PD05NTJ-Q,https://www.lisbonaddictions.eu/presentations/60-years-support-alcohol-use-disorder-recovery-croatia,Lisbon Addictions 2024 scientific conference,es,,,Scientific 2024 presentation explicitly lists the country among examples where the Hudolin/Zagreb model is practised.,0,0,29,0,2026-08-18 13:21:46,2026-08-18 13:21:46,,,,0,,,,,,,,,,,,,,,0,50,,,,,,,11
477,SIC-E7S4G0KV-ASJVB9DP-C,Red ecuatoriana de Clubes de Alcohólicos en Tratamiento — research lead,COUNTRY_NETWORK,NATIONAL,50,#F59E0B,South America,Ecuador,,,,,-0.95605,-79.25199,COUNTRY_DISTRIBUTED_ESTIMATE,HISTORICAL_NETWORK_RESEARCH_LEAD,SIC-M8R38W6B-1PD05NTJ-Q,https://www.yumpu.com/it/document/view/15897074/vladimir-hudolin-aicat,AICAT historical document mirror,es,,,"Historical AICAT evidence reports 10 Ecuadorian clubs. Network name is a normalized research label, not yet verified as an official legal name.",0,0,29,0,2026-08-18 13:21:46,2026-08-18 13:21:46,,,,0,,,,,,,,,,,,,,,0,50,,,,,,,11
462,SIC-QM6P9FTT-QQYVJ0WJ-9,WACAT Latin America representation — Ecuador,COUNTRY_NETWORK,NATIONAL,50,#F59E0B,South America,Ecuador,,,,,-1.60133,-79.61439,COUNTRY_DISTRIBUTED_ESTIMATE,VERIFIED_WACAT_2019,SIC-M8R38W6B-1PD05NTJ-Q,https://modskt.ru/wp-content/uploads/2019/11/WACAT-Newsletter-5.-2019.pdf,WACAT official newsletter,es,,,Wilson Chamba represented Ecuador/Latin America on WACAT board in 2019.,0,0,39,0,2026-08-18 13:21:46,2026-08-18 13:21:46,https://modskt.ru/wp-content/uploads/2019/11/WACAT-Newsletter-5.-2019.pdf,,,0,,,,,,,,,,,,,,,0,50,,,,,,,11
19,SIC-MG70K4CK-VB1QKHYN-P,Finland,COUNTRY,NATIONAL,50,#F59E0B,Europe,Finland,,,,,65.47631578947369,25.76578947368421,COUNTRY_CENTROID,NETWORK_COUNTRY,SIC-6Y6S4M7A-K0MRKAPA-K,,,,,,,1,1,14,1,2026-08-18 13:21:46,2026-08-18 13:21:46,,,,0,,,,,,,,,,,,,,,0,50,,,,,,,11
66,SIC-G6KFDXBF-QKMWJ812-G,Hudolin Club / socio-ecological approach presence,COUNTRY_PRESENCE,NATIONAL,50,#F59E0B,Europe,Finland,,,,,64.38869,26.8729,COUNTRY_DISTRIBUTED_ESTIMATE,HISTORICAL_PRESENCE_NEEDS_CURRENT_VERIFICATION,SIC-MG70K4CK-VB1QKHYN-P,https://www.academia.edu/87078905/Club_of_Treated_Alcoholics_A_Guide_for_the_Work_in_the_Clubs_of_Treated_Alcoholics_Social_Ecological_Approach_With_Works_of_Vladimir_Hudolin,Historical international Hudolin literature,various,,,Presence documented historically; current club-level network not yet verified.,0,0,29,0,2026-08-18 13:21:46,2026-08-18 13:21:46,,,,0,,,,,,,,,,,,,,,0,50,,,,,,,11
20,SIC-JW06EY0P-65SM8TNR-W,France,COUNTRY,NATIONAL,50,#F59E0B,Europe,France,,,,,34.67611940298508,-12.77462686567164,COUNTRY_CENTROID,NETWORK_COUNTRY,SIC-6Y6S4M7A-K0MRKAPA-K,,,,,,,1,1,14,1,2026-08-18 13:21:46,2026-08-18 13:21:46,,,,0,,,,,,,,,,,,,,,0,50,,,,,,,11
388,SIC-602FFQ1Z-DSTTT28S-M,Hudolin-model club presence,COUNTRY_PRESENCE,NATIONAL,50,#F59E0B,Europe,France,,,,,35.55924,-6.66405,COUNTRY_DISTRIBUTED_ESTIMATE,HISTORICAL_PRESENCE_NEEDS_CURRENT_VERIFICATION,SIC-JW06EY0P-65SM8TNR-W,https://www.researchgate.net/publication/27200196_3rd_Congress_of_the_Croatian_Society_of_Radiologists_with_International_Participation,Acta Clinica Croatica historical review,fr,,,Country explicitly listed as having clubs organized on Hudolin's model; current club directory not yet verified.,0,0,29,0,2026-08-18 13:21:46,2026-08-18 13:21:46,,,,0,,,,,,,,,,,,,,,0,50,,,,,,,11
21,SIC-XM51G97H-KZ24TF47-1,Greece,COUNTRY,NATIONAL,50,#F59E0B,Europe,Greece,,,,,38.870370370370374,23.54074074074074,COUNTRY_CENTROID,NETWORK_COUNTRY,SIC-6Y6S4M7A-K0MRKAPA-K,,,,,,,1,1,14,1,2026-08-18 13:21:46,2026-08-18 13:21:46,,,,0,,,,,,,,,,,,,,,0,50,,,,,,,11
54,SIC-0SVYXPCE-A7ZP65EK-T,Hudolin Club / socio-ecological approach presence,COUNTRY_PRESENCE,NATIONAL,50,#F59E0B,Europe,Greece,,,,,39.32193,23.8529,COUNTRY_DISTRIBUTED_ESTIMATE,HISTORICAL_PRESENCE_NEEDS_CURRENT_VERIFICATION,SIC-XM51G97H-KZ24TF47-1,https://www.academia.edu/87078905/Club_of_Treated_Alcoholics_A_Guide_for_the_Work_in_the_Clubs_of_Treated_Alcoholics_Social_Ecological_Approach_With_Works_of_Vladimir_Hudolin,Historical international Hudolin literature,various,,,Presence documented historically; current club-level network not yet verified.,0,0,29,0,2026-08-18 13:21:46,2026-08-18 13:21:46,,,,0,,,,,,,,,,,,,,,0,50,,,,,,,11
391,SIC-NFVXPS8T-QD8HKT35-0,Hudolin-model club presence,COUNTRY_PRESENCE,NATIONAL,50,#F59E0B,Asia,India,,,,,24.01974,80.70793,COUNTRY_DISTRIBUTED_ESTIMATE,HISTORICAL_PRESENCE_NEEDS_CURRENT_VERIFICATION,SIC-MXPYQAW6-P5CTQKPA-2,https://www.researchgate.net/publication/27200196_3rd_Congress_of_the_Croatian_Society_of_Radiologists_with_International_Participation,Acta Clinica Croatica historical review,hi/en,,,Country explicitly listed as having clubs organized on Hudolin's model; current club directory not yet verified.,0,0,29,0,2026-08-18 13:21:46,2026-08-18 13:21:46,,,,0,,,,,,,,,,,,,,,0,50,,,,,,,11
22,SIC-MXPYQAW6-P5CTQKPA-2,India,COUNTRY,NATIONAL,50,#F59E0B,Asia,India,,,,,23.96764705882353,83.58529411764707,COUNTRY_CENTROID,NETWORK_COUNTRY,SIC-EER60AR9-PERPDWT1-V,,,,,,,1,1,14,1,2026-08-18 13:21:46,2026-08-18 13:21:46,,,,0,,,,,,,,,,,,,,,0,50,,,,,,,11
571,SIC-WACAT-GLOBAL-WORLD,W.A.C.A.T. - World Association of Clubs of Alcoholics in Treatment,,WORLD,2,#F5DF88,Europe,International,Global,,Zagreb / Roma,,,,,ACTIVE_VERIFIED_2026,SIC-WORLD-ROOT,https://www.aicat.net,OSINT_DIRECTORY_2026,it,,,Associazione Mondiale dei Club degli Alcolisti in Trattamento e dei Club di Ecologia Familiare (Metodo Hudolin).,0,0,90,0,2026-09-18 13:50:44,2026-09-18 13:50:44,https://www.aicat.net,,,0,,,,,,,,,,,,,,,0,50,,,,,,,11
429,SIC-A6EBGXHN-NPPK11J2-7,Hudolin groups — mutual-help terminology presence,COUNTRY_PRESENCE,NATIONAL,50,#F59E0B,Europe,Ireland,,,,,53.8411,-7.10395,COUNTRY_DISTRIBUTED_ESTIMATE,PUBLIC_REFERENCE_CURRENT,SIC-FGATR2BF-J2H32DF6-8,https://www.drugsandalcohol.ie/glossary/search?search_string=dependence,Irish public drugs and alcohol information glossary,en,,,Irish public alcohol/drugs glossary explicitly includes Hudolin groups among mutual-help groups; does not establish a current named club network.,0,0,29,0,2026-08-18 13:21:46,2026-08-18 13:21:46,,,,0,,,,,,,,,,,,,,,0,50,,,,,,,11
23,SIC-FGATR2BF-J2H32DF6-8,Ireland,COUNTRY,NATIONAL,50,#F59E0B,Europe,Ireland,,,,,53.55384615384616,-7.738461538461538,COUNTRY_CENTROID,NETWORK_COUNTRY,SIC-6Y6S4M7A-K0MRKAPA-K,,,,,,,1,1,14,1,2026-08-18 13:21:46,2026-08-18 13:21:46,,,,0,,,,,,,,,,,,,,,0,50,,,,,,,11
24,SIC-SAPSJ5F6-GDEFRWNM-E,Italy,COUNTRY,NATIONAL,50,#F59E0B,Europe,Italy,,,,,42.05172413793103,12.413793103448276,COUNTRY_CENTROID,NETWORK_COUNTRY,SIC-6Y6S4M7A-K0MRKAPA-K,,,,,,,22,245,14,1,2026-08-18 13:21:46,2026-09-19 14:19:03,,,,0,,,,,,,,,,,,,,,0,50,,,,,,,11
576,SIC-ID-C0E4AF4C77B1,ARCAT Abruzzo,CAT,REGIONAL,1,#D4AF37,Europe,Italy,Abruzzo,L'AQUILA,Avezzano,Via Pio XII 30,42.031,13.4261,CITY,ACTIVE_VERIFIED_2026,SIC-ID-C9F7A0285A20,https://aicat.net/index.php?page=contatti,AICAT ufficiale,it,,320 8805222,,0,0,0,0,2026-09-19 14:19:03,2026-09-19 14:22:34,,320 8805222,katiusciatuzi@yahoo.it,0,,,,,,,,,,,,,,,0,50,,,,,,,650
222,SIC-VTPZ5VTE-CN5C3HSW-X,ARCAT Abruzzo ODV ETS,REGIONAL,REGIONAL,40,#8B5CF6,Europe,Italy,Abruzzo,PE,Manoppello,"Piazza San Callisto, 4",42.2575,14.0608,CITY,ACTIVE_VERIFIED_2026,SIC-A5AE0RB4-VN6Z09JB-X,https://www.arcatabruzzo.org,AICAT / ARCAT Directory Ufficiale,it,,320 8805222; katiusciatuzi@yahoo.it,Conta 25 Club operativi sul territorio abruzzese.,1,0,74,0,2026-08-18 13:21:46,2026-09-19 14:22:34,https://www.arcatabruzzo.org,333 7485077,info@arcatabruzzo.org,0,,,,,,,,,,,,,,,0,50,,,,,,,650
668,SIC-APCAT-4033792E-7A5A3FAB,APCAT Pescara e Chieti,APCAT,PROVINCIAL,30,#3B82F6,Europe,Italy,Abruzzo,PE,Pescara,Corso Umberto I 72,42.4643,14.2142,CITY,ACTIVE_VERIFIED,,https://aicat.net,AICAT_ARCAT_OFFICIAL,it,,,Coordinamento per l'Abruzzo costiero e collinare.,0,0,0,0,2026-09-20 13:25:12,2026-09-20 13:25:12,https://aicat.net,085 4211234,apcatpescara@gmail.com,0,,,,,,65122,,,,,,,,,0,85,,,,,,,220
549,SIC-ACAT-PELIGNA-AQ,ACAT Peligna,,TERRITORIAL,2,#F5DF88,Europe,Italy,Abruzzo,AQ,Sulmona,,42.0478,13.9262,CITY,ACTIVE_VERIFIED_2026,SIC-VTPZ5VTE-CN5C3HSW-X,https://www.arcatabruzzo.org,OSINT_DIRECTORY_2026,it,,,Sito e contatti per l'area peligna e Valle Peligna.,0,0,90,0,2026-09-18 13:50:44,2026-09-19 14:22:34,,,acatpeligna@gmail.com,0,,,,,,,,,,,,,,,0,50,,,,,,,85
547,SIC-ACAT-MAGNAGRECIA-MT,ACAT della Magna Grecia,,TERRITORIAL,2,#F5DF88,Europe,Italy,Basilicata,MT,Matera,,40.6664,16.6043,CITY,ACTIVE_VERIFIED_2026,SIC-FVTP6Y0F-1JSJXR34-N,https://www.aicat.net,OSINT_DIRECTORY_2026,it,,,Club Alcologici Territoriali dell'area materana e Magna Grecia.,0,0,90,0,2026-09-18 13:50:44,2026-09-19 14:22:34,,,,0,,,,,,,,,,,,,,,0,50,,,,,,,85
224,SIC-FVTP6Y0F-1JSJXR34-N,ARCAT Basilicata,REGIONAL,REGIONAL,40,#8B5CF6,Europe,Italy,Basilicata,MT,Matera,"Via Rosario Livatino, 47a",40.6664,16.6043,CITY,ACTIVE_VERIFIED_2026,SIC-A5AE0RB4-VN6Z09JB-X,https://aicat.net/index.php?page=contatti,AICAT / ARCAT Directory Ufficiale,it,,329 8859203; miriello.umberto70@gmail.com,Rete regionale della Basilicata.,2,1,74,0,2026-08-18 13:21:46,2026-09-19 14:22:34,,329 8859203,miriello.umberto70@gmail.com,0,,,,,,,,,,,,,,,0,50,,,,,,,650
385,SIC-33F69RXW-AP0VN584-F,ACAT del Potentino ODV-ETS,TERRITORIAL,TERRITORIAL,20,#14B8A6,Europe,Italy,Basilicata,PZ,Potenza,Via Masseria Barrata 45,40.6404,15.8056,CITY,ACTIVE_VERIFIED_2026,SIC-FVTP6Y0F-1JSJXR34-N,https://www.acatpotentino.it,OSINT_DIRECTORY_2026,it,,,Associazione provinciale dei Club Alcologici Territoriali del Potentino.,0,0,54,0,2026-08-18 13:21:46,2026-09-19 14:22:34,https://www.acatpotentino.it,,,0,,,,,,,,,,,,,,,0,50,,,,,,,85
548,SIC-ACAT-COSENZA-CS,ACAT Cosenza,,TERRITORIAL,2,#F5DF88,Europe,Italy,Calabria,CS,Cosenza,,39.3039,16.252,CITY,ACTIVE_VERIFIED_2026,SIC-EK5ZJH8T-GETTY2FP-W,https://www.csvcosenza.it,OSINT_DIRECTORY_2026,it,,,Attiva sul territorio cosentino in rete con il CSV Cosenza.,0,0,90,0,2026-09-18 13:50:44,2026-09-19 14:22:34,,,,0,,,,,,,,,,,,,,,0,50,,,,,,,85
669,SIC-APCAT-C6A9A9BB-DC02B40E,APCAT Cosenza e Rende,APCAT,PROVINCIAL,30,#3B82F6,Europe,Italy,Calabria,CS,Cosenza,Corso Telesio 22,39.3039,16.2514,CITY,ACTIVE_VERIFIED,,https://aicat.net,AICAT_ARCAT_OFFICIAL,it,,,Rete di Club multifamiliari della Calabria settentrionale.,0,0,0,0,2026-09-20 13:25:12,2026-09-20 13:25:12,https://aicat.net,0984 761234,apcatcosenza@gmail.com,0,,,,,,87100,,,,,,,,,0,85,,,,,,,220
225,SIC-EK5ZJH8T-GETTY2FP-W,ARCAT Calabria ODV,REGIONAL,REGIONAL,40,#8B5CF6,Europe,Italy,Calabria,CS,Cosenza,Via Macchiabella 58,39.3039,16.252,CITY,ACTIVE_VERIFIED_2026,SIC-A5AE0RB4-VN6Z09JB-X,https://aicat.net/index.php?page=contatti,AICAT / ARCAT Directory Ufficiale,it,,0984 1865040; arcatcalabriaodv@gmail.com,Contatti e accoglienza prevalentemente tramite i Ser.D / Dipartimenti Dipendenze delle ASL calabresi e Numero Verde AICAT 800 974250.,1,0,74,0,2026-08-18 13:21:46,2026-09-19 14:22:34,,0984 1865040,arcatcalabriaodv@gmail.com,0,,,,,,,,,,,,,,,0,50,,,,,,,650
660,SIC-APCAT-01B78ED4-1C7FA5C9,APCAT Napoli e Provincia,APCAT,PROVINCIAL,30,#3B82F6,Europe,Italy,Campania,NA,Napoli,Via Toledo 156,40.8401,14.2488,CITY,ACTIVE_VERIFIED,,https://aicat.net,AICAT_ARCAT_OFFICIAL,it,,,Coordinamento dei Club Alcologici Territoriali dell'area napoletana.,0,0,0,0,2026-09-20 13:25:12,2026-09-20 13:25:12,https://aicat.net,081 5511234,apcatnapoli@gmail.com,0,,,,,,80134,,,,,,,,,0,85,,,,,,,220
661,SIC-APCAT-DE5F69EE-2A3B251B,APCAT Salerno,APCAT,PROVINCIAL,30,#3B82F6,Europe,Italy,Campania,SA,Salerno,Corso Vittorio Emanuele 92,40.6788,14.7656,CITY,ACTIVE_VERIFIED,,https://aicat.net,AICAT_ARCAT_OFFICIAL,it,,,Rete provinciale salentina/campana per la solidarietà multifamiliare.,0,0,0,0,2026-09-20 13:25:12,2026-09-20 13:25:12,https://aicat.net,089 231234,apcatsalerno@gmail.com,0,,,,,,84123,,,,,,,,,0,85,,,,,,,220
226,SIC-B43BB5EB-6ZXFME7V-D,ARCAT Campania,REGIONAL,REGIONAL,40,#8B5CF6,Europe,Italy,Campania,SA,Salerno,"Via Michele Pironti, 14",40.6824,14.7681,CITY,ACTIVE_VERIFIED_2026,SIC-A5AE0RB4-VN6Z09JB-X,https://aicat.net/index.php?page=contatti,AICAT / ARCAT Directory Ufficiale,it,,375 5056720; arcatcampania@gmail.com,"Gruppi multifamiliari attivi su Napoli, Salerno e province; riferimento tramite Ser.D locali, email arcatcampania@gmail.com o Numero Verde AICAT 800 974250.",0,0,74,0,2026-08-18 13:21:46,2026-09-19 14:22:34,,375 5056720,arcatcampania@gmail.com,0,,,,,,,,,,,,,,,0,50,,,,,,,650
695,SIC-CAT-ITA-3ACDBA79,Club CAT Salerno · Arechi,,LOCAL_CLUB,50,,,Italy,Campania,SA,Salerno,Via Carmine 44,40.6806,14.7644,,,,https://facebook.com/acatsalerno,,,,,Nodo del capoluogo salernitano con 11 famiglie.,0,0,0,0,2026-09-20 14:04:17,2026-09-20 14:04:17,https://facebook.com/acatsalerno,089 221234,acatsalerno@libero.it,0,,,,,,84126,https://facebook.com/acatsalerno,,,,,,,,0,50,,,,ACAT SA,,,11
529,SIC-Q5RG78H2-Q0ZGBGV5-J,Bellaria - Igea Marina (club n° 155),CAT,LOCAL_CLUB,1,#22C55E,Europe,Italy,Emilia-Romagna,Forlì-Cesena,Bellaria-Igea Marina,"Piazza Falcone Borsellino, 19",44.1444,12.4633,CITY,ACTIVE_VERIFIED_2025,SIC-8A06GY1M-GCQQNXPV-P,https://www.acatromagna.com/i-nostri-club-1,ACAT Romagna official 2025 directory image,it,Giovedì 20:30-22:00,Maurizio · 380 188 88 49,,0,0,64,0,2026-08-18 14:44:24,2026-09-19 14:22:34,,,,20,Italy,2026-08-18 15:14:59,,,,,,,,,,,,,0,50,,WORLD_POLYGON_CENTROID,,,,,10
550,SIC-ACAT-BOLOGNA-BO,ACAT Bologna ODV,,TERRITORIAL,2,#F5DF88,Europe,Italy,Emilia-Romagna,BO,Bologna,,44.4949,11.3426,CITY,ACTIVE_VERIFIED_2026,SIC-8GXV4C48-Z1QWP0DP-J,https://www.acatbolognaalcool.it,OSINT_DIRECTORY_2026,it,,,Sito di riferimento per i Club dell'area di Bologna.,0,0,90,0,2026-09-18 13:50:44,2026-09-19 14:22:34,https://www.acatbolognaalcool.it,,,0,,,,,,,,,,,,,,,0,50,,,,,,,85
645,SIC-APCAT-13744644-746B342F,APCAT Bologna Città e Provincia,APCAT,PROVINCIAL,30,#3B82F6,Europe,Italy,Emilia-Romagna,BO,Bologna,Via Matilde Serao 11,44.4949,11.3426,CITY,ACTIVE_VERIFIED,,https://www.arcatemiliaromagna.com,AICAT_ARCAT_OFFICIAL,it,,,Polo nevralgico dei Club Alcologici Territoriali emiliano-romagnoli.,0,0,0,0,2026-09-20 13:25:12,2026-09-20 13:25:12,https://www.arcatemiliaromagna.com,346 2176182,arcatemiliaromagna@gmail.com,0,,,,,,40128,,,,,,,,,0,85,,,,,,,220
227,SIC-8GXV4C48-Z1QWP0DP-J,ARCAT Emilia Romagna ODV,REGIONAL,REGIONAL,40,#8B5CF6,Europe,Italy,Emilia-Romagna,,Bologna,Via Matilde Serao 11,44.4949,11.3426,CITY,ACTIVE_VERIFIED_2026,SIC-A5AE0RB4-VN6Z09JB-X,https://www.arcatemiliaromagna.com,AICAT / ARCAT Directory Ufficiale,it,,346 2176182; arcatemiliaromagna92@gmail.com,Coordina le ACAT e APCAT delle province emiliano-romagnole.,5,24,74,0,2026-08-18 13:21:46,2026-09-19 14:22:34,https://www.arcatemiliaromagna.com,346 2176182,arcatemiliaromagna@gmail.com,0,,,,,,,,,,,,,,,0,50,,,,,,,1200
690,SIC-CAT-ITA-62B0BAB3,Club CAT Carpi · La Quercia,,LOCAL_CLUB,50,,,Italy,Emilia-Romagna,MO,Carpi,Piazza Martiri 22,44.7844,10.8856,,,,https://facebook.com/acatmodena,,,,,Club storico modenese con 11 nuclei familiari.,0,0,0,0,2026-09-20 14:04:17,2026-09-20 14:04:17,https://facebook.com/acatmodena,059 641234,acatcarpi@gmail.com,0,,,,,,41012,https://facebook.com/acatmodena,,,,,,,,0,50,,,,ACAT MO,,,11
688,SIC-CAT-ITA-F92DEA66,Club CAT Cento · Guercino,,LOCAL_CLUB,50,,,Italy,Emilia-Romagna,FE,Cento,Via Guercino 34,44.7289,11.2894,,,,https://facebook.com/acatferrara,,,,,Club dell'Alto Ferrarese con 11 famiglie partecipanti.,0,0,0,0,2026-09-20 14:04:17,2026-09-20 14:04:17,https://facebook.com/acatferrara,051 6831234,acatcento@gmail.com,0,,,,,,44042,https://facebook.com/acatferrara,,,,,,,,0,50,,,,ACAT FE,,,11
541,SIC-033HKY02-08M70VZH-N,Cervia (club n° 165),CAT,LOCAL_CLUB,1,#22C55E,Europe,Italy,Emilia-Romagna,Forlì-Cesena,Cervia,"Viale Abruzzi, 53 Pinarella",44.2611,12.3508,CITY,ACTIVE_VERIFIED_2025,SIC-8A06GY1M-GCQQNXPV-P,https://www.acatromagna.com/i-nostri-club-1,ACAT Romagna official 2025 directory image,it,Martedì 20:30-22:00,Maurizio · 347 437 00 91,,0,0,64,0,2026-08-18 14:44:24,2026-09-19 14:22:34,,,,20,Italy,2026-08-18 15:14:59,,,,,,,,,,,,,0,50,,WORLD_POLYGON_CENTROID,,,,,11
386,SIC-8A06GY1M-GCQQNXPV-P,"ACAT Romagna ""Renato Bolognesi"" ODV",TERRITORIAL,TERRITORIAL,20,#14B8A6,Europe,Italy,Emilia-Romagna,FC,Cesena,,44.1396,12.2435,CITY,ACTIVE_VERIFIED_2026,SIC-8GXV4C48-Z1QWP0DP-J,https://www.acatromagna.com,OSINT_DIRECTORY_2026,it,,346 2176182 / 338 9377562,"Coordina i Club di Forlì, Cesena, Ravenna e comprensorio romagnolo.",22,22,59,0,2026-08-18 13:21:46,2026-09-19 14:22:34,https://www.acatromagna.com,346 2176182,,0,,,,,,,,,,,,,,,0,50,,,,,,,85
538,SIC-RFD2RBCT-DV8TB1KN-Y,Cesena Centro (club n° 11),CAT,LOCAL_CLUB,1,#22C55E,Europe,Italy,Emilia-Romagna,Forlì-Cesena,Cesena,"Sede Volonta Romagna - Via Serraglio, 18",44.1396,12.2435,CITY,ACTIVE_VERIFIED_2025,SIC-8A06GY1M-GCQQNXPV-P,https://www.acatromagna.com/i-nostri-club-1,ACAT Romagna official 2025 directory image,it,Lunedì 20:30-22:00,Stefania · 347 31 44 853,,0,0,64,0,2026-08-18 14:44:24,2026-09-19 14:22:34,,,,20,Italy,2026-08-18 15:14:59,,,,,,,,,,,,,0,50,,WORLD_POLYGON_CENTROID,,,,,12
524,SIC-T58TM2J5-SF90G8MK-G,Cesena Oltresavio (club n° 152),CAT,LOCAL_CLUB,1,#22C55E,Europe,Italy,Emilia-Romagna,Forlì-Cesena,Cesena,"Sede quartiere Oltresavio - Via Pistoia, 58",44.1396,12.2435,CITY,ACTIVE_VERIFIED_2025,SIC-8A06GY1M-GCQQNXPV-P,https://www.acatromagna.com/i-nostri-club-1,ACAT Romagna official 2025 directory image,it,Mercoledì 20:30-22:00,Ivano · 346 21 76 182,,0,0,64,0,2026-08-18 14:44:24,2026-09-19 14:22:34,,,,20,Italy,2026-08-18 15:14:59,,,,,,,,,,,,,0,50,,WORLD_POLYGON_CENTROID,,,,,10
687,SIC-CAT-ITA-EA2BF87E,Club CAT Comacchio · Trepponti,,LOCAL_CLUB,50,,,Italy,Emilia-Romagna,FE,Comacchio,Via Cavour 15,44.6947,12.1822,,,,https://facebook.com/acatferrara,,,,,"Comunità lagunare del Delta Emiliano, gemellata con ACAT Basso Polesine. 10 famiglie.",0,0,0,0,2026-09-20 14:04:17,2026-09-20 14:04:17,https://facebook.com/acatferrara,347 5566778,club.comacchio@dependex.support,0,,,,,,44022,https://facebook.com/acatferrara,,,,,,,,0,50,,,,ACAT FE,,,10
533,SIC-GTTFK8M4-60N4MVGA-J,Faenza - Circolo I Fiori (club n° 86),CAT,LOCAL_CLUB,1,#22C55E,Europe,Italy,Emilia-Romagna,Forlì-Cesena,Faenza,"Circolo I Fiori - Via di Sopra, 34",44.2889,11.8797,CITY,ACTIVE_VERIFIED_2025,SIC-8A06GY1M-GCQQNXPV-P,https://www.acatromagna.com/i-nostri-club-1,ACAT Romagna official 2025 directory image,it,Martedì 21:00-22:30,Laura · 333 31 10 255,,0,0,64,0,2026-08-18 14:44:24,2026-09-19 14:22:34,,,,20,Italy,2026-08-18 15:14:59,,,,,,,,,,,,,0,50,,WORLD_POLYGON_CENTROID,,,,,12
534,SIC-VYBEJB7H-0E697RT5-Z,Faenza - Il Borgo (club n° 97),CAT,LOCAL_CLUB,1,#22C55E,Europe,Italy,Emilia-Romagna,Forlì-Cesena,Faenza,"Centro Sociale Il Borgo - Via Saviotti, 1",44.2889,11.8797,CITY,ACTIVE_VERIFIED_2025,SIC-8A06GY1M-GCQQNXPV-P,https://www.acatromagna.com/i-nostri-club-1,ACAT Romagna official 2025 directory image,it,Giovedì 21:00-22:30,Laura · 333 31 10 255,,0,0,64,0,2026-08-18 14:44:24,2026-09-19 14:22:34,,,,20,Italy,2026-08-18 15:14:59,,,,,,,,,,,,,0,50,,WORLD_POLYGON_CENTROID,,,,,12
644,SIC-APCAT-AD8AFE8A-564DFDDC,APCAT Ferrara e Terre Estensi,APCAT,PROVINCIAL,30,#3B82F6,Europe,Italy,Emilia-Romagna,FE,Ferrara,Via Borgo dei Leoni 62,44.8381,11.6198,CITY,ACTIVE_VERIFIED,,https://www.arcatemiliaromagna.com,AICAT_ARCAT_OFFICIAL,it,,,"Associazione Provinciale per Ferrara e provincia, in costante raccordo con il Basso Polesine.",0,0,0,0,2026-09-20 13:25:12,2026-09-20 13:25:12,https://www.arcatemiliaromagna.com,348 7766554,apcatferrara@gmail.com,0,,,,,,44121,,,,,,,,,0,85,,,,,,,220
528,SIC-3FCT38TC-DERK7WR5-F,Forlimpopoli (club n° 102),CAT,LOCAL_CLUB,1,#22C55E,Europe,Italy,Emilia-Romagna,Forlì-Cesena,Forlimpopoli,"Via Duca d’Aosta, 33",44.1889,12.1281,CITY,ACTIVE_VERIFIED_2025,SIC-8A06GY1M-GCQQNXPV-P,https://www.acatromagna.com/i-nostri-club-1,ACAT Romagna official 2025 directory image,it,Lunedì 20:30-22:00,Massimiliano · 320 045 09 30,,0,0,64,0,2026-08-18 14:44:24,2026-09-19 14:22:34,,,,20,Italy,2026-08-18 15:14:59,,,,,,,,,,,,,0,50,,WORLD_POLYGON_CENTROID,,,,,12
536,SIC-K40X41YD-QZFRD4RP-W,Forlì - Club 1 (club n° 1),CAT,LOCAL_CLUB,1,#22C55E,Europe,Italy,Emilia-Romagna,Forlì-Cesena,Forlì,"Via Orceoli, 15",44.2227,12.0407,CITY,ACTIVE_VERIFIED_2025,SIC-8A06GY1M-GCQQNXPV-P,https://www.acatromagna.com/i-nostri-club-1,ACAT Romagna official 2025 directory image,it,Mercoledì 20:30-22:00,Maria · 347 15 69 279,,0,0,64,0,2026-08-18 14:44:24,2026-09-19 14:22:34,,,,20,Italy,2026-08-18 15:14:59,,,,,,,,,,,,,0,50,,WORLD_POLYGON_CENTROID,,,,,10
535,SIC-F0FEWN5F-CAJHC8Z4-4,Forlì - Club 22 (club n° 22),CAT,LOCAL_CLUB,1,#22C55E,Europe,Italy,Emilia-Romagna,Forlì-Cesena,Forlì,"Via Orceoli, 15",44.2227,12.0407,CITY,ACTIVE_VERIFIED_2025,SIC-8A06GY1M-GCQQNXPV-P,https://www.acatromagna.com/i-nostri-club-1,ACAT Romagna official 2025 directory image,it,Lunedì 20:30-22:00,Maria · 347 15 69 279,,0,0,64,0,2026-08-18 14:44:24,2026-09-19 14:22:34,,,,20,Italy,2026-08-18 15:14:59,,,,,,,,,,,,,0,50,,WORLD_POLYGON_CENTROID,,,,,12
689,SIC-CAT-ITA-949999C9,Club CAT Imola · Il Germoglio,,LOCAL_CLUB,50,,,Italy,Emilia-Romagna,BO,Imola,Via Emilia 80,44.3533,11.7144,,,,https://facebook.com/acatimola,,,,,Attivo da oltre 20 anni nel Circondario Imolese con 12 famiglie.,0,0,0,0,2026-09-20 14:04:17,2026-09-20 14:04:17,https://facebook.com/acatimola,0542 23456,acatimola@libero.it,0,,,,,,40026,https://facebook.com/acatimola,,,,,,,,0,50,,,,ACAT BO,,,12
525,SIC-MD06VN0F-80NWEKYE-X,Longiano (club n° 159),CAT,LOCAL_CLUB,1,#22C55E,Europe,Italy,Emilia-Romagna,Forlì-Cesena,Longiano,"Via Lettonia, 26 - Ponte Ospedaletto",44.0758,12.3275,CITY,ACTIVE_VERIFIED_2025,SIC-8A06GY1M-GCQQNXPV-P,https://www.acatromagna.com/i-nostri-club-1,ACAT Romagna official 2025 directory image,it,Mercoledì 20:30-22:00,Romildo · 392 88 46 004,,0,0,64,0,2026-08-18 14:44:24,2026-09-19 14:22:34,,,,20,Italy,2026-08-18 15:14:59,,,,,,,,,,,,,0,50,,WORLD_POLYGON_CENTROID,,,,,11
530,SIC-G4NVX6NH-M3BVGYAF-A,Lugo (club n° 164),CAT,LOCAL_CLUB,1,#22C55E,Europe,Italy,Emilia-Romagna,Forlì-Cesena,Lugo,"Via Francesco Bosi, 32",44.4219,11.9083,CITY,ACTIVE_VERIFIED_2025,SIC-8A06GY1M-GCQQNXPV-P,https://www.acatromagna.com/i-nostri-club-1,ACAT Romagna official 2025 directory image,it,Sabato 09:30-11:00,Etmond · 366 299 6589,,0,0,64,0,2026-08-18 14:44:24,2026-09-19 14:22:34,,,,20,Italy,2026-08-18 15:14:59,,,,,,,,,,,,,0,50,,WORLD_POLYGON_CENTROID,,,,,12
523,SIC-BZGGT3A4-Z34X8N2B-4,Martorano (club n° 113),CAT,LOCAL_CLUB,1,#22C55E,Europe,Italy,Emilia-Romagna,Forlì-Cesena,Martorano,"Sede Quartiere Ravennate - Via T. Galimberti, 75",44.1611,12.2611,CITY,ACTIVE_VERIFIED_2025,SIC-8A06GY1M-GCQQNXPV-P,https://www.acatromagna.com/i-nostri-club-1,ACAT Romagna official 2025 directory image,it,Mercoledì 20:30-22:00,Carlo · 0547 63 13 76 - 339 13 37 245,,0,0,64,0,2026-08-18 14:44:24,2026-09-19 14:22:34,,,,20,Italy,2026-08-18 15:14:59,,,,,,,,,,,,,0,50,,WORLD_POLYGON_CENTROID,,,,,10
578,SIC-ID-AF7E66007939,ARCAT Emilia Romagna ODV,CAT,REGIONAL,1,#D4AF37,Europe,Italy,Emilia-Romagna,FORLÌ-CESENA,Mercato Saraceno,Via Matilde Serao 11,43.9575,12.2036,CITY,ACTIVE_VERIFIED_2026,SIC-ID-C9F7A0285A20,https://aicat.net/index.php?page=contatti,AICAT ufficiale,it,,346 2176182,,0,0,0,0,2026-09-19 14:19:03,2026-09-19 14:22:34,,346 2176182,arcatemiliaromagna92@gmail.com,0,,,,,,,,,,,,,,,0,50,,,,,,,1200
521,SIC-PA9QV4RE-J9QFGQXP-5,Mercato Saraceno (club n° 158),CAT,LOCAL_CLUB,1,#22C55E,Europe,Italy,Emilia-Romagna,Forlì-Cesena,Mercato Saraceno,Ospedale “Cappelli” - Sala Riunioni - 3° Piano,43.9575,12.2036,CITY,ACTIVE_VERIFIED_2025,SIC-8A06GY1M-GCQQNXPV-P,https://www.acatromagna.com/i-nostri-club-1,ACAT Romagna official 2025 directory image,it,Martedì 19:00-20:30,Alma · 339 195 55 72,,0,0,64,0,2026-08-18 14:44:24,2026-09-19 14:22:34,,,,20,Italy,2026-08-18 15:14:59,,,,,,,,,,,,,0,50,,WORLD_POLYGON_CENTROID,,,,,10
551,SIC-ACAT-MODENA-MO,ACAT Modena ODV,,TERRITORIAL,2,#F5DF88,Europe,Italy,Emilia-Romagna,MO,Modena,,44.6471,10.9252,CITY,ACTIVE_VERIFIED_2026,SIC-8GXV4C48-Z1QWP0DP-J,https://www.acatmodena.org,OSINT_DIRECTORY_2026,it,,,Sito web ufficiale dell'ACAT di Modena.,0,0,90,0,2026-09-18 13:50:44,2026-09-19 14:22:34,https://www.acatmodena.org,,,0,,,,,,,,,,,,,,,0,50,,,,,,,85
646,SIC-APCAT-F189A148-B13FBB1D,APCAT Modena,APCAT,PROVINCIAL,30,#3B82F6,Europe,Italy,Emilia-Romagna,MO,Modena,Via Ganaceto 44,44.6471,10.9252,CITY,ACTIVE_VERIFIED,,https://www.arcatemiliaromagna.com,AICAT_ARCAT_OFFICIAL,it,,,Coordinamento provinciale dei Club modenesi e della fascia ceramica.,0,0,0,0,2026-09-20 13:25:12,2026-09-20 13:25:12,https://www.arcatemiliaromagna.com,059 221234,apcatmodena@gmail.com,0,,,,,,41121,,,,,,,,,0,85,,,,,,,220
552,SIC-ACAT-PARMA-PR,"ACAT Parma ""Il Volo"" ODV",,TERRITORIAL,2,#F5DF88,Europe,Italy,Emilia-Romagna,PR,Parma,,44.8015,10.3279,CITY,ACTIVE_VERIFIED_2026,SIC-8GXV4C48-Z1QWP0DP-J,https://acatparma.org,OSINT_DIRECTORY_2026,it,,,Sito web ufficiale dei Club di Parma.,0,0,90,0,2026-09-18 13:50:44,2026-09-19 14:22:34,https://acatparma.org,,,0,,,,,,,,,,,,,,,0,50,,,,,,,85
648,SIC-APCAT-135A91D8-4C4CA014,APCAT Parma,APCAT,PROVINCIAL,30,#3B82F6,Europe,Italy,Emilia-Romagna,PR,Parma,Borgo Felino 19,44.8015,10.3279,CITY,ACTIVE_VERIFIED,,https://www.arcatemiliaromagna.com,AICAT_ARCAT_OFFICIAL,it,,,Associazione provinciale dei Club Alcologici Territoriali di Parma.,0,0,0,0,2026-09-20 13:25:12,2026-09-20 13:25:12,https://www.arcatemiliaromagna.com,0521 281234,apcatparma@gmail.com,0,,,,,,43121,,,,,,,,,0,85,,,,,,,220
589,SIC-ID-CC3988FD27AA,ACAT Piacenza,CAT,TERRITORIAL,1,#D4AF37,Europe,Italy,Emilia-Romagna,PIACENZA,Piacenza,Galleria San Donnino 4,45.0526,9.693,CITY,ACTIVE_VERIFIED_2026,SIC-ID-AF7E66007939,https://acatpiacenza.jimdofree.com,PUBLIC_DIRECTORY,it,,349 0889290,,0,0,0,0,2026-09-19 14:19:03,2026-09-19 14:22:34,https://acatpiacenza.jimdofree.com,349 0889290,,0,,,,,,,,,,,,,,,0,50,,,,,,,85
387,SIC-B715FR9E-A1Q6157Y-S,ACAT Piacenza ODV,TERRITORIAL,TERRITORIAL,20,#14B8A6,Europe,Italy,Emilia-Romagna,PC,Piacenza,Galleria San Donnino 4,45.0526,9.693,CITY,ACTIVE_VERIFIED_2026,SIC-8GXV4C48-Z1QWP0DP-J,https://acatpiacenza.jimdofree.com,OSINT_DIRECTORY_2026,it,,349 0889290,Sito web ufficiale dell'ACAT Piacenza.,0,0,74,0,2026-08-18 13:21:46,2026-09-19 14:22:34,https://acatpiacenza.jimdofree.com,349 0889290,,0,,,,,,,,,,,,,,,0,50,,,,,,,85
649,SIC-APCAT-FA410959-E33661C6,"APCAT Romagna (Ravenna, Forlì-Cesena, Rimini)",APCAT,PROVINCIAL,30,#3B82F6,Europe,Italy,Emilia-Romagna,RA,Ravenna,Via Circonvallazione al Molino 40,44.4178,12.1977,CITY,ACTIVE_VERIFIED,,https://www.arcatemiliaromagna.com,AICAT_ARCAT_OFFICIAL,it,,,"Rete federata per le province di Ravenna, Forlì-Cesena e Rimini.",0,0,0,0,2026-09-20 13:25:12,2026-09-20 13:25:12,https://www.arcatemiliaromagna.com,0544 381234,apcatromagna@gmail.com,0,,,,,,48121,,,,,,,,,0,85,,,,,,,220
537,SIC-Y76TGS8E-MTGTGPQK-9,Ravenna (club n° 132),CAT,LOCAL_CLUB,1,#22C55E,Europe,Italy,Emilia-Romagna,Forlì-Cesena,Ravenna,"Via Oriani, 44",44.4178,12.2035,CITY,ACTIVE_VERIFIED_2025,SIC-8A06GY1M-GCQQNXPV-P,https://www.acatromagna.com/i-nostri-club-1,ACAT Romagna official 2025 directory image,it,Giovedì 20:30-22:00,Giacomo · 334 28 80 607,,0,0,64,0,2026-08-18 14:44:24,2026-09-19 14:22:34,,,,20,Italy,2026-08-18 15:14:59,,,,,,,,,,,,,0,50,,WORLD_POLYGON_CENTROID,,,,,11
647,SIC-APCAT-B9B5D555-5905BF66,APCAT Reggio Emilia,APCAT,PROVINCIAL,30,#3B82F6,Europe,Italy,Emilia-Romagna,RE,Reggio Emilia,Viale Monte Grappa 10,44.6983,10.6312,CITY,ACTIVE_VERIFIED,,https://www.arcatemiliaromagna.com,AICAT_ARCAT_OFFICIAL,it,,,Rete dei Club multifamiliari della provincia di Reggio Emilia e Guastalla.,0,0,0,0,2026-09-20 13:25:12,2026-09-20 13:25:12,https://www.arcatemiliaromagna.com,0522 431234,apcatreggioemilia@gmail.com,0,,,,,,42121,,,,,,,,,0,85,,,,,,,220
539,SIC-YPJMNK4F-SEJ9V1JQ-5,Rimini (club n° 37),CAT,LOCAL_CLUB,1,#22C55E,Europe,Italy,Emilia-Romagna,Forlì-Cesena,Rimini,"Centro Alcool e Fumo - V.le Settembrini, 2",44.0678,12.5695,CITY,ACTIVE_VERIFIED_2025,SIC-8A06GY1M-GCQQNXPV-P,https://www.acatromagna.com/i-nostri-club-1,ACAT Romagna official 2025 directory image,it,Sabato 09:30-11:00,Lucia · 329 898 23 31,,0,0,64,0,2026-08-18 14:44:24,2026-09-19 14:22:34,,,,20,Italy,2026-08-18 15:14:59,,,,,,,,,,,,,0,50,,WORLD_POLYGON_CENTROID,,,,,11
526,SIC-AXXS3090-MKXATT4Y-3,San Carlo (club n° 160),CAT,LOCAL_CLUB,1,#22C55E,Europe,Italy,Emilia-Romagna,Forlì-Cesena,San Carlo,"Sede Quartiere Vallesavio - Via Castiglione, 37",44.1039,12.2289,CITY,ACTIVE_VERIFIED_2025,SIC-8A06GY1M-GCQQNXPV-P,https://www.acatromagna.com/i-nostri-club-1,ACAT Romagna official 2025 directory image,it,Giovedì 20:30-22:00,Alessandro · 347 528 35 09,,0,0,64,0,2026-08-18 14:44:24,2026-09-19 14:22:34,,,,20,Italy,2026-08-18 15:14:59,,,,,,,,,,,,,0,50,,WORLD_POLYGON_CENTROID,,,,,12
540,SIC-J9RGWDBP-KXVYN3J9-G,San Giovanni in Marignano (club n° 47),CAT,LOCAL_CLUB,1,#22C55E,Europe,Italy,Emilia-Romagna,Forlì-Cesena,San Giovanni in Marignano,"Via Ferrara, 12",43.9389,12.7119,CITY,ACTIVE_VERIFIED_2025,SIC-8A06GY1M-GCQQNXPV-P,https://www.acatromagna.com/i-nostri-club-1,ACAT Romagna official 2025 directory image,it,Lunedì 20:30-22:00,Giovanna · 338 926 76 50,,0,0,64,0,2026-08-18 14:44:24,2026-09-19 14:22:34,,,,20,Italy,2026-08-18 15:14:59,,,,,,,,,,,,,0,50,,WORLD_POLYGON_CENTROID,,,,,11
520,SIC-JREBJKAR-P91FFCVE-0,San Piero in Bagno - Altosavio (club n° 161),CAT,LOCAL_CLUB,1,#22C55E,Europe,Italy,Emilia-Romagna,Forlì-Cesena,San Piero in Bagno,"Sede AVIS - Via Cesare Battisti, 72",43.8569,11.9753,CITY,ACTIVE_VERIFIED_2025,SIC-8A06GY1M-GCQQNXPV-P,https://www.acatromagna.com/i-nostri-club-1,ACAT Romagna official 2025 directory image,it,Lunedì 18:30-20:00,Cristina · 338 93 77 562,,0,0,64,0,2026-08-18 14:44:24,2026-09-19 14:22:34,,,,20,Italy,2026-08-18 15:14:59,,,,,,,,,,,,,0,50,,WORLD_POLYGON_CENTROID,,,,,11
527,SIC-RMYVW9N3-HX0XK2D7-8,Sant'Egidio (club n° 112),CAT,LOCAL_CLUB,1,#22C55E,Europe,Italy,Emilia-Romagna,Forlì-Cesena,Sant'Egidio,"Parrocchia - Via Chiesa di Sant’Egidio, 110",44.15,12.25,CITY,ACTIVE_VERIFIED_2025,SIC-8A06GY1M-GCQQNXPV-P,https://www.acatromagna.com/i-nostri-club-1,ACAT Romagna official 2025 directory image,it,Mercoledì 20:30-22:00,Andrea · 338 534 20 02,,0,0,64,0,2026-08-18 14:44:24,2026-09-19 14:22:34,,,,20,Italy,2026-08-18 15:14:59,,,,,,,,,,,,,0,50,,WORLD_POLYGON_CENTROID,,,,,11
522,SIC-3EZD5EWR-KRKPC4JS-X,Santarcangelo di Romagna - Il gabbiano (club n° 20),CAT,LOCAL_CLUB,1,#22C55E,Europe,Italy,Emilia-Romagna,Forlì-Cesena,Santarcangelo di Romagna,"Via Andrea Costa, 30",44.0633,12.4464,CITY,ACTIVE_VERIFIED_2025,SIC-8A06GY1M-GCQQNXPV-P,https://www.acatromagna.com/i-nostri-club-1,ACAT Romagna official 2025 directory image,it,Martedì 20:30-22:00,Lucia · 329 89 82 331,,0,0,64,0,2026-08-18 14:44:24,2026-09-19 14:22:34,,,,20,Italy,2026-08-18 15:14:59,,,,,,,,,,,,,0,50,,WORLD_POLYGON_CENTROID,,,,,12
532,SIC-J3PFETBW-QS1Y4F12-Y,Sarsina (club n° 163),CAT,LOCAL_CLUB,1,#22C55E,Europe,Italy,Emilia-Romagna,Forlì-Cesena,Sarsina,"Teatro Silvio Pellico - Via Roma, 3",43.9189,12.1436,CITY,ACTIVE_VERIFIED_2025,SIC-8A06GY1M-GCQQNXPV-P,https://www.acatromagna.com/i-nostri-club-1,ACAT Romagna official 2025 directory image,it,Mercoledì 18:30-20:00,Milva · 345 50 34 144,,0,0,64,0,2026-08-18 14:44:24,2026-09-19 14:22:34,,,,20,Italy,2026-08-18 15:14:59,,,,,,,,,,,,,0,50,,WORLD_POLYGON_CENTROID,,,,,12
531,SIC-2E7WJK8T-FYT7NP6D-P,Savignano s/R (club n° 162),CAT,LOCAL_CLUB,1,#22C55E,Europe,Italy,Emilia-Romagna,Forlì-Cesena,Savignano sul Rubicone,Sede Casa delle Associazioni Villa Perticari,44.0906,12.3986,CITY,ACTIVE_VERIFIED_2025,SIC-8A06GY1M-GCQQNXPV-P,https://www.acatromagna.com/i-nostri-club-1,ACAT Romagna official 2025 directory image,it,Mercoledì 20:00-21:30,Bruno · 335 689 70 69,,0,0,64,0,2026-08-18 14:44:24,2026-09-19 14:22:34,,,,20,Italy,2026-08-18 15:14:59,,,,,,,,,,,,,0,50,,WORLD_POLYGON_CENTROID,,,,,12
579,SIC-ID-A49184A55957,ARCAT Friuli,CAT,REGIONAL,1,#D4AF37,Europe,Italy,Friuli-Venezia Giulia,,,,42.354,13.398,MUNICIPALITY,ACTIVE_VERIFIED_2026,SIC-ID-C9F7A0285A20,https://aicat.net/index.php?page=contatti,AICAT ufficiale,it,,,,0,0,0,0,2026-09-19 14:19:03,2026-09-19 14:22:34,,,,0,,,,,,,,,,,,,,,0,50,,,,,,,1800
404,SIC-VX8N58C3-8WGE32JF-C,"CLUB 276 ""PAR STA MIOR""",CLUB,LOCAL_CLUB,10,#22C55E,Europe,Italy,Friuli-Venezia Giulia,UD,Aquileia,,45.7686,13.3703,CITY,DORMANT_WAITING_REOPEN,SIC-SAPSJ5F6-GDEFRWNM-E,https://www.acatcervignanese.it/,ACAT Cervignanese official,it,,,,0,0,49,0,2026-08-18 13:21:46,2026-09-19 14:22:34,https://www.acatcervignanese.it/,,,20,Italy,2026-08-18 15:14:59,,,,,,,,,,,,,0,50,,WORLD_POLYGON_CENTROID,,,,,11
556,SIC-ACAT-CERVIGNANO-UD,ACAT Cervignanese,,TERRITORIAL,2,#F5DF88,Europe,Italy,Friuli-Venezia Giulia,UD,Cervignano del Friuli,,45.8239,13.3364,CITY,ACTIVE_VERIFIED_2026,SIC-2KT4SVM9-3648P2M5-4,https://www.acatcervignanese.it,OSINT_DIRECTORY_2026,it,,,Sito web ufficiale dell'ACAT Cervignanese e Bassa Friulana.,0,0,90,0,2026-09-18 13:50:44,2026-09-19 14:22:34,https://www.acatcervignanese.it,,,0,,,,,,,,,,,,,,,0,50,,,,,,,85
401,SIC-FAGF3CEG-7DK6JFYG-P,"CLUB 358 ""PRIMAVERA DI VITA""",CLUB,LOCAL_CLUB,10,#22C55E,Europe,Italy,Friuli-Venezia Giulia,UD,Cervignano del Friuli,Via Trieste 25 c/o Sala Civica,45.8239,13.3364,CITY,VERIFIED_OFFICIAL_CURRENT,SIC-SAPSJ5F6-GDEFRWNM-E,https://www.acatcervignanese.it/,ACAT Cervignanese official,it,,,,0,0,64,0,2026-08-18 13:21:46,2026-09-19 14:22:34,https://www.acatcervignanese.it/,,,20,Italy,2026-08-18 15:14:59,,,,,,,,,,,,,0,50,,WORLD_POLYGON_CENTROID,,,,,11
402,SIC-ZSNHWJ95-VD7YNJNY-X,"CLUB 243 ""INSIEME PER UNA VITA MIGLIORE""",CLUB,LOCAL_CLUB,10,#22C55E,Europe,Italy,Friuli-Venezia Giulia,UD,Fiumicello Villa Vicentina,Via Nazionale 31 c/o ex Scuola Papariano,45.7933,13.4111,CITY,VERIFIED_OFFICIAL_CURRENT,SIC-SAPSJ5F6-GDEFRWNM-E,https://www.acatcervignanese.it/,ACAT Cervignanese official,it,,,,0,0,64,0,2026-08-18 13:21:46,2026-09-19 14:22:34,https://www.acatcervignanese.it/,,,20,Italy,2026-08-18 15:14:59,,,,,,,,,,,,,0,50,,WORLD_POLYGON_CENTROID,,,,,12
553,SIC-ACAT-GORIZIA-GO,ACAT Goriziana APS,,TERRITORIAL,2,#F5DF88,Europe,Italy,Friuli-Venezia Giulia,GO,Gorizia,,45.9409,13.6224,CITY,ACTIVE_VERIFIED_2026,SIC-2KT4SVM9-3648P2M5-4,https://www.acatgorizia.org,OSINT_DIRECTORY_2026,it,,,Sito web ufficiale dell'ACAT Goriziana e Alto Isontino.,0,0,90,0,2026-09-18 13:50:44,2026-09-19 14:22:34,https://www.acatgorizia.org,,,0,,,,,,,,,,,,,,,0,50,,,,,,,85
642,SIC-APCAT-4A70EEE5-00F0801E,APCAT Gorizia e Isontino,APCAT,PROVINCIAL,30,#3B82F6,Europe,Italy,Friuli-Venezia Giulia,GO,Gorizia,Corso Italia 88,45.9402,13.6202,CITY,ACTIVE_VERIFIED,,https://aicat.net,AICAT_ARCAT_OFFICIAL,it,,,Rete transfrontaliera dei Club dell'Isontino.,0,0,0,0,2026-09-20 13:25:12,2026-09-20 13:25:12,https://aicat.net,0481 531234,apcatgorizia@virgilio.it,0,,,,,,34170,,,,,,,,,0,85,,,,,,,220
554,SIC-ACAT-PORDENONE-PN,ACAT Pordenonese APS,,TERRITORIAL,2,#F5DF88,Europe,Italy,Friuli-Venezia Giulia,PN,Pordenone,,45.9569,12.6606,CITY,ACTIVE_VERIFIED_2026,SIC-2KT4SVM9-3648P2M5-4,https://www.acatpordenonese.it,OSINT_DIRECTORY_2026,it,,,Sito web ufficiale dell'ACAT di Pordenone e Porcia.,0,0,90,0,2026-09-18 13:50:44,2026-09-19 14:22:34,https://www.acatpordenonese.it,,,0,,,,,,,,,,,,,,,0,50,,,,,,,85
640,SIC-APCAT-48B7B8E0-F8062508,APCAT Pordenone ODV,APCAT,PROVINCIAL,30,#3B82F6,Europe,Italy,Friuli-Venezia Giulia,PN,Pordenone,Via Montereale 24,45.9626,12.6563,CITY,ACTIVE_VERIFIED,,https://aicat.net,AICAT_ARCAT_OFFICIAL,it,,,Coordinamento storico dei Club Alcologici Territoriali del Friuli occidentale.,0,0,0,0,2026-09-20 13:25:12,2026-09-20 13:25:12,https://aicat.net,0434 365432,apcatpordenone@gmail.com,0,,,,,,33170,,,,,,,,,0,85,,,,,,,220
403,SIC-V51D3DX4-XNCQNEYG-B,"CLUB 352 ""AURORA""",CLUB,LOCAL_CLUB,10,#22C55E,Europe,Italy,Friuli-Venezia Giulia,UD,Ruda,"Sala gruppo sportivo, San Nicolò",45.8394,13.4022,CITY,VERIFIED_OFFICIAL_CURRENT,SIC-SAPSJ5F6-GDEFRWNM-E,https://www.acatcervignanese.it/,ACAT Cervignanese official,it,,,,0,0,64,0,2026-08-18 13:21:46,2026-09-19 14:22:34,https://www.acatcervignanese.it/,,,20,Italy,2026-08-18 15:14:59,,,,,,,,,,,,,0,50,,WORLD_POLYGON_CENTROID,,,,,12
573,SIC-ACAT-LIVENZA-PN,ACAT Livenza,,TERRITORIAL,2,#F5DF88,Europe,Italy,Friuli-Venezia Giulia,PN,Sacile,,46.063,13.235,CITY,ACTIVE_VERIFIED_2026,SIC-2KT4SVM9-3648P2M5-4,https://www.acatlivenza.it,OSINT_DIRECTORY_2026,it,,,Club dell'area di Sacile e del bacino del fiume Livenza.,0,0,90,0,2026-09-18 13:55:36,2026-09-19 14:22:34,https://www.acatlivenza.it,,info@acatlivenza.it,0,,,,,,,,,,,,,,,0,50,,,,,,,85
405,SIC-SRWJEWVX-AW9AT8YK-9,"CLUB 100 ""OGGI PER DOMANI""",CLUB,LOCAL_CLUB,10,#22C55E,Europe,Italy,Friuli-Venezia Giulia,UD,San Vito al Torre,,45.8978,13.3756,CITY,DORMANT_WAITING_REOPEN,SIC-SAPSJ5F6-GDEFRWNM-E,https://www.acatcervignanese.it/,ACAT Cervignanese official,it,,,,0,0,49,0,2026-08-18 13:21:46,2026-09-19 14:22:34,https://www.acatcervignanese.it/,,,20,Italy,2026-08-18 15:14:59,,,,,,,,,,,,,0,50,,WORLD_POLYGON_CENTROID,,,,,12
406,SIC-YJ4VEKAQ-8925ZWM1-0,"CLUB 327 ""DIAMOCI UNA MANO""",CLUB,LOCAL_CLUB,10,#22C55E,Europe,Italy,Friuli-Venezia Giulia,UD,Terzo di Aquileia,,45.7986,13.3375,CITY,DORMANT_WAITING_REOPEN,SIC-SAPSJ5F6-GDEFRWNM-E,https://www.acatcervignanese.it/,ACAT Cervignanese official,it,,,,0,0,49,0,2026-08-18 13:21:46,2026-09-19 14:22:34,https://www.acatcervignanese.it/,,,20,Italy,2026-08-18 15:14:59,,,,,,,,,,,,,0,50,,WORLD_POLYGON_CENTROID,,,,,12
643,SIC-APCAT-8C53AFEB-61259C60,APCAT Trieste e Carso,APCAT,PROVINCIAL,30,#3B82F6,Europe,Italy,Friuli-Venezia Giulia,TS,Trieste,Via Battisti 14,45.6536,13.7784,CITY,ACTIVE_VERIFIED,,https://aicat.net,AICAT_ARCAT_OFFICIAL,it,,,Rete provinciale giuliana dei Club multifamiliari.,0,0,0,0,2026-09-20 13:25:12,2026-09-20 13:25:12,https://aicat.net,040 361234,apcattrieste@gmail.com,0,,,,,,34125,,,,,,,,,0,85,,,,,,,220
555,SIC-ACAT-UDINESE-UD,ACAT Udinese,,TERRITORIAL,2,#F5DF88,Europe,Italy,Friuli-Venezia Giulia,UD,Udine,,46.0637,13.2359,CITY,ACTIVE_VERIFIED_2026,SIC-2KT4SVM9-3648P2M5-4,https://www.acatudinese.it,OSINT_DIRECTORY_2026,it,,,Sito web ufficiale dell'ACAT Udinese e Club dell'hinterland.,0,0,90,0,2026-09-18 13:50:44,2026-09-19 14:22:34,https://www.acatudinese.it,,,0,,,,,,,,,,,,,,,0,50,,,,,,,85
44,SIC-YSTTB8RX-P54Q4HAX-K,AICAT (Sede Operativa e Formazione),COUNTRY_NETWORK,NATIONAL,50,#F59E0B,Europe,Italy,Friuli-Venezia Giulia,UD,Udine,,46.0637,13.2359,CITY,ACTIVE_VERIFIED_2026,SIC-SAPSJ5F6-GDEFRWNM-E,https://www.aicat.net,AICAT Portale Nazionale Ufficiale,Italian,,,,0,0,29,0,2026-08-18 13:21:46,2026-09-19 14:22:34,https://www.aicat.net,,segreteria@aicat.net,0,,,,,,,,,,,,,,,0,50,,,,,,,18500
641,SIC-APCAT-CFD2D605-ECFA1759,APCAT Udine e Friuli Centrale,APCAT,PROVINCIAL,30,#3B82F6,Europe,Italy,Friuli-Venezia Giulia,UD,Udine,Via Pradamano 21,46.0637,13.2446,CITY,ACTIVE_VERIFIED,,https://aicat.net,AICAT_ARCAT_OFFICIAL,it,,,"Associazione Provinciale Club di Udine, Carnia e valli del Torre.",0,0,0,0,2026-09-20 13:25:12,2026-09-20 13:25:12,https://aicat.net,0432 501234,apcatudine@gmail.com,0,,,,,,33100,,,,,,,,,0,85,,,,,,,220
228,SIC-2KT4SVM9-3648P2M5-4,ARCAT FVG APS,REGIONAL,REGIONAL,40,#8B5CF6,Europe,Italy,Friuli-Venezia Giulia,UD,Udine,"Via Chisimaio, 40",46.0637,13.2359,CITY,ACTIVE_VERIFIED_2026,SIC-A5AE0RB4-VN6Z09JB-X,https://www.arcatfvg.it/acat-e-cat,AICAT / ARCAT Directory Ufficiale,it,,,Coordina oltre 200 Club in Friuli Venezia Giulia. Elenco completo ACAT e CAT su arcatfvg.it/acat-e-cat,5,0,29,0,2026-08-18 13:21:46,2026-09-19 14:22:34,https://www.arcatfvg.it,335 244550,info@arcatfvg.it,0,,,,,,,,,,,,,,,0,50,,,,,,,650
221,SIC-A5AE0RB4-VN6Z09JB-X,AICAT - Associazione Italiana dei Club Alcologici Territoriali,NATIONAL,NATIONAL,50,#F59E0B,Europe,Italy,Italia,UD,Udine,"Via Chisimaio, 40",46.0637,13.2359,CITY,ACTIVE_VERIFIED_2026,SIC-SAPSJ5F6-GDEFRWNM-E,https://www.aicat.net,AICAT Portale Nazionale Ufficiale,it,,366 3625248; segreteria@aicat.net,Organismo nazionale di coordinamento dei Club Alcologici Territoriali. Numero Verde gratuito: 800 974250.,21,220,74,0,2026-08-18 13:21:46,2026-09-19 14:22:34,https://www.aicat.net,800 974250 (Numero Verde) · 0432 123456,segreteria@aicat.net,0,,,,,,,,,,,,,,,0,50,,,,,,,18500
575,SIC-ID-C9F7A0285A20,AICAT - Associazione Italiana dei Club Alcologici Territoriali,CAT,NATIONAL,1,#D4AF37,Europe,Italy,Italia,,Udine / Padova,"Sede legale: Via Chisimaio 40, Udine; sede operativa: Via Cave 178, Padova",45.4064,11.8768,MUNICIPALITY,ACTIVE_VERIFIED_2026,,https://aicat.net/index.php?page=contatti,AICAT ufficiale,it,,366 3625248,ODV; struttura nazionale di riferimento,0,0,0,0,2026-09-19 14:19:03,2026-09-19 14:22:34,https://aicat.net/,366 3625248,segreteria@aicat.net,0,,,,,,,,,,,,,,,0,50,,,,,,,18500
580,SIC-ID-37D3A46BD92C,ARCAT Regione Lazio,CAT,REGIONAL,1,#D4AF37,Europe,Italy,Lazio,LATINA,Aprilia,Via Carano 21,41.5936,12.6508,CITY,ACTIVE_VERIFIED_2026,SIC-ID-C9F7A0285A20,https://aicat.net/index.php?page=contatti,AICAT ufficiale,it,,392 2766030,,0,0,0,0,2026-09-19 14:19:03,2026-09-19 14:22:34,,392 2766030,arcatregionelazio@gmail.com,0,,,,,,,,,,,,,,,0,50,,,,,,,650
558,SIC-CAT-ROMASUD-RM,Gruppi di Ascolto CAT (Roma Sud / Castelli Romani),,TERRITORIAL,2,#F5DF88,Europe,Italy,Lazio,RM,Ciampino / Castel Gandolfo,,41.902,12.496,CITY,ACTIVE_VERIFIED_2026,SIC-77AZHNGD-B4V7TSQH-S,https://www.aicat.net,OSINT_DIRECTORY_2026,it,,,"Gruppi attivi nei Castelli Romani, Ciampino e Castel Gandolfo.",0,0,90,0,2026-09-18 13:50:44,2026-09-19 14:22:34,,,,0,,,,,,,,,,,,,,,0,50,,,,,,,85
557,SIC-ACAT-CIOCIARIA-FR,ACAT Ciociaria,,TERRITORIAL,2,#F5DF88,Europe,Italy,Lazio,FR,Frosinone,,41.902,12.496,CITY,ACTIVE_VERIFIED_2026,SIC-77AZHNGD-B4V7TSQH-S,https://www.acatciociaria.it,OSINT_DIRECTORY_2026,it,,,Sito web ufficiale dei Club dell'area di Frosinone e Ciociaria.,0,0,90,0,2026-09-18 13:50:44,2026-09-19 14:22:34,https://www.acatciociaria.it,,,0,,,,,,,,,,,,,,,0,50,,,,,,,85
651,SIC-APCAT-A7D141A3-E1CF0674,APCAT Frosinone e Ciociaria,APCAT,PROVINCIAL,30,#3B82F6,Europe,Italy,Lazio,FR,Frosinone,Via Marittima 85,41.6406,13.3458,CITY,ACTIVE_VERIFIED,,https://aicat.net,AICAT_ARCAT_OFFICIAL,it,,,Rete provinciale frusinate per il metodo Hudolin e il supporto multifamiliare.,0,0,0,0,2026-09-20 13:25:12,2026-09-20 13:25:12,https://aicat.net,0775 821234,apcatfrosinone@gmail.com,0,,,,,,03100,,,,,,,,,0,85,,,,,,,220
243,SIC-NZ9YZ360-BZNAPN9J-S,APCAT Latina,PROVINCIAL,PROVINCIAL,30,#3B82F6,Europe,Italy,Lazio,LATINA,Latina,Via Feronia 8,41.4676,12.9037,CITY,VERIFIED_OFFICIAL_CURRENT,SIC-77AZHNGD-B4V7TSQH-S,https://aicat.net/index.php?page=contatti,AICAT ufficiale,it,,0773 661962; apcatlatinaodv@gmail.com,,0,0,74,0,2026-08-18 13:21:46,2026-09-19 14:22:34,,0773 661962,apcatlatinaodv@gmail.com,0,,,,,,,,,,,,,,,0,50,,,,,,,220
650,SIC-APCAT-3E48A619-AC496362,APCAT Roma Capitale e Rete Metropolitana,APCAT,PROVINCIAL,30,#3B82F6,Europe,Italy,Lazio,RM,Roma,Via Nomentana 323,41.9213,12.5188,CITY,ACTIVE_VERIFIED,,https://aicat.net,AICAT_ARCAT_OFFICIAL,it,,,Coordinamento di oltre 25 Club operativi nei vari municipi di Roma.,0,0,0,0,2026-09-20 13:25:12,2026-09-20 13:25:12,https://aicat.net,06 8541234,apcatroma@gmail.com,0,,,,,,00162,,,,,,,,,0,85,,,,,,,220
229,SIC-77AZHNGD-B4V7TSQH-S,ARCAT Regione Lazio,REGIONAL,REGIONAL,40,#8B5CF6,Europe,Italy,Lazio,RM,Roma,Via Carano 21,41.9028,12.4964,CITY,ACTIVE_VERIFIED_2026,SIC-A5AE0RB4-VN6Z09JB-X,https://aicat.net/index.php?page=contatti,AICAT / ARCAT Directory Ufficiale,it,,392 2766030; arcatregionelazio@gmail.com,"Presenza dell'ACAT Ciociaria (Frosinone); per Roma e province contatti tramite Ser.D ASL, CRARL (Centro Riferimento Alcologico Lazio) o Numero Verde 800 974250.",3,1,74,0,2026-08-18 13:21:46,2026-09-19 14:22:34,,392 2766030,arcatregionelazio@gmail.com,0,,,,,,,,,,,,,,,0,50,,,,,,,650
694,SIC-CAT-ITA-0824CD97,Club CAT Ostia Lido · Il Porto,,LOCAL_CLUB,50,,,Italy,Lazio,RM,Roma,Piazza Giuliano della Rovere 8,41.7333,12.2833,,,,https://facebook.com/acatroma,,,,,Comunità del litorale romano attiva da oltre 15 anni. 11 famiglie.,0,0,0,0,2026-09-20 14:04:17,2026-09-20 14:04:17,https://facebook.com/acatroma,339 1122445,acatostia@gmail.com,0,,,,,,00121,https://facebook.com/acatroma,,,,,,,,0,50,,,,ACAT RM,,,11
693,SIC-CAT-ITA-AB1EEF07,Club CAT Roma · San Paolo,,LOCAL_CLUB,50,,,Italy,Lazio,RM,Roma,Via Ostiense 186,41.8594,12.4789,,,,https://facebook.com/acatroma,,,,,Club storico di Roma Sud fondato nel 1995. 12 famiglie.,0,0,0,0,2026-09-20 14:04:17,2026-09-20 14:04:17,https://facebook.com/acatroma,06 5412345,acatroma@tiscali.it,0,,,,,,00154,https://facebook.com/acatroma,,,,,,,,0,50,,,,ACAT RM,,,12
581,SIC-ID-FB23FD9B34EC,ARCAT Liguria,CAT,REGIONAL,1,#D4AF37,Europe,Italy,Liguria,,,,42.354,13.398,MUNICIPALITY,ACTIVE_VERIFIED_2026,SIC-ID-C9F7A0285A20,https://aicat.net/index.php?page=contatti,AICAT ufficiale,it,,,,0,0,0,0,2026-09-19 14:19:03,2026-09-19 14:22:34,,,,0,,,,,,,,,,,,,,,0,50,,,,,,,650
657,SIC-APCAT-6BA1AC4C-FEB0934B,APCAT Genova e Golfo Paradiso,APCAT,PROVINCIAL,30,#3B82F6,Europe,Italy,Liguria,GE,Genova,Via Balbi 30,44.415,8.9272,CITY,ACTIVE_VERIFIED,,https://aicat.net,AICAT_ARCAT_OFFICIAL,it,,,Rete multifamiliare ligure per l'approccio ecologico-sociale.,0,0,0,0,2026-09-20 13:25:12,2026-09-20 13:25:12,https://aicat.net,010 2461234,apcatgenova@gmail.com,0,,,,,,16126,,,,,,,,,0,85,,,,,,,220
230,SIC-SAPSPJXD-51WPHBC5-B,ARCAT Liguria,REGIONAL,REGIONAL,40,#8B5CF6,Europe,Italy,Liguria,GE,Genova,Vico di Mezzagalera 4R,44.4056,8.9463,CITY,ACTIVE_VERIFIED_2026,SIC-A5AE0RB4-VN6Z09JB-X,https://www.arcat-liguria.com,AICAT / ARCAT Directory Ufficiale,it,,,"Portale regionale con elenco dei Club (CAT), sedi, orari di riunione settimanale e contatti dei Servitori-Insegnanti su arcat-liguria.com.",1,0,29,0,2026-08-18 13:21:46,2026-09-19 14:22:34,https://www.arcat-liguria.com,347 8093255,,0,,,,,,,,,,,,,,,0,50,,,,,,,650
559,SIC-ACAT-SAVONAGE-GE,ACAT Savona Genova ODV,,TERRITORIAL,2,#F5DF88,Europe,Italy,Liguria,SV / GE,Savona / Genova,,44.4056,8.9463,CITY,ACTIVE_VERIFIED_2026,SIC-SAPSPJXD-51WPHBC5-B,https://www.acatsavonagenova.it,OSINT_DIRECTORY_2026,it,,,Sito web ufficiale per le province di Savona e Genova.,0,0,90,0,2026-09-18 13:50:44,2026-09-19 14:22:34,https://www.acatsavonagenova.it,,,0,,,,,,,,,,,,,,,0,50,,,,,,,85
278,SIC-2S28A76Y-KMV1020S-E,ACAT Media Val Seriana,TERRITORIAL,TERRITORIAL,20,#14B8A6,Europe,Italy,Lombardia,BERGAMO,Albino,Via M.O. Briolini 2/f,45.7594,9.7978,CITY,VERIFIED_OFFICIAL_CURRENT,SIC-W45XMWNN-5YPZP9S0-Q,https://www.arcatlombardia.it/CAT_Bergamo.html,ARCAT Lombardia ufficiale,it,,334 9808448; acatmediavalleseriana@gmail.com,,0,0,84,0,2026-08-18 13:21:46,2026-09-19 14:22:34,https://www.arcatlombardia.it/CAT_Bergamo.html,334 9808448,acatmediavalleseriana@gmail.com,0,,,,,,,,,,,,,,,0,50,,,,,,,85
304,SIC-8KV30HAP-MFRST4DC-J,CAT 5 - Arcobaleno,CLUB,LOCAL_CLUB,10,#22C55E,Europe,Italy,Lombardia,BERGAMO,Albino,"Via Valbossana, Ca Carati - Vall'Alta",45.7594,9.7978,CITY,VERIFIED_OFFICIAL_CURRENT,SIC-W45XMWNN-5YPZP9S0-Q,https://www.arcatlombardia.it/CAT_Bergamo.html,ARCAT Lombardia ufficiale,it,Martedì 20:30,,Parent ACAT ricostruibile dalla pagina sorgente; da normalizzare nella fase 2,0,0,80,0,2026-08-18 13:21:46,2026-09-19 14:22:34,https://www.arcatlombardia.it/CAT_Bergamo.html,,,78,"Albino, Italy | https://www.longitude-latitude-maps.com/city/103_25%2CAlbino%2CLombardy%2CItaly",2026-08-18 14:38:37,,,,,,,,,,,,,0,50,,,,,,,10
305,SIC-T8D4XK6Y-KYX5N7XY-6,CAT 8 - Alba Nuova,CLUB,LOCAL_CLUB,10,#22C55E,Europe,Italy,Lombardia,BERGAMO,Albino,"Via Frati Cappuccini, Frati Cappuccini",45.7594,9.7978,CITY,VERIFIED_OFFICIAL_CURRENT,SIC-W45XMWNN-5YPZP9S0-Q,https://www.arcatlombardia.it/CAT_Bergamo.html,ARCAT Lombardia ufficiale,it,Martedì 20:30,,Parent ACAT ricostruibile dalla pagina sorgente; da normalizzare nella fase 2,0,0,80,0,2026-08-18 13:21:46,2026-09-19 14:22:34,https://www.arcatlombardia.it/CAT_Bergamo.html,,,78,"Albino, Italy | https://www.longitude-latitude-maps.com/city/103_25%2CAlbino%2CLombardy%2CItaly",2026-08-18 14:38:37,,,,,,,,,,,,,0,50,,,,,,,12
582,SIC-ID-EBC3C9841DDE,ARCAT Lombardia,CAT,REGIONAL,1,#D4AF37,Europe,Italy,Lombardia,BERGAMO,Almenno San Bartolomeo,Via 4 Novembre 66,45.7483,9.5889,CITY,ACTIVE_VERIFIED_2026,SIC-ID-C9F7A0285A20,https://aicat.net/index.php?page=contatti,AICAT ufficiale,it,,375 8876759,,0,0,0,0,2026-09-19 14:19:03,2026-09-19 14:22:34,,375 8876759,info@arcatlombardia.it,0,,,,,,,,,,,,,,,0,50,,,,,,,1800
231,SIC-W45XMWNN-5YPZP9S0-Q,ARCAT Lombardia ODV,REGIONAL,REGIONAL,40,#8B5CF6,Europe,Italy,Lombardia,BG,Almenno San Bartolomeo,"Via 4 Novembre, 66",45.7483,9.5889,CITY,ACTIVE_VERIFIED_2026,SIC-A5AE0RB4-VN6Z09JB-X,https://www.arcatlombardia.it,AICAT / ARCAT Directory Ufficiale,it,,375 8876759; info@arcatlombardia.it,Coordina tutte le ACAT e Club della Lombardia.,70,109,74,0,2026-08-18 13:21:46,2026-09-19 14:22:34,https://www.arcatlombardia.it,375 8876759,info@arcatlombardia.it,0,,,,,,,,,,,,,,,0,50,,,,,,,1800
309,SIC-D12GWE4P-WJH5CSAP-K,CAT Almenno S. Bartolomeo 1,CLUB,LOCAL_CLUB,10,#22C55E,Europe,Italy,Lombardia,BERGAMO,Almenno San Bartolomeo,"Via 4 Novembre, Municipio",45.7483,9.5889,CITY,VERIFIED_OFFICIAL_CURRENT,SIC-W45XMWNN-5YPZP9S0-Q,https://www.arcatlombardia.it/CAT_Bergamo.html,ARCAT Lombardia ufficiale,it,Giovedì 20:30,,Parent ACAT ricostruibile dalla pagina sorgente; da normalizzare nella fase 2,0,0,74,0,2026-08-18 13:21:46,2026-09-19 14:22:34,https://www.arcatlombardia.it/CAT_Bergamo.html,,,20,Italy,2026-08-18 15:14:59,,,,,,,,,,,,,0,50,,WORLD_POLYGON_CENTROID,,,,,11
310,SIC-E29SGRE9-P07N3HGC-V,CAT Almenno S. Bartolomeo 2,CLUB,LOCAL_CLUB,10,#22C55E,Europe,Italy,Lombardia,BERGAMO,Almenno San Bartolomeo,"Via 4 Novembre, Municipio",45.7483,9.5889,CITY,VERIFIED_OFFICIAL_CURRENT,SIC-W45XMWNN-5YPZP9S0-Q,https://www.arcatlombardia.it/CAT_Bergamo.html,ARCAT Lombardia ufficiale,it,Venerdì 20:30,,Parent ACAT ricostruibile dalla pagina sorgente; da normalizzare nella fase 2,0,0,74,0,2026-08-18 13:21:46,2026-09-19 14:22:34,https://www.arcatlombardia.it/CAT_Bergamo.html,,,20,Italy,2026-08-18 15:14:59,,,,,,,,,,,,,0,50,,WORLD_POLYGON_CENTROID,,,,,10
328,SIC-T8Q0FTY6-VNWFDKMS-P,CAT L'Alba,CLUB,LOCAL_CLUB,10,#22C55E,Europe,Italy,Lombardia,BRESCIA,Bedizzole,Centro Sociale,45.5133,10.4217,CITY,VERIFIED_OFFICIAL_CURRENT,SIC-W45XMWNN-5YPZP9S0-Q,https://www.arcatlombardia.it/CAT_Brescia.html,ARCAT Lombardia ufficiale,it,Martedì 20:30,,,0,0,74,0,2026-08-18 13:21:46,2026-09-19 14:22:34,https://www.arcatlombardia.it/CAT_Brescia.html,,,20,Italy,2026-08-18 15:14:59,,,,,,,,,,,,,0,50,,WORLD_POLYGON_CENTROID,,,,,10
273,SIC-PT8PRT87-WM545Q05-D,ACAT Bergamo,TERRITORIAL,TERRITORIAL,20,#14B8A6,Europe,Italy,Lombardia,BERGAMO,Bergamo,"Via Borgo Palazzo 130, pad. 7/b",45.6983,9.6773,CITY,VERIFIED_OFFICIAL_CURRENT,SIC-W45XMWNN-5YPZP9S0-Q,https://www.arcatlombardia.it/CAT_Bergamo.html,ARCAT Lombardia ufficiale,it,,349 6653262; acatbergamo7@gmail.com,,0,0,84,0,2026-08-18 13:21:46,2026-09-19 14:22:34,https://www.arcatlombardia.it/CAT_Bergamo.html,349 6653262,acatbergamo7@gmail.com,0,,,,,,,,,,,,,,,0,50,,,,,,,85
634,SIC-APCAT-9A473A69-CCBF82F5,APCAT Bergamo e Valli Orobiche,APCAT,PROVINCIAL,30,#3B82F6,Europe,Italy,Lombardia,BG,Bergamo,Via Statuto 22,45.6983,9.6773,CITY,ACTIVE_VERIFIED,,https://www.arcatlombardia.it,AICAT_ARCAT_OFFICIAL,it,,,Associazione provinciale bergamasca con oltre 25 Club operativi sul territorio.,0,0,0,0,2026-09-20 13:25:12,2026-09-20 13:25:12,https://www.arcatlombardia.it,035 241199,apcatbergamo@gmail.com,0,,,,,,24128,,,,,,,,,0,85,,,,,,,320
286,SIC-FFQV51P3-E4EHSJJJ-6,CAT Bergamo - Borgo Santa Caterina,CLUB,LOCAL_CLUB,10,#22C55E,Europe,Italy,Lombardia,BERGAMO,Bergamo,Via Borgo Santa Caterina 16,45.6983,9.6773,CITY,VERIFIED_OFFICIAL_CURRENT,SIC-W45XMWNN-5YPZP9S0-Q,https://www.arcatlombardia.it/CAT_Bergamo.html,ARCAT Lombardia ufficiale,it,Mercoledì 20:30,,Parent ACAT ricostruibile dalla pagina sorgente; da normalizzare nella fase 2,0,0,80,0,2026-08-18 13:21:46,2026-09-19 14:22:34,https://www.arcatlombardia.it/CAT_Bergamo.html,,,78,"Bergamo, Italy | https://www.latlong.net/place/bergamo-lombardy-italy-29928.html",2026-08-18 14:37:50,,,,,,,,,,,,,0,50,,,,,,,10
282,SIC-B2XG62TH-HXKQ1TDS-8,CAT Bergamo 4 - Loreto,CLUB,LOCAL_CLUB,10,#22C55E,Europe,Italy,Lombardia,BERGAMO,Bergamo,"Via Loreto 5, Oratorio",45.6983,9.6773,CITY,VERIFIED_OFFICIAL_CURRENT,SIC-W45XMWNN-5YPZP9S0-Q,https://www.arcatlombardia.it/CAT_Bergamo.html,ARCAT Lombardia ufficiale,it,Sabato 16:00,,Parent ACAT ricostruibile dalla pagina sorgente; da normalizzare nella fase 2,0,0,80,0,2026-08-18 13:21:46,2026-09-19 14:22:34,https://www.arcatlombardia.it/CAT_Bergamo.html,,,78,"Bergamo, Italy | https://www.latlong.net/place/bergamo-lombardy-italy-29928.html",2026-08-18 14:37:50,,,,,,,,,,,,,0,50,,,,,,,11
283,SIC-VXAMM0CN-RYVWFZRF-Z,CAT Bergamo 6 - La Farfalla,CLUB,LOCAL_CLUB,10,#22C55E,Europe,Italy,Lombardia,BERGAMO,Bergamo,"Via Biava 26, CTE Valtesse",45.6983,9.6773,CITY,VERIFIED_OFFICIAL_CURRENT,SIC-W45XMWNN-5YPZP9S0-Q,https://www.arcatlombardia.it/CAT_Bergamo.html,ARCAT Lombardia ufficiale,it,Venerdì 20:30,,Parent ACAT ricostruibile dalla pagina sorgente; da normalizzare nella fase 2,0,0,80,0,2026-08-18 13:21:46,2026-09-19 14:22:34,https://www.arcatlombardia.it/CAT_Bergamo.html,,,78,"Bergamo, Italy | https://www.latlong.net/place/bergamo-lombardy-italy-29928.html",2026-08-18 14:37:50,,,,,,,,,,,,,0,50,,,,,,,10
284,SIC-JZMWSTR4-B2YRXCQ1-8,CAT Bergamo 7 - S. Caterina,CLUB,LOCAL_CLUB,10,#22C55E,Europe,Italy,Lombardia,BERGAMO,Bergamo,Via Borgo Santa Caterina 16,45.6983,9.6773,CITY,VERIFIED_OFFICIAL_CURRENT,SIC-W45XMWNN-5YPZP9S0-Q,https://www.arcatlombardia.it/CAT_Bergamo.html,ARCAT Lombardia ufficiale,it,Venerdì 20:30,,Parent ACAT ricostruibile dalla pagina sorgente; da normalizzare nella fase 2,0,0,80,0,2026-08-18 13:21:46,2026-09-19 14:22:34,https://www.arcatlombardia.it/CAT_Bergamo.html,,,78,"Bergamo, Italy | https://www.latlong.net/place/bergamo-lombardy-italy-29928.html",2026-08-18 14:37:50,,,,,,,,,,,,,0,50,,,,,,,10
287,SIC-1M6881G7-V7A6NXPN-8,CAT Bergamo Reti - Valtesse,CLUB,LOCAL_CLUB,10,#22C55E,Europe,Italy,Lombardia,BERGAMO,Bergamo,"Via Biava 26, CTE Valtesse",45.6983,9.6773,CITY,VERIFIED_OFFICIAL_CURRENT,SIC-W45XMWNN-5YPZP9S0-Q,https://www.arcatlombardia.it/CAT_Bergamo.html,ARCAT Lombardia ufficiale,it,Martedì 20:15,,Parent ACAT ricostruibile dalla pagina sorgente; da normalizzare nella fase 2,0,0,80,0,2026-08-18 13:21:46,2026-09-19 14:22:34,https://www.arcatlombardia.it/CAT_Bergamo.html,,,78,"Bergamo, Italy | https://www.latlong.net/place/bergamo-lombardy-italy-29928.html",2026-08-18 14:37:50,,,,,,,,,,,,,0,50,,,,,,,11
318,SIC-W9HWFACB-PPREV1ZY-K,ACAT Brescia,TERRITORIAL,TERRITORIAL,20,#14B8A6,Europe,Italy,Lombardia,BS,Brescia,Via Livorno 7,45.5416,10.2118,CITY,ACTIVE_VERIFIED_2026,SIC-W45XMWNN-5YPZP9S0-Q,https://www.acatbrescia.it,OSINT_DIRECTORY_2026,it,,351 5111330,Sito web ufficiale dell'ACAT Brescia.,0,0,74,0,2026-08-18 13:21:46,2026-09-19 14:22:34,https://www.acatbrescia.it,351 5111330,,0,,,,,,,,,,,,,,,0,50,,,,,,,85
633,SIC-APCAT-ADC00F50-8805DCC1,APCAT Brescia e Valle Camonica,APCAT,PROVINCIAL,30,#3B82F6,Europe,Italy,Lombardia,BS,Brescia,Via San Faustino 64,45.5416,10.2201,CITY,ACTIVE_VERIFIED,,https://www.arcatlombardia.it,AICAT_ARCAT_OFFICIAL,it,,,"Coordinamento dei Club della provincia bresciana, Sebino e valli alpine.",0,0,0,0,2026-09-20 13:25:12,2026-09-20 13:25:12,https://www.arcatlombardia.it,030 3751234,apcatbrescia@gmail.com,0,,,,,,25122,,,,,,,,,0,85,,,,,,,320
322,SIC-EXT1V5D4-JRCRWK7P-A,CAT Armonia,CLUB,LOCAL_CLUB,10,#22C55E,Europe,Italy,Lombardia,BRESCIA,Brescia,Via Borgondio 29,45.5416,10.2118,CITY,VERIFIED_OFFICIAL_CURRENT,SIC-W45XMWNN-5YPZP9S0-Q,https://www.arcatlombardia.it/CAT_Brescia.html,ARCAT Lombardia ufficiale,it,Giovedì 20:15,,,0,0,80,0,2026-08-18 13:21:46,2026-09-19 14:22:34,https://www.arcatlombardia.it/CAT_Brescia.html,,,78,"Brescia, Italy | https://latitudelongitude.org/it/brescia/",2026-08-18 14:38:37,,,,,,,,,,,,,0,50,,,,,,,10
323,SIC-MZVXQC2S-91YBFC8X-A,CAT Vladimir Hudolin,CLUB,LOCAL_CLUB,10,#22C55E,Europe,Italy,Lombardia,BRESCIA,Brescia,Via Livorno 7,45.5416,10.2118,CITY,VERIFIED_OFFICIAL_CURRENT,SIC-W45XMWNN-5YPZP9S0-Q,https://www.arcatlombardia.it/CAT_Brescia.html,ARCAT Lombardia ufficiale,it,Mercoledì 20:30,,,0,0,80,0,2026-08-18 13:21:46,2026-09-19 14:22:34,https://www.arcatlombardia.it/CAT_Brescia.html,,,78,"Brescia, Italy | https://latitudelongitude.org/it/brescia/",2026-08-18 14:38:37,,,,,,,,,,,,,0,50,,,,,,,10
415,SIC-SQJ3JZV8-GTC1GEQB-R,CAT Nuovi Orizzonti,CLUB,LOCAL_CLUB,10,#22C55E,Europe,Italy,Lombardia,PV,Broni,"Via privata Togni, Centro Cremaschi",45.0628,9.2614,CITY,VERIFIED_INSTITUTION_CURRENT,SIC-SAPSJ5F6-GDEFRWNM-E,https://www.ats-pavia.it/gap/ama,ATS Pavia,it,,,,0,0,54,0,2026-08-18 13:21:46,2026-09-19 14:22:34,,,,20,Italy,2026-08-18 15:14:59,,,,,,,,,,,,,0,50,,WORLD_POLYGON_CENTROID,,,,,11
293,SIC-1CSVJFR2-X2V0R0GY-A,CAT Calusco d'Adda,CLUB,LOCAL_CLUB,10,#22C55E,Europe,Italy,Lombardia,BERGAMO,Calusco d'Adda,"Via dell'Assunta 243, Casa Papa Giovanni",45.6881,9.4756,CITY,VERIFIED_OFFICIAL_CURRENT,SIC-W45XMWNN-5YPZP9S0-Q,https://www.arcatlombardia.it/CAT_Bergamo.html,ARCAT Lombardia ufficiale,it,Mercoledì 20:30,,Parent ACAT ricostruibile dalla pagina sorgente; da normalizzare nella fase 2,0,0,74,0,2026-08-18 13:21:46,2026-09-19 14:22:34,https://www.arcatlombardia.it/CAT_Bergamo.html,,,20,Italy,2026-08-18 15:14:59,,,,,,,,,,,,,0,50,,WORLD_POLYGON_CENTROID,,,,,10
504,SIC-JP7A1W7Z-689QDVH1-1,CAT Castiglione d/S Solidarietà - Libertà,CAT,LOCAL_CLUB,10,#22C55E,Europe,Italy,Lombardia,Mantova,Castiglione delle Stiviere,"via Ordanino 11, Centro Anziani Anni d Argento",45.3944,10.4897,CITY,ACTIVE_VERIFIED,SIC-V29S2677-C4ZKT9AH-F,https://www.arcatlombardia.it/CAT_Mantova.html,ARCAT Lombardia official,it,giovedì 18:30,347 766 9898,,0,0,74,0,2026-08-18 14:07:28,2026-09-19 14:22:34,,347 766 9898,,20,Italy,2026-08-18 15:14:59,,,,,,,,,,,,,0,50,,WORLD_POLYGON_CENTROID,,,,,12
409,SIC-WQHCGDK0-NPMAD67N-T,"CAT 9 ""Nuova vita""",CLUB,LOCAL_CLUB,10,#22C55E,Europe,Italy,Lombardia,PV,Cava Manara,"Via Conti 20, Centro diurno Le Querce",45.1394,9.1086,CITY,VERIFIED_INSTITUTION_CURRENT,SIC-SAPSJ5F6-GDEFRWNM-E,https://www.ats-pavia.it/gap/ama,ATS Pavia,it,,,,0,0,54,0,2026-08-18 13:21:46,2026-09-19 14:22:34,,,,20,Italy,2026-08-18 15:14:59,,,,,,,,,,,,,0,50,,WORLD_POLYGON_CENTROID,,,,,12
303,SIC-8KVZZVPT-E58DX4VC-4,CAT 4 - Cene,CLUB,LOCAL_CLUB,10,#22C55E,Europe,Italy,Lombardia,BERGAMO,Cene,"Piazza Italia 14, Municipio",45.7797,9.8275,CITY,VERIFIED_OFFICIAL_CURRENT,SIC-W45XMWNN-5YPZP9S0-Q,https://www.arcatlombardia.it/CAT_Bergamo.html,ARCAT Lombardia ufficiale,it,Lunedì 20:30,,Parent ACAT ricostruibile dalla pagina sorgente; da normalizzare nella fase 2,0,0,74,0,2026-08-18 13:21:46,2026-09-19 14:22:34,https://www.arcatlombardia.it/CAT_Bergamo.html,,,20,Italy,2026-08-18 15:14:59,,,,,,,,,,,,,0,50,,WORLD_POLYGON_CENTROID,,,,,11
280,SIC-KR0Z7CWW-ATFR8Q7V-N,ACAT Valcavallina Valcalepio,TERRITORIAL,TERRITORIAL,20,#14B8A6,Europe,Italy,Lombardia,BERGAMO,Chiuduno,"Largo Mons. Vistalli, c/o Parrocchia",45.6531,9.8497,CITY,VERIFIED_OFFICIAL_CURRENT,SIC-W45XMWNN-5YPZP9S0-Q,https://www.arcatlombardia.it/CAT_Bergamo.html,ARCAT Lombardia ufficiale,it,,320 1525284; benaglimassimo@gmail.com,,0,0,84,0,2026-08-18 13:21:46,2026-09-19 14:22:34,https://www.arcatlombardia.it/CAT_Bergamo.html,320 1525284,benaglimassimo@gmail.com,0,,,,,,,,,,,,,,,0,50,,,,,,,85
314,SIC-0X0K2RP4-D5G3JF96-V,CAT Chiuduno,CLUB,LOCAL_CLUB,10,#22C55E,Europe,Italy,Lombardia,BERGAMO,Chiuduno,"Largo Mons. Vistalli, Sala ""Il Torchio""",45.6531,9.8497,CITY,VERIFIED_OFFICIAL_CURRENT,SIC-W45XMWNN-5YPZP9S0-Q,https://www.arcatlombardia.it/CAT_Bergamo.html,ARCAT Lombardia ufficiale,it,Lunedì 20:30,,Parent ACAT ricostruibile dalla pagina sorgente; da normalizzare nella fase 2,0,0,74,0,2026-08-18 13:21:46,2026-09-19 14:22:34,https://www.arcatlombardia.it/CAT_Bergamo.html,,,20,Italy,2026-08-18 15:14:59,,,,,,,,,,,,,0,50,,WORLD_POLYGON_CENTROID,,,,,12
493,SIC-VJXTT8AV-73QKTFCK-D,CAT Amicizia,CAT,LOCAL_CLUB,10,#22C55E,Europe,Italy,Lombardia,Cremona,Cicognolo,"via Marconi 36/A, Centro Ricreativo",45.1667,10.1983,CITY,ACTIVE_VERIFIED,SIC-NWCVQG4V-5Y2JH6TG-V,https://www.arcatlombardia.it/CAT_Cremona.html,ARCAT Lombardia official,it,martedì 18:30,334 718 9568,,0,0,74,0,2026-08-18 14:07:28,2026-09-19 14:22:34,,334 718 9568,,20,Italy,2026-08-18 15:14:59,,,,,,,,,,,,,0,50,,WORLD_POLYGON_CENTROID,,,,,10
277,SIC-V74SVW7J-7G86XRKB-D,ACAT Valle Seriana Superiore e Valle di Scalve,TERRITORIAL,TERRITORIAL,20,#14B8A6,Europe,Italy,Lombardia,BERGAMO,Clusone,,45.8906,9.9483,CITY,VERIFIED_OFFICIAL_CURRENT,SIC-W45XMWNN-5YPZP9S0-Q,https://www.arcatlombardia.it/CAT_Bergamo.html,ARCAT Lombardia ufficiale,it,,333 7519188; acataltavalseriana@tiscali.it,,0,0,69,0,2026-08-18 13:21:46,2026-09-19 14:22:34,https://www.arcatlombardia.it/CAT_Bergamo.html,333 7519188,acataltavalseriana@tiscali.it,0,,,,,,,,,,,,,,,0,50,,,,,,,85
301,SIC-A5WS8CCC-H6FQJ0FB-7,CAT Nuovo Percorso,CLUB,LOCAL_CLUB,10,#22C55E,Europe,Italy,Lombardia,BERGAMO,Clusone,"Oratorio Maschile, località Fiorine",45.8906,9.9483,CITY,VERIFIED_OFFICIAL_CURRENT,SIC-W45XMWNN-5YPZP9S0-Q,https://www.arcatlombardia.it/CAT_Bergamo.html,ARCAT Lombardia ufficiale,it,Lunedì 20:30,,Parent ACAT ricostruibile dalla pagina sorgente; da normalizzare nella fase 2,0,0,74,0,2026-08-18 13:21:46,2026-09-19 14:22:34,https://www.arcatlombardia.it/CAT_Bergamo.html,,,20,Italy,2026-08-18 15:14:59,,,,,,,,,,,,,0,50,,WORLD_POLYGON_CENTROID,,,,,10
519,SIC-DDS4RTW7-VVVAJY6R-T,CAT Tutti per uno Cocquio Trevisago,CAT,LOCAL_CLUB,10,#22C55E,Europe,Italy,Lombardia,Varese,Cocquio Trevisago,"via Generale Maletti 18, Oratorio S. Andrea",45.8617,8.6942,CITY,ACTIVE_VERIFIED,SIC-N33DWA34-CM8PV5K7-X,https://www.arcatlombardia.it/CAT_Varese.html,ARCAT Lombardia official,it,martedì 20:30,339 780 3395,,0,0,74,0,2026-08-18 14:07:28,2026-09-19 14:22:34,,339 780 3395,,20,Italy,2026-08-18 15:14:59,,,,,,,,,,,,,0,50,,WORLD_POLYGON_CENTROID,,,,,10
342,SIC-6W2MP5SF-XRQD88ED-0,CAT Colturano 9 - La Libellula,CLUB,LOCAL_CLUB,10,#22C55E,Europe,Italy,Lombardia,MILANO,Colturano,"Via Verdi, Sala del Tempo Libero Palestra",45.464,9.19,COUNTRY_ONLY,VERIFIED_OFFICIAL_CURRENT,SIC-QCSYTM8V-BMDRP0KQ-F,https://www.arcatlombardia.it/CAT_Milano.html,ARCAT Lombardia ufficiale,it,Martedì 20:45,,,0,0,74,0,2026-08-18 13:21:46,2026-09-19 14:22:34,https://www.arcatlombardia.it/CAT_Milano.html,,,20,Italy,2026-08-18 15:14:59,,,,,,,,,,,,,0,50,,WORLD_POLYGON_CENTROID,,,,,12
636,SIC-APCAT-59DFA2D8-C80D503C,APCAT Como e Laghi,APCAT,PROVINCIAL,30,#3B82F6,Europe,Italy,Lombardia,CO,Como,Via Dante Alighieri 15,45.8081,9.0852,CITY,ACTIVE_VERIFIED,,https://www.arcatlombardia.it,AICAT_ARCAT_OFFICIAL,it,,,Rete provinciale lariana di supporto ecologico-sociale multifamiliare.,0,0,0,0,2026-09-20 13:25:12,2026-09-20 13:25:12,https://www.arcatlombardia.it,031 267890,apcatcomo@gmail.com,0,,,,,,22100,,,,,,,,,0,85,,,,,,,220
485,SIC-PGVWMKE0-1DN3EWWR-2,CAT Arcobaleno,CAT,LOCAL_CLUB,10,#22C55E,Europe,Italy,Lombardia,Como,Como,"via Aristide Bari 2, Oratorio Parrocchia S. Agata",45.8081,9.0852,CITY,ACTIVE_VERIFIED,SIC-HY5B4MH3-2VQPJ6H8-Q,https://www.arcatlombardia.it/CAT_Como.html,ARCAT Lombardia official,it,lunedì 20:45,338 507 6323,,0,0,80,0,2026-08-18 14:07:28,2026-09-19 14:22:34,,338 507 6323,,78,"Como, Italy | https://www.latlong.net/place/como-lombardy-italy-29950.html",2026-08-18 14:37:50,,,,,,,,,,,,,0,50,,,,,,,11
486,SIC-03EENQA4-QN3BMQA7-4,CAT La Lanterna,CAT,LOCAL_CLUB,10,#22C55E,Europe,Italy,Lombardia,Como,Como,"via G. Segantini 2, Centro Civico Como Nord, Sagnino",45.8081,9.0852,CITY,ACTIVE_VERIFIED,SIC-HY5B4MH3-2VQPJ6H8-Q,https://www.arcatlombardia.it/CAT_Como.html,ARCAT Lombardia official,it,lunedì 20:45,338 197 6756,,0,0,80,0,2026-08-18 14:07:28,2026-09-19 14:22:34,,338 197 6756,,78,"Como, Italy | https://www.latlong.net/place/como-lombardy-italy-29950.html",2026-08-18 14:37:50,,,,,,,,,,,,,0,50,,,,,,,10
487,SIC-Z42J8W2D-A5EN68JW-7,CAT Muggiò,CAT,LOCAL_CLUB,10,#22C55E,Europe,Italy,Lombardia,Como,Como,"via Quadrio 10, Oratorio Parrocchia S. Maria Regina, Muggiò",45.8081,9.0852,CITY,ACTIVE_VERIFIED,SIC-HY5B4MH3-2VQPJ6H8-Q,https://www.arcatlombardia.it/CAT_Como.html,ARCAT Lombardia official,it,mercoledì 20:30,340 005 6632,,0,0,80,0,2026-08-18 14:07:28,2026-09-19 14:22:34,,340 005 6632,,78,"Como, Italy | https://www.latlong.net/place/como-lombardy-italy-29950.html",2026-08-18 14:37:50,,,,,,,,,,,,,0,50,,,,,,,11
281,SIC-CZ01S1MR-D16SJX0H-V,ACAT Alto Sebino,TERRITORIAL,TERRITORIAL,20,#14B8A6,Europe,Italy,Lombardia,BERGAMO,Costa Volpino,"Via Nazionale, Domus Civica",45.8286,10.0983,CITY,VERIFIED_OFFICIAL_CURRENT,SIC-W45XMWNN-5YPZP9S0-Q,https://www.arcatlombardia.it/CAT_Bergamo.html,ARCAT Lombardia ufficiale,it,,335 6995822; bloren.g@alice.it,,0,0,84,0,2026-08-18 13:21:46,2026-09-19 14:22:34,https://www.arcatlombardia.it/CAT_Bergamo.html,335 6995822,bloren.g@alice.it,0,,,,,,,,,,,,,,,0,50,,,,,,,85
317,SIC-6J0AD7MG-GY3G7650-8,CAT Costa Volpino - Arcobaleno,CLUB,LOCAL_CLUB,10,#22C55E,Europe,Italy,Lombardia,BERGAMO,Costa Volpino,"Via Nazionale, Domus Civica 2° piano",45.8286,10.0983,CITY,VERIFIED_OFFICIAL_CURRENT,SIC-W45XMWNN-5YPZP9S0-Q,https://www.arcatlombardia.it/CAT_Bergamo.html,ARCAT Lombardia ufficiale,it,Mercoledì 20:30,,Parent ACAT ricostruibile dalla pagina sorgente; da normalizzare nella fase 2,0,0,74,0,2026-08-18 13:21:46,2026-09-19 14:22:34,https://www.arcatlombardia.it/CAT_Bergamo.html,,,20,Italy,2026-08-18 15:14:59,,,,,,,,,,,,,0,50,,WORLD_POLYGON_CENTROID,,,,,12
489,SIC-NWCVQG4V-5Y2JH6TG-V,ACAT Cremona,ACAT,TERRITORIAL_ASSOCIATION,25,#14B8A6,Europe,Italy,Lombardia,Cremona,Cremona,,45.1332,10.0249,CITY,ACTIVE_VERIFIED,SIC-W45XMWNN-5YPZP9S0-Q,https://www.arcatlombardia.it/CAT_Cremona.html,ARCAT Lombardia official,it,,335 807 9564,,6,6,45,0,2026-08-18 14:07:28,2026-09-19 14:22:34,,335 807 9564,,0,,,,,,,,,,,,,,,0,50,,,,,,,85
380,SIC-ZCP7CBYW-PHBFN4W6-5,ACAT Cremona e Territorio ODV,TERRITORIAL,TERRITORIAL,20,#14B8A6,Europe,Italy,Lombardia,,Cremona,Via dell'Annona 1/3,45.1332,10.0249,CITY,PUBLIC_SOURCE_NEEDS_CURRENT_CONFIRMATION,SIC-W45XMWNN-5YPZP9S0-Q,https://www1.agenziaentrate.gov.it/servizi/domanda%2B5%2Bper%2Bmille/2021/motore.htm?_pagina=5,PUBLIC_REGISTER,it,,,,0,0,54,0,2026-08-18 13:21:46,2026-09-19 14:22:34,,,,0,,,,,,,,,,,,,,,0,50,,,,,,,85
639,SIC-APCAT-E5F59807-B70ED246,APCAT Cremona e Crema,APCAT,PROVINCIAL,30,#3B82F6,Europe,Italy,Lombardia,CR,Cremona,Via Palestro 12,45.1332,10.0227,CITY,ACTIVE_VERIFIED,,https://www.arcatlombardia.it,AICAT_ARCAT_OFFICIAL,it,,,"Associazione provinciale cremonese attiva nei distretti di Cremona, Crema e Casalmaggiore.",0,0,0,0,2026-09-20 13:25:12,2026-09-20 13:25:12,https://www.arcatlombardia.it,0372 451122,apcatcremona@gmail.com,0,,,,,,26100,,,,,,,,,0,85,,,,,,,220
492,SIC-ZP8TRK5F-ETDG8V6F-1,CAT 12 La Rosa Blù,CAT,LOCAL_CLUB,10,#22C55E,Europe,Italy,Lombardia,Cremona,Cremona,"via Brescia, Palazzo Duemiglia",45.1332,10.0249,CITY,ACTIVE_VERIFIED,SIC-NWCVQG4V-5Y2JH6TG-V,https://www.arcatlombardia.it/CAT_Cremona.html,ARCAT Lombardia official,it,mercoledì 18:00,339 947 5961,,0,0,80,0,2026-08-18 14:07:28,2026-09-19 14:22:34,,339 947 5961,,78,"Cremona, Italy | https://population.mongabay.com/cities/italy/cremona.html",2026-08-18 14:37:50,,,,,,,,,,,,,0,50,,,,,,,12
490,SIC-CZNCW0FA-0MHN2KDK-7,CAT Orizzonti,CAT,LOCAL_CLUB,10,#22C55E,Europe,Italy,Lombardia,Cremona,Cremona,"Quartiere Zaist, Oratorio S. Francesco",45.1332,10.0249,CITY,ACTIVE_VERIFIED,SIC-NWCVQG4V-5Y2JH6TG-V,https://www.arcatlombardia.it/CAT_Cremona.html,ARCAT Lombardia official,it,mercoledì 20:00,339 305 7671,,0,0,80,0,2026-08-18 14:07:28,2026-09-19 14:22:34,,339 305 7671,,78,"Cremona, Italy | https://population.mongabay.com/cities/italy/cremona.html",2026-08-18 14:37:50,,,,,,,,,,,,,0,50,,,,,,,12
491,SIC-H85RXNT0-G1RJCKYS-M,CAT Zero doppio zero,CAT,LOCAL_CLUB,10,#22C55E,Europe,Italy,Lombardia,Cremona,Cremona,"via Mantova 8, Il Cuore della città",45.1332,10.0249,CITY,ACTIVE_VERIFIED,SIC-NWCVQG4V-5Y2JH6TG-V,https://www.arcatlombardia.it/CAT_Cremona.html,ARCAT Lombardia official,it,mercoledì 18:30,333 776 2573,,0,0,80,0,2026-08-18 14:07:28,2026-09-19 14:22:34,,333 776 2573,,78,"Cremona, Italy | https://population.mongabay.com/cities/italy/cremona.html",2026-08-18 14:37:50,,,,,,,,,,,,,0,50,,,,,,,11
276,SIC-P0S5XMBH-BTDZR7Y0-3,ACAT Curno,TERRITORIAL,TERRITORIAL,20,#14B8A6,Europe,Italy,Lombardia,BERGAMO,Curno,Via Edmondo De Amicis,45.6908,9.6133,CITY,VERIFIED_OFFICIAL_CURRENT,SIC-W45XMWNN-5YPZP9S0-Q,https://www.arcatlombardia.it/CAT_Bergamo.html,ARCAT Lombardia ufficiale,it,,347 3478263; acatcurno@gmail.com,,0,0,84,0,2026-08-18 13:21:46,2026-09-19 14:22:34,https://www.arcatlombardia.it/CAT_Bergamo.html,347 3478263,acatcurno@gmail.com,0,,,,,,,,,,,,,,,0,50,,,,,,,85
300,SIC-H9G9ZRW1-AD4161CE-K,CAT Curno,CLUB,LOCAL_CLUB,10,#22C55E,Europe,Italy,Lombardia,BERGAMO,Curno,"Via Edmondo De Amicis, ex Scuola Media",45.6908,9.6133,CITY,VERIFIED_OFFICIAL_CURRENT,SIC-W45XMWNN-5YPZP9S0-Q,https://www.arcatlombardia.it/CAT_Bergamo.html,ARCAT Lombardia ufficiale,it,Lunedì 20:30,,Parent ACAT ricostruibile dalla pagina sorgente; da normalizzare nella fase 2,0,0,74,0,2026-08-18 13:21:46,2026-09-19 14:22:34,https://www.arcatlombardia.it/CAT_Bergamo.html,,,20,Italy,2026-08-18 15:14:59,,,,,,,,,,,,,0,50,,WORLD_POLYGON_CENTROID,,,,,11
500,SIC-V29S2677-C4ZKT9AH-F,APCAT Mantova ONLUS,ACAT,TERRITORIAL,25,#14B8A6,Europe,Italy,Lombardia,MN,Curtatone,via Martiri di Belfiore 1,45.1458,10.7167,CITY,ACTIVE_VERIFIED_2026,SIC-W45XMWNN-5YPZP9S0-Q,https://www.apcatmantova.it,OSINT_DIRECTORY_2026,it,,333 315 2097; apcat.mantovaonlus@gmail.com,Associazione Provinciale Club Alcolisti di Mantova.,11,11,70,0,2026-08-18 14:07:28,2026-09-19 14:22:34,https://www.apcatmantova.it,333 3152097,apcat.mantovaonlus@gmail.com,0,,,,,,,,,,,,,,,0,50,,,,,,,220
518,SIC-3P2SDKPV-WBEBNNTE-E,CAT Passo dopo Passo Cuveglio,CAT,LOCAL_CLUB,10,#22C55E,Europe,Italy,Lombardia,Varese,Cuveglio,via Milano 2/B,45.9067,8.7369,CITY,ACTIVE_VERIFIED,SIC-N33DWA34-CM8PV5K7-X,https://www.arcatlombardia.it/CAT_Varese.html,ARCAT Lombardia official,it,lunedì 20:30,349 376 5937,,0,0,74,0,2026-08-18 14:07:28,2026-09-19 14:22:34,,349 376 5937,,20,Italy,2026-08-18 15:14:59,,,,,,,,,,,,,0,50,,WORLD_POLYGON_CENTROID,,,,,10
299,SIC-B2P9BJZ1-9R4J3V02-Q,CAT Sforzatica S. Andrea,CLUB,LOCAL_CLUB,10,#22C55E,Europe,Italy,Lombardia,BERGAMO,Dalmine,"Via Colombo 7, Oratorio Sforzatica S. Andrea",45.6492,9.6053,CITY,VERIFIED_OFFICIAL_CURRENT,SIC-W45XMWNN-5YPZP9S0-Q,https://www.arcatlombardia.it/CAT_Bergamo.html,ARCAT Lombardia ufficiale,it,Martedì 20:15,,Parent ACAT ricostruibile dalla pagina sorgente; da normalizzare nella fase 2,0,0,74,0,2026-08-18 13:21:46,2026-09-19 14:22:34,https://www.arcatlombardia.it/CAT_Bergamo.html,,,20,Italy,2026-08-18 15:14:59,,,,,,,,,,,,,0,50,,WORLD_POLYGON_CENTROID,,,,,11
683,SIC-CAT-ITA-D89D1052,Club CAT Desenzano del Garda · La Spiaggia,,LOCAL_CLUB,50,,,Italy,Lombardia,BS,Desenzano del Garda,Via Dal Molin 15,45.4689,10.5361,,,,https://facebook.com/acatbrescia,,,,,Punto di riferimento per il Basso Garda bresciano. 10 famiglie.,0,0,0,0,2026-09-20 14:04:17,2026-09-20 14:04:17,https://facebook.com/acatbrescia,030 9141234,acatgarda@libero.it,0,,,,,,25015,https://facebook.com/acatbrescia,,,,,,,,0,50,,,,ACAT BS,,,10
499,SIC-WP1PC0E1-9XVAPDKG-P,CAT Garlate,CAT,LOCAL_CLUB,10,#22C55E,Europe,Italy,Lombardia,Lecco,Garlate,"via Volta 5, Oratorio Don Bosco",45.8083,9.4056,CITY,ACTIVE_VERIFIED,SIC-H0S7KWK2-JPB4K673-7,https://www.arcatlombardia.it/CAT_Lecco.html,ARCAT Lombardia official,it,giovedì 20:30,340 780 2055; cat.garlate@gmail.com,,0,0,84,0,2026-08-18 14:07:28,2026-09-19 14:22:34,,340 780 2055,cat.garlate@gmail.com,20,Italy,2026-08-18 15:14:59,,,,,,,,,,,,,0,50,,WORLD_POLYGON_CENTROID,,,,,12
307,SIC-AZKJ79TZ-VVFZYZS2-K,CAT 11 - La Fenice,CLUB,LOCAL_CLUB,10,#22C55E,Europe,Italy,Lombardia,BERGAMO,Gazzaniga,"Via Manzoni 130, Ospedale Briolini",45.7958,9.8039,CITY,VERIFIED_OFFICIAL_CURRENT,SIC-W45XMWNN-5YPZP9S0-Q,https://www.arcatlombardia.it/CAT_Bergamo.html,ARCAT Lombardia ufficiale,it,Mercoledì 20:30,,Parent ACAT ricostruibile dalla pagina sorgente; da normalizzare nella fase 2,0,0,74,0,2026-08-18 13:21:46,2026-09-19 14:22:34,https://www.arcatlombardia.it/CAT_Bergamo.html,,,20,Italy,2026-08-18 15:14:59,,,,,,,,,,,,,0,50,,WORLD_POLYGON_CENTROID,,,,,12
298,SIC-3XBJAHB3-QWBW150C-X,CAT Grassobbio,CLUB,LOCAL_CLUB,10,#22C55E,Europe,Italy,Lombardia,BERGAMO,Grassobbio,"Via Roma 25, Cascina Ghezzi",45.6575,9.7214,CITY,VERIFIED_OFFICIAL_CURRENT,SIC-W45XMWNN-5YPZP9S0-Q,https://www.arcatlombardia.it/CAT_Bergamo.html,ARCAT Lombardia ufficiale,it,Giovedì 20:30,,Parent ACAT ricostruibile dalla pagina sorgente; da normalizzare nella fase 2,0,0,74,0,2026-08-18 13:21:46,2026-09-19 14:22:34,https://www.arcatlombardia.it/CAT_Bergamo.html,,,20,Italy,2026-08-18 15:14:59,,,,,,,,,,,,,0,50,,WORLD_POLYGON_CENTROID,,,,,10
412,SIC-6H83R2C6-Q6AY3FTD-P,CAT Landriano,CLUB,LOCAL_CLUB,10,#22C55E,Europe,Italy,Lombardia,PV,Landriano,"Via Verdi, Scuola Media",45.3167,9.2639,CITY,VERIFIED_INSTITUTION_CURRENT,SIC-SAPSJ5F6-GDEFRWNM-E,https://www.ats-pavia.it/gap/ama,ATS Pavia,it,,,,0,0,54,0,2026-08-18 13:21:46,2026-09-19 14:22:34,,,,20,Italy,2026-08-18 15:14:59,,,,,,,,,,,,,0,50,,WORLD_POLYGON_CENTROID,,,,,11
517,SIC-MCM2AVPW-ZSY7PYGZ-C,CAT La Fenice Lavena Ponte Tresa,CAT,LOCAL_CLUB,10,#22C55E,Europe,Italy,Lombardia,Varese,Lavena Ponte Tresa,Oratorio SS. Crocifisso,45.9667,8.8575,CITY,ACTIVE_VERIFIED,SIC-N33DWA34-CM8PV5K7-X,https://www.arcatlombardia.it/CAT_Varese.html,ARCAT Lombardia official,it,giovedì 20:30,335 561 2425; robertorodarich@gmail.com,,0,0,84,0,2026-08-18 14:07:28,2026-09-19 14:22:34,,335 561 2425,robertorodarich@gmail.com,20,Italy,2026-08-18 15:14:59,,,,,,,,,,,,,0,50,,WORLD_POLYGON_CENTROID,,,,,11
496,SIC-H0S7KWK2-JPB4K673-7,ACAT Lecco e Valle San Martino,ACAT,TERRITORIAL_ASSOCIATION,25,#14B8A6,Europe,Italy,Lombardia,Lecco,Lecco,via Nino Castelli 2,45.464,9.19,CITY,ACTIVE_VERIFIED,SIC-W45XMWNN-5YPZP9S0-Q,https://www.arcatlombardia.it/CAT_Lecco.html,ARCAT Lombardia official,it,,377 123 4624; acat.leccovalsanmartino@gmail.com,,3,3,70,0,2026-08-18 14:07:28,2026-09-19 14:22:34,,377 123 4624,acat.leccovalsanmartino@gmail.com,0,,,,,,,,,,,,,,,0,50,,,,,,,85
497,SIC-D4JTS93M-63J6TXX9-Z,CAT Lecco San Giovanni,CAT,LOCAL_CLUB,10,#22C55E,Europe,Italy,Lombardia,Lecco,Lecco,via Privata Nino Castelli 2,45.464,9.19,COUNTRY_ONLY,ACTIVE_VERIFIED,SIC-H0S7KWK2-JPB4K673-7,https://www.arcatlombardia.it/CAT_Lecco.html,ARCAT Lombardia official,it,venerdì 20:30,351 781 3201; cat.leccosangiovanni@gmail.com,,0,0,84,0,2026-08-18 14:07:28,2026-09-19 14:22:34,,351 781 3201,cat.leccosangiovanni@gmail.com,20,Italy,2026-08-18 15:14:59,,,,,,,,,,,,,0,50,,WORLD_POLYGON_CENTROID,,,,,11
488,SIC-3B0PE1GN-DK71DWQV-Y,CAT La Fenice,CAT,LOCAL_CLUB,10,#22C55E,Europe,Italy,Lombardia,Como,Lomazzo,"via Rocchetta angolo via Manzoni, Oratorio S. Vito e Modesto",45.464,9.19,COUNTRY_ONLY,ACTIVE_VERIFIED,SIC-HY5B4MH3-2VQPJ6H8-Q,https://www.arcatlombardia.it/CAT_Como.html,ARCAT Lombardia official,it,martedì 20:30,347 462 1128,,0,0,74,0,2026-08-18 14:07:28,2026-09-19 14:22:34,,347 462 1128,,20,Italy,2026-08-18 15:14:59,,,,,,,,,,,,,0,50,,WORLD_POLYGON_CENTROID,,,,,10
320,SIC-7GRCE202-Q478HRVP-J,ACAT Gardesana,TERRITORIAL,TERRITORIAL,20,#14B8A6,Europe,Italy,Lombardia,BS,Lonato del Garda,Piazza Martiri della Libertà 1,42.83165,11.03188,COUNTRY_DISTRIBUTED_ESTIMATE,ACTIVE_VERIFIED_2026,SIC-W45XMWNN-5YPZP9S0-Q,https://www.arcatlombardia.it/CAT_Brescia.html,ARCAT Lombardia ufficiale,it,,339 3333119,"Club attivi a Lonato del Garda, Salò, Gardone, Bedizzole, Desenzano e Prevalle.",0,0,74,0,2026-08-18 13:21:46,2026-09-19 14:22:34,https://www.acatgardesana.it,339 3333119,,0,,,,,,,,,,,,,,,0,50,,,,,,,85
515,SIC-N33DWA34-CM8PV5K7-X,ACAT Alto Varesotto,ACAT,TERRITORIAL_ASSOCIATION,25,#14B8A6,Europe,Italy,Lombardia,Varese,Luino,via B. Luini 16,45.9989,8.7456,CITY,ACTIVE_VERIFIED,SIC-W45XMWNN-5YPZP9S0-Q,https://www.arcatlombardia.it/CAT_Varese.html,ARCAT Lombardia official,it,,340 388 4919,,4,4,60,0,2026-08-18 14:07:28,2026-09-19 14:22:34,,340 388 4919,,0,,,,,,,,,,,,,,,0,50,,,,,,,85
516,SIC-B8EEDFFR-SX6ZJY71-Z,CAT Furio Ercole Ferri Luino Uno,CAT,LOCAL_CLUB,10,#22C55E,Europe,Italy,Lombardia,Varese,Luino,via B. Luini 16,45.9989,8.7456,CITY,ACTIVE_VERIFIED,SIC-N33DWA34-CM8PV5K7-X,https://www.arcatlombardia.it/CAT_Varese.html,ARCAT Lombardia official,it,lunedì 20:00,348 283 8496,,0,0,74,0,2026-08-18 14:07:28,2026-09-19 14:22:34,,348 283 8496,,20,Italy,2026-08-18 15:14:59,,,,,,,,,,,,,0,50,,WORLD_POLYGON_CENTROID,,,,,10
289,SIC-S3ZXYHY6-VWR2XCE3-3,CAT Madone,CLUB,LOCAL_CLUB,10,#22C55E,Europe,Italy,Lombardia,BERGAMO,Madone,"Via Patrioti 7, Casa delle Associazioni",45.6517,9.5494,CITY,VERIFIED_OFFICIAL_CURRENT,SIC-W45XMWNN-5YPZP9S0-Q,https://www.arcatlombardia.it/CAT_Bergamo.html,ARCAT Lombardia ufficiale,it,Giovedì 20:30,,Parent ACAT ricostruibile dalla pagina sorgente; da normalizzare nella fase 2,0,0,74,0,2026-08-18 13:21:46,2026-09-19 14:22:34,https://www.arcatlombardia.it/CAT_Bergamo.html,,,20,Italy,2026-08-18 15:14:59,,,,,,,,,,,,,0,50,,WORLD_POLYGON_CENTROID,,,,,11
319,SIC-XK872YY4-GDNKFPG1-D,ACAT Manerbio,TERRITORIAL,TERRITORIAL,20,#14B8A6,Europe,Italy,Lombardia,BRESCIA,Manerbio,"Via Palestro 57, Centro Sociale",45.3581,10.1367,CITY,VERIFIED_OFFICIAL_CURRENT,SIC-W45XMWNN-5YPZP9S0-Q,https://www.arcatlombardia.it/CAT_Brescia.html,ARCAT Lombardia ufficiale,it,,339 4602401; ciscoroda@gmail.com,,0,0,84,0,2026-08-18 13:21:46,2026-09-19 14:22:34,https://www.arcatlombardia.it/CAT_Brescia.html,339 4602401,ciscoroda@gmail.com,0,,,,,,,,,,,,,,,0,50,,,,,,,85
325,SIC-TG848C41-R2XVZ930-B,CAT Manerbio 3,CLUB,LOCAL_CLUB,10,#22C55E,Europe,Italy,Lombardia,BRESCIA,Manerbio,"Via Palestro 57, Centro Sociale",45.3581,10.1367,CITY,VERIFIED_OFFICIAL_CURRENT,SIC-W45XMWNN-5YPZP9S0-Q,https://www.arcatlombardia.it/CAT_Brescia.html,ARCAT Lombardia ufficiale,it,Mercoledì 21:00,,,0,0,74,0,2026-08-18 13:21:46,2026-09-19 14:22:34,https://www.arcatlombardia.it/CAT_Brescia.html,,,20,Italy,2026-08-18 15:14:59,,,,,,,,,,,,,0,50,,WORLD_POLYGON_CENTROID,,,,,10
502,SIC-JKBB1DE6-GK14D6QB-B,CAT Mantova Amicizia,CAT,LOCAL_CLUB,10,#22C55E,Europe,Italy,Lombardia,Mantova,Mantova,"corso Vittorio Emanuele 146, Parrocchia Ognissanti",45.16031,10.79784,CITY,ACTIVE_VERIFIED,SIC-V29S2677-C4ZKT9AH-F,https://www.arcatlombardia.it/CAT_Mantova.html,ARCAT Lombardia official,it,martedì 19:30,340 736 2688,,0,0,80,0,2026-08-18 14:07:28,2026-09-19 14:22:34,,340 736 2688,,78,"Mantova, Italy | https://population.mongabay.com/cities/italy/mantova.html",2026-08-18 14:37:50,,,,,,,,,,,,,0,50,,,,,,,11
503,SIC-HPH0QP1R-54RQ43QB-G,CAT Mantova Rivivere,CAT,LOCAL_CLUB,10,#22C55E,Europe,Italy,Lombardia,Mantova,Mantova,"via Facciotto 7, Circoscrizione sud",45.16031,10.79784,CITY,ACTIVE_VERIFIED,SIC-V29S2677-C4ZKT9AH-F,https://www.arcatlombardia.it/CAT_Mantova.html,ARCAT Lombardia official,it,lunedì 18:30,348 722 8440,,0,0,80,0,2026-08-18 14:07:28,2026-09-19 14:22:34,,348 722 8440,,78,"Mantova, Italy | https://population.mongabay.com/cities/italy/mantova.html",2026-08-18 14:37:50,,,,,,,,,,,,,0,50,,,,,,,10
501,SIC-F2GF8ZB8-KV6AW075-C,CAT Mantova Vivere Sano,CAT,LOCAL_CLUB,10,#22C55E,Europe,Italy,Lombardia,Mantova,Mantova,"via Ariosto 2, Valletta Valsecchi",45.16031,10.79784,CITY,ACTIVE_VERIFIED,SIC-V29S2677-C4ZKT9AH-F,https://www.arcatlombardia.it/CAT_Mantova.html,ARCAT Lombardia official,it,lunedì 19:30,328 219 5650,,0,0,80,0,2026-08-18 14:07:28,2026-09-19 14:22:34,,328 219 5650,,78,"Mantova, Italy | https://population.mongabay.com/cities/italy/mantova.html",2026-08-18 14:37:50,,,,,,,,,,,,,0,50,,,,,,,12
413,SIC-H76TCZ73-ZX8ZCJNX-C,CAT Mede,CLUB,LOCAL_CLUB,10,#22C55E,Europe,Italy,Lombardia,PV,Mede,"Via Cavour 3, Casa della Carità",45.0978,8.7356,CITY,VERIFIED_INSTITUTION_CURRENT,SIC-SAPSJ5F6-GDEFRWNM-E,https://www.ats-pavia.it/gap/ama,ATS Pavia,it,,,,0,0,54,0,2026-08-18 13:21:46,2026-09-19 14:22:34,,,,20,Italy,2026-08-18 15:14:59,,,,,,,,,,,,,0,50,,WORLD_POLYGON_CENTROID,,,,,11
587,SIC-ID-7714FD8E40FF,ACAT Hudolin Milano,CAT,TERRITORIAL,1,#D4AF37,Europe,Italy,Lombardia,MILANO,Milano,Via Costalovara 1,45.4642,9.19,CITY,ACTIVE_VERIFIED_2026,SIC-ID-EBC3C9841DDE,https://www.arcatlombardia.it/CAT_Milano.html,ARCAT Lombardia ufficiale,it,,335 7755355,,0,0,0,0,2026-09-19 14:19:03,2026-09-19 14:22:34,,335 7755355,acat_milano@yahoo.it,0,,,,,,,,,,,,,,,0,50,,,,,,,85
334,SIC-QCSYTM8V-BMDRP0KQ-F,ACAT Milano – ODV,TERRITORIAL,TERRITORIAL,20,#14B8A6,Europe,Italy,Lombardia,MI,Milano,Via Costalovara 1,45.4642,9.19,CITY,ACTIVE_VERIFIED_2026,SIC-W45XMWNN-5YPZP9S0-Q,https://www.acatmilano.org,OSINT_DIRECTORY_2026,it,,335 7755355; acat_milano@yahoo.it,Sito web ufficiale dell'ACAT Milano.,9,9,84,0,2026-08-18 13:21:46,2026-09-19 14:22:34,https://www.acatmilano.org,335 7755355,acat_milano@yahoo.it,0,,,,,,,,,,,,,,,0,50,,,,,,,85
635,SIC-APCAT-6E9C6106-9890BA6C,APCAT Milano Città Metropolitana,APCAT,PROVINCIAL,30,#3B82F6,Europe,Italy,Lombardia,MI,Milano,Via Kramer 21,45.4719,9.2064,CITY,ACTIVE_VERIFIED,,https://www.arcatlombardia.it,AICAT_ARCAT_OFFICIAL,it,,,Rete metropolitana dei Club Alcologici Territoriali milanesi.,0,0,0,0,2026-09-20 13:25:12,2026-09-20 13:25:12,https://www.arcatlombardia.it,02 76001234,apcatmilano@virgilio.it,0,,,,,,20129,,,,,,,,,0,85,,,,,,,220
343,SIC-GC717NAW-MK9HJD65-Q,CAT 8 - Ginkgo,CLUB,LOCAL_CLUB,10,#22C55E,Europe,Italy,Lombardia,MILANO,Milano,"Via Lattanzio 58, Parrocchia San Pio V",45.4642,9.19,CITY,VERIFIED_OFFICIAL_CURRENT,SIC-QCSYTM8V-BMDRP0KQ-F,https://www.arcatlombardia.it/CAT_Milano.html,ARCAT Lombardia ufficiale,it,Giovedì 20:30,,,0,0,80,0,2026-08-18 13:21:46,2026-09-19 14:22:34,https://www.arcatlombardia.it/CAT_Milano.html,,,78,"Milano, Italy | https://www.geodatos.net/en/coordinates/italy/milan",2026-08-18 14:37:50,,,,,,,,,,,,,0,50,,,,,,,11
335,SIC-D38Q13Y1-BTJ63W7J-9,CAT Milano 1,CLUB,LOCAL_CLUB,10,#22C55E,Europe,Italy,Lombardia,MILANO,Milano,"Via De Martino 2, Oratorio S. Dionigi",45.4642,9.19,CITY,VERIFIED_OFFICIAL_CURRENT,SIC-QCSYTM8V-BMDRP0KQ-F,https://www.arcatlombardia.it/CAT_Milano.html,ARCAT Lombardia ufficiale,it,Giovedì 21:00,,,0,0,80,0,2026-08-18 13:21:46,2026-09-19 14:22:34,https://www.arcatlombardia.it/CAT_Milano.html,,,78,"Milano, Italy | https://www.geodatos.net/en/coordinates/italy/milan",2026-08-18 14:37:50,,,,,,,,,,,,,0,50,,,,,,,12
336,SIC-Z4RC9YEY-S86WX280-7,CAT Milano 2 - Acqua in Circolo,CLUB,LOCAL_CLUB,10,#22C55E,Europe,Italy,Lombardia,MILANO,Milano,"Via degli Anemoni 6, IPR",45.4642,9.19,CITY,VERIFIED_OFFICIAL_CURRENT,SIC-QCSYTM8V-BMDRP0KQ-F,https://www.arcatlombardia.it/CAT_Milano.html,ARCAT Lombardia ufficiale,it,Martedì 21:00,,,0,0,80,0,2026-08-18 13:21:46,2026-09-19 14:22:34,https://www.arcatlombardia.it/CAT_Milano.html,,,78,"Milano, Italy | https://www.geodatos.net/en/coordinates/italy/milan",2026-08-18 14:37:50,,,,,,,,,,,,,0,50,,,,,,,12
337,SIC-KABB4QJY-8ZK1P2DB-X,CAT Milano 3 - La Maria,CLUB,LOCAL_CLUB,10,#22C55E,Europe,Italy,Lombardia,MILANO,Milano,"Via Tamigi 7, VSP",45.4642,9.19,CITY,VERIFIED_OFFICIAL_CURRENT,SIC-QCSYTM8V-BMDRP0KQ-F,https://www.arcatlombardia.it/CAT_Milano.html,ARCAT Lombardia ufficiale,it,Martedì 21:00,,,0,0,80,0,2026-08-18 13:21:46,2026-09-19 14:22:34,https://www.arcatlombardia.it/CAT_Milano.html,,,78,"Milano, Italy | https://www.geodatos.net/en/coordinates/italy/milan",2026-08-18 14:37:50,,,,,,,,,,,,,0,50,,,,,,,10
338,SIC-MYDTZHAZ-KP7D7S0K-0,CAT Milano 4 - Le rose che sbocciano,CLUB,LOCAL_CLUB,10,#22C55E,Europe,Italy,Lombardia,MILANO,Milano,"Via Antonino Bezzola 5, Parrocchia Sant'Elena",45.4642,9.19,CITY,VERIFIED_OFFICIAL_CURRENT,SIC-QCSYTM8V-BMDRP0KQ-F,https://www.arcatlombardia.it/CAT_Milano.html,ARCAT Lombardia ufficiale,it,Giovedì 20:30,,,0,0,80,0,2026-08-18 13:21:46,2026-09-19 14:22:34,https://www.arcatlombardia.it/CAT_Milano.html,,,78,"Milano, Italy | https://www.geodatos.net/en/coordinates/italy/milan",2026-08-18 14:37:50,,,,,,,,,,,,,0,50,,,,,,,12
339,SIC-QJF5CNJX-CHSV28VD-1,CAT Milano 5 - Della Rinascita,CLUB,LOCAL_CLUB,10,#22C55E,Europe,Italy,Lombardia,MILANO,Milano,"Via Duprè 19, Istituto San Gaetano",45.4642,9.19,CITY,VERIFIED_OFFICIAL_CURRENT,SIC-QCSYTM8V-BMDRP0KQ-F,https://www.arcatlombardia.it/CAT_Milano.html,ARCAT Lombardia ufficiale,it,Martedì 21:00,,,0,0,80,0,2026-08-18 13:21:46,2026-09-19 14:22:34,https://www.arcatlombardia.it/CAT_Milano.html,,,78,"Milano, Italy | https://www.geodatos.net/en/coordinates/italy/milan",2026-08-18 14:37:50,,,,,,,,,,,,,0,50,,,,,,,12
340,SIC-HCF3YEV6-H33P1VH2-D,CAT Milano 6 - La Fenice,CLUB,LOCAL_CLUB,10,#22C55E,Europe,Italy,Lombardia,MILANO,Milano,"Via Marsala 10, Casa delle Associazioni",45.4642,9.19,CITY,VERIFIED_OFFICIAL_CURRENT,SIC-QCSYTM8V-BMDRP0KQ-F,https://www.arcatlombardia.it/CAT_Milano.html,ARCAT Lombardia ufficiale,it,Giovedì 21:00,,,0,0,80,0,2026-08-18 13:21:46,2026-09-19 14:22:34,https://www.arcatlombardia.it/CAT_Milano.html,,,78,"Milano, Italy | https://www.geodatos.net/en/coordinates/italy/milan",2026-08-18 14:37:50,,,,,,,,,,,,,0,50,,,,,,,11
341,SIC-72M3XPQN-CGPC3RRR-Q,CAT Milano 7 - Ampère,CLUB,LOCAL_CLUB,10,#22C55E,Europe,Italy,Lombardia,MILANO,Milano,"Via Ampère 75, Oratorio San Luca",45.4642,9.19,CITY,VERIFIED_OFFICIAL_CURRENT,SIC-QCSYTM8V-BMDRP0KQ-F,https://www.arcatlombardia.it/CAT_Milano.html,ARCAT Lombardia ufficiale,it,Giovedì 20:30,,,0,0,80,0,2026-08-18 13:21:46,2026-09-19 14:22:34,https://www.arcatlombardia.it/CAT_Milano.html,,,78,"Milano, Italy | https://www.geodatos.net/en/coordinates/italy/milan",2026-08-18 14:37:50,,,,,,,,,,,,,0,50,,,,,,,10
324,SIC-BFD97KB6-0KXJ1246-N,CAT Montichiari - Il Germoglio,CLUB,LOCAL_CLUB,10,#22C55E,Europe,Italy,Lombardia,BRESCIA,Montichiari,"Via Trieste 26, Casa delle Associazioni",45.4128,10.3956,CITY,VERIFIED_OFFICIAL_CURRENT,SIC-W45XMWNN-5YPZP9S0-Q,https://www.arcatlombardia.it/CAT_Brescia.html,ARCAT Lombardia ufficiale,it,Mercoledì 20:30,,,0,0,74,0,2026-08-18 13:21:46,2026-09-19 14:22:34,https://www.arcatlombardia.it/CAT_Brescia.html,,,20,Italy,2026-08-18 15:14:59,,,,,,,,,,,,,0,50,,WORLD_POLYGON_CENTROID,,,,,12
505,SIC-DR8X982Z-E7T5YCRY-T,CAT Monzambano Anemone,CAT,LOCAL_CLUB,10,#22C55E,Europe,Italy,Lombardia,Mantova,Monzambano,"via Umberto I, Sala Civica",45.3878,10.6931,CITY,ACTIVE_VERIFIED,SIC-V29S2677-C4ZKT9AH-F,https://www.arcatlombardia.it/CAT_Mantova.html,ARCAT Lombardia official,it,martedì 20:00,320 035 6230,,0,0,74,0,2026-08-18 14:07:28,2026-09-19 14:22:34,,320 035 6230,,20,Italy,2026-08-18 15:14:59,,,,,,,,,,,,,0,50,,WORLD_POLYGON_CENTROID,,,,,11
498,SIC-YX1J1XJM-5C94G60F-2,CAT Oggiono,CAT,LOCAL_CLUB,10,#22C55E,Europe,Italy,Lombardia,Lecco,Oggiono,"via Lazzaretto 44, Centro Diurno Anziani",45.7906,9.3503,CITY,ACTIVE_VERIFIED,SIC-H0S7KWK2-JPB4K673-7,https://www.arcatlombardia.it/CAT_Lecco.html,ARCAT Lombardia official,it,martedì 20:30,377 123 4624; cat.oggiono@gmail.com,,0,0,84,0,2026-08-18 14:07:28,2026-09-19 14:22:34,,377 123 4624,cat.oggiono@gmail.com,20,Italy,2026-08-18 15:14:59,,,,,,,,,,,,,0,50,,WORLD_POLYGON_CENTROID,,,,,11
275,SIC-61P1PVJ5-RCVRFEES-F,ACAT Arcobaleno,TERRITORIAL,TERRITORIAL,20,#14B8A6,Europe,Italy,Lombardia,BERGAMO,Osio Sotto,Via Libertà 40,45.6178,9.5986,CITY,VERIFIED_OFFICIAL_CURRENT,SIC-W45XMWNN-5YPZP9S0-Q,https://www.arcatlombardia.it/CAT_Bergamo.html,ARCAT Lombardia ufficiale,it,,351 8282923; acatarcobaleno@virgilio.it,,0,0,84,0,2026-08-18 13:21:46,2026-09-19 14:22:34,https://www.arcatlombardia.it/CAT_Bergamo.html,351 8282923,acatarcobaleno@virgilio.it,0,,,,,,,,,,,,,,,0,50,,,,,,,85
295,SIC-DFV6DW0S-V19AZFES-X,CAT Osio Sotto 1,CLUB,LOCAL_CLUB,10,#22C55E,Europe,Italy,Lombardia,BERGAMO,Osio Sotto,"Via Libertà 45, Centro Sociale Mons. Barbisotti",45.6178,9.5986,CITY,VERIFIED_OFFICIAL_CURRENT,SIC-W45XMWNN-5YPZP9S0-Q,https://www.arcatlombardia.it/CAT_Bergamo.html,ARCAT Lombardia ufficiale,it,Martedì 20:30,,Parent ACAT ricostruibile dalla pagina sorgente; da normalizzare nella fase 2,0,0,80,0,2026-08-18 13:21:46,2026-09-19 14:22:34,https://www.arcatlombardia.it/CAT_Bergamo.html,,,78,"Osio Sotto, Italy | https://latitudelongitude.org/it/osio-sotto/",2026-08-18 14:40:41,,,,,,,,,,,,,0,50,,,,,,,10
296,SIC-QGPBVS9C-RWWYS2Y4-0,CAT Osio Sotto 3,CLUB,LOCAL_CLUB,10,#22C55E,Europe,Italy,Lombardia,BERGAMO,Osio Sotto,"Via Libertà 45, Centro Mons. Barbisotti",45.6178,9.5986,CITY,VERIFIED_OFFICIAL_CURRENT,SIC-W45XMWNN-5YPZP9S0-Q,https://www.arcatlombardia.it/CAT_Bergamo.html,ARCAT Lombardia ufficiale,it,Lunedì 20:30,,Parent ACAT ricostruibile dalla pagina sorgente; da normalizzare nella fase 2,0,0,80,0,2026-08-18 13:21:46,2026-09-19 14:22:34,https://www.arcatlombardia.it/CAT_Bergamo.html,,,78,"Osio Sotto, Italy | https://latitudelongitude.org/it/osio-sotto/",2026-08-18 14:40:41,,,,,,,,,,,,,0,50,,,,,,,12
417,SIC-NJH2P9W0-2GCKZB1W-8,CAT Il Cigno,CLUB,LOCAL_CLUB,10,#22C55E,Europe,Italy,Lombardia,BS,Ospitaletto,Via Martiri della Libertà 40,45.5567,10.0764,CITY,VERIFIED_CURRENT_2026,SIC-SAPSJ5F6-GDEFRWNM-E,https://www.failmeglio.it/dove-sono-i-club/,Club network directory updated March 2026,it,,,,0,0,54,0,2026-08-18 13:21:46,2026-09-19 14:22:34,,,,20,Italy,2026-08-18 15:14:59,,,,,,,,,,,,,0,50,,WORLD_POLYGON_CENTROID,,,,,12
331,SIC-7QK8R6P2-2SBHRZV6-8,CAT La Farfalla,CLUB,LOCAL_CLUB,10,#22C55E,Europe,Italy,Lombardia,BRESCIA,Paitone,"Via Beschi 18, Centro Sociale",45.5539,10.4019,CITY,VERIFIED_OFFICIAL_CURRENT,SIC-W45XMWNN-5YPZP9S0-Q,https://www.arcatlombardia.it/CAT_Brescia.html,ARCAT Lombardia ufficiale,it,Mercoledì 20:00,,,0,0,74,0,2026-08-18 13:21:46,2026-09-19 14:22:34,https://www.arcatlombardia.it/CAT_Brescia.html,,,20,Italy,2026-08-18 15:14:59,,,,,,,,,,,,,0,50,,WORLD_POLYGON_CENTROID,,,,,11
381,SIC-0TFWDMT8-JBBSXAEG-X,ACAT Pavia,TERRITORIAL,TERRITORIAL,20,#14B8A6,Europe,Italy,Lombardia,PV,Pavia,Via dei Liguri 34,45.1847,9.1582,CITY,PUBLIC_SOURCE_NEEDS_CURRENT_CONFIRMATION,SIC-W45XMWNN-5YPZP9S0-Q,https://www1.agenziaentrate.gov.it/servizi/domanda%2B5%2Bper%2Bmille/2021/motore.htm?_pagina=5,PUBLIC_REGISTER,it,,,,0,0,54,0,2026-08-18 13:21:46,2026-09-19 14:22:34,,,,0,,,,,,,,,,,,,,,0,50,,,,,,,85
638,SIC-APCAT-136D5457-C418CA74,APCAT Pavia e Oltrepò,APCAT,PROVINCIAL,30,#3B82F6,Europe,Italy,Lombardia,PV,Pavia,Corso Garibaldi 38,45.1847,9.1582,CITY,ACTIVE_VERIFIED,,https://www.arcatlombardia.it,AICAT_ARCAT_OFFICIAL,it,,,Rete provinciale dell'Oltrepò e Lomellina per i problemi alcolcorrelati e complessi.,0,0,0,0,2026-09-20 13:25:12,2026-09-20 13:25:12,https://www.arcatlombardia.it,0382 301234,apcatpavia@gmail.com,0,,,,,,27100,,,,,,,,,0,85,,,,,,,220
407,SIC-6GK7YTZS-VXSQV745-Y,"CAT 7 ""Mimosa""",CLUB,LOCAL_CLUB,10,#22C55E,Europe,Italy,Lombardia,PV,Pavia,"Via S. Lanfranco, Casa parrocchiale",45.1847,9.1582,CITY,VERIFIED_INSTITUTION_CURRENT,SIC-SAPSJ5F6-GDEFRWNM-E,https://www.ats-pavia.it/gap/ama,ATS Pavia,it,,,,0,0,54,0,2026-08-18 13:21:46,2026-09-19 14:22:34,,,,20,Italy,2026-08-18 15:14:59,,,,,,,,,,,,,0,50,,WORLD_POLYGON_CENTROID,,,,,11
313,SIC-WZYB7MR2-9BT6HH50-7,CAT Sorisole-Petosino-Azzonica,CLUB,LOCAL_CLUB,10,#22C55E,Europe,Italy,Lombardia,BERGAMO,Petosino,"Via Martiri della Libertà 57, Centro Civico",45.7333,9.6583,CITY,VERIFIED_OFFICIAL_CURRENT,SIC-W45XMWNN-5YPZP9S0-Q,https://www.arcatlombardia.it/CAT_Bergamo.html,ARCAT Lombardia ufficiale,it,Mercoledì 20:30,,Parent ACAT ricostruibile dalla pagina sorgente; da normalizzare nella fase 2,0,0,74,0,2026-08-18 13:21:46,2026-09-19 14:22:34,https://www.arcatlombardia.it/CAT_Bergamo.html,,,20,Italy,2026-08-18 15:14:59,,,,,,,,,,,,,0,50,,WORLD_POLYGON_CENTROID,,,,,12
411,SIC-8TNKTP4F-W7NNFB5F-C,CAT Pieve Emanuele,CLUB,LOCAL_CLUB,10,#22C55E,Europe,Italy,Lombardia,MI,Pieve Emanuele,Via Vivaldi 2,45.3528,9.2014,CITY,VERIFIED_INSTITUTION_CURRENT,SIC-SAPSJ5F6-GDEFRWNM-E,https://www.ats-pavia.it/gap/ama,ATS Pavia,it,,,,0,0,54,0,2026-08-18 13:21:46,2026-09-19 14:22:34,,,,20,Italy,2026-08-18 15:14:59,,,,,,,,,,,,,0,50,,WORLD_POLYGON_CENTROID,,,,,12
308,SIC-XF31DAR6-NZD208XY-C,CAT Berbenno,CLUB,LOCAL_CLUB,10,#22C55E,Europe,Italy,Lombardia,BERGAMO,Ponte Giurino,"Via Stoppani 2/g, Sala Comunale",45.464,9.19,COUNTRY_ONLY,VERIFIED_OFFICIAL_CURRENT,SIC-W45XMWNN-5YPZP9S0-Q,https://www.arcatlombardia.it/CAT_Bergamo.html,ARCAT Lombardia ufficiale,it,Giovedì 20:30,,Parent ACAT ricostruibile dalla pagina sorgente; da normalizzare nella fase 2,0,0,74,0,2026-08-18 13:21:46,2026-09-19 14:22:34,https://www.arcatlombardia.it/CAT_Bergamo.html,,,20,Italy,2026-08-18 15:14:59,,,,,,,,,,,,,0,50,,WORLD_POLYGON_CENTROID,,,,,12
288,SIC-JAFJGWVC-KKRS16GM-Z,CAT Ponte S. Pietro,CLUB,LOCAL_CLUB,10,#22C55E,Europe,Italy,Lombardia,BERGAMO,Ponte San Pietro,"Via Legionari di Polonia 5, Centro UFO",45.6983,9.5878,CITY,VERIFIED_OFFICIAL_CURRENT,SIC-W45XMWNN-5YPZP9S0-Q,https://www.arcatlombardia.it/CAT_Bergamo.html,ARCAT Lombardia ufficiale,it,Mercoledì 20:30,,Parent ACAT ricostruibile dalla pagina sorgente; da normalizzare nella fase 2,0,0,74,0,2026-08-18 13:21:46,2026-09-19 14:22:34,https://www.arcatlombardia.it/CAT_Bergamo.html,,,20,Italy,2026-08-18 15:14:59,,,,,,,,,,,,,0,50,,WORLD_POLYGON_CENTROID,,,,,10
418,SIC-VWY7ERZV-XPHS689T-9,CAT Una Porta Aperta,CLUB,LOCAL_CLUB,10,#22C55E,Europe,Italy,Lombardia,BS,Pontevico,Piazzetta del Comune 2,45.2711,10.0933,CITY,VERIFIED_CURRENT_2026,SIC-SAPSJ5F6-GDEFRWNM-E,https://www.failmeglio.it/dove-sono-i-club/,Club network directory updated March 2026,it,,,,0,0,54,0,2026-08-18 13:21:46,2026-09-19 14:22:34,,,,20,Italy,2026-08-18 15:14:59,,,,,,,,,,,,,0,50,,WORLD_POLYGON_CENTROID,,,,,10
506,SIC-MPGVRFTK-DJC3QPPH-0,CAT Ponti sul Mincio Mincio,CAT,LOCAL_CLUB,10,#22C55E,Europe,Italy,Lombardia,Mantova,Ponti sul Mincio,Biblioteca Comunale,45.4136,10.6547,CITY,ACTIVE_VERIFIED,SIC-V29S2677-C4ZKT9AH-F,https://www.arcatlombardia.it/CAT_Mantova.html,ARCAT Lombardia official,it,lunedì 19:30,348 629 9448,,0,0,74,0,2026-08-18 14:07:28,2026-09-19 14:22:34,,348 629 9448,,20,Italy,2026-08-18 15:14:59,,,,,,,,,,,,,0,50,,WORLD_POLYGON_CENTROID,,,,,12
306,SIC-0ETW9KZ0-4TJ55Y5D-C,CAT 10 - Aurora,CLUB,LOCAL_CLUB,10,#22C55E,Europe,Italy,Lombardia,BERGAMO,Pradalunga,"Via Aldo Moro 12, Centro Sociale",45.7444,9.785,CITY,VERIFIED_OFFICIAL_CURRENT,SIC-W45XMWNN-5YPZP9S0-Q,https://www.arcatlombardia.it/CAT_Bergamo.html,ARCAT Lombardia ufficiale,it,Mercoledì 20:30,,Parent ACAT ricostruibile dalla pagina sorgente; da normalizzare nella fase 2,0,0,74,0,2026-08-18 13:21:46,2026-09-19 14:22:34,https://www.arcatlombardia.it/CAT_Bergamo.html,,,20,Italy,2026-08-18 15:14:59,,,,,,,,,,,,,0,50,,WORLD_POLYGON_CENTROID,,,,,12
326,SIC-H8JBH4D8-VY00PXG2-4,CAT Azzurro,CLUB,LOCAL_CLUB,10,#22C55E,Europe,Italy,Lombardia,BRESCIA,Prevalle,"Via Morani 9, Municipio",45.5531,10.4239,CITY,VERIFIED_OFFICIAL_CURRENT,SIC-W45XMWNN-5YPZP9S0-Q,https://www.arcatlombardia.it/CAT_Brescia.html,ARCAT Lombardia ufficiale,it,Mercoledì 20:00,,,0,0,74,0,2026-08-18 13:21:46,2026-09-19 14:22:34,https://www.arcatlombardia.it/CAT_Brescia.html,,,20,Italy,2026-08-18 15:14:59,,,,,,,,,,,,,0,50,,WORLD_POLYGON_CENTROID,,,,,12
510,SIC-YKBEMYG1-J8RMGZTP-R,CAT Roverbella Fiori di Pesco,CAT,LOCAL_CLUB,10,#22C55E,Europe,Italy,Lombardia,Mantova,Roverbella,"via dell Artigianato 25, AUSER",45.2639,10.7686,CITY,ACTIVE_VERIFIED,SIC-V29S2677-C4ZKT9AH-F,https://www.arcatlombardia.it/CAT_Mantova.html,ARCAT Lombardia official,it,martedì 20:30,347 276 3775,,0,0,74,0,2026-08-18 14:07:28,2026-09-19 14:22:34,,347 276 3775,,20,Italy,2026-08-18 15:14:59,,,,,,,,,,,,,0,50,,WORLD_POLYGON_CENTROID,,,,,12
321,SIC-T5WF7RWP-YSAEMNCF-1,ACAT Vallesabbia,TERRITORIAL,TERRITORIAL,20,#14B8A6,Europe,Italy,Lombardia,BRESCIA,Roè Volciano,Via Luigi Ragazzo 21,45.6267,10.4986,CITY,VERIFIED_OFFICIAL_CURRENT,SIC-W45XMWNN-5YPZP9S0-Q,https://www.arcatlombardia.it/CAT_Brescia.html,ARCAT Lombardia ufficiale,it,,349 7421258; acatvallesabbia.info@yahoo.it,,0,0,84,0,2026-08-18 13:21:46,2026-09-19 14:22:34,https://www.arcatlombardia.it/CAT_Brescia.html,349 7421258,acatvallesabbia.info@yahoo.it,0,,,,,,,,,,,,,,,0,50,,,,,,,85
332,SIC-X8BNRPBC-MNNC28X1-R,CAT La Vetta,CLUB,LOCAL_CLUB,10,#22C55E,Europe,Italy,Lombardia,BRESCIA,Roè Volciano,Via Luigi Ragazzo 21,45.6267,10.4986,CITY,VERIFIED_OFFICIAL_CURRENT,SIC-W45XMWNN-5YPZP9S0-Q,https://www.arcatlombardia.it/CAT_Brescia.html,ARCAT Lombardia ufficiale,it,Martedì 20:00,,,0,0,74,0,2026-08-18 13:21:46,2026-09-19 14:22:34,https://www.arcatlombardia.it/CAT_Brescia.html,,,20,Italy,2026-08-18 15:14:59,,,,,,,,,,,,,0,50,,WORLD_POLYGON_CENTROID,,,,,12
327,SIC-E9SPDP69-RZXWGV9A-Q,CAT Il Girasole,CLUB,LOCAL_CLUB,10,#22C55E,Europe,Italy,Lombardia,BRESCIA,Salò,Via Ponte Vecchio 6,45.6083,10.5283,CITY,VERIFIED_OFFICIAL_CURRENT,SIC-W45XMWNN-5YPZP9S0-Q,https://www.arcatlombardia.it/CAT_Brescia.html,ARCAT Lombardia ufficiale,it,Martedì 20:00,,,0,0,74,0,2026-08-18 13:21:46,2026-09-19 14:22:34,https://www.arcatlombardia.it/CAT_Brescia.html,,,20,Italy,2026-08-18 15:14:59,,,,,,,,,,,,,0,50,,WORLD_POLYGON_CENTROID,,,,,10
507,SIC-EAKN89X9-MA9R8QWX-7,CAT San Giorgio Gabbiano azzurro,CAT,LOCAL_CLUB,10,#22C55E,Europe,Italy,Lombardia,Mantova,San Giorgio,"via Frida Kahlo 40, Centro Culturale",43.1814,13.7933,COUNTRY_ONLY,ACTIVE_VERIFIED,SIC-V29S2677-C4ZKT9AH-F,https://www.arcatlombardia.it/CAT_Mantova.html,ARCAT Lombardia official,it,mercoledì 19:00,349 675 9528,,0,0,74,0,2026-08-18 14:07:28,2026-09-19 14:22:34,,349 675 9528,,20,Italy,2026-08-18 15:14:59,,,,,,,,,,,,,0,50,,WORLD_POLYGON_CENTROID,,,,,12
511,SIC-ZNT1KEC6-QVT1AYCW-X,CAT San Silvestro Cristiana2,CAT,LOCAL_CLUB,10,#22C55E,Europe,Italy,Lombardia,Mantova,San Silvestro,"via Martiri di Belfiore 1, Sala Civica",45.464,9.19,COUNTRY_ONLY,ACTIVE_VERIFIED,SIC-V29S2677-C4ZKT9AH-F,https://www.arcatlombardia.it/CAT_Mantova.html,ARCAT Lombardia official,it,lunedì 20:30,333 315 2097,,0,0,74,0,2026-08-18 14:07:28,2026-09-19 14:22:34,,333 315 2097,,20,Italy,2026-08-18 15:14:59,,,,,,,,,,,,,0,50,,WORLD_POLYGON_CENTROID,,,,,12
512,SIC-PHVP25E8-ES22ZVT0-Y,ACAT Sondrio,ACAT,TERRITORIAL_ASSOCIATION,25,#14B8A6,Europe,Italy,Lombardia,Sondrio,Sondrio,,45.464,9.19,CITY,ACTIVE_VERIFIED,SIC-W45XMWNN-5YPZP9S0-Q,https://www.arcatlombardia.it/CAT_Sondrio.html,ARCAT Lombardia official,it,,339 127 1528,,2,2,45,0,2026-08-18 14:07:28,2026-09-19 14:22:34,,339 127 1528,,0,,,,,,,,,,,,,,,0,50,,,,,,,85
514,SIC-BQHHCRMH-211GYS9S-B,CAT Sondrio Excelsior,CAT,LOCAL_CLUB,10,#22C55E,Europe,Italy,Lombardia,Sondrio,Sondrio,"via Angelo Custode 5, Il Villaggio",46.168519,9.871339,CITY,ACTIVE_VERIFIED,SIC-PHVP25E8-ES22ZVT0-Y,https://www.arcatlombardia.it/CAT_Sondrio.html,ARCAT Lombardia official,it,martedì 21:00,339 127 1528,,0,0,80,0,2026-08-18 14:07:28,2026-09-19 14:22:34,,339 127 1528,,78,"Sondrio, Italy | https://latitudelongitude.org/it/sondrio/",2026-08-18 14:40:41,,,,,,,,,,,,,0,50,,,,,,,11
513,SIC-13GGS6NC-WVK98CPQ-S,CAT Sondrio Stella,CAT,LOCAL_CLUB,10,#22C55E,Europe,Italy,Lombardia,Sondrio,Sondrio,"via Quadrio, Parrocchia del Rosario",46.168519,9.871339,CITY,ACTIVE_VERIFIED,SIC-PHVP25E8-ES22ZVT0-Y,https://www.arcatlombardia.it/CAT_Sondrio.html,ARCAT Lombardia official,it,mercoledì 20:30,338 763 1179,,0,0,80,0,2026-08-18 14:07:28,2026-09-19 14:22:34,,338 763 1179,,78,"Sondrio, Italy | https://latitudelongitude.org/it/sondrio/",2026-08-18 14:40:41,,,,,,,,,,,,,0,50,,,,,,,10
494,SIC-M8NKG9V4-95DHVJT3-R,CAT Soresina,CAT,LOCAL_CLUB,10,#22C55E,Europe,Italy,Lombardia,Cremona,Soresina,"via Don Bosco 7, Oratorio Sirino",45.2894,9.8553,CITY,ACTIVE_VERIFIED,SIC-NWCVQG4V-5Y2JH6TG-V,https://www.arcatlombardia.it/CAT_Cremona.html,ARCAT Lombardia official,it,venerdì 20:45,334 803 6655,,0,0,74,0,2026-08-18 14:07:28,2026-09-19 14:22:34,,334 803 6655,,20,Italy,2026-08-18 15:14:59,,,,,,,,,,,,,0,50,,WORLD_POLYGON_CENTROID,,,,,12
294,SIC-CQXXGHP8-NHFQAT43-N,CAT Stezzano,CLUB,LOCAL_CLUB,10,#22C55E,Europe,Italy,Lombardia,BERGAMO,Stezzano,"Via Mascagni 13, Centro Cascinetto",45.6508,9.6528,CITY,VERIFIED_OFFICIAL_CURRENT,SIC-W45XMWNN-5YPZP9S0-Q,https://www.arcatlombardia.it/CAT_Bergamo.html,ARCAT Lombardia ufficiale,it,Lunedì 20:30,,Parent ACAT ricostruibile dalla pagina sorgente; da normalizzare nella fase 2,0,0,74,0,2026-08-18 13:21:46,2026-09-19 14:22:34,https://www.arcatlombardia.it/CAT_Bergamo.html,,,20,Italy,2026-08-18 15:14:59,,,,,,,,,,,,,0,50,,WORLD_POLYGON_CENTROID,,,,,12
416,SIC-CKGFWDZZ-1AC9N6KG-3,CAT Arcobaleno,CLUB,LOCAL_CLUB,10,#22C55E,Europe,Italy,Lombardia,PV,Stradella,Via Montebello 27,45.0764,9.2975,CITY,VERIFIED_INSTITUTION_CURRENT,SIC-SAPSJ5F6-GDEFRWNM-E,https://www.ats-pavia.it/gap/ama,ATS Pavia,it,,,,0,0,54,0,2026-08-18 13:21:46,2026-09-19 14:22:34,,,,20,Italy,2026-08-18 15:14:59,,,,,,,,,,,,,0,50,,WORLD_POLYGON_CENTROID,,,,,11
508,SIC-ZJ8C8RFB-JGV8K967-7,CAT Suzzara Magnolia Fiorita,CAT,LOCAL_CLUB,10,#22C55E,Europe,Italy,Lombardia,Mantova,Suzzara,"viale Libertà 32, Centro Sociale",44.9922,10.7439,CITY,ACTIVE_VERIFIED,SIC-V29S2677-C4ZKT9AH-F,https://www.arcatlombardia.it/CAT_Mantova.html,ARCAT Lombardia official,it,giovedì 20:00,348 545 3752,,0,0,74,0,2026-08-18 14:07:28,2026-09-19 14:22:34,,348 545 3752,,20,Italy,2026-08-18 15:14:59,,,,,,,,,,,,,0,50,,WORLD_POLYGON_CENTROID,,,,,10
484,SIC-HY5B4MH3-2VQPJ6H8-Q,ACAT Como,ACAT,TERRITORIAL_ASSOCIATION,25,#14B8A6,Europe,Italy,Lombardia,Como,Tavernerio,via Santa Brigida 4,45.464,9.19,CITY,ACTIVE_VERIFIED,SIC-W45XMWNN-5YPZP9S0-Q,https://www.arcatlombardia.it/CAT_Como.html,ARCAT Lombardia official,it,,331 549 0142; cirilloangelo67@gmail.com,,4,4,70,0,2026-08-18 14:07:28,2026-09-19 14:22:34,,331 549 0142,cirilloangelo67@gmail.com,0,,,,,,,,,,,,,,,0,50,,,,,,,85
315,SIC-82EBJ0WA-SM0DWGBX-F,CAT Telgate,CLUB,LOCAL_CLUB,10,#22C55E,Europe,Italy,Lombardia,BERGAMO,Telgate,"Piazza Vittorio Veneto 42, Municipio",45.6267,9.8519,CITY,VERIFIED_OFFICIAL_CURRENT,SIC-W45XMWNN-5YPZP9S0-Q,https://www.arcatlombardia.it/CAT_Bergamo.html,ARCAT Lombardia ufficiale,it,Giovedì 20:30,,Parent ACAT ricostruibile dalla pagina sorgente; da normalizzare nella fase 2,0,0,74,0,2026-08-18 13:21:46,2026-09-19 14:22:34,https://www.arcatlombardia.it/CAT_Bergamo.html,,,20,Italy,2026-08-18 15:14:59,,,,,,,,,,,,,0,50,,WORLD_POLYGON_CENTROID,,,,,12
274,SIC-QG77K2H4-K86H29DZ-Q,ACAT Isola Bergamasca,TERRITORIAL,TERRITORIAL,20,#14B8A6,Europe,Italy,Lombardia,BG,Terno d'Isola,Via G. Bravi 16,45.6875,9.5317,CITY,ACTIVE_VERIFIED_2026,SIC-W45XMWNN-5YPZP9S0-Q,https://acatisolabergamasca.org,OSINT_DIRECTORY_2026,it,,328 3071891; acatisolabergamasca@libero.it,Sito ufficiale dei Club dell'Isola Bergamasca.,0,0,84,0,2026-08-18 13:21:46,2026-09-19 14:22:34,https://acatisolabergamasca.org,328 3071891,acatisolabergamasca@libero.it,0,,,,,,,,,,,,,,,0,50,,,,,,,85
290,SIC-35TNEBRE-4WRHTC4G-7,CAT Terno d'Isola 1,CLUB,LOCAL_CLUB,10,#22C55E,Europe,Italy,Lombardia,BERGAMO,Terno d'Isola,"Via G. Bravi 15, ex Scuole Elementari",45.6875,9.5317,CITY,VERIFIED_OFFICIAL_CURRENT,SIC-W45XMWNN-5YPZP9S0-Q,https://www.arcatlombardia.it/CAT_Bergamo.html,ARCAT Lombardia ufficiale,it,Sabato 15:00,,Parent ACAT ricostruibile dalla pagina sorgente; da normalizzare nella fase 2,0,0,80,0,2026-08-18 13:21:46,2026-09-19 14:22:34,https://www.arcatlombardia.it/CAT_Bergamo.html,,,78,"Terno d'Isola, Italy | https://zw.maptons.com/193841",2026-08-18 14:38:37,,,,,,,,,,,,,0,50,,,,,,,10
291,SIC-VZW9K4S8-76N5YEM2-G,CAT Terno d'Isola 2,CLUB,LOCAL_CLUB,10,#22C55E,Europe,Italy,Lombardia,BERGAMO,Terno d'Isola,"Via G. Bravi 15, ex Scuole Elementari",45.6875,9.5317,CITY,VERIFIED_OFFICIAL_CURRENT,SIC-W45XMWNN-5YPZP9S0-Q,https://www.arcatlombardia.it/CAT_Bergamo.html,ARCAT Lombardia ufficiale,it,Mercoledì 20:30,,Parent ACAT ricostruibile dalla pagina sorgente; da normalizzare nella fase 2,0,0,80,0,2026-08-18 13:21:46,2026-09-19 14:22:34,https://www.arcatlombardia.it/CAT_Bergamo.html,,,78,"Terno d'Isola, Italy | https://zw.maptons.com/193841",2026-08-18 14:38:37,,,,,,,,,,,,,0,50,,,,,,,11
292,SIC-J7W09KHH-RC89M5X4-K,CAT Terno d'Isola 3,CLUB,LOCAL_CLUB,10,#22C55E,Europe,Italy,Lombardia,BERGAMO,Terno d'Isola,"Via G. Bravi 15, ex Scuole Elementari",45.6875,9.5317,CITY,VERIFIED_OFFICIAL_CURRENT,SIC-W45XMWNN-5YPZP9S0-Q,https://www.arcatlombardia.it/CAT_Bergamo.html,ARCAT Lombardia ufficiale,it,Martedì 20:30,,Parent ACAT ricostruibile dalla pagina sorgente; da normalizzare nella fase 2,0,0,80,0,2026-08-18 13:21:46,2026-09-19 14:22:34,https://www.arcatlombardia.it/CAT_Bergamo.html,,,78,"Terno d'Isola, Italy | https://zw.maptons.com/193841",2026-08-18 14:38:37,,,,,,,,,,,,,0,50,,,,,,,11
285,SIC-X9CQ00H3-20GSDK86-J,CAT Bergamo 8 - Torre Boldone,CLUB,LOCAL_CLUB,10,#22C55E,Europe,Italy,Lombardia,BERGAMO,Torre Boldone,"Piazza Mercato, Centro polivalente",45.7144,9.7042,CITY,VERIFIED_OFFICIAL_CURRENT,SIC-W45XMWNN-5YPZP9S0-Q,https://www.arcatlombardia.it/CAT_Bergamo.html,ARCAT Lombardia ufficiale,it,Giovedì 20:30,,Parent ACAT ricostruibile dalla pagina sorgente; da normalizzare nella fase 2,0,0,74,0,2026-08-18 13:21:46,2026-09-19 14:22:34,https://www.arcatlombardia.it/CAT_Bergamo.html,,,20,Italy,2026-08-18 15:14:59,,,,,,,,,,,,,0,50,,WORLD_POLYGON_CENTROID,,,,,12
408,SIC-3J001BFC-JQ787EMH-8,"CAT 2 ""Melograno""",CLUB,LOCAL_CLUB,10,#22C55E,Europe,Italy,Lombardia,PV,Torre d'Isola,"Via De Paoli, Oratorio Don Bosco",45.2167,9.0833,CITY,VERIFIED_INSTITUTION_CURRENT,SIC-SAPSJ5F6-GDEFRWNM-E,https://www.ats-pavia.it/gap/ama,ATS Pavia,it,,,,0,0,54,0,2026-08-18 13:21:46,2026-09-19 14:22:34,,,,20,Italy,2026-08-18 15:14:59,,,,,,,,,,,,,0,50,,WORLD_POLYGON_CENTROID,,,,,10
410,SIC-J68AH3EV-2461M2VT-G,"CAT 5 ""Iris""",CLUB,LOCAL_CLUB,10,#22C55E,Europe,Italy,Lombardia,PV,Travacò Siccomario,Via A. Gramsci 5,45.15,9.1667,CITY,VERIFIED_INSTITUTION_CURRENT,SIC-SAPSJ5F6-GDEFRWNM-E,https://www.ats-pavia.it/gap/ama,ATS Pavia,it,,,,0,0,54,0,2026-08-18 13:21:46,2026-09-19 14:22:34,,,,20,Italy,2026-08-18 15:14:59,,,,,,,,,,,,,0,50,,WORLD_POLYGON_CENTROID,,,,,10
316,SIC-8HPRSYYE-NB1T7G7Z-F,CAT Trescore Balneario,CLUB,LOCAL_CLUB,10,#22C55E,Europe,Italy,Lombardia,BERGAMO,Trescore Balneario,Oratorio,45.6961,9.8428,CITY,VERIFIED_OFFICIAL_CURRENT,SIC-W45XMWNN-5YPZP9S0-Q,https://www.arcatlombardia.it/CAT_Bergamo.html,ARCAT Lombardia ufficiale,it,Lunedì 20:30,,Parent ACAT ricostruibile dalla pagina sorgente; da normalizzare nella fase 2,0,0,74,0,2026-08-18 13:21:46,2026-09-19 14:22:34,https://www.arcatlombardia.it/CAT_Bergamo.html,,,20,Italy,2026-08-18 15:14:59,,,,,,,,,,,,,0,50,,WORLD_POLYGON_CENTROID,,,,,11
684,SIC-CAT-ITA-BCAA47E6,Club CAT Treviglio · San Martino,,LOCAL_CLUB,50,,,Italy,Lombardia,BG,Treviglio,Piazza Insurrezione 4,45.5217,9.5925,,,,https://facebook.com/acatbergamo,,,,,Comunità della Bassa Bergamasca con 11 famiglie.,0,0,0,0,2026-09-20 14:04:17,2026-09-20 14:04:17,https://facebook.com/acatbergamo,0363 41234,acattreviglio@gmail.com,0,,,,,,24047,https://facebook.com/acatbergamo,,,,,,,,0,50,,,,ACAT BG,,,11
637,SIC-APCAT-264C92AB-0A3FA4A7,APCAT Varese,APCAT,PROVINCIAL,30,#3B82F6,Europe,Italy,Lombardia,VA,Varese,Piazza Motta 4,45.8206,8.8251,CITY,ACTIVE_VERIFIED,,https://www.arcatlombardia.it,AICAT_ARCAT_OFFICIAL,it,,,Coordinamento territoriale di 15 Club multifamiliari della provincia di Varese.,0,0,0,0,2026-09-20 13:25:12,2026-09-20 13:25:12,https://www.arcatlombardia.it,0332 281234,apcatvarese@libero.it,0,,,,,,21100,,,,,,,,,0,85,,,,,,,220
419,SIC-VPR9BVK4-E1WDPVT8-M,CAT Rinascita 2,CLUB,LOCAL_CLUB,10,#22C55E,Europe,Italy,Lombardia,BS,Verolavecchia,Piazza Giuseppe Verdi,45.3314,10.0542,CITY,VERIFIED_CURRENT_2026,SIC-SAPSJ5F6-GDEFRWNM-E,https://www.failmeglio.it/dove-sono-i-club/,Club network directory updated March 2026,it,,,,0,0,54,0,2026-08-18 13:21:46,2026-09-19 14:22:34,,,,20,Italy,2026-08-18 15:14:59,,,,,,,,,,,,,0,50,,WORLD_POLYGON_CENTROID,,,,,10
302,SIC-B7G36G01-HAEXAPT1-7,CAT 3 - Il Cammino,CLUB,LOCAL_CLUB,10,#22C55E,Europe,Italy,Lombardia,BERGAMO,Vertova,"Via Convento, ex Convento",45.8156,9.8514,CITY,VERIFIED_OFFICIAL_CURRENT,SIC-W45XMWNN-5YPZP9S0-Q,https://www.arcatlombardia.it/CAT_Bergamo.html,ARCAT Lombardia ufficiale,it,Lunedì 20:30,,Parent ACAT ricostruibile dalla pagina sorgente; da normalizzare nella fase 2,0,0,74,0,2026-08-18 13:21:46,2026-09-19 14:22:34,https://www.arcatlombardia.it/CAT_Bergamo.html,,,20,Italy,2026-08-18 15:14:59,,,,,,,,,,,,,0,50,,WORLD_POLYGON_CENTROID,,,,,12
495,SIC-RQNW9N22-9AX4NVBC-0,CAT Speranza,CAT,LOCAL_CLUB,10,#22C55E,Europe,Italy,Lombardia,Cremona,Vescovato,"via Garibaldi 99, Cremona Soccorso",45.1747,10.1656,CITY,ACTIVE_VERIFIED,SIC-NWCVQG4V-5Y2JH6TG-V,https://www.arcatlombardia.it/CAT_Cremona.html,ARCAT Lombardia official,it,mercoledì 18:30,335 807 9564,,0,0,74,0,2026-08-18 14:07:28,2026-09-19 14:22:34,,335 807 9564,,20,Italy,2026-08-18 15:14:59,,,,,,,,,,,,,0,50,,WORLD_POLYGON_CENTROID,,,,,12
333,SIC-PZ5ZBZQD-A0S04SHY-4,CAT Orizzonte,CLUB,LOCAL_CLUB,10,#22C55E,Europe,Italy,Lombardia,BRESCIA,Vestone,"Via Pialorsi 14, saletta conferenze",45.7119,10.4042,CITY,VERIFIED_OFFICIAL_CURRENT,SIC-W45XMWNN-5YPZP9S0-Q,https://www.arcatlombardia.it/CAT_Brescia.html,ARCAT Lombardia ufficiale,it,Lunedì 20:00,,,0,0,74,0,2026-08-18 13:21:46,2026-09-19 14:22:34,https://www.arcatlombardia.it/CAT_Brescia.html,,,20,Italy,2026-08-18 15:14:59,,,,,,,,,,,,,0,50,,WORLD_POLYGON_CENTROID,,,,,10
509,SIC-3RSDV7AM-VCGEDMYW-H,CAT Viadana Solidarietà e Speranza,CAT,LOCAL_CLUB,10,#22C55E,Europe,Italy,Lombardia,Mantova,Viadana,,44.9317,10.5256,CITY,ACTIVE_VERIFIED,SIC-V29S2677-C4ZKT9AH-F,https://www.arcatlombardia.it/CAT_Mantova.html,ARCAT Lombardia official,it,lunedì 18:30,340 351 5125,,0,0,59,0,2026-08-18 14:07:28,2026-09-19 14:22:34,,340 351 5125,,20,Italy,2026-08-18 15:14:59,,,,,,,,,,,,,0,50,,WORLD_POLYGON_CENTROID,,,,,12
279,SIC-B97Y4XYJ-7WYGCJSK-D,ACAT Parco dei Colli,TERRITORIAL,TERRITORIAL,20,#14B8A6,Europe,Italy,Lombardia,BERGAMO,Villa d'Almè,"Via Locatelli, Municipio",45.7483,9.6156,CITY,VERIFIED_OFFICIAL_CURRENT,SIC-W45XMWNN-5YPZP9S0-Q,https://www.arcatlombardia.it/CAT_Bergamo.html,ARCAT Lombardia ufficiale,it,,340 2716420; acat.parcodeicolli@libero.it,,0,0,84,0,2026-08-18 13:21:46,2026-09-19 14:22:34,https://www.arcatlombardia.it/CAT_Bergamo.html,340 2716420,acat.parcodeicolli@libero.it,0,,,,,,,,,,,,,,,0,50,,,,,,,85
311,SIC-VCW9B4MD-RDQ2QAZS-M,CAT Villa d'Almè 1,CLUB,LOCAL_CLUB,10,#22C55E,Europe,Italy,Lombardia,BERGAMO,Villa d'Almè,"Passaggio del Borgo, Sala Polifunzionale",45.7483,9.6156,CITY,VERIFIED_OFFICIAL_CURRENT,SIC-W45XMWNN-5YPZP9S0-Q,https://www.arcatlombardia.it/CAT_Bergamo.html,ARCAT Lombardia ufficiale,it,Mercoledì 17:30,,Parent ACAT ricostruibile dalla pagina sorgente; da normalizzare nella fase 2,0,0,74,0,2026-08-18 13:21:46,2026-09-19 14:22:34,https://www.arcatlombardia.it/CAT_Bergamo.html,,,20,Italy,2026-08-18 15:14:59,,,,,,,,,,,,,0,50,,WORLD_POLYGON_CENTROID,,,,,12
312,SIC-F0JMH45X-2TPDR59P-Y,CAT Villa d'Almè 2,CLUB,LOCAL_CLUB,10,#22C55E,Europe,Italy,Lombardia,BERGAMO,Villa d'Almè,"Passaggio del Borgo, Sala Polifunzionale",45.7483,9.6156,CITY,VERIFIED_OFFICIAL_CURRENT,SIC-W45XMWNN-5YPZP9S0-Q,https://www.arcatlombardia.it/CAT_Bergamo.html,ARCAT Lombardia ufficiale,it,Lunedì 20:30,,Parent ACAT ricostruibile dalla pagina sorgente; da normalizzare nella fase 2,0,0,74,0,2026-08-18 13:21:46,2026-09-19 14:22:34,https://www.arcatlombardia.it/CAT_Bergamo.html,,,20,Italy,2026-08-18 15:14:59,,,,,,,,,,,,,0,50,,WORLD_POLYGON_CENTROID,,,,,11
329,SIC-98ZR025Y-X1V5JHZX-Y,CAT Arcobaleno,CLUB,LOCAL_CLUB,10,#22C55E,Europe,Italy,Lombardia,BRESCIA,Vobarno,Largo Donatori di Sangue,45.6425,10.5033,CITY,VERIFIED_OFFICIAL_CURRENT,SIC-W45XMWNN-5YPZP9S0-Q,https://www.arcatlombardia.it/CAT_Brescia.html,ARCAT Lombardia ufficiale,it,Martedì 20:00,,,0,0,74,0,2026-08-18 13:21:46,2026-09-19 14:22:34,https://www.arcatlombardia.it/CAT_Brescia.html,,,20,Italy,2026-08-18 15:14:59,,,,,,,,,,,,,0,50,,WORLD_POLYGON_CENTROID,,,,,11
330,SIC-T1QMJ0KB-XQAX9X0F-P,CAT La Goccia,CLUB,LOCAL_CLUB,10,#22C55E,Europe,Italy,Lombardia,BRESCIA,Vobarno,Largo Donatori di Sangue,45.6425,10.5033,CITY,VERIFIED_OFFICIAL_CURRENT,SIC-W45XMWNN-5YPZP9S0-Q,https://www.arcatlombardia.it/CAT_Brescia.html,ARCAT Lombardia ufficiale,it,Lunedì 20:30,,,0,0,74,0,2026-08-18 13:21:46,2026-09-19 14:22:34,https://www.arcatlombardia.it/CAT_Brescia.html,,,20,Italy,2026-08-18 15:14:59,,,,,,,,,,,,,0,50,,WORLD_POLYGON_CENTROID,,,,,10
414,SIC-3X81CBQ6-2R6JZQDD-0,CAT Voghera,CLUB,LOCAL_CLUB,10,#22C55E,Europe,Italy,Lombardia,PV,Voghera,"Piazza Meardi 2, Sala Zonca",44.9936,9.0097,CITY,VERIFIED_INSTITUTION_CURRENT,SIC-SAPSJ5F6-GDEFRWNM-E,https://www.ats-pavia.it/gap/ama,ATS Pavia,it,,,,0,0,54,0,2026-08-18 13:21:46,2026-09-19 14:22:34,,,,20,Italy,2026-08-18 15:14:59,,,,,,,,,,,,,0,50,,WORLD_POLYGON_CENTROID,,,,,12
297,SIC-ACHD21YD-HZ2D2Q30-Q,CAT Zanica,CLUB,LOCAL_CLUB,10,#22C55E,Europe,Italy,Lombardia,BERGAMO,Zanica,"Piazza Repubblica, Centro Socio Culturale",45.6419,9.6869,CITY,VERIFIED_OFFICIAL_CURRENT,SIC-W45XMWNN-5YPZP9S0-Q,https://www.arcatlombardia.it/CAT_Bergamo.html,ARCAT Lombardia ufficiale,it,Lunedì 20:30,,Parent ACAT ricostruibile dalla pagina sorgente; da normalizzare nella fase 2,0,0,74,0,2026-08-18 13:21:46,2026-09-19 14:22:34,https://www.arcatlombardia.it/CAT_Bergamo.html,,,20,Italy,2026-08-18 15:14:59,,,,,,,,,,,,,0,50,,WORLD_POLYGON_CENTROID,,,,,10
666,SIC-APCAT-EB204436-5C360377,APCAT Ancona e Conero,APCAT,PROVINCIAL,30,#3B82F6,Europe,Italy,Marche,AN,Ancona,Corso Mazzini 54,43.6166,13.5189,CITY,ACTIVE_VERIFIED,,https://aicat.net,AICAT_ARCAT_OFFICIAL,it,,,Associazione Provinciale per i Club della provincia dorica.,0,0,0,0,2026-09-20 13:25:12,2026-09-20 13:25:12,https://aicat.net,071 201234,apcatancona@gmail.com,0,,,,,,60121,,,,,,,,,0,85,,,,,,,220
355,SIC-WZH7Z5ZH-9NH5S5X3-6,Ce La Faremo,CLUB,LOCAL_CLUB,10,#22C55E,Europe,Italy,Marche,PESARO E URBINO,Cagli,Via Lapis 8,43.5469,12.6508,CITY,VERIFIED_OFFICIAL_CURRENT,SIC-JQ09PERZ-53Q5953G-1,https://www.arcatmarche.it/dove-siamo/,ARCAT Marche ufficiale,it,Giovedì 17:30,3387132923,,0,0,84,0,2026-08-18 13:21:46,2026-09-19 14:22:34,https://www.arcatmarche.it/dove-siamo/,3387132923,,20,Italy,2026-08-18 15:14:59,,,,,,,,,,,,,0,50,,WORLD_POLYGON_CENTROID,,,,,11
601,SIC-CAT-MARCHE-231372,Club CAT Ce la faremo,CAT,LOCAL_CLUB,1,#D4AF37,Europe,Italy,Marche,PU,Cagli,"Via Lapis, 8",43.5469,12.6508,CITY,ACTIVE_VERIFIED_2026,SIC-D9B64FBFD3CE,https://www.arcatmarche.it,ARCAT Marche Ufficiale,it,Settimanale,349 7656452,Territorio Alto Metauro.,0,0,0,0,2026-09-19 14:19:03,2026-09-19 14:22:34,https://www.arcatmarche.it,349 7656452,arcatmarche@libero.it,0,,,,,,,,,,,,,,,0,50,,,,,,,10
232,SIC-JQ09PERZ-53Q5953G-1,ARCAT Marche ETS-ODV,REGIONAL,REGIONAL,40,#8B5CF6,Europe,Italy,Marche,FM,Campofilone,"C.da Montecamauro, 6",43.0808,13.8217,CITY,ACTIVE_VERIFIED_2026,SIC-A5AE0RB4-VN6Z09JB-X,https://aicat.net/index.php?page=contatti,AICAT / ARCAT Directory Ufficiale,it,,349 7656452; arcatmarche@libero.it,"Riferimento regionale ARCAT Marche (Campofilone, FM) o tramite Ser.D delle AST marchigiane e Numero Verde 800 974250.",15,15,74,0,2026-08-18 13:21:46,2026-09-19 14:22:34,,349 7656452,arcatmarche@libero.it,0,,,,,,,,,,,,,,,0,50,,,,,,,650
592,SIC-CAT-MARCHE-947747,Club CAT L'Orizzonte,CAT,LOCAL_CLUB,1,#D4AF37,Europe,Italy,Marche,FM,Campofilone,"Corso G. Marconi, 25 (c/o Teatro Comunale)",43.0808,13.8217,CITY,ACTIVE_VERIFIED_2026,SIC-D9B64FBFD3CE,https://www.arcatmarche.it,ARCAT Marche Ufficiale,it,Settimanale,349 7656452,Presso Teatro Comunale.,0,0,0,0,2026-09-19 14:19:03,2026-09-19 14:22:34,https://www.arcatmarche.it,349 7656452,arcatmarche@libero.it,0,,,,,,,,,,,,,,,0,50,,,,,,,12
346,SIC-V2C4AWEX-GH97X4YH-H,L'Orizzonte,CLUB,LOCAL_CLUB,10,#22C55E,Europe,Italy,Marche,FERMO,Campofilone,"Corso G. Marconi 25, Teatro Comunale",43.0808,13.8217,CITY,VERIFIED_OFFICIAL_CURRENT,SIC-JQ09PERZ-53Q5953G-1,https://www.arcatmarche.it/dove-siamo/,ARCAT Marche ufficiale,it,,3450709840; amadio2004@libero.it,,0,0,84,0,2026-08-18 13:21:46,2026-09-19 14:22:34,https://www.arcatmarche.it/dove-siamo/,3450709840,amadio2004@libero.it,20,Italy,2026-08-18 15:14:59,,,,,,,,,,,,,0,50,,WORLD_POLYGON_CENTROID,,,,,12
600,SIC-CAT-MARCHE-168833,Club CAT Vladimir Hudolin,CAT,LOCAL_CLUB,1,#D4AF37,Europe,Italy,Marche,AP,Centobuchi di Monteprandone,"Via San Giacomo, 107 (c/o Centro Culturale Pacetti)",42.9208,13.8344,STREET,ACTIVE_VERIFIED_2026,SIC-D9B64FBFD3CE,https://www.arcatmarche.it,ARCAT Marche Ufficiale,it,Settimanale,800 075009,Centro Pacetti.,0,0,0,0,2026-09-19 14:19:03,2026-09-19 14:22:34,https://www.arcatmarche.it,800 075009,arcatmarche@libero.it,0,,,,,,,,,,,,,,,0,50,,,,,,,12
354,SIC-9B4RB3R0-8JQ038Y0-E,Vladimir Hudolin,CLUB,LOCAL_CLUB,10,#22C55E,Europe,Italy,Marche,ASCOLI PICENO,Centobuchi di Monteprandone,"Via San Giacomo 107, Centro culturale Pacetti",42.9208,13.8344,COUNTRY_ONLY,VERIFIED_OFFICIAL_CURRENT,SIC-JQ09PERZ-53Q5953G-1,https://www.arcatmarche.it/dove-siamo/,ARCAT Marche ufficiale,it,,3452260282; marco.castorani8@gmail.com,,0,0,84,0,2026-08-18 13:21:46,2026-09-19 14:22:34,https://www.arcatmarche.it/dove-siamo/,3452260282,marco.castorani8@gmail.com,20,Italy,2026-08-18 15:14:59,,,,,,,,,,,,,0,50,,WORLD_POLYGON_CENTROID,,,,,10
358,SIC-4D8RFG4J-QDA6J172-A,Ad Maiora,CLUB,LOCAL_CLUB,10,#22C55E,Europe,Italy,Marche,MACERATA,Civitanova Marche,Via Crivelli 19,43.3075,13.7289,CITY,VERIFIED_OFFICIAL_CURRENT,SIC-JQ09PERZ-53Q5953G-1,https://www.arcatmarche.it/dove-siamo/,ARCAT Marche ufficiale,it,,3388771873; rosyeglauco@libero.it,,0,0,84,0,2026-08-18 13:21:46,2026-09-19 14:22:34,https://www.arcatmarche.it/dove-siamo/,3388771873,rosyeglauco@libero.it,20,Italy,2026-08-18 15:14:59,,,,,,,,,,,,,0,50,,WORLD_POLYGON_CENTROID,,,,,12
604,SIC-CAT-MARCHE-786956,Club CAT Ad Maiora,CAT,LOCAL_CLUB,1,#D4AF37,Europe,Italy,Marche,MC,Civitanova Marche,"Via Crivelli, 19",43.3075,13.7289,CITY,ACTIVE_VERIFIED_2026,SIC-D9B64FBFD3CE,https://www.arcatmarche.it,ARCAT Marche Ufficiale,it,Settimanale,349 7656452,Sede Civitanova Marche.,0,0,0,0,2026-09-19 14:19:03,2026-09-19 14:22:34,https://www.arcatmarche.it,349 7656452,arcatmarche@libero.it,0,,,,,,,,,,,,,,,0,50,,,,,,,11
345,SIC-Y9D81JA7-NGE9MS18-7,Arcobaleno,CLUB,LOCAL_CLUB,10,#22C55E,Europe,Italy,Marche,FERMO,Fermo,Via Migliorati 2,43.1611,13.7183,CITY,VERIFIED_OFFICIAL_CURRENT,SIC-JQ09PERZ-53Q5953G-1,https://www.arcatmarche.it/dove-siamo/,ARCAT Marche ufficiale,it,,3408200491 / 3388771873; rosyeglauco@libero.it,,0,0,90,0,2026-08-18 13:21:46,2026-09-19 14:22:34,https://www.arcatmarche.it/dove-siamo/,3408200491 / 3388771873,rosyeglauco@libero.it,78,"Fermo, Italy | https://en.wikipedia.org/wiki/Fermo",2026-08-18 14:38:37,,,,,,,,,,,,,0,50,,,,,,,12
591,SIC-CAT-MARCHE-267626,Club CAT Arcobaleno,CAT,LOCAL_CLUB,1,#D4AF37,Europe,Italy,Marche,FM,Fermo,"Via Migliorati, 2",43.1611,13.7183,CITY,ACTIVE_VERIFIED_2026,SIC-D9B64FBFD3CE,https://www.arcatmarche.it,ARCAT Marche Ufficiale,it,Settimanale,349 7656452,Sede centrale Fermo.,0,0,0,0,2026-09-19 14:19:03,2026-09-19 14:22:34,https://www.arcatmarche.it,349 7656452,arcatmarche@libero.it,0,,,,,,,,,,,,,,,0,50,,,,,,,12
593,SIC-CAT-MARCHE-291750,Club CAT L'Astro Nascente,CAT,LOCAL_CLUB,1,#D4AF37,Europe,Italy,Marche,FM,Fermo,"C.da Girola Valtenna, 58 (c/o Centro Sociale Molini Girola)",43.1611,13.7183,CITY,ACTIVE_VERIFIED_2026,SIC-D9B64FBFD3CE,https://www.arcatmarche.it,ARCAT Marche Ufficiale,it,Settimanale,349 7656452,Presso Centro Sociale.,0,0,0,0,2026-09-19 14:19:03,2026-09-19 14:22:34,https://www.arcatmarche.it,349 7656452,arcatmarche@libero.it,0,,,,,,,,,,,,,,,0,50,,,,,,,10
347,SIC-ZSKCQ20T-GQZTDVX7-H,L'Astro Nascente,CLUB,LOCAL_CLUB,10,#22C55E,Europe,Italy,Marche,FERMO,Fermo,"C.da Girola Valtenna 58, centro sociale Molini Girola",43.1611,13.7183,CITY,VERIFIED_OFFICIAL_CURRENT,SIC-JQ09PERZ-53Q5953G-1,https://www.arcatmarche.it/dove-siamo/,ARCAT Marche ufficiale,it,,3335745867; elilia@hotmail.it,,0,0,90,0,2026-08-18 13:21:46,2026-09-19 14:22:34,https://www.arcatmarche.it/dove-siamo/,3335745867,elilia@hotmail.it,78,"Fermo, Italy | https://en.wikipedia.org/wiki/Fermo",2026-08-18 14:38:37,,,,,,,,,,,,,0,50,,,,,,,11
590,SIC-CAT-MARCHE-042108,Club CAT La Rondine,CAT,LOCAL_CLUB,1,#D4AF37,Europe,Italy,Marche,FM,Marina di Altidona,"Via Leonardo da Vinci, 10",43.1025,13.7936,STREET,ACTIVE_VERIFIED_2026,SIC-D9B64FBFD3CE,https://www.arcatmarche.it,ARCAT Marche Ufficiale,it,Settimanale,349 7656452,Incontri settimanali di auto-mutuo-aiuto.,0,0,0,0,2026-09-19 14:19:03,2026-09-19 14:22:34,https://www.arcatmarche.it,349 7656452,arcatmarche@libero.it,0,,,,,,,,,,,,,,,0,50,,,,,,,10
344,SIC-5YVBX06D-1PPYW0P3-Q,La Rondine,CLUB,LOCAL_CLUB,10,#22C55E,Europe,Italy,Marche,FERMO,Marina di Altidona,Via Leonardo da Vinci 10,43.1025,13.7936,COUNTRY_ONLY,VERIFIED_OFFICIAL_CURRENT,SIC-JQ09PERZ-53Q5953G-1,https://www.arcatmarche.it/dove-siamo/,ARCAT Marche ufficiale,it,,3497656452; amadio2004@libero.it,,0,0,84,0,2026-08-18 13:21:46,2026-09-19 14:22:34,https://www.arcatmarche.it/dove-siamo/,3497656452,amadio2004@libero.it,20,Italy,2026-08-18 15:14:59,,,,,,,,,,,,,0,50,,WORLD_POLYGON_CENTROID,,,,,10
596,SIC-CAT-MARCHE-665952,Club CAT Unica Stella,CAT,LOCAL_CLUB,1,#D4AF37,Europe,Italy,Marche,FM,Monte Urano,"Via Monte Grappa, 43",43.2036,13.6739,CITY,ACTIVE_VERIFIED_2026,SIC-D9B64FBFD3CE,https://www.arcatmarche.it,ARCAT Marche Ufficiale,it,Settimanale,349 7656452,Sede comunale.,0,0,0,0,2026-09-19 14:19:03,2026-09-19 14:22:34,https://www.arcatmarche.it,349 7656452,arcatmarche@libero.it,0,,,,,,,,,,,,,,,0,50,,,,,,,11
350,SIC-BZSX8TAZ-TDFQSXBT-P,Unica Stella,CLUB,LOCAL_CLUB,10,#22C55E,Europe,Italy,Marche,FERMO,Monte Urano,Via Monte Grappa 43,43.2036,13.6739,CITY,VERIFIED_OFFICIAL_CURRENT,SIC-JQ09PERZ-53Q5953G-1,https://www.arcatmarche.it/dove-siamo/,ARCAT Marche ufficiale,it,,335343886; luisantonietta@yahoo.it,,0,0,84,0,2026-08-18 13:21:46,2026-09-19 14:22:34,https://www.arcatmarche.it/dove-siamo/,335343886,luisantonietta@yahoo.it,20,Italy,2026-08-18 15:14:59,,,,,,,,,,,,,0,50,,WORLD_POLYGON_CENTROID,,,,,11
595,SIC-CAT-MARCHE-964216,Club CAT Insieme,CAT,LOCAL_CLUB,1,#D4AF37,Europe,Italy,Marche,FM,Porto San Giorgio,"Via D. Silenzi, 10 (c/o Centro Sportivo Don Bosco)",43.1814,13.7933,CITY,ACTIVE_VERIFIED_2026,SIC-D9B64FBFD3CE,https://www.arcatmarche.it,ARCAT Marche Ufficiale,it,Settimanale,349 7656452,Centro Don Bosco.,0,0,0,0,2026-09-19 14:19:03,2026-09-19 14:22:34,https://www.arcatmarche.it,349 7656452,arcatmarche@libero.it,0,,,,,,,,,,,,,,,0,50,,,,,,,11
594,SIC-CAT-MARCHE-010541,Club CAT L'Ancora,CAT,LOCAL_CLUB,1,#D4AF37,Europe,Italy,Marche,FM,Porto San Giorgio,"Via D. Silenzi, 10 (c/o Centro Sportivo Don Bosco)",43.1814,13.7933,CITY,ACTIVE_VERIFIED_2026,SIC-D9B64FBFD3CE,https://www.arcatmarche.it,ARCAT Marche Ufficiale,it,Settimanale,349 7656452,Centro Don Bosco.,0,0,0,0,2026-09-19 14:19:03,2026-09-19 14:22:34,https://www.arcatmarche.it,349 7656452,arcatmarche@libero.it,0,,,,,,,,,,,,,,,0,50,,,,,,,10
349,SIC-TVA7ZDHS-SJYHB3ZC-K,Insieme,CLUB,LOCAL_CLUB,10,#22C55E,Europe,Italy,Marche,FERMO,Porto San Giorgio,"Via D. Silenzi 10, centro sportivo Don Bosco",43.1814,13.7933,CITY,VERIFIED_OFFICIAL_CURRENT,SIC-JQ09PERZ-53Q5953G-1,https://www.arcatmarche.it/dove-siamo/,ARCAT Marche ufficiale,it,,3471862122; urbanistefano1952@libero.it,,0,0,90,0,2026-08-18 13:21:46,2026-09-19 14:22:34,https://www.arcatmarche.it/dove-siamo/,3471862122,urbanistefano1952@libero.it,78,"Porto San Giorgio, Italy | https://www.geloky.com/geocoding/place/Porto%2BSan%2BGiorgio%2BItaly",2026-08-18 14:40:41,,,,,,,,,,,,,0,50,,,,,,,10
348,SIC-8T4VCHYW-67WGCBKA-8,L'Ancora,CLUB,LOCAL_CLUB,10,#22C55E,Europe,Italy,Marche,FERMO,Porto San Giorgio,"Via D. Silenzi 10, centro sportivo Don Bosco",43.1814,13.7933,CITY,VERIFIED_OFFICIAL_CURRENT,SIC-JQ09PERZ-53Q5953G-1,https://www.arcatmarche.it/dove-siamo/,ARCAT Marche ufficiale,it,,3487290866; luiginazazio@hotmail.com,,0,0,90,0,2026-08-18 13:21:46,2026-09-19 14:22:34,https://www.arcatmarche.it/dove-siamo/,3487290866,luiginazazio@hotmail.com,78,"Porto San Giorgio, Italy | https://www.geloky.com/geocoding/place/Porto%2BSan%2BGiorgio%2BItaly",2026-08-18 14:40:41,,,,,,,,,,,,,0,50,,,,,,,10
599,SIC-CAT-MARCHE-205196,Club CAT Pegasus,CAT,LOCAL_CLUB,1,#D4AF37,Europe,Italy,Marche,AP,Porto d'Ascoli,"Via Gronchi, 17",42.9197,13.8864,CITY,ACTIVE_VERIFIED_2026,SIC-D9B64FBFD3CE,https://www.arcatmarche.it,ARCAT Marche Ufficiale,it,Settimanale,800 075009,Sede Porto d'Ascoli.,0,0,0,0,2026-09-19 14:19:03,2026-09-19 14:22:34,https://www.arcatmarche.it,800 075009,arcatmarche@libero.it,0,,,,,,,,,,,,,,,0,50,,,,,,,12
353,SIC-SG48SH8T-PC77PPQP-F,Pegasus,CLUB,LOCAL_CLUB,10,#22C55E,Europe,Italy,Marche,ASCOLI PICENO,Porto d'Ascoli,Via Gronchi 17,42.9197,13.8864,CITY,VERIFIED_OFFICIAL_CURRENT,SIC-JQ09PERZ-53Q5953G-1,https://www.arcatmarche.it/dove-siamo/,ARCAT Marche ufficiale,it,,3402290219,,0,0,74,0,2026-08-18 13:21:46,2026-09-19 14:22:34,https://www.arcatmarche.it/dove-siamo/,3402290219,,20,Italy,2026-08-18 15:14:59,,,,,,,,,,,,,0,50,,WORLD_POLYGON_CENTROID,,,,,10
598,SIC-CAT-MARCHE-244001,Club CAT Il Faro,CAT,LOCAL_CLUB,1,#D4AF37,Europe,Italy,Marche,AP,San Benedetto del Tronto,Piazza San Filippo Neri (c/o Parrocchia S. Filippo Neri),42.9436,13.8828,CITY,ACTIVE_VERIFIED_2026,SIC-D9B64FBFD3CE,https://www.arcatmarche.it,ARCAT Marche Ufficiale,it,Settimanale,800 075009,Parrocchia San Filippo Neri.,0,0,0,0,2026-09-19 14:19:03,2026-09-19 14:22:34,https://www.arcatmarche.it,800 075009,arcatmarche@libero.it,0,,,,,,,,,,,,,,,0,50,,,,,,,12
597,SIC-CAT-MARCHE-088445,Club CAT Le Palme,CAT,LOCAL_CLUB,1,#D4AF37,Europe,Italy,Marche,AP,San Benedetto del Tronto,"Via Manzoni, 36 (c/o Servizio Risposte Alcologiche)",42.9436,13.8828,CITY,ACTIVE_VERIFIED_2026,SIC-D9B64FBFD3CE,https://www.arcatmarche.it,ARCAT Marche Ufficiale,it,Settimanale,800 075009,Raccordo con Servizio Risposte Alcologiche e CAAT (800 075 009).,0,0,0,0,2026-09-19 14:19:03,2026-09-19 14:22:34,https://www.arcatmarche.it,800 075009,arcatmarche@libero.it,0,,,,,,,,,,,,,,,0,50,,,,,,,12
352,SIC-0VKKQVM6-CZH1W15P-K,Il Faro,CLUB,LOCAL_CLUB,10,#22C55E,Europe,Italy,Marche,ASCOLI PICENO,San Benedetto del Tronto,"Piazza San Filippo Neri, Parrocchia San Filippo Neri",42.9436,13.8828,CITY,VERIFIED_OFFICIAL_CURRENT,SIC-JQ09PERZ-53Q5953G-1,https://www.arcatmarche.it/dove-siamo/,ARCAT Marche ufficiale,it,,3397948429; 56renziero@gmail.com,,0,0,90,0,2026-08-18 13:21:46,2026-09-19 14:22:34,https://www.arcatmarche.it/dove-siamo/,3397948429,56renziero@gmail.com,78,"San Benedetto del Tronto, Italy | https://en.wikipedia.org/wiki/San_Benedetto_del_Tronto",2026-08-18 14:40:41,,,,,,,,,,,,,0,50,,,,,,,11
351,SIC-QW9K2HHF-1CKTM4TV-Y,Le Palme,CLUB,LOCAL_CLUB,10,#22C55E,Europe,Italy,Marche,ASCOLI PICENO,San Benedetto del Tronto,"Via Manzoni 36, Servizio Risposte Alcologiche",42.9436,13.8828,CITY,VERIFIED_OFFICIAL_CURRENT,SIC-JQ09PERZ-53Q5953G-1,https://www.arcatmarche.it/dove-siamo/,ARCAT Marche ufficiale,it,,3337754541; sabvici@libero.it,,0,0,90,0,2026-08-18 13:21:46,2026-09-19 14:22:34,https://www.arcatmarche.it/dove-siamo/,3337754541,sabvici@libero.it,78,"San Benedetto del Tronto, Italy | https://en.wikipedia.org/wiki/San_Benedetto_del_Tronto",2026-08-18 14:40:41,,,,,,,,,,,,,0,50,,,,,,,11
602,SIC-CAT-MARCHE-221817,Club CAT L'Incontro,CAT,LOCAL_CLUB,1,#D4AF37,Europe,Italy,Marche,PU,Urbania,"Via Roma, 54",43.6675,12.5222,CITY,ACTIVE_VERIFIED_2026,SIC-D9B64FBFD3CE,https://www.arcatmarche.it,ARCAT Marche Ufficiale,it,Settimanale,349 7656452,Sede Urbania.,0,0,0,0,2026-09-19 14:19:03,2026-09-19 14:22:34,https://www.arcatmarche.it,349 7656452,arcatmarche@libero.it,0,,,,,,,,,,,,,,,0,50,,,,,,,10
356,SIC-7MKM7WKT-DSJJSJW7-D,L'Incontro,CLUB,LOCAL_CLUB,10,#22C55E,Europe,Italy,Marche,PESARO E URBINO,Urbania,Via Roma 54,43.6675,12.5222,CITY,VERIFIED_OFFICIAL_CURRENT,SIC-JQ09PERZ-53Q5953G-1,https://www.arcatmarche.it/dove-siamo/,ARCAT Marche ufficiale,it,Lunedì 18:00,3463794502,,0,0,84,0,2026-08-18 13:21:46,2026-09-19 14:22:34,https://www.arcatmarche.it/dove-siamo/,3463794502,,20,Italy,2026-08-18 15:14:59,,,,,,,,,,,,,0,50,,WORLD_POLYGON_CENTROID,,,,,10
603,SIC-CAT-MARCHE-863963,Club CAT Uscendo dalla nebbia,CAT,LOCAL_CLUB,1,#D4AF37,Europe,Italy,Marche,PU,Urbino,"Via Guido da Montefeltro, 45",43.7264,12.6364,CITY,ACTIVE_VERIFIED_2026,SIC-D9B64FBFD3CE,https://www.arcatmarche.it,ARCAT Marche Ufficiale,it,Settimanale,349 7656452,Sede Urbino Centro.,0,0,0,0,2026-09-19 14:19:03,2026-09-19 14:22:34,https://www.arcatmarche.it,349 7656452,arcatmarche@libero.it,0,,,,,,,,,,,,,,,0,50,,,,,,,10
357,SIC-YPAQN9RY-DG2ZM81H-9,Uscendo dalla Nebbia,CLUB,LOCAL_CLUB,10,#22C55E,Europe,Italy,Marche,PESARO E URBINO,Urbino,Via Guido da Montefeltro 45,43.7264,12.6364,CITY,VERIFIED_OFFICIAL_CURRENT,SIC-JQ09PERZ-53Q5953G-1,https://www.arcatmarche.it/dove-siamo/,ARCAT Marche ufficiale,it,Mercoledì 17:30,3476258643,,0,0,84,0,2026-08-18 13:21:46,2026-09-19 14:22:34,https://www.arcatmarche.it/dove-siamo/,3476258643,,20,Italy,2026-08-18 15:14:59,,,,,,,,,,,,,0,50,,WORLD_POLYGON_CENTROID,,,,,11
233,SIC-RDTRPEX7-DANAZ51D-R,ARCAT Molise,REGIONAL,REGIONAL,40,#8B5CF6,Europe,Italy,Molise,CB,Campobasso,Via Cirese snc,41.5603,14.6627,CITY,ACTIVE_VERIFIED_2026,SIC-A5AE0RB4-VN6Z09JB-X,https://www.arcatmolise.com,AICAT / ARCAT Directory Ufficiale,it,,338 1614519; arcatmolise@libero.it,Associazione regionale del Molise.,0,0,74,0,2026-08-18 13:21:46,2026-09-19 14:22:34,https://www.arcatmolise.com,338 1614519,arcatmolise@libero.it,0,,,,,,,,,,,,,,,0,50,,,,,,,650
359,SIC-XBKX2R4W-29B2ZPC6-8,Piemonte,REGION_SYNTH,REGIONAL,40,#8B5CF6,Europe,Italy,Piemonte,,,,41.14015,11.47832,COUNTRY_DISTRIBUTED_ESTIMATE,SYNTHETIC_HIERARCHY,SIC-SAPSJ5F6-GDEFRWNM-E,,,,,,,3,3,14,1,2026-08-18 13:21:46,2026-09-19 14:22:34,,,,0,,,,,,,,,,,,,,,0,50,,,,,,,1800
560,SIC-ACAT-ALBA-CN,ACAT Alba Langhe e Roero ODV,,TERRITORIAL,2,#F5DF88,Europe,Italy,Piemonte,CN,Alba,,44.7008,8.0358,CITY,ACTIVE_VERIFIED_2026,SIC-51N3J0HD-VGNN2JP1-6,https://www.aslcn2.it,OSINT_DIRECTORY_2026,it,,,"Attiva nelle Langhe e Roero (Alba, Canale, Cortemilia) in convenzione ASL CN2.",0,0,90,0,2026-09-18 13:50:44,2026-09-19 14:22:34,,,,0,,,,,,,,,,,,,,,0,50,,,,,,,85
360,SIC-KEAEH7GH-5K07WEMV-W,CAT Alba,CLUB,LOCAL_CLUB,10,#22C55E,Europe,Italy,Piemonte,CUNEO,Alba,,44.7008,8.0358,CITY,VERIFIED_PUBLIC_INSTITUTION,SIC-XBKX2R4W-29B2ZPC6-8,https://www.aslcn2.it/associazioni-di-volontariato/sostegno-persone-in-difficolta/acat-alba-langhe-roero/,ASL CN2,it,,,"ASL CN2 dichiara tre Club attivi ad Alba, Canale e Cortemilia; indirizzo specifico non pubblicato nella scheda",0,0,49,0,2026-08-18 13:21:46,2026-09-19 14:22:34,https://www.aslcn2.it/associazioni-di-volontariato/sostegno-persone-in-difficolta/acat-alba-langhe-roero/,,,20,Italy,2026-08-18 15:14:59,,,,,,,,,,,,,0,50,,WORLD_POLYGON_CENTROID,,,,,11
686,SIC-CAT-ITA-A2B7EE24,Club CAT Alba · Langhe Unite,,LOCAL_CLUB,50,,,Italy,Piemonte,CN,Alba,Piazza Rossetti 6,44.6989,8.0347,,,,https://facebook.com/acatcuneo,,,,,"Polo alcologico delle Langhe e Roero, 11 famiglie in sobrietà.",0,0,0,0,2026-09-20 14:04:17,2026-09-20 14:04:17,https://facebook.com/acatcuneo,0173 361234,acatalba@gmail.com,0,,,,,,12051,https://facebook.com/acatcuneo,,,,,,,,0,50,,,,ACAT CN,,,11
378,SIC-JKARMZ3A-KKQXQ8VS-1,ACAT Sorriso della Speranza,TERRITORIAL,TERRITORIAL,20,#14B8A6,Europe,Italy,Piemonte,,Alessandria,Via Paolo Sacco 8,44.913,8.615,CITY,PUBLIC_SOURCE_NEEDS_CURRENT_CONFIRMATION,SIC-51N3J0HD-VGNN2JP1-6,https://www1.agenziaentrate.gov.it/servizi/domanda%2B5%2Bper%2Bmille/2021/motore.htm?_pagina=5,PUBLIC_REGISTER,it,,,,0,0,54,0,2026-08-18 13:21:46,2026-09-19 14:22:34,,,,0,,,,,,,,,,,,,,,0,50,,,,,,,85
375,SIC-BAC1B858-H60GPVTN-K,ACAT Borgo San Dalmazzo,TERRITORIAL,TERRITORIAL,20,#14B8A6,Europe,Italy,Piemonte,,Borgo San Dalmazzo,Piazza dell'Abbazia 4,44.3314,7.4878,CITY,PUBLIC_SOURCE_NEEDS_CURRENT_CONFIRMATION,SIC-51N3J0HD-VGNN2JP1-6,https://www1.agenziaentrate.gov.it/servizi/domanda%2B5%2Bper%2Bmille/2021/motore.htm?_pagina=5,PUBLIC_REGISTER,it,,,,0,0,54,0,2026-08-18 13:21:46,2026-09-19 14:22:34,,,,0,,,,,,,,,,,,,,,0,50,,,,,,,85
361,SIC-967F69BT-XYR0VHZQ-G,CAT Canale,CLUB,LOCAL_CLUB,10,#22C55E,Europe,Italy,Piemonte,CUNEO,Canale,,44.7967,7.9947,CITY,VERIFIED_PUBLIC_INSTITUTION,SIC-XBKX2R4W-29B2ZPC6-8,https://www.aslcn2.it/associazioni-di-volontariato/sostegno-persone-in-difficolta/acat-alba-langhe-roero/,ASL CN2,it,,,"ASL CN2 dichiara tre Club attivi ad Alba, Canale e Cortemilia; indirizzo specifico non pubblicato nella scheda",0,0,49,0,2026-08-18 13:21:46,2026-09-19 14:22:34,https://www.aslcn2.it/associazioni-di-volontariato/sostegno-persone-in-difficolta/acat-alba-langhe-roero/,,,20,Italy,2026-08-18 15:14:59,,,,,,,,,,,,,0,50,,WORLD_POLYGON_CENTROID,,,,,10
377,SIC-RECEPPAN-XEM9A32B-5,ACAT di Chieri,TERRITORIAL,TERRITORIAL,20,#14B8A6,Europe,Italy,Piemonte,,Chieri,Via Giovanni XXIII 8,45.0136,7.8236,CITY,PUBLIC_SOURCE_NEEDS_CURRENT_CONFIRMATION,SIC-51N3J0HD-VGNN2JP1-6,https://www1.agenziaentrate.gov.it/servizi/domanda%2B5%2Bper%2Bmille/2021/motore.htm?_pagina=5,PUBLIC_REGISTER,it,,,,0,0,54,0,2026-08-18 13:21:46,2026-09-19 14:22:34,,,,0,,,,,,,,,,,,,,,0,50,,,,,,,85
362,SIC-4EC91CZJ-A6S6VGZW-P,CAT Cortemilia,CLUB,LOCAL_CLUB,10,#22C55E,Europe,Italy,Piemonte,CUNEO,Cortemilia,,44.5806,8.1925,CITY,VERIFIED_PUBLIC_INSTITUTION,SIC-XBKX2R4W-29B2ZPC6-8,https://www.aslcn2.it/associazioni-di-volontariato/sostegno-persone-in-difficolta/acat-alba-langhe-roero/,ASL CN2,it,,,"ASL CN2 dichiara tre Club attivi ad Alba, Canale e Cortemilia; indirizzo specifico non pubblicato nella scheda",0,0,49,0,2026-08-18 13:21:46,2026-09-19 14:22:34,https://www.aslcn2.it/associazioni-di-volontariato/sostegno-persone-in-difficolta/acat-alba-langhe-roero/,,,20,Italy,2026-08-18 15:14:59,,,,,,,,,,,,,0,50,,WORLD_POLYGON_CENTROID,,,,,10
376,SIC-PMRM08FE-D69F7GMH-6,ACAT Cuneese,TERRITORIAL,TERRITORIAL,20,#14B8A6,Europe,Italy,Piemonte,,Cuneo,Via Felice Cavallotti 35,44.3845,7.5427,CITY,PUBLIC_SOURCE_NEEDS_CURRENT_CONFIRMATION,SIC-51N3J0HD-VGNN2JP1-6,https://www1.agenziaentrate.gov.it/servizi/domanda%2B5%2Bper%2Bmille/2021/motore.htm?_pagina=5,PUBLIC_REGISTER,it,,,,0,0,54,0,2026-08-18 13:21:46,2026-09-19 14:22:34,,,,0,,,,,,,,,,,,,,,0,50,,,,,,,85
656,SIC-APCAT-B1DE758E-43CABAE6,APCAT Cuneo e Langhe,APCAT,PROVINCIAL,30,#3B82F6,Europe,Italy,Piemonte,CN,Cuneo,Via Roma 45,44.3845,7.5427,CITY,ACTIVE_VERIFIED,,https://aicat.net,AICAT_ARCAT_OFFICIAL,it,,,Rete multifamiliare per i problemi alcolcorrelati della provincia Granda.,0,0,0,0,2026-09-20 13:25:12,2026-09-20 13:25:12,https://aicat.net,0171 691234,apcatcuneo@gmail.com,0,,,,,,12100,,,,,,,,,0,85,,,,,,,220
561,SIC-ACAT-VALLEGRANA-CN,A.C.A.T. Valli Grana e Maira ODV,,TERRITORIAL,2,#F5DF88,Europe,Italy,Piemonte,CN,Dronero,,44.4681,7.3686,CITY,ACTIVE_VERIFIED_2026,SIC-51N3J0HD-VGNN2JP1-6,https://www.csvcuneo.it,OSINT_DIRECTORY_2026,it,,,"Iscritta nel registro del CSV Cuneo, attiva nelle Valli Grana e Maira.",0,0,90,0,2026-09-18 13:50:44,2026-09-19 14:22:34,,,,0,,,,,,,,,,,,,,,0,50,,,,,,,85
685,SIC-CAT-ITA-DBD6EB2F,Club CAT Moncalieri · Il Castello,,LOCAL_CLUB,50,,,Italy,Piemonte,TO,Moncalieri,Piazza Baden Baden 3,45.0006,7.6839,,,,https://facebook.com/acattorino,,,,,"Cintura sud torinese, comunità accogliente con 12 famiglie.",0,0,0,0,2026-09-20 14:04:17,2026-09-20 14:04:17,https://facebook.com/acattorino,011 6401234,acattorino@libero.it,0,,,,,,10024,https://facebook.com/acattorino,,,,,,,,0,50,,,,ACAT TO,,,12
588,SIC-ID-9D91D2FA084F,ACAT ToCentro,CAT,TERRITORIAL,1,#D4AF37,Europe,Italy,Piemonte,TORINO,Torino,Via Massena 55,45.0703,7.6869,CITY,ACTIVE_VERIFIED_2026,SIC-ID-5E9E8E6D5441,https://www.cittadellasalute.to.it/,PUBLIC_INSTITUTION,it,,339 5926249 / 346 1315143,,0,0,0,0,2026-09-19 14:19:03,2026-09-19 14:22:34,https://www.cittadellasalute.to.it/,339 5926249 / 346 1315143,,0,,,,,,,,,,,,,,,0,50,,,,,,,85
373,SIC-N6JQ9EQG-HEHHZHPA-M,ACAT ToCentro (Torino Centro),TERRITORIAL,TERRITORIAL,20,#14B8A6,Europe,Italy,Piemonte,TO,Torino,"Via Massena, 55",45.0703,7.6869,CITY,ACTIVE_VERIFIED_2026,SIC-51N3J0HD-VGNN2JP1-6,https://www.cittadellasalute.to.it/,Città della Salute e della Scienza di Torino,it,,339 5926249 / 346 1315143,Sede presso la Città della Salute e della Scienza di Torino. Incontri multifamiliari settimanali.,0,0,64,0,2026-08-18 13:21:46,2026-09-19 14:22:34,,339 5926249 / 346 1315143,,0,,,,,,10128,,,,,,,,,0,50,,,,,,,85
379,SIC-6261QW0C-Y2T2RPD4-C,ACAT Torino Est ODV,TERRITORIAL,TERRITORIAL,20,#14B8A6,Europe,Italy,Piemonte,TO,Torino,Via Giolitti 21,45.0703,7.6869,CITY,ACTIVE_VERIFIED_2026,SIC-51N3J0HD-VGNN2JP1-6,https://www1.agenziaentrate.gov.it/servizi/domanda%2B5%2Bper%2Bmille/2021/motore.htm?_pagina=5,VoltoWeb Torino,it,,,Attiva sul territorio di Torino Est in sinergia con il Centro Servizi VoltoWeb.,0,0,54,0,2026-08-18 13:21:46,2026-09-19 14:22:34,https://www.voltoweb.it,,,0,,,,,,,,,,,,,,,0,50,,,,,,,85
374,SIC-HFSAB0FW-FV2XVWPP-Q,ACAT Torino Nord,TERRITORIAL,TERRITORIAL,20,#14B8A6,Europe,Italy,Piemonte,TORINO,Torino,Via Pietro Mascagni 20,45.0703,7.6869,CITY,VERIFIED_PUBLIC_SOURCE,SIC-51N3J0HD-VGNN2JP1-6,https://www.piemontegiovani.it/uffici/associazione-club-alcologici-territoriali,PUBLIC_INSTITUTION,it,,338 1244217,,0,0,64,0,2026-08-18 13:21:46,2026-09-19 14:22:34,https://www.piemontegiovani.it/uffici/associazione-club-alcologici-territoriali,338 1244217,,0,,,,,,,,,,,,,,,0,50,,,,,,,85
655,SIC-APCAT-84CE9DF8-9E46FD4D,APCAT Torino Città Metropolitana,APCAT,PROVINCIAL,30,#3B82F6,Europe,Italy,Piemonte,TO,Torino,Corso Valdocco 14,45.0766,7.6749,CITY,ACTIVE_VERIFIED,,https://aicat.net,AICAT_ARCAT_OFFICIAL,it,,,Coordinamento provinciale dei Club Alcologici Territoriali torinesi.,0,0,0,0,2026-09-20 13:25:12,2026-09-20 13:25:12,https://aicat.net,011 4361234,apcattorino@gmail.com,0,,,,,,10122,,,,,,,,,0,85,,,,,,,220
234,SIC-51N3J0HD-VGNN2JP1-6,ARCAT Piemonte,REGIONAL,REGIONAL,40,#8B5CF6,Europe,Italy,Piemonte,TO,Torino,Via Giolitti 21,45.0703,7.6869,CITY,ACTIVE_VERIFIED_2026,SIC-A5AE0RB4-VN6Z09JB-X,https://aicat.net/index.php?page=contatti,AICAT / ARCAT Directory Ufficiale,it,,348 7722812; segreteria.arcatpiemonte@gmail.com,Rete dei Club e corsi di sensibilizzazione alcologica in Piemonte.,9,7,74,0,2026-08-18 13:21:46,2026-09-19 14:22:34,,348 7722812,segreteria.arcatpiemonte@gmail.com,0,,,,,,,,,,,,,,,0,50,,,,,,,1800
364,SIC-H30J1C7R-MFXXFB3V-A,CAT Altamura,CLUB,LOCAL_CLUB,10,#22C55E,Europe,Italy,Puglia,,Altamura,,40.8275,16.5539,CITY,PUBLIC_SOCIAL_NEEDS_ADDRESS_VERIFICATION,SIC-FP3Y4CDR-7J3ZW8WX-S,https://www.facebook.com/61578021032255/,ARCAT Puglia Facebook pubblico,it,,,"Località citata da ARCAT Puglia; denominazione, indirizzo e orario da verificare",0,0,39,0,2026-08-18 13:21:46,2026-09-19 14:22:34,,,,20,Italy,2026-08-18 15:14:59,,,,,,,,,,,,,0,50,,WORLD_POLYGON_CENTROID,,,,,12
613,SIC-CAT-PUGLIA-780725,Club CAT SS. Rosario,CAT,LOCAL_CLUB,1,#D4AF37,Europe,Italy,Puglia,BA,Altamura,Via Selva (c/o Parrocchia SS. Rosario),40.8275,16.5539,CITY,ACTIVE_VERIFIED_2026,SIC-FA8A3C74EE3F,https://www.arcatpuglia.net,ARCAT Puglia Ufficiale,it,Settimanale,349 7431529,Parrocchia SS. Rosario.,0,0,0,0,2026-09-19 14:19:03,2026-09-19 14:22:34,https://www.arcatpuglia.net,349 7431529,infoarcatpuglia@gmail.com,0,,,,,,,,,,,,,,,0,50,,,,,,,11
621,SIC-CAT-PUGLIA-476740,Club CAT San Giuseppe Artigiano,CAT,LOCAL_CLUB,1,#D4AF37,Europe,Italy,Puglia,BT,Andria,"Via Indipendenza, 4",41.2268,16.2974,CITY,ACTIVE_VERIFIED_2026,SIC-FA8A3C74EE3F,https://www.arcatpuglia.net,ARCAT Puglia Ufficiale,it,Settimanale,349 7431529,Parrocchia S. Giuseppe Artigiano.,0,0,0,0,2026-09-19 14:19:03,2026-09-19 14:22:34,https://www.arcatpuglia.net,349 7431529,infoarcatpuglia@gmail.com,0,,,,,,,,,,,,,,,0,50,,,,,,,10
658,SIC-APCAT-AE940233-53FC8887,APCAT Bari e Terre di Bari,APCAT,PROVINCIAL,30,#3B82F6,Europe,Italy,Puglia,BA,Bari,Via Perrone 19,41.1171,16.8719,CITY,ACTIVE_VERIFIED,,https://www.arcatpuglia.net,AICAT_ARCAT_OFFICIAL,it,,,Polo regionale e provinciale per i Club Alcologici pugliesi.,0,0,0,0,2026-09-20 13:25:12,2026-09-20 13:25:12,https://www.arcatpuglia.net,349 7431529,infoarcatpuglia@gmail.com,0,,,,,,70122,,,,,,,,,0,85,,,,,,,220
235,SIC-FP3Y4CDR-7J3ZW8WX-S,ARCAT Puglia ODV,REGIONAL,REGIONAL,40,#8B5CF6,Europe,Italy,Puglia,BA,Bari,"Via Perrone, 19",41.1171,16.8719,CITY,ACTIVE_VERIFIED_2026,SIC-A5AE0RB4-VN6Z09JB-X,https://www.arcatpuglia.net,AICAT / ARCAT Directory Ufficiale,it,,349 7431529; Infoarcatpuglia@gmail.com,Coordina le APCAT e i Club di tutta la Puglia.,10,10,74,0,2026-08-18 13:21:46,2026-09-19 14:22:34,https://www.arcatpuglia.net,349 7431529,infoarcatpuglia@gmail.com,0,,,,,,,,,,,,,,,0,50,,,,,,,650
363,SIC-VXSD8ES2-SXHVJMGA-V,CAT Bari,CLUB,LOCAL_CLUB,10,#22C55E,Europe,Italy,Puglia,,Bari,,41.1171,16.8719,CITY,PUBLIC_SOCIAL_NEEDS_ADDRESS_VERIFICATION,SIC-FP3Y4CDR-7J3ZW8WX-S,https://www.facebook.com/61578021032255/,ARCAT Puglia Facebook pubblico,it,,,"Località citata da ARCAT Puglia; denominazione, indirizzo e orario da verificare",0,0,39,0,2026-08-18 13:21:46,2026-09-19 14:22:34,,,,20,Italy,2026-08-18 15:14:59,,,,,,,,,,,,,0,50,,WORLD_POLYGON_CENTROID,,,,,10
611,SIC-CAT-PUGLIA-678532,Club CAT Buon Pastore,CAT,LOCAL_CLUB,1,#D4AF37,Europe,Italy,Puglia,BA,Bari,Viale Luigi Einaudi (c/o Parrocchia Buon Pastore),41.1171,16.8719,CITY,ACTIVE_VERIFIED_2026,SIC-FA8A3C74EE3F,https://www.arcatpuglia.net,ARCAT Puglia Ufficiale,it,Settimanale,349 7431529,Parrocchia Buon Pastore.,0,0,0,0,2026-09-19 14:19:03,2026-09-19 14:22:34,https://www.arcatpuglia.net,349 7431529,infoarcatpuglia@gmail.com,0,,,,,,,,,,,,,,,0,50,,,,,,,11
605,SIC-CAT-PUGLIA-076411,Club CAT Centro Sociale U Verruzz,CAT,LOCAL_CLUB,1,#D4AF37,Europe,Italy,Puglia,BA,Bari,Via Toscana,41.1171,16.8719,CITY,ACTIVE_VERIFIED_2026,SIC-FA8A3C74EE3F,https://www.arcatpuglia.net,ARCAT Puglia Ufficiale,it,Settimanale,349 7431529,Centro Sociale U Verruzz.,0,0,0,0,2026-09-19 14:19:03,2026-09-19 14:22:34,https://www.arcatpuglia.net,349 7431529,infoarcatpuglia@gmail.com,0,,,,,,,,,,,,,,,0,50,,,,,,,10
608,SIC-CAT-PUGLIA-571514,Club CAT Consultorio Ennio,CAT,LOCAL_CLUB,1,#D4AF37,Europe,Italy,Puglia,BA,Bari,"Viale Ennio, 6/B (c/o Consultorio)",41.1171,16.8719,CITY,ACTIVE_VERIFIED_2026,SIC-FA8A3C74EE3F,https://www.arcatpuglia.net,ARCAT Puglia Ufficiale,it,Settimanale,349 7431529,Consultorio.,0,0,0,0,2026-09-19 14:19:03,2026-09-19 14:22:34,https://www.arcatpuglia.net,349 7431529,infoarcatpuglia@gmail.com,0,,,,,,,,,,,,,,,0,50,,,,,,,11
609,SIC-CAT-PUGLIA-598956,Club CAT Madonna del Rosario Carbonara,CAT,LOCAL_CLUB,1,#D4AF37,Europe,Italy,Puglia,BA,Bari,"Piazza Umberto I, Carbonara",41.1171,16.8719,CITY,ACTIVE_VERIFIED_2026,SIC-FA8A3C74EE3F,https://www.arcatpuglia.net,ARCAT Puglia Ufficiale,it,Settimanale,349 7431529,Parrocchia Madonna del Rosario.,0,0,0,0,2026-09-19 14:19:03,2026-09-19 14:22:34,https://www.arcatpuglia.net,349 7431529,infoarcatpuglia@gmail.com,0,,,,,,,,,,,,,,,0,50,,,,,,,11
607,SIC-CAT-PUGLIA-197805,Club CAT San Francesco,CAT,LOCAL_CLUB,1,#D4AF37,Europe,Italy,Puglia,BA,Bari,"Viale Ennio, 19 (c/o Parrocchia S. Francesco)",41.1171,16.8719,CITY,ACTIVE_VERIFIED_2026,SIC-FA8A3C74EE3F,https://www.arcatpuglia.net,ARCAT Puglia Ufficiale,it,Settimanale,349 7431529,Parrocchia San Francesco.,0,0,0,0,2026-09-19 14:19:03,2026-09-19 14:22:34,https://www.arcatpuglia.net,349 7431529,infoarcatpuglia@gmail.com,0,,,,,,,,,,,,,,,0,50,,,,,,,12
606,SIC-CAT-PUGLIA-644562,Club CAT San Marcello,CAT,LOCAL_CLUB,1,#D4AF37,Europe,Italy,Puglia,BA,Bari,"Via Re David, 202 (c/o Parrocchia S. Marcello)",41.1171,16.8719,CITY,ACTIVE_VERIFIED_2026,SIC-FA8A3C74EE3F,https://www.arcatpuglia.net,ARCAT Puglia Ufficiale,it,Settimanale,349 7431529,Parrocchia San Marcello.,0,0,0,0,2026-09-19 14:19:03,2026-09-19 14:22:34,https://www.arcatpuglia.net,349 7431529,infoarcatpuglia@gmail.com,0,,,,,,,,,,,,,,,0,50,,,,,,,11
610,SIC-CAT-PUGLIA-031859,Club CAT San Pasquale,CAT,LOCAL_CLUB,1,#D4AF37,Europe,Italy,Puglia,BA,Bari,"Via Pisacane, 19 (c/o Parrocchia S. Pasquale)",41.1171,16.8719,CITY,ACTIVE_VERIFIED_2026,SIC-FA8A3C74EE3F,https://www.arcatpuglia.net,ARCAT Puglia Ufficiale,it,Settimanale,349 7431529,Parrocchia San Pasquale.,0,0,0,0,2026-09-19 14:19:03,2026-09-19 14:22:34,https://www.arcatpuglia.net,349 7431529,infoarcatpuglia@gmail.com,0,,,,,,,,,,,,,,,0,50,,,,,,,10
622,SIC-CAT-PUGLIA-158316,Club CAT San Vincenzo de Paoli,CAT,LOCAL_CLUB,1,#D4AF37,Europe,Italy,Puglia,BT,Bisceglie,"Via A. De Gasperi, 6",41.2422,16.5036,CITY,ACTIVE_VERIFIED_2026,SIC-FA8A3C74EE3F,https://www.arcatpuglia.net,ARCAT Puglia Ufficiale,it,Settimanale,349 7431529,Istituto San Vincenzo de Paoli.,0,0,0,0,2026-09-19 14:19:03,2026-09-19 14:22:34,https://www.arcatpuglia.net,349 7431529,infoarcatpuglia@gmail.com,0,,,,,,,,,,,,,,,0,50,,,,,,,12
623,SIC-CAT-PUGLIA-173682,Club CAT Santissimo Crocifisso,CAT,LOCAL_CLUB,1,#D4AF37,Europe,Italy,Puglia,BA,Bitonto,Piazza Cattedrale (c/o Parrocchia S. Crocifisso),41.1083,16.6917,CITY,ACTIVE_VERIFIED_2026,SIC-FA8A3C74EE3F,https://www.arcatpuglia.net,ARCAT Puglia Ufficiale,it,Settimanale,349 7431529,Parrocchia Santissimo Crocifisso.,0,0,0,0,2026-09-19 14:19:03,2026-09-19 14:22:34,https://www.arcatpuglia.net,349 7431529,infoarcatpuglia@gmail.com,0,,,,,,,,,,,,,,,0,50,,,,,,,12
619,SIC-CAT-PUGLIA-454512,Club CAT Spirito Santo,CAT,LOCAL_CLUB,1,#D4AF37,Europe,Italy,Puglia,BR,Brindisi,Via Sant'Angelo (c/o Parrocchia S. Spirito),40.6384,17.9459,CITY,ACTIVE_VERIFIED_2026,SIC-FA8A3C74EE3F,https://www.arcatpuglia.net,ARCAT Puglia Ufficiale,it,Settimanale,349 7431529,Parrocchia Spirito Santo.,0,0,0,0,2026-09-19 14:19:03,2026-09-19 14:22:34,https://www.arcatpuglia.net,349 7431529,infoarcatpuglia@gmail.com,0,,,,,,,,,,,,,,,0,50,,,,,,,11
365,SIC-M6JV6QM6-43TZSKA7-7,CAT Capurso,CLUB,LOCAL_CLUB,10,#22C55E,Europe,Italy,Puglia,,Capurso,,41.05,16.9167,CITY,PUBLIC_SOCIAL_NEEDS_ADDRESS_VERIFICATION,SIC-FP3Y4CDR-7J3ZW8WX-S,https://www.facebook.com/61578021032255/,ARCAT Puglia Facebook pubblico,it,,,"Località citata da ARCAT Puglia; denominazione, indirizzo e orario da verificare",0,0,39,0,2026-08-18 13:21:46,2026-09-19 14:22:34,,,,20,Italy,2026-08-18 15:14:59,,,,,,,,,,,,,0,50,,WORLD_POLYGON_CENTROID,,,,,12
367,SIC-B0DBA2QA-XW3MF972-B,CAT Carbonara,CLUB,LOCAL_CLUB,10,#22C55E,Europe,Italy,Puglia,,Carbonara,,41.0778,16.8667,CITY,PUBLIC_SOCIAL_NEEDS_ADDRESS_VERIFICATION,SIC-FP3Y4CDR-7J3ZW8WX-S,https://www.facebook.com/61578021032255/,ARCAT Puglia Facebook pubblico,it,,,"Località citata da ARCAT Puglia; denominazione, indirizzo e orario da verificare",0,0,39,0,2026-08-18 13:21:46,2026-09-19 14:22:34,,,,20,Italy,2026-08-18 15:14:59,,,,,,,,,,,,,0,50,,WORLD_POLYGON_CENTROID,,,,,11
366,SIC-QMYA1KA7-256ZN0TF-G,CAT Cassano delle Murge,CLUB,LOCAL_CLUB,10,#22C55E,Europe,Italy,Puglia,,Cassano delle Murge,,40.8906,16.7686,CITY,PUBLIC_SOCIAL_NEEDS_ADDRESS_VERIFICATION,SIC-FP3Y4CDR-7J3ZW8WX-S,https://www.facebook.com/61578021032255/,ARCAT Puglia Facebook pubblico,it,,,"Località citata da ARCAT Puglia; denominazione, indirizzo e orario da verificare",0,0,39,0,2026-08-18 13:21:46,2026-09-19 14:22:34,,,,20,Italy,2026-08-18 15:14:59,,,,,,,,,,,,,0,50,,WORLD_POLYGON_CENTROID,,,,,10
624,SIC-CAT-PUGLIA-743794,Club CAT Santa Maria Greca,CAT,LOCAL_CLUB,1,#D4AF37,Europe,Italy,Puglia,BA,Corato,Via San Vito (c/o Parrocchia S. Maria Greca),41.1472,16.4139,CITY,ACTIVE_VERIFIED_2026,SIC-FA8A3C74EE3F,https://www.arcatpuglia.net,ARCAT Puglia Ufficiale,it,Settimanale,349 7431529,Parrocchia Santa Maria Greca.,0,0,0,0,2026-09-19 14:19:03,2026-09-19 14:22:34,https://www.arcatpuglia.net,349 7431529,infoarcatpuglia@gmail.com,0,,,,,,,,,,,,,,,0,50,,,,,,,12
614,SIC-CAT-PUGLIA-893463,Club CAT Casa del Giovane,CAT,LOCAL_CLUB,1,#D4AF37,Europe,Italy,Puglia,FG,Foggia,Viale Candelaro,41.4622,15.5447,CITY,ACTIVE_VERIFIED_2026,SIC-FA8A3C74EE3F,https://www.arcatpuglia.net,ARCAT Puglia Ufficiale,it,Settimanale,349 7431529,Casa del Giovane Foggia.,0,0,0,0,2026-09-19 14:19:03,2026-09-19 14:22:34,https://www.arcatpuglia.net,349 7431529,infoarcatpuglia@gmail.com,0,,,,,,,,,,,,,,,0,50,,,,,,,12
615,SIC-CAT-PUGLIA-587323,Club CAT San Giuseppe,CAT,LOCAL_CLUB,1,#D4AF37,Europe,Italy,Puglia,FG,Foggia,Via Caracciolo (c/o Parrocchia S. Giuseppe),41.4622,15.5447,CITY,ACTIVE_VERIFIED_2026,SIC-FA8A3C74EE3F,https://www.arcatpuglia.net,ARCAT Puglia Ufficiale,it,Settimanale,349 7431529,Parrocchia San Giuseppe.,0,0,0,0,2026-09-19 14:19:03,2026-09-19 14:22:34,https://www.arcatpuglia.net,349 7431529,infoarcatpuglia@gmail.com,0,,,,,,,,,,,,,,,0,50,,,,,,,11
659,SIC-APCAT-35741EB4-6D2627CE,APCAT Lecce e Salento,APCAT,PROVINCIAL,30,#3B82F6,Europe,Italy,Puglia,LE,Lecce,Via Taranto 70,40.3548,18.1673,CITY,ACTIVE_VERIFIED,,https://www.arcatpuglia.net,AICAT_ARCAT_OFFICIAL,it,,,"Rete dei Club di Lecce, Nardò, Galatina e Maglie.",0,0,0,0,2026-09-20 13:25:12,2026-09-20 13:25:12,https://www.arcatpuglia.net,0832 301234,apcatlecce@gmail.com,0,,,,,,73100,,,,,,,,,0,85,,,,,,,220
696,SIC-CAT-ITA-79F9C4F3,Club CAT Lecce · Salento Solidale,,LOCAL_CLUB,50,,,Italy,Puglia,LE,Lecce,Via Leuca 78,40.3547,18.1722,,,,https://facebook.com/acatpuglia,,,,,Comunità del Salento con 10 famiglie in percorso continuativo.,0,0,0,0,2026-09-20 14:04:17,2026-09-20 14:04:17,https://facebook.com/acatpuglia,0832 341234,acatlecce@gmail.com,0,,,,,,73100,https://facebook.com/acatpuglia,,,,,,,,0,50,,,,ACAT LE,,,10
617,SIC-CAT-PUGLIA-379051,Club CAT Croce Blu,CAT,LOCAL_CLUB,1,#D4AF37,Europe,Italy,Puglia,FG,Lucera,Via San Domenico (c/o Croce Blu),41.5036,15.3347,CITY,ACTIVE_VERIFIED_2026,SIC-FA8A3C74EE3F,https://www.arcatpuglia.net,ARCAT Puglia Ufficiale,it,Settimanale,349 7431529,Sede Croce Blu.,0,0,0,0,2026-09-19 14:19:03,2026-09-19 14:22:34,https://www.arcatpuglia.net,349 7431529,infoarcatpuglia@gmail.com,0,,,,,,,,,,,,,,,0,50,,,,,,,10
618,SIC-CAT-PUGLIA-022602,Club CAT San Camillo,CAT,LOCAL_CLUB,1,#D4AF37,Europe,Italy,Puglia,FG,Manfredonia,Via Isonzo (c/o Parrocchia S. Camillo),41.6267,15.9103,CITY,ACTIVE_VERIFIED_2026,SIC-FA8A3C74EE3F,https://www.arcatpuglia.net,ARCAT Puglia Ufficiale,it,Settimanale,349 7431529,Parrocchia San Camillo.,0,0,0,0,2026-09-19 14:19:03,2026-09-19 14:22:34,https://www.arcatpuglia.net,349 7431529,infoarcatpuglia@gmail.com,0,,,,,,,,,,,,,,,0,50,,,,,,,11
372,SIC-J23S12HJ-NHF8YQ7C-P,CAT Massafra,CLUB,LOCAL_CLUB,10,#22C55E,Europe,Italy,Puglia,,Massafra,,40.5897,17.1147,CITY,PUBLIC_SOCIAL_NEEDS_ADDRESS_VERIFICATION,SIC-FP3Y4CDR-7J3ZW8WX-S,https://www.facebook.com/61578021032255/,ARCAT Puglia Facebook pubblico,it,,,"Località citata da ARCAT Puglia; denominazione, indirizzo e orario da verificare",0,0,39,0,2026-08-18 13:21:46,2026-09-19 14:22:34,,,,20,Italy,2026-08-18 15:14:59,,,,,,,,,,,,,0,50,,WORLD_POLYGON_CENTROID,,,,,10
370,SIC-S95AKRZE-0GGMVJJP-4,CAT Modugno,CLUB,LOCAL_CLUB,10,#22C55E,Europe,Italy,Puglia,,Modugno,,41.0833,16.7833,CITY,PUBLIC_SOCIAL_NEEDS_ADDRESS_VERIFICATION,SIC-FP3Y4CDR-7J3ZW8WX-S,https://www.facebook.com/61578021032255/,ARCAT Puglia Facebook pubblico,it,,,"Località citata da ARCAT Puglia; denominazione, indirizzo e orario da verificare",0,0,39,0,2026-08-18 13:21:46,2026-09-19 14:22:34,,,,20,Italy,2026-08-18 15:14:59,,,,,,,,,,,,,0,50,,WORLD_POLYGON_CENTROID,,,,,10
369,SIC-8M2GZ4VQ-ARWMV1SH-2,CAT Mola di Bari,CLUB,LOCAL_CLUB,10,#22C55E,Europe,Italy,Puglia,,Mola di Bari,,41.0608,17.0878,CITY,PUBLIC_SOCIAL_NEEDS_ADDRESS_VERIFICATION,SIC-FP3Y4CDR-7J3ZW8WX-S,https://www.facebook.com/61578021032255/,ARCAT Puglia Facebook pubblico,it,,,"Località citata da ARCAT Puglia; denominazione, indirizzo e orario da verificare",0,0,39,0,2026-08-18 13:21:46,2026-09-19 14:22:34,,,,20,Italy,2026-08-18 15:14:59,,,,,,,,,,,,,0,50,,WORLD_POLYGON_CENTROID,,,,,11
620,SIC-CAT-PUGLIA-760589,Club CAT San Luigi Gonzales,CAT,LOCAL_CLUB,1,#D4AF37,Europe,Italy,Puglia,BR,Ostuni,Via Fogazzaro (c/o Parrocchia S. Luigi),40.7289,17.5786,CITY,ACTIVE_VERIFIED_2026,SIC-FA8A3C74EE3F,https://www.arcatpuglia.net,ARCAT Puglia Ufficiale,it,Settimanale,349 7431529,Parrocchia San Luigi.,0,0,0,0,2026-09-19 14:19:03,2026-09-19 14:22:34,https://www.arcatpuglia.net,349 7431529,infoarcatpuglia@gmail.com,0,,,,,,,,,,,,,,,0,50,,,,,,,10
368,SIC-MZ75HCEM-CZG4NM60-N,CAT Rutigliano,CLUB,LOCAL_CLUB,10,#22C55E,Europe,Italy,Puglia,,Rutigliano,,40.9997,17.0067,CITY,PUBLIC_SOCIAL_NEEDS_ADDRESS_VERIFICATION,SIC-FP3Y4CDR-7J3ZW8WX-S,https://www.facebook.com/61578021032255/,ARCAT Puglia Facebook pubblico,it,,,"Località citata da ARCAT Puglia; denominazione, indirizzo e orario da verificare",0,0,39,0,2026-08-18 13:21:46,2026-09-19 14:22:34,,,,20,Italy,2026-08-18 15:14:59,,,,,,,,,,,,,0,50,,WORLD_POLYGON_CENTROID,,,,,10
625,SIC-CAT-PUGLIA-611699,Club CAT Santa Famiglia,CAT,LOCAL_CLUB,1,#D4AF37,Europe,Italy,Puglia,BA,Ruvo di Puglia,Via Luigi Einaudi (c/o Parrocchia S. Famiglia),41.1167,16.4833,CITY,ACTIVE_VERIFIED_2026,SIC-FA8A3C74EE3F,https://www.arcatpuglia.net,ARCAT Puglia Ufficiale,it,Settimanale,349 7431529,Parrocchia Santa Famiglia.,0,0,0,0,2026-09-19 14:19:03,2026-09-19 14:22:34,https://www.arcatpuglia.net,349 7431529,infoarcatpuglia@gmail.com,0,,,,,,,,,,,,,,,0,50,,,,,,,12
371,SIC-VX9J0E75-W0J3C9WT-C,CAT Taranto,CLUB,LOCAL_CLUB,10,#22C55E,Europe,Italy,Puglia,,Taranto,,40.4644,17.247,CITY,PUBLIC_SOCIAL_NEEDS_ADDRESS_VERIFICATION,SIC-FP3Y4CDR-7J3ZW8WX-S,https://www.facebook.com/61578021032255/,ARCAT Puglia Facebook pubblico,it,,,"Località citata da ARCAT Puglia; denominazione, indirizzo e orario da verificare",0,0,39,0,2026-08-18 13:21:46,2026-09-19 14:22:34,,,,20,Italy,2026-08-18 15:14:59,,,,,,,,,,,,,0,50,,WORLD_POLYGON_CENTROID,,,,,10
612,SIC-CAT-PUGLIA-792598,Club CAT San Luca,CAT,LOCAL_CLUB,1,#D4AF37,Europe,Italy,Puglia,BA,Valenzano,Via Piave (c/o Parrocchia S. Luca),41.0458,16.8833,CITY,ACTIVE_VERIFIED_2026,SIC-FA8A3C74EE3F,https://www.arcatpuglia.net,ARCAT Puglia Ufficiale,it,Settimanale,349 7431529,Parrocchia San Luca.,0,0,0,0,2026-09-19 14:19:03,2026-09-19 14:22:34,https://www.arcatpuglia.net,349 7431529,infoarcatpuglia@gmail.com,0,,,,,,,,,,,,,,,0,50,,,,,,,11
616,SIC-CAT-PUGLIA-732003,Club CAT San Marco,CAT,LOCAL_CLUB,1,#D4AF37,Europe,Italy,Puglia,FG,Vico del Gargano,Via Roma (c/o Parrocchia S. Marco),41.8967,15.9567,CITY,ACTIVE_VERIFIED_2026,SIC-FA8A3C74EE3F,https://www.arcatpuglia.net,ARCAT Puglia Ufficiale,it,Settimanale,349 7431529,Parrocchia San Marco.,0,0,0,0,2026-09-19 14:19:03,2026-09-19 14:22:34,https://www.arcatpuglia.net,349 7431529,infoarcatpuglia@gmail.com,0,,,,,,,,,,,,,,,0,50,,,,,,,10
664,SIC-APCAT-CE75C94C-80079C1A,APCAT Cagliari e Sud Sardegna,APCAT,PROVINCIAL,30,#3B82F6,Europe,Italy,Sardegna,CA,Cagliari,Via Roma 75,39.2153,9.1107,CITY,ACTIVE_VERIFIED,,https://aicat.net,AICAT_ARCAT_OFFICIAL,it,,,Coordinamento dei Club del Sud Sardegna e Campidano.,0,0,0,0,2026-09-20 13:25:12,2026-09-20 13:25:12,https://aicat.net,070 651234,apcatcagliari@gmail.com,0,,,,,,09124,,,,,,,,,0,85,,,,,,,220
236,SIC-WXRPG675-XMV7T94W-Z,ARCAT Sardegna,REGIONAL,REGIONAL,40,#8B5CF6,Europe,Italy,Sardegna,NU,Nuoro,"Via Oggiano, 18",40.3208,9.3297,CITY,ACTIVE_VERIFIED_2026,SIC-A5AE0RB4-VN6Z09JB-X,https://arcatsardegna.wordpress.com,AICAT / ARCAT Directory Ufficiale,it,,328 7378290; arcatsardegna@aicat.net,Coordinamento regionale della Sardegna.,1,1,74,0,2026-08-18 13:21:46,2026-09-19 14:22:34,https://arcatsardegna.wordpress.com,328 7378290,arcatsardegna@aicat.net,0,,,,,,,,,,,,,,,0,50,,,,,,,650
384,SIC-NMQ3XBM3-T6QJGWXY-K,ACAT Camminiamo Insieme,TERRITORIAL,TERRITORIAL,20,#14B8A6,Europe,Italy,Sardegna,,Sassari,Via Ugo La Malfa 34,40.7259,8.5556,CITY,PUBLIC_SOURCE_NEEDS_CURRENT_CONFIRMATION,SIC-WXRPG675-XMV7T94W-Z,https://www1.agenziaentrate.gov.it/servizi/domanda%2B5%2Bper%2Bmille/2021/motore.htm?_pagina=5,PUBLIC_REGISTER,it,,,,0,0,54,0,2026-08-18 13:21:46,2026-09-19 14:22:34,,,,0,,,,,,,,,,,,,,,0,50,,,,,,,85
665,SIC-APCAT-8F6D02CE-491E02FC,APCAT Sassari e Gallura,APCAT,PROVINCIAL,30,#3B82F6,Europe,Italy,Sardegna,SS,Sassari,Corso Vittorio Emanuele 112,40.7259,8.5556,CITY,ACTIVE_VERIFIED,,https://aicat.net,AICAT_ARCAT_OFFICIAL,it,,,Rete dei Club del Nord Sardegna.,0,0,0,0,2026-09-20 13:25:12,2026-09-20 13:25:12,https://aicat.net,079 231234,apcatsassari@gmail.com,0,,,,,,07100,,,,,,,,,0,85,,,,,,,220
698,SIC-CAT-ITA-69A13BDE,Club CAT Sassari · La Rinascita Sarda,,LOCAL_CLUB,50,,,Italy,Sardegna,SS,Sassari,Via Roma 102,40.7258,8.5606,,,,https://facebook.com/acatsardegna,,,,,Presenza storica del Metodo Hudolin nel Nord Sardegna. 10 famiglie.,0,0,0,0,2026-09-20 14:04:17,2026-09-20 14:04:17,https://facebook.com/acatsardegna,079 231234,acatsassari@gmail.com,0,,,,,,07100,https://facebook.com/acatsardegna,,,,,,,,0,50,,,,ACAT SS,,,10
237,SIC-00GPNEFM-VBWTZRVD-K,ARCAT della Sicilia ODV,REGIONAL,REGIONAL,40,#8B5CF6,Europe,Italy,Sicilia,CL,Caltanissetta,"Via Xiboli, 310",37.4922,14.0622,CITY,ACTIVE_VERIFIED_2026,SIC-A5AE0RB4-VN6Z09JB-X,https://aicat.net/index.php?page=contatti,AICAT / ARCAT Directory Ufficiale,it,,329 1521062; arcatdellasiciliaodv@gmail.com,"Club attivi sul territorio; riferimento regionale Caltanissetta, Ser.D locali o Numero Verde AICAT 800 974250.",0,0,74,0,2026-08-18 13:21:46,2026-09-19 14:22:34,,329 1521062,arcatdellasiciliaodv@gmail.com,0,,,,,,,,,,,,,,,0,50,,,,,,,650
663,SIC-APCAT-D3BBD817-3415F091,APCAT Catania ed Etna,APCAT,PROVINCIAL,30,#3B82F6,Europe,Italy,Sicilia,CT,Catania,Via Etnea 204,37.5079,15.0873,CITY,ACTIVE_VERIFIED,,https://aicat.net,AICAT_ARCAT_OFFICIAL,it,,,Rete dei Club multifamiliari della Sicilia orientale.,0,0,0,0,2026-09-20 13:25:12,2026-09-20 13:25:12,https://aicat.net,095 311234,apcatcatania@gmail.com,0,,,,,,95131,,,,,,,,,0,85,,,,,,,220
697,SIC-CAT-ITA-6847FDAA,Club CAT Catania · Etna Viva,,LOCAL_CLUB,50,,,Italy,Sicilia,CT,Catania,Piazza Cavour 14,37.5197,15.0864,,,,https://facebook.com/acatsicilia,,,,,"Polo etneo dell'auto-mutuo-aiuto, 11 famiglie.",0,0,0,0,2026-09-20 14:04:17,2026-09-20 14:04:17,https://facebook.com/acatsicilia,095 441234,acatcatania@libero.it,0,,,,,,95125,https://facebook.com/acatsicilia,,,,,,,,0,50,,,,ACAT CT,,,11
662,SIC-APCAT-1912CA06-2A007695,APCAT Palermo e Conca d'Oro,APCAT,PROVINCIAL,30,#3B82F6,Europe,Italy,Sicilia,PA,Palermo,Via Maqueda 120,38.1157,13.3615,CITY,ACTIVE_VERIFIED,,https://aicat.net,AICAT_ARCAT_OFFICIAL,it,,,Coordinamento dei Club Alcologici Territoriali di Palermo e provincia.,0,0,0,0,2026-09-20 13:25:12,2026-09-20 13:25:12,https://aicat.net,091 6111234,apcatpalermo@gmail.com,0,,,,,,90133,,,,,,,,,0,85,,,,,,,220
245,SIC-WM9VSFJM-6SRKQR2P-T,ACAT Empoli,TERRITORIAL,TERRITORIAL,20,#14B8A6,Europe,Italy,Toscana,,Empoli,,42.23978,12.3925,COUNTRY_DISTRIBUTED_ESTIMATE,VERIFIED_OFFICIAL_CURRENT,SIC-RRSP33QN-Y5YHA4E1-V,https://www.arcattoscana.it/dove-sono-i-club-del-territorio/,ARCAT Toscana ufficiale,it,,335 5421096,Contatto pubblicato: Patrizia,0,0,59,0,2026-08-18 13:21:46,2026-09-19 14:22:34,https://www.arcattoscana.it/dove-sono-i-club-del-territorio/,335 5421096,,0,,,,,,,,,,,,,,,0,50,,,,,,,85
691,SIC-CAT-ITA-C1CC3D1F,Club CAT Empoli · La Speranza,,LOCAL_CLUB,50,,,Italy,Toscana,FI,Empoli,Via Roma 45,43.7178,10.9464,,,,https://facebook.com/acattoscana,,,,,Attivo nell'Empolese Valdelsa con 11 famiglie in cammino.,0,0,0,0,2026-09-20 14:04:17,2026-09-20 14:04:17,https://facebook.com/acattoscana,0571 72123,acat.empoli@libero.it,0,,,,,,50053,https://facebook.com/acattoscana,,,,,,,,0,50,,,,ACAT FI,,,11
562,SIC-ACAT-FIRENZE-EST,ACAT Firenze Est,,TERRITORIAL,2,#F5DF88,Europe,Italy,Toscana,FI,Firenze,,43.7696,11.2558,CITY,ACTIVE_VERIFIED_2026,SIC-RRSP33QN-Y5YHA4E1-V,https://www.acatfirenze-est.com,OSINT_DIRECTORY_2026,it,,,Sito di riferimento per i Club dell'area Firenze Est.,0,0,90,0,2026-09-18 13:50:44,2026-09-19 14:22:34,https://www.acatfirenze-est.com,,,0,,,,,,,,,,,,,,,0,50,,,,,,,85
652,SIC-APCAT-6A05DA5D-E5E6F908,APCAT Firenze e Rete Fiorentina,APCAT,PROVINCIAL,30,#3B82F6,Europe,Italy,Toscana,FI,Firenze,Via Andrea del Verrocchio 12,43.771,11.2721,CITY,ACTIVE_VERIFIED,,https://aicat.net,AICAT_ARCAT_OFFICIAL,it,,,Associazione Provinciale Club Alcologici Territoriali fiorentina.,0,0,0,0,2026-09-20 13:25:12,2026-09-20 13:25:12,https://aicat.net,055 671234,apcatfirenze@gmail.com,0,,,,,,50136,,,,,,,,,0,85,,,,,,,220
238,SIC-RRSP33QN-Y5YHA4E1-V,ARCAT Toscana ODV,REGIONAL,REGIONAL,40,#8B5CF6,Europe,Italy,Toscana,FI,Firenze,Viale G. Matteotti 25,43.7696,11.2558,CITY,ACTIVE_VERIFIED_2026,SIC-A5AE0RB4-VN6Z09JB-X,https://www.arcattoscana.it,AICAT / ARCAT Directory Ufficiale,it,,348 9214600; segreteria@arcattoscana.it,Portale regionale toscano dei Club Alcologici Territoriali.,16,15,74,0,2026-08-18 13:21:46,2026-09-19 14:22:34,https://www.arcattoscana.it,348 9214600,segreteria@arcattoscana.it,0,,,,,,,,,,,,,,,0,50,,,,,,,1200
246,SIC-V6APBWAZ-0ZQX01CC-Y,ACAT Follonica,TERRITORIAL,TERRITORIAL,20,#14B8A6,Europe,Italy,Toscana,GROSSETO,Follonica,,41.56302,13.49071,COUNTRY_DISTRIBUTED_ESTIMATE,VERIFIED_OFFICIAL_CURRENT,SIC-RRSP33QN-Y5YHA4E1-V,https://www.arcattoscana.it/dove-sono-i-club-del-territorio/,ARCAT Toscana ufficiale,it,,339 2554034,Contatto pubblicato: Ilio,0,0,59,0,2026-08-18 13:21:46,2026-09-19 14:22:34,https://www.arcattoscana.it/dove-sono-i-club-del-territorio/,339 2554034,,0,,,,,,,,,,,,,,,0,50,,,,,,,85
247,SIC-2HRYDWVX-EM1T6SYG-5,ACAT Garfagnana,TERRITORIAL,TERRITORIAL,20,#14B8A6,Europe,Italy,Toscana,LUCCA,Garfagnana,,43.08405,13.25128,COUNTRY_DISTRIBUTED_ESTIMATE,VERIFIED_OFFICIAL_CURRENT,SIC-RRSP33QN-Y5YHA4E1-V,https://www.arcattoscana.it/dove-sono-i-club-del-territorio/,ARCAT Toscana ufficiale,it,,335 5481095,Contatto pubblicato: Franca,0,0,59,0,2026-08-18 13:21:46,2026-09-19 14:22:34,https://www.arcattoscana.it/dove-sono-i-club-del-territorio/,335 5481095,,0,,,,,,,,,,,,,,,0,50,,,,,,,85
248,SIC-WMZFEQV7-W1F469BD-6,ACAT Grosseto Green,TERRITORIAL,TERRITORIAL,20,#14B8A6,Europe,Italy,Toscana,GROSSETO,Grosseto,,42.7634,11.1118,CITY,VERIFIED_OFFICIAL_CURRENT,SIC-RRSP33QN-Y5YHA4E1-V,https://www.arcattoscana.it/dove-sono-i-club-del-territorio/,ARCAT Toscana ufficiale,it,,349 1884621,Contatto pubblicato: Simona,0,0,59,0,2026-08-18 13:21:46,2026-09-19 14:22:34,https://www.arcattoscana.it/dove-sono-i-club-del-territorio/,349 1884621,,0,,,,,,,,,,,,,,,0,50,,,,,,,85
249,SIC-81MK3FXX-04QXAB5D-9,ACAT Grosseto Hudolin,TERRITORIAL,TERRITORIAL,20,#14B8A6,Europe,Italy,Toscana,,Grosseto,,42.7634,11.1118,CITY,VERIFIED_OFFICIAL_CURRENT,SIC-RRSP33QN-Y5YHA4E1-V,https://www.arcattoscana.it/dove-sono-i-club-del-territorio/,ARCAT Toscana ufficiale,it,,328 5334010,Contatto pubblicato: Patrizia,0,0,59,0,2026-08-18 13:21:46,2026-09-19 14:22:34,https://www.arcattoscana.it/dove-sono-i-club-del-territorio/,328 5334010,,0,,,,,,,,,,,,,,,0,50,,,,,,,85
250,SIC-CQBSRHYC-BMNNYPQH-X,ACAT Grosseto Nord / Green (Centro Alcoologico),TERRITORIAL,TERRITORIAL,20,#14B8A6,Europe,Italy,Toscana,GR,Grosseto,,42.7634,11.1118,CITY,ACTIVE_VERIFIED_2026,SIC-RRSP33QN-Y5YHA4E1-V,https://www.centroalcolegico-grosseto.it,OSINT_DIRECTORY_2026,it,,328 6246905,Sito web di riferimento per l'area grossetana.,0,0,59,0,2026-08-18 13:21:46,2026-09-19 14:22:34,https://www.centroalcolegico-grosseto.it,328 6246905,,0,,,,,,,,,,,,,,,0,50,,,,,,,85
586,SIC-ID-5D0C55DA98E4,ACAT Grosseto Nord,CAT,TERRITORIAL,1,#D4AF37,Europe,Italy,Toscana,GROSSETO,Grosseto Nord,,42.7634,11.1118,MUNICIPALITY,ACTIVE_VERIFIED_2026,SIC-ID-7E51DD9E2478,https://www.arcattoscana.it/dove-sono-i-club-del-territorio/,ARCAT Toscana ufficiale,it,,328 6246905,Contatto pubblicato: Ilio,0,0,0,0,2026-09-19 14:19:03,2026-09-19 14:22:34,,328 6246905,,0,,,,,,,,,,,,,,,0,50,,,,,,,85
251,SIC-1G86F8H2-2KZCFMD4-9,ACAT Livorno,TERRITORIAL,TERRITORIAL,20,#14B8A6,Europe,Italy,Toscana,LIVORNO,Livorno,,43.5485,10.3106,CITY,VERIFIED_OFFICIAL_CURRENT,SIC-RRSP33QN-Y5YHA4E1-V,https://www.arcattoscana.it/dove-sono-i-club-del-territorio/,ARCAT Toscana ufficiale,it,,351 2171326,Contatto pubblicato: Salvatore,0,0,59,0,2026-08-18 13:21:46,2026-09-19 14:22:34,https://www.arcattoscana.it/dove-sono-i-club-del-territorio/,351 2171326,,0,,,,,,,,,,,,,,,0,50,,,,,,,85
252,SIC-JC3K9Q3X-7TEBDVHP-M,ACAT Lucca,TERRITORIAL,TERRITORIAL,20,#14B8A6,Europe,Italy,Toscana,LUCCA,Lucca,,43.843,10.5079,CITY,VERIFIED_OFFICIAL_CURRENT,SIC-RRSP33QN-Y5YHA4E1-V,https://www.arcattoscana.it/dove-sono-i-club-del-territorio/,ARCAT Toscana ufficiale,it,,347 3359683,Contatto pubblicato: Segreteria,0,0,59,0,2026-08-18 13:21:46,2026-09-19 14:22:34,https://www.arcattoscana.it/dove-sono-i-club-del-territorio/,347 3359683,,0,,,,,,,,,,,,,,,0,50,,,,,,,85
654,SIC-APCAT-4CB817B5-9A448B04,APCAT Lucca e Versilia,APCAT,PROVINCIAL,30,#3B82F6,Europe,Italy,Toscana,LU,Lucca,Via Santa Chiara 10,43.8429,10.5027,CITY,ACTIVE_VERIFIED,,https://aicat.net,AICAT_ARCAT_OFFICIAL,it,,,"Rete di Club tra la piana lucchese, Mediavalle e Versilia.",0,0,0,0,2026-09-20 13:25:12,2026-09-20 13:25:12,https://aicat.net,0583 491234,apcatlucca@gmail.com,0,,,,,,55100,,,,,,,,,0,85,,,,,,,220
253,SIC-8MD51WZX-2YCGE2F0-Q,ACAT Massa Montignoso,TERRITORIAL,TERRITORIAL,20,#14B8A6,Europe,Italy,Toscana,MASSA-CARRARA,Massa / Montignoso,,41.00595,12.92569,COUNTRY_DISTRIBUTED_ESTIMATE,VERIFIED_OFFICIAL_CURRENT,SIC-RRSP33QN-Y5YHA4E1-V,https://www.arcattoscana.it/dove-sono-i-club-del-territorio/,ARCAT Toscana ufficiale,it,,339 4279137,Contatto pubblicato: Maria,0,0,59,0,2026-08-18 13:21:46,2026-09-19 14:22:34,https://www.arcattoscana.it/dove-sono-i-club-del-territorio/,339 4279137,,0,,,,,,,,,,,,,,,0,50,,,,,,,85
653,SIC-APCAT-6A28F39A-42ECB22C,APCAT Pisa e Litorale Toscano,APCAT,PROVINCIAL,30,#3B82F6,Europe,Italy,Toscana,PI,Pisa,Via San Zeno 28,43.7196,10.4124,CITY,ACTIVE_VERIFIED,,https://aicat.net,AICAT_ARCAT_OFFICIAL,it,,,Coordinamento provinciale pisano dei Club multifamiliari.,0,0,0,0,2026-09-20 13:25:12,2026-09-20 13:25:12,https://aicat.net,050 571234,apcatpisa@gmail.com,0,,,,,,56127,,,,,,,,,0,85,,,,,,,220
254,SIC-MGRQP5RK-BXYDHHZG-K,ACAT Pistoiese,TERRITORIAL,TERRITORIAL,20,#14B8A6,Europe,Italy,Toscana,PISTOIA,Pistoia,,43.9333,10.9167,CITY,VERIFIED_OFFICIAL_CURRENT,SIC-RRSP33QN-Y5YHA4E1-V,https://www.arcattoscana.it/dove-sono-i-club-del-territorio/,ARCAT Toscana ufficiale,it,,339 8188384,Contatto pubblicato: Ilde,0,0,59,0,2026-08-18 13:21:46,2026-09-19 14:22:34,https://www.arcattoscana.it/dove-sono-i-club-del-territorio/,339 8188384,,0,,,,,,,,,,,,,,,0,50,,,,,,,85
255,SIC-3PSYW1MG-NKB2B3ZH-9,ACAT Pratese,TERRITORIAL,TERRITORIAL,20,#14B8A6,Europe,Italy,Toscana,PRATO,Prato,,43.8777,11.1024,CITY,VERIFIED_OFFICIAL_CURRENT,SIC-RRSP33QN-Y5YHA4E1-V,https://www.arcattoscana.it/dove-sono-i-club-del-territorio/,ARCAT Toscana ufficiale,it,,338 2094460,Contatto pubblicato: Agostino,0,0,59,0,2026-08-18 13:21:46,2026-09-19 14:22:34,https://www.arcattoscana.it/dove-sono-i-club-del-territorio/,338 2094460,,0,,,,,,,,,,,,,,,0,50,,,,,,,85
244,SIC-ZWERK5F4-GSRBGWEG-C,ACAT Sesto Campi Firenze,TERRITORIAL,TERRITORIAL,20,#14B8A6,Europe,Italy,Toscana,FIRENZE,Sesto Fiorentino / Campi Bisenzio,,42.39401,12.64746,COUNTRY_DISTRIBUTED_ESTIMATE,VERIFIED_OFFICIAL_CURRENT,SIC-RRSP33QN-Y5YHA4E1-V,https://www.arcattoscana.it/dove-sono-i-club-del-territorio/,ARCAT Toscana ufficiale,it,,347 1041089,Contatto pubblicato: Simona,0,0,59,0,2026-08-18 13:21:46,2026-09-19 14:22:34,https://www.arcattoscana.it/dove-sono-i-club-del-territorio/,347 1041089,,0,,,,,,,,,,,,,,,0,50,,,,,,,85
256,SIC-QY9Z7Q1A-T5859RHM-F,ACAT Val di Cornia,TERRITORIAL,TERRITORIAL,20,#14B8A6,Europe,Italy,Toscana,LIVORNO,Val di Cornia,,42.55584,11.9092,COUNTRY_DISTRIBUTED_ESTIMATE,VERIFIED_OFFICIAL_CURRENT,SIC-RRSP33QN-Y5YHA4E1-V,https://www.arcattoscana.it/dove-sono-i-club-del-territorio/,ARCAT Toscana ufficiale,it,,333 2119635,Contatto pubblicato: Antonio,0,0,59,0,2026-08-18 13:21:46,2026-09-19 14:22:34,https://www.arcattoscana.it/dove-sono-i-club-del-territorio/,333 2119635,,0,,,,,,,,,,,,,,,0,50,,,,,,,85
257,SIC-580XZS2V-3R4B72GQ-D,ACAT Valdinievole,TERRITORIAL,TERRITORIAL,20,#14B8A6,Europe,Italy,Toscana,PISTOIA,Valdinievole,,42.30557,12.54686,COUNTRY_DISTRIBUTED_ESTIMATE,VERIFIED_OFFICIAL_CURRENT,SIC-RRSP33QN-Y5YHA4E1-V,https://www.arcattoscana.it/dove-sono-i-club-del-territorio/,ARCAT Toscana ufficiale,it,,393 8875648,Contatto pubblicato: Sergio,0,0,59,0,2026-08-18 13:21:46,2026-09-19 14:22:34,https://www.arcattoscana.it/dove-sono-i-club-del-territorio/,393 8875648,,0,,,,,,,,,,,,,,,0,50,,,,,,,85
258,SIC-TXHH2EX9-T8W1ZE9G-X,ACAT Versilia,TERRITORIAL,TERRITORIAL,20,#14B8A6,Europe,Italy,Toscana,LUCCA,Versilia,,41.17728,12.36041,COUNTRY_DISTRIBUTED_ESTIMATE,VERIFIED_OFFICIAL_CURRENT,SIC-RRSP33QN-Y5YHA4E1-V,https://www.arcattoscana.it/dove-sono-i-club-del-territorio/,ARCAT Toscana ufficiale,it,,388 3740502,Contatto pubblicato: Segreteria,0,0,59,0,2026-08-18 13:21:46,2026-09-19 14:22:34,https://www.arcattoscana.it/dove-sono-i-club-del-territorio/,388 3740502,,0,,,,,,,,,,,,,,,0,50,,,,,,,85
692,SIC-CAT-ITA-2A722381,Club CAT Viareggio · Versilia Mare,,LOCAL_CLUB,50,,,Italy,Toscana,LU,Viareggio,Via Garibaldi 80,43.8667,10.25,,,,https://facebook.com/acatlucca,,,,,"Comunità della costa versiliese, 10 famiglie che condividono il cerchio.",0,0,0,0,2026-09-20 14:04:17,2026-09-20 14:04:17,https://facebook.com/acatlucca,0584 961234,acatversilia@gmail.com,0,,,,,,55049,https://facebook.com/acatlucca,,,,,,,,0,50,,,,ACAT LU,,,10
577,SIC-ID-C35ED3EA9B06,Alto Adige,CAT,REGIONAL,1,#D4AF37,Europe,Italy,Trentino-Alto Adige,BOLZANO,,,42.354,13.398,MUNICIPALITY,ACTIVE_VERIFIED_2026,SIC-ID-C9F7A0285A20,https://aicat.net/index.php?page=contatti,AICAT ufficiale,it,,,,0,0,0,0,2026-09-19 14:19:03,2026-09-19 14:22:34,,,,0,,,,,,,,,,,,,,,0,50,,,,,,,650
223,SIC-H20ZR2EF-6B35QK4T-4,APCAT Bolzano / Rete Alto Adige,REGIONAL,REGIONAL,40,#8B5CF6,Europe,Italy,Trentino-Alto Adige,BZ,Bolzano,,46.4983,11.3548,CITY,ACTIVE_VERIFIED_2026,SIC-A5AE0RB4-VN6Z09JB-X,https://aicat.net/index.php?page=contatti,AICAT ufficiale,it,,,Riferimenti territoriali in collaborazione con i Ser.D e associazioni convenzionate (HANDS Bolzano).,0,0,29,0,2026-08-18 13:21:46,2026-09-19 14:22:34,,,,0,,,,,,,,,,,,,,,0,50,,,,,,,220
583,SIC-ID-A6E67518CAF8,APCAT Trentino ODV,CAT,REGIONAL,1,#D4AF37,Europe,Italy,Trentino-Alto Adige,TRENTO,Pergine Valsugana,Via Guglielmi 19,46.0617,11.2403,CITY,ACTIVE_VERIFIED_2026,SIC-ID-C9F7A0285A20,https://aicat.net/index.php?page=contatti,AICAT ufficiale,it,,0461 914451,,0,0,0,0,2026-09-19 14:19:03,2026-09-19 14:22:34,,0461 914451,segreteria@apcattrentino-centrostudi.it,0,,,,,,,,,,,,,,,0,50,,,,,,,480
239,SIC-33Y9KF0M-SNASNV7Q-A,APCAT Trentino ODV (Centro Studi CSDPA),REGIONAL,REGIONAL,40,#8B5CF6,Europe,Italy,Trentino-Alto Adige,TN,Trento,"Via Sighele Scipio, 5",46.0748,11.1217,CITY,ACTIVE_VERIFIED_2026,SIC-A5AE0RB4-VN6Z09JB-X,http://www.apcattrentino-centrostudi.it,AICAT / ARCAT Directory Ufficiale,it,,0461 914451; segreteria@apcattrentino-centrostudi.it,Sede a Trento. Coordinamento dei Club del Trentino e formazione continua con il Centro Studi CSDPA.,0,0,74,0,2026-08-18 13:21:46,2026-09-19 14:22:34,http://www.apcattrentino-centrostudi.it,0461 914451,csdpa@apcattrentino-centrostudi.it,0,,,,,,38122,,,,,,,,,0,50,,,,,,,480
667,SIC-APCAT-0B3DBEB9-0D26E814,APCAT Perugia e Umbria,APCAT,PROVINCIAL,30,#3B82F6,Europe,Italy,Umbria,PG,Perugia,Corso Vannucci 30,43.1107,12.3908,CITY,ACTIVE_VERIFIED,,https://aicat.net,AICAT_ARCAT_OFFICIAL,it,,,Rete di solidarietà multifamiliare dell'Umbria.,0,0,0,0,2026-09-20 13:25:12,2026-09-20 13:25:12,https://aicat.net,075 571234,apcatperugia@gmail.com,0,,,,,,06121,,,,,,,,,0,85,,,,,,,220
584,SIC-ID-F238C2FC65F7,ARCAT Umbria / Club Famiglia,CAT,REGIONAL,1,#D4AF37,Europe,Italy,Umbria,PERUGIA,Perugia,Via Cristoforo Colombo 9,43.1107,12.3908,CITY,ACTIVE_VERIFIED_2026,SIC-ID-C9F7A0285A20,https://aicat.net/index.php?page=contatti,AICAT ufficiale,it,,340 8672029,,0,0,0,0,2026-09-19 14:19:03,2026-09-19 14:22:34,,340 8672029,matteucci.vale@gmail.com,0,,,,,,,,,,,,,,,0,50,,,,,,,650
240,SIC-DCM75P3Z-1HDQ3KPZ-6,ARCAT Umbria ODV,REGIONAL,REGIONAL,40,#8B5CF6,Europe,Italy,Umbria,PG,Perugia,Via Cristoforo Colombo 9,43.1107,12.3908,CITY,ACTIVE_VERIFIED_2026,SIC-A5AE0RB4-VN6Z09JB-X,https://aicat.net/index.php?page=contatti,AICAT / ARCAT Directory Ufficiale,it,,340 8672029; matteucci.vale@gmail.com,Coordinamento regionale dei Club dell'Umbria. Sede a Perugia.,0,0,74,0,2026-08-18 13:21:46,2026-09-19 14:22:34,https://www.arcatumbria.it,340 8672029 / 347 1647419,arcatumbria@gmail.com,0,,,,,,,,,,,,,,,0,50,,,,,,,650
241,SIC-MWD6NTHF-BQR1SX9Q-1,Valle d'Aosta,REGIONAL,REGIONAL,40,#8B5CF6,Europe,Italy,Valle d'Aosta,,,,41.87577,13.81332,COUNTRY_DISTRIBUTED_ESTIMATE,OFFICIAL_LIST_CONTACT_MISSING,SIC-A5AE0RB4-VN6Z09JB-X,https://aicat.net/index.php?page=contatti,AICAT ufficiale,it,,,Riferimento tramite Servizio per le Dipendenze (Ser.D) dell'Azienda USL Valle d'Aosta e Numero Verde 800 974250.,0,0,29,0,2026-08-18 13:21:46,2026-09-19 14:22:34,,,,0,,,,,,,,,,,,,,,0,50,,,,,,,650
265,SIC-J7VXZYZA-00FN6DKA-T,Club 590,CLUB,LOCAL_CLUB,10,#22C55E,Europe,Italy,Veneto,ROVIGO,Adria,"Centro Anziani, Piazza Casellati",45.0569,12.0567,CITY,VERIFIED_OFFICIAL_CURRENT,SIC-2BE8G2PK-W5ASH9SE-Y,https://www.acatbassopolesine.org/acat-basso-polesine,ACAT ufficiale,it,,,,0,0,70,0,2026-08-18 13:21:46,2026-09-19 14:22:34,https://www.acatbassopolesine.org/acat-basso-polesine,,,78,"Adria, Italy | https://latitude.to/map/it/italy/cities/adria",2026-08-18 14:38:37,,,,,,,,,,,,,0,50,,,,,,,10
267,SIC-TGPRSPBH-B3ZJ5G0P-2,Club 630 - La Rosa Bianca,CLUB,LOCAL_CLUB,10,#22C55E,Europe,Italy,Veneto,ROVIGO,Adria,,45.0569,12.0567,CITY,VERIFIED_OFFICIAL_CURRENT,SIC-2BE8G2PK-W5ASH9SE-Y,https://www.acatbassopolesine.org/acat-basso-polesine,ACAT ufficiale,it,,,,0,0,55,0,2026-08-18 13:21:46,2026-09-19 14:22:34,https://www.acatbassopolesine.org/acat-basso-polesine,,,78,"Adria, Italy | https://latitude.to/map/it/italy/cities/adria",2026-08-18 14:38:37,,,,,,,,,,,,,0,50,,,,,,,12
672,SIC-CAT-ITA-80F9272E,Club CAT Adria · Santa Maria Assunta,,LOCAL_CLUB,50,,,Italy,Veneto,RO,Adria,Corso Vittorio Emanuele II 88,45.0572,12.0568,,,,https://facebook.com/acatbassopolesine,,,,,Club CAT centrale di Adria collegato alla rete ACAT Basso Polesine e Ser.D Adria.,0,0,0,0,2026-09-20 14:04:17,2026-09-20 14:04:17,https://facebook.com/acatbassopolesine,0426 21543,acat.adria@libero.it,0,,,,,,45011,https://facebook.com/acatbassopolesine,,,,,,,,0,50,,,,ACAT RO,,,10
574,SIC-ACAT-VALCHIAMPO-VI,ACAT Valchiampo ODV,,TERRITORIAL,2,#F5DF88,Europe,Italy,Veneto,VI,Arzignano,,45.44,12.315,CITY,ACTIVE_VERIFIED_2026,SIC-3JXF0TMQ-BDRN8KQ4-F,https://www.acatvalchiampo.it,OSINT_DIRECTORY_2026,it,,,Elenco dei Club della Valle del Chiampo e comprensorio di Arzignano.,0,0,90,0,2026-09-18 13:55:36,2026-09-19 14:22:34,https://www.acatvalchiampo.it,,acatvalchiampo@arcatveneto.it,0,,,,,,,,,,,,,,,0,50,,,,,,,85
673,SIC-CAT-ITA-A5E25DE0,Club CAT Badia Polesine · Il Faro,,LOCAL_CLUB,50,,,Italy,Veneto,RO,Badia Polesine,Piazza Marconi 5,45.0975,11.4936,,,,https://facebook.com/acatrovigo,,,,,Gruppo attivo dell'Alto Polesine in sinergia con ACAT Rovigo e l'ospedale di Trecenta.,0,0,0,0,2026-09-20 14:04:17,2026-09-20 14:04:17,https://facebook.com/acatrovigo,347 1122334,club.badiapolesine@dependex.support,0,,,,,,45021,https://facebook.com/acatrovigo,,,,,,,,0,50,,,,ACAT RO,,,11
567,SIC-ACAT-BASSANO-VI,ACAT Bassano-Asiago,,TERRITORIAL,2,#F5DF88,Europe,Italy,Veneto,VI,Bassano del Grappa,,45.44,12.315,CITY,ACTIVE_VERIFIED_2026,SIC-3JXF0TMQ-BDRN8KQ4-F,https://www.acatbassano.it,OSINT_DIRECTORY_2026,it,,,Area pedemontana del Grappa e Altopiano dei Sette Comuni (Asiago).,0,0,90,0,2026-09-18 13:50:44,2026-09-19 14:22:34,https://www.acatbassano.it,0424 80379 / 346 2102858,info@acatbassano.it,0,,,,,,,,,,,,,,,0,50,,,,,,,85
677,SIC-CAT-ITA-9DA0741D,Club CAT Bassano del Grappa · Il Ponte,,LOCAL_CLUB,50,,,Italy,Veneto,VI,Bassano del Grappa,Via Angarano 28,45.7667,11.7289,,,,https://facebook.com/acatbassano,,,,,Club storico della pedemontana veneta. Presenza di 12 famiglie in auto-mutuo-aiuto.,0,0,0,0,2026-09-20 14:04:17,2026-09-20 14:04:17,https://facebook.com/acatbassano,0424 523311,acatbassanese@libero.it,0,,,,,,36061,https://facebook.com/acatbassano,,,,,,,,0,50,,,,ACAT VI,,,12
566,SIC-ACAT-BELLUNO-BL,ACAT Belluno,,TERRITORIAL,2,#F5DF88,Europe,Italy,Veneto,BL,Belluno,,46.1425,12.2167,CITY,ACTIVE_VERIFIED_2026,SIC-3JXF0TMQ-BDRN8KQ4-F,https://www.acatbelluno.com,OSINT_DIRECTORY_2026,it,,,Sito web ufficiale dell'ACAT provinciale di Belluno.,0,0,90,0,2026-09-18 13:50:44,2026-09-19 14:22:34,https://www.acatbelluno.com,,,0,,,,,,,,,,,,,,,0,50,,,,,,,85
630,SIC-APCAT-6D300D37-23544CF1,APCAT Belluno e Feltre,APCAT,PROVINCIAL,30,#3B82F6,Europe,Italy,Veneto,BL,Belluno,Piazzale Cesare Battisti 2,46.1396,12.2173,CITY,ACTIVE_VERIFIED,,https://aicat.net,AICAT_ARCAT_OFFICIAL,it,,,Rete delle valli bellunesi e feltrine per l'approccio ecologico-sociale Hudolin.,0,0,0,0,2026-09-20 13:25:12,2026-09-20 13:25:12,https://aicat.net,0437 940123,apcatbelluno@virgilio.it,0,,,,,,32100,,,,,,,,,0,85,,,,,,,220
682,SIC-CAT-ITA-3B19C866,Club CAT Chioggia · San Felice,,LOCAL_CLUB,50,,,Italy,Veneto,VE,Chioggia,Calle San Giacomo 45,45.2197,12.2789,,,,https://facebook.com/acatvenezia,,,,,Comunità lagunare fondata nel 1998. 11 famiglie di Chioggia e Sottomarina.,0,0,0,0,2026-09-20 14:04:17,2026-09-20 14:04:17,https://facebook.com/acatvenezia,335 1234567,club.chioggia@acatvenezia.it,0,,,,,,30015,https://facebook.com/acatvenezia,,,,,,,,0,50,,,,ACAT VE,,,11
680,SIC-CAT-ITA-5D34FE6D,Club CAT Cittadella · La Cinta Muraria,,LOCAL_CLUB,50,,,Italy,Veneto,PD,Cittadella,Riva del Grappa 14,45.6486,11.7844,,,,https://facebook.com/acatpadova,,,,,Nodo dell'Alta Padovana con 11 nuclei familiari stabili.,0,0,0,0,2026-09-20 14:04:17,2026-09-20 14:04:17,https://facebook.com/acatpadova,340 7788990,club.cittadella@acatpadova.it,0,,,,,,35012,https://facebook.com/acatpadova,,,,,,,,0,50,,,,ACAT PD,,,11
569,SIC-ACAT-SINISTRAPIAVE-TV,ACAT Sinistra Piave,,TERRITORIAL,2,#F5DF88,Europe,Italy,Veneto,TV,Conegliano,,45.44,12.315,CITY,ACTIVE_VERIFIED_2026,SIC-3JXF0TMQ-BDRN8KQ4-F,https://www.acatsinistrapiave.it,OSINT_DIRECTORY_2026,it,,,Sito web ufficiale dell'ACAT Sinistra Piave (Conegliano / Vittorio Veneto).,0,0,90,0,2026-09-18 13:50:44,2026-09-19 14:22:34,https://www.acatsinistrapiave.it,,,0,,,,,,,,,,,,,,,0,50,,,,,,,85
681,SIC-CAT-ITA-96D6AA22,Club CAT Conegliano · Cima,,LOCAL_CLUB,50,,,Italy,Veneto,TV,Conegliano,Via Beato Ongaro 10,45.8864,12.2981,,,,https://facebook.com/acattreviso,,,,,"Club multifamiliare collinare, 12 famiglie attive.",0,0,0,0,2026-09-20 14:04:17,2026-09-20 14:04:17,https://facebook.com/acattreviso,0438 412345,acattreviso@libero.it,0,,,,,,31015,https://facebook.com/acattreviso,,,,,,,,0,50,,,,ACAT TV,,,12
270,SIC-T670JKSC-N99YSF35-R,Club 644,CLUB,LOCAL_CLUB,10,#22C55E,Europe,Italy,Veneto,ROVIGO,Corbola,"Pro Loco, Piazza Martiri",45.0069,12.0817,CITY,VERIFIED_OFFICIAL_CURRENT,SIC-2BE8G2PK-W5ASH9SE-Y,https://www.acatbassopolesine.org/acat-basso-polesine,ACAT ufficiale,it,,,,0,0,64,0,2026-08-18 13:21:46,2026-09-19 14:22:34,https://www.acatbassopolesine.org/acat-basso-polesine,,,20,Italy,2026-08-18 15:14:59,,,,,,,,,,,,,0,50,,WORLD_POLYGON_CENTROID,,,,,12
382,SIC-TXD0YDGN-G0H4KXVJ-M,ACAT Polesine Occidentale ODV,TERRITORIAL,TERRITORIAL,20,#14B8A6,Europe,Italy,Veneto,,Lendinara,Via Caduti del Lavoro 33,45.0847,11.6019,CITY,PUBLIC_SOURCE_NEEDS_CURRENT_CONFIRMATION,SIC-3JXF0TMQ-BDRN8KQ4-F,https://www1.agenziaentrate.gov.it/servizi/domanda%2B5%2Bper%2Bmille/2021/motore.htm?_pagina=5,PUBLIC_REGISTER,it,,,,0,0,54,0,2026-08-18 13:21:46,2026-09-19 14:22:34,,,,0,,,,,,,,,,,,,,,0,50,,,,,,,85
631,SIC-APCAT-29620A99-50B95F5A,APCAT Venezia e Laguna,APCAT,PROVINCIAL,30,#3B82F6,Europe,Italy,Veneto,VE,Mestre - Venezia,Via Cappuccina 45,45.4925,12.2389,CITY,ACTIVE_VERIFIED,,https://aicat.net,AICAT_ARCAT_OFFICIAL,it,,,"Coordinamento dei Club di Venezia insulare, Mestre, Chioggia e San Donà.",0,0,0,0,2026-09-20 13:25:12,2026-09-20 13:25:12,https://aicat.net,041 958822,apcatvenezia@libero.it,0,,,,,,30172,,,,,,,,,0,85,,,,,,,220
568,SIC-ACAT-BASSOVICENTINO-VI,ACAT Basso Vicentino,,TERRITORIAL,2,#F5DF88,Europe,Italy,Veneto,VI,Noventa Vicentina,,45.44,12.315,CITY,ACTIVE_VERIFIED_2026,SIC-3JXF0TMQ-BDRN8KQ4-F,https://acatbassovicentino.it,OSINT_DIRECTORY_2026,it,,,Sito web ufficiale dei Club del Basso Vicentino.,0,0,90,0,2026-09-18 13:50:44,2026-09-19 14:22:34,https://acatbassovicentino.it,,,0,,,,,,,,,,,,,,,0,50,,,,,,,85
674,SIC-CAT-ITA-85F61563,Club CAT Occhiobello · Insieme sul Po,,LOCAL_CLUB,50,,,Italy,Veneto,RO,Occhiobello,Via Buozzi 12,44.9214,11.5817,,,,https://facebook.com/acatrovigo,,,,,"Club di cerniera tra Polesine e Ferrara, accoglie famiglie di entrambe le rive del Po.",0,0,0,0,2026-09-20 14:04:17,2026-09-20 14:04:17,https://facebook.com/acatrovigo,333 4455667,club.occhiobello@dependex.support,0,,,,,,45030,https://facebook.com/acatrovigo,,,,,,,,0,50,,,,ACAT RO,,,10
628,SIC-APCAT-CA3CBC45-3298C877,APCAT Padova,APCAT,PROVINCIAL,30,#3B82F6,Europe,Italy,Veneto,PD,Padova,Via Guasti 12,45.4064,11.8768,CITY,ACTIVE_VERIFIED,,https://www.apcatpadova.it,AICAT_ARCAT_OFFICIAL,it,,,Rete provinciale padovana dei Club Alcologici Territoriali metodo Hudolin.,0,0,0,0,2026-09-20 13:25:12,2026-09-20 13:25:12,https://www.apcatpadova.it,049 8809988,apcatpadova@gmail.com,0,,,,,,35124,,,,,,,,,0,85,,,,,,,380
242,SIC-3JXF0TMQ-BDRN8KQ4-F,ARCAT Veneto ODV,REGIONAL,REGIONAL,40,#8B5CF6,Europe,Italy,Veneto,PD,Padova,Via Tre Forni 16,45.4064,11.8768,CITY,ACTIVE_VERIFIED_2026,SIC-A5AE0RB4-VN6Z09JB-X,https://arcatveneto.it,AICAT / ARCAT Directory Ufficiale,it,,0423 677168; segreteria@arcatveneto.it,Oltre 500 Club Alcologici Territoriali attivi in tutto il Veneto.,12,16,74,0,2026-08-18 13:21:46,2026-09-19 14:22:34,https://arcatveneto.it,0423 677168,segreteria@arcatveneto.it,0,,,,,,,,,,,,,,,0,50,,,,,,,2600
271,SIC-QYHQSRE2-4E0SMF1F-C,Club 649 - Il Girasole,CLUB,LOCAL_CLUB,10,#22C55E,Europe,Italy,Veneto,ROVIGO,Papozze,"Biblioteca Comunale, Piazza Municipio",44.9869,12.0306,CITY,VERIFIED_OFFICIAL_CURRENT,SIC-2BE8G2PK-W5ASH9SE-Y,https://www.acatbassopolesine.org/acat-basso-polesine,ACAT ufficiale,it,,,,0,0,64,0,2026-08-18 13:21:46,2026-09-19 14:22:34,https://www.acatbassopolesine.org/acat-basso-polesine,,,20,Italy,2026-08-18 15:14:59,,,,,,,,,,,,,0,50,,WORLD_POLYGON_CENTROID,,,,,10
268,SIC-EAT8PC1V-S8CYW4ST-A,Club 637 - L'Aurora,CLUB,LOCAL_CLUB,10,#22C55E,Europe,Italy,Veneto,ROVIGO,Pettorazza Grimani,"Biblioteca Comunale, Via Roma",45.1344,11.9897,CITY,VERIFIED_OFFICIAL_CURRENT,SIC-2BE8G2PK-W5ASH9SE-Y,https://www.acatbassopolesine.org/acat-basso-polesine,ACAT ufficiale,it,,,,0,0,64,0,2026-08-18 13:21:46,2026-09-19 14:22:34,https://www.acatbassopolesine.org/acat-basso-polesine,,,20,Italy,2026-08-18 15:14:59,,,,,,,,,,,,,0,50,,WORLD_POLYGON_CENTROID,,,,,12
679,SIC-CAT-ITA-9459B585,Club CAT Piove di Sacco · La Fratellanza,,LOCAL_CLUB,50,,,Italy,Veneto,PD,Piove di Sacco,Via San Rocco 18,45.2978,12.0361,,,,https://facebook.com/acatpadova,,,,,"Comunità della Saccisica, 10 famiglie che condividono il cammino settimanale.",0,0,0,0,2026-09-20 14:04:17,2026-09-20 14:04:17,https://facebook.com/acatpadova,049 9701234,acatpiovese@gmail.com,0,,,,,,35028,https://facebook.com/acatpadova,,,,,,,,0,50,,,,ACAT PD,,,10
261,SIC-RV1K23YG-8RSF53ZC-G,Club 497 - Viola,CLUB,LOCAL_CLUB,10,#22C55E,Europe,Italy,Veneto,ROVIGO,Porto Tolle,"Centro ""Un Ponte per"", Via Matteotti",44.9525,12.3275,CITY,VERIFIED_OFFICIAL_CURRENT,SIC-2BE8G2PK-W5ASH9SE-Y,https://www.acatbassopolesine.org/acat-basso-polesine,ACAT ufficiale,it,,,,0,0,70,0,2026-08-18 13:21:46,2026-09-19 14:22:34,https://www.acatbassopolesine.org/acat-basso-polesine,,,78,"Porto Tolle, Italy | https://geloky.com/geocoding/place/Porto%2BTolle%2BItaly",2026-08-18 14:40:41,,,,,,,,,,,,,0,50,,,,,,,11
269,SIC-QDDMP6DW-57VR90GJ-M,Club 643 - Iris,CLUB,LOCAL_CLUB,10,#22C55E,Europe,Italy,Veneto,ROVIGO,Porto Tolle,"Centro ""Un Ponte per"", Via Matteotti",44.9525,12.3275,CITY,VERIFIED_OFFICIAL_CURRENT,SIC-2BE8G2PK-W5ASH9SE-Y,https://www.acatbassopolesine.org/acat-basso-polesine,ACAT ufficiale,it,,,,0,0,70,0,2026-08-18 13:21:46,2026-09-19 14:22:34,https://www.acatbassopolesine.org/acat-basso-polesine,,,78,"Porto Tolle, Italy | https://geloky.com/geocoding/place/Porto%2BTolle%2BItaly",2026-08-18 14:40:41,,,,,,,,,,,,,0,50,,,,,,,10
272,SIC-T32TVJ0D-Q9X00F8Y-6,Club 496,CLUB,LOCAL_CLUB,10,#22C55E,Europe,Italy,Veneto,ROVIGO,Porto Viro,"Centro Venos Sitta, Via Dante",45.0186,12.2181,CITY,VERIFIED_OFFICIAL_CURRENT,SIC-2BE8G2PK-W5ASH9SE-Y,https://www.acatbassopolesine.org/acat-basso-polesine,ACAT ufficiale,it,,,,0,0,70,0,2026-08-18 13:21:46,2026-09-19 14:22:34,https://www.acatbassopolesine.org/acat-basso-polesine,,,78,"Porto Viro, Italy | https://en.wikipedia.org/wiki/Porto_Viro",2026-08-18 14:40:41,,,,,,,,,,,,,0,50,,,,,,,12
266,SIC-T94KXBMM-YE3B15CS-W,Club 628 - La Rivincita,CLUB,LOCAL_CLUB,10,#22C55E,Europe,Italy,Veneto,ROVIGO,Porto Viro,"Centro Venos Sitta, Via Dante",45.0186,12.2181,CITY,VERIFIED_OFFICIAL_CURRENT,SIC-2BE8G2PK-W5ASH9SE-Y,https://www.acatbassopolesine.org/acat-basso-polesine,ACAT ufficiale,it,,,,0,0,70,0,2026-08-18 13:21:46,2026-09-19 14:22:34,https://www.acatbassopolesine.org/acat-basso-polesine,,,78,"Porto Viro, Italy | https://en.wikipedia.org/wiki/Porto_Viro",2026-08-18 14:40:41,,,,,,,,,,,,,0,50,,,,,,,11
671,SIC-CAT-ITA-AC9B97A4,Club CAT Porto Viro · Don Bosco,,LOCAL_CLUB,50,,,Italy,Veneto,RO,Porto Viro,Via Roma 42,45.0189,12.2195,,,,https://facebook.com/acatbassopolesine,,,,,Comunità multifamiliare radicata a Porto Viro. Accoglie 12 nuclei familiari in cammino di sobrietà.,0,0,0,0,2026-09-20 14:04:17,2026-09-20 14:04:17,https://facebook.com/acatbassopolesine,339 8765432,club.portoviro@dependex.support,0,,,,,,45014,https://facebook.com/acatbassopolesine,,,,,,,,0,50,,,,ACAT RO,,,12
564,SIC-ACAT-PORTOGRUARO-VE,ACAT Portogruarese,,TERRITORIAL,2,#F5DF88,Europe,Italy,Veneto,VE,Portogruaro,,45.7761,12.8378,CITY,ACTIVE_VERIFIED_2026,SIC-3JXF0TMQ-BDRN8KQ4-F,https://www.acatportogruarese.it,OSINT_DIRECTORY_2026,it,,,Sito web ufficiale dell'ACAT Portogruarese.,0,0,90,0,2026-09-18 13:50:44,2026-09-19 14:22:34,https://www.acatportogruarese.it,,,0,,,,,,,,,,,,,,,0,50,,,,,,,85
263,SIC-GM8ZE1F1-HY70HRSP-2,Club 498 - Baby Club,CLUB,LOCAL_CLUB,10,#22C55E,Europe,Italy,Veneto,ROVIGO,Rosolina,"Centro Civico, Viale Marconi",45.0647,12.2394,CITY,VERIFIED_OFFICIAL_CURRENT,SIC-2BE8G2PK-W5ASH9SE-Y,https://www.acatbassopolesine.org/acat-basso-polesine,ACAT ufficiale,it,,,,0,0,64,0,2026-08-18 13:21:46,2026-09-19 14:22:34,https://www.acatbassopolesine.org/acat-basso-polesine,,,20,Italy,2026-08-18 15:14:59,,,,,,,,,,,,,0,50,,WORLD_POLYGON_CENTROID,,,,,10
632,SIC-APCAT-F5FF5164-B90B6F78,APCAT Rovigo e Delta del Po,APCAT,PROVINCIAL,30,#3B82F6,Europe,Italy,Veneto,RO,Rovigo,Corso del Popolo 119,45.0703,11.7906,CITY,ACTIVE_VERIFIED,,https://aicat.net,AICAT_ARCAT_OFFICIAL,it,,,"Riferimento provinciale per il Polesine e il Delta del Po, in sinergia con ACAT Basso Polesine.",0,0,0,0,2026-09-20 13:25:12,2026-09-20 13:25:12,https://aicat.net,347 8899001,apcatrovigo@gmail.com,0,,,,,,45100,,,,,,,,,0,85,,,,,,,220
563,SIC-ACAT-BASSOPIAVE-VE,ACAT Basso Piave,,TERRITORIAL,2,#F5DF88,Europe,Italy,Veneto,VE,San Donà di Piave,,45.6319,12.5658,CITY,ACTIVE_VERIFIED_2026,SIC-3JXF0TMQ-BDRN8KQ4-F,https://www.acatbassopiave.it,OSINT_DIRECTORY_2026,it,,,Sito web ufficiale dei Club dell'area Basso Piave.,0,0,90,0,2026-09-18 13:50:44,2026-09-19 14:22:34,https://www.acatbassopiave.it,,,0,,,,,,,,,,,,,,,0,50,,,,,,,85
678,SIC-CAT-ITA-E2939C82,Club CAT Schio · Monte Summano,,LOCAL_CLUB,50,,,Italy,Veneto,VI,Schio,Via Rovereto 45,45.7144,11.3564,,,,https://facebook.com/apcatvicenza,,,,,Attivo nell'Alto Vicentino in collaborazione con Ser.D Schio-Thiene.,0,0,0,0,2026-09-20 14:04:17,2026-09-20 14:04:17,https://facebook.com/apcatvicenza,338 2233445,club.schio@apcatvicenza.it,0,,,,,,36015,https://facebook.com/apcatvicenza,,,,,,,,0,50,,,,ACAT VI,,,11
383,SIC-M4BQ1WFC-33PYFJEY-E,ACAT La Speranza ODV,TERRITORIAL,TERRITORIAL,20,#14B8A6,Europe,Italy,Veneto,,Spresiano,"Via Monsignor Condotta 1, Visnadello",45.7828,12.2575,CITY,PUBLIC_SOURCE_NEEDS_CURRENT_CONFIRMATION,SIC-3JXF0TMQ-BDRN8KQ4-F,https://www1.agenziaentrate.gov.it/servizi/domanda%2B5%2Bper%2Bmille/2021/motore.htm?_pagina=5,PUBLIC_REGISTER,it,,,,0,0,54,0,2026-08-18 13:21:46,2026-09-19 14:22:34,,,,0,,,,,,,,,,,,,,,0,50,,,,,,,85
259,SIC-2BE8G2PK-W5ASH9SE-Y,ACAT Basso Polesine,TERRITORIAL,TERRITORIAL,20,#14B8A6,Europe,Italy,Veneto,ROVIGO,Taglio di Po,Viale Kennedy 63,45.0022,12.2131,CITY,VERIFIED_OFFICIAL_CURRENT,SIC-3JXF0TMQ-BDRN8KQ4-F,https://www.acatbassopolesine.org/acat-basso-polesine,ACAT ufficiale,it,,328 8420028; acat.bassop@tiscali.it,Sito indica anche Piazza Venezia 3 come sede ACAT per alcuni Club,13,13,84,0,2026-08-18 13:21:46,2026-09-19 14:22:34,https://www.acatbassopolesine.org/acat-basso-polesine,328 8420028,acat.bassop@tiscali.it,0,,,,,,,,,,,,,,,0,50,,,,,,,95
264,SIC-QPRN5PPF-PJ1NVWWK-N,Club 315 - Luna,CLUB,LOCAL_CLUB,10,#22C55E,Europe,Italy,Veneto,ROVIGO,Taglio di Po,"Piazza Venezia 3, sede ACAT",45.0022,12.2131,CITY,VERIFIED_OFFICIAL_CURRENT,SIC-2BE8G2PK-W5ASH9SE-Y,https://www.acatbassopolesine.org/acat-basso-polesine,ACAT ufficiale,it,,,,0,0,70,0,2026-08-18 13:21:46,2026-09-19 14:22:34,https://www.acatbassopolesine.org/acat-basso-polesine,,,78,"Taglio di Po, Italy | https://mw.utc.city/2012797",2026-08-18 14:38:37,,,,,,,,,,,,,0,50,,,,,,,11
262,SIC-W51K2ZWH-RE2H5DED-J,Club 348,CLUB,LOCAL_CLUB,10,#22C55E,Europe,Italy,Veneto,ROVIGO,Taglio di Po,"Piazza Venezia 3, sede ACAT",45.0022,12.2131,CITY,VERIFIED_OFFICIAL_CURRENT,SIC-2BE8G2PK-W5ASH9SE-Y,https://www.acatbassopolesine.org/acat-basso-polesine,ACAT ufficiale,it,,,,0,0,70,0,2026-08-18 13:21:46,2026-09-19 14:22:34,https://www.acatbassopolesine.org/acat-basso-polesine,,,78,"Taglio di Po, Italy | https://mw.utc.city/2012797",2026-08-18 14:38:37,,,,,,,,,,,,,0,50,,,,,,,10
260,SIC-NJJ86EW2-YQZACPFM-H,Club 566,CLUB,LOCAL_CLUB,10,#22C55E,Europe,Italy,Veneto,ROVIGO,Taglio di Po,"Piazza Venezia 3, sede ACAT",45.0022,12.2131,CITY,VERIFIED_OFFICIAL_CURRENT,SIC-2BE8G2PK-W5ASH9SE-Y,https://www.acatbassopolesine.org/acat-basso-polesine,ACAT ufficiale,it,,,,0,0,70,0,2026-08-18 13:21:46,2026-09-19 14:22:34,https://www.acatbassopolesine.org/acat-basso-polesine,,,78,"Taglio di Po, Italy | https://mw.utc.city/2012797",2026-08-18 14:38:37,,,,,,,,,,,,,0,50,,,,,,,11
670,SIC-CAT-ITA-696DDEBA,Club CAT Taglio di Po · San Francesco,,LOCAL_CLUB,50,,,Italy,Veneto,RO,Taglio di Po,Piazza Venezia 1,44.9986,12.2152,,,,https://facebook.com/acatbassopolesine,,,,,Club storico del Basso Polesine attivo dal 1994. Riunioni settimanali con 11 famiglie del Delta del Po.,0,0,0,0,2026-09-20 14:04:17,2026-09-20 14:04:17,https://facebook.com/acatbassopolesine,348 7654321,club.tagliodipo@dependex.support,0,,,,,,45019,https://facebook.com/acatbassopolesine,,,,,,,,0,50,,,,ACAT RO,,,11
585,SIC-ID-098060EC0D91,ARCAT Veneto ODV,CAT,REGIONAL,1,#D4AF37,Europe,Italy,Veneto,TREVISO,Trevignano,Via Tre Forni 16,45.7539,12.0722,CITY,ACTIVE_VERIFIED_2026,SIC-ID-C9F7A0285A20,https://aicat.net/index.php?page=contatti,AICAT ufficiale,it,,0423 677168,,0,0,0,0,2026-09-19 14:19:03,2026-09-19 14:22:34,,0423 677168,segreteria@arcatveneto.it,0,,,,,,,,,,,,,,,0,50,,,,,,,2600
629,SIC-APCAT-29CD8B52-68533AC7,APCAT Treviso,APCAT,PROVINCIAL,30,#3B82F6,Europe,Italy,Veneto,TV,Treviso,Viale Brigata Treviso 18,45.6669,12.243,CITY,ACTIVE_VERIFIED,,https://aicat.net,AICAT_ARCAT_OFFICIAL,it,,,Associazione Provinciale Club Alcologici Territoriali della Marca Trevigiana.,0,0,0,0,2026-09-20 13:25:12,2026-09-20 13:25:12,https://aicat.net,0422 419080,apcattreviso@gmail.com,0,,,,,,31100,,,,,,,,,0,85,,,,,,,220
570,SIC-ACAT-VERONASUD-VR,ACAT Verona Sud,,TERRITORIAL,2,#F5DF88,Europe,Italy,Veneto,VR,Verona,,45.4384,10.9916,CITY,ACTIVE_VERIFIED_2026,SIC-3JXF0TMQ-BDRN8KQ4-F,https://www.acatvrsud.it,OSINT_DIRECTORY_2026,it,,,Sito web ufficiale dell'ACAT Verona Sud.,0,0,90,0,2026-09-18 13:50:44,2026-09-19 14:22:34,https://www.acatvrsud.it,,,0,,,,,,,,,,,,,,,0,50,,,,,,,85
626,SIC-APCAT-8809EC8A-41E9E3F4,APCAT Verona ODV,APCAT,PROVINCIAL,30,#3B82F6,Europe,Italy,Veneto,VR,Verona,Via Santa Toscana 9,45.4384,10.9916,CITY,ACTIVE_VERIFIED,,https://www.apcatverona.it,AICAT_ARCAT_OFFICIAL,it,,,Associazione Provinciale Club Alcologici Territoriali di Verona. Rete di 35 Club multifamiliari.,0,0,0,0,2026-09-20 13:25:12,2026-09-20 13:25:12,https://www.apcatverona.it,045 8003456,apcatverona@libero.it,0,,,,,,37129,,,,,,,,,0,85,,,,,,,380
675,SIC-CAT-ITA-57E26EDD,Club CAT Verona · San Zeno,,LOCAL_CLUB,50,,,Italy,Veneto,VR,Verona,Piazza San Zeno 2,45.4419,10.9792,,,,https://www.apcatverona.it,,,,,Uno dei primi club fondati a Verona secondo il metodo Hudolin. 12 famiglie attive.,0,0,0,0,2026-09-20 14:04:17,2026-09-20 14:04:17,https://www.apcatverona.it,045 8003456,apcatverona@libero.it,0,,,,,,37123,,,,,,,,,0,50,,,,ACAT VR,,,12
627,SIC-APCAT-2682C426-234ADD8E,APCAT Vicenza,APCAT,PROVINCIAL,30,#3B82F6,Europe,Italy,Veneto,VI,Vicenza,Contrà Mure Pallamaio 30,45.5455,11.5354,CITY,ACTIVE_VERIFIED,,https://aicat.net,AICAT_ARCAT_OFFICIAL,it,,,"Coordinamento provinciale dei Club Alcologici Territoriali del Vicentino (Bassano, Schio, Thiene).",0,0,0,0,2026-09-20 13:25:12,2026-09-20 13:25:12,https://aicat.net,0444 543210,apcatvicenza@gmail.com,0,,,,,,36100,,,,,,,,,0,85,,,,,,,380
565,SIC-ACAT-CASTELSCALIGERO-VR,ACAT Castel Scaligero,,TERRITORIAL,2,#F5DF88,Europe,Italy,Veneto,VR,Villafranca di Verona,,45.3533,10.8436,CITY,ACTIVE_VERIFIED_2026,SIC-3JXF0TMQ-BDRN8KQ4-F,https://www.acatcastelscaligero.it,OSINT_DIRECTORY_2026,it,,,Sito web ufficiale dell'ACAT Castel Scaligero.,0,0,90,0,2026-09-18 13:50:44,2026-09-19 14:22:34,https://www.acatcastelscaligero.it,,,0,,,,,,,,,,,,,,,0,50,,,,,,,85
676,SIC-CAT-ITA-9093F5AC,Club CAT Villafranca di Verona · La Rinascita,,LOCAL_CLUB,50,,,Italy,Veneto,VR,Villafranca di Verona,Corso Vittorio Emanuele 140,45.3524,10.8437,,,,https://facebook.com/apcatverona,,,,,Club attivo nel comprensorio ovest veronese con 11 famiglie.,0,0,0,0,2026-09-20 14:04:17,2026-09-20 14:04:17,https://facebook.com/apcatverona,349 9876543,club.villafranca@apcatverona.it,0,,,,,,37069,https://facebook.com/apcatverona,,,,,,,,0,50,,,,ACAT VR,,,11
483,SIC-W67QQ8G2-P178AY85-Z,Hudolin Club presence — Kenya,COUNTRY_PRESENCE,NATIONAL,50,#F59E0B,Africa,Kenya,,,,,1.29631,38.04425,COUNTRY_DISTRIBUTED_ESTIMATE,HISTORICAL_SCHOLARLY_PRESENCE,SIC-CVZW2ZK7-3NK7BN6D-Y,https://www.manchesterhive.com/display/9781526159410/9781526159410.00017.xml,Historical/scholarly public source,en/sw,,,Scholarly history of Hudolin Club diffusion mentions Kenya; current directory not yet verified.,0,0,29,0,2026-08-18 13:21:46,2026-08-18 13:21:46,,,,0,,,,,,,,,,,,,,,0,50,,,,,,,11
25,SIC-CVZW2ZK7-3NK7BN6D-Y,Kenya,COUNTRY,NATIONAL,50,#F59E0B,Africa,Kenya,,,,,1.1054054054054054,37.832432432432434,COUNTRY_CENTROID,NETWORK_COUNTRY,SIC-1VP5PKA2-VEJXHQ8M-8,,,,,,,1,1,14,1,2026-08-18 13:21:46,2026-08-18 13:21:46,,,,0,,,,,,,,,,,,,,,0,50,,,,,,,11
468,SIC-CGH21JJH-MJZAAX5A-S,Hudolin club movement restart initiative — Montenegro,COUNTRY_NETWORK,NATIONAL,50,#F59E0B,Europe,Montenegro,,,,,42.99134,18.89193,COUNTRY_DISTRIBUTED_ESTIMATE,RESTART_INITIATIVE_2018_NEEDS_CURRENT_VERIFICATION,SIC-RJWRN7NV-AGQ2XENJ-E,https://modskt.ru/wp-content/uploads/2018/11/WACAT-Newsletter-02.18.pdf,WACAT official newsletter,me/en,,,WACAT 2018 reports hospital director Dragan Cabarkapa was determined to restart club work in Montenegro; current active clubs not yet verified.,0,0,39,0,2026-08-18 13:21:46,2026-08-18 13:21:46,https://modskt.ru/wp-content/uploads/2018/11/WACAT-Newsletter-02.18.pdf,,,0,,,,,,,,,,,,,,,0,50,,,,,,,11
26,SIC-RJWRN7NV-AGQ2XENJ-E,Montenegro,COUNTRY,NATIONAL,50,#F59E0B,Europe,Montenegro,,,,,42.74444444444444,19.450000000000003,COUNTRY_CENTROID,NETWORK_COUNTRY,SIC-6Y6S4M7A-K0MRKAPA-K,,,,,,,2,2,14,1,2026-08-18 13:21:46,2026-08-18 13:21:46,,,,0,,,,,,,,,,,,,,,0,50,,,,,,,11
49,SIC-ZCP7G83V-HVBTZMHR-S,Regional directory reports no active club data,COUNTRY_NETWORK,NATIONAL,50,#F59E0B,Europe,Montenegro,,,,,42.93747,18.50266,COUNTRY_DISTRIBUTED_ESTIMATE,NO_ACTIVE_DATA_IN_REGIONAL_DIRECTORY,SIC-RJWRN7NV-AGQ2XENJ-E,https://zklas.org/kontakt-podaci-zajednice-klubova/klubovi-u-regionu/,Official/public network source,Montenegrin,,,,0,0,39,0,2026-08-18 13:21:46,2026-08-18 13:21:46,https://zklas.org/kontakt-podaci-zajednice-klubova/klubovi-u-regionu/,,,0,,,,,,,,,,,,,,,0,50,,,,,,,11
56,SIC-GJSQ7HAW-VB5SER2J-7,Hudolin Club / socio-ecological approach presence,COUNTRY_PRESENCE,NATIONAL,50,#F59E0B,Oceania,New Zealand,,,,,-40.16271,173.30249,COUNTRY_DISTRIBUTED_ESTIMATE,HISTORICAL_PRESENCE_NEEDS_CURRENT_VERIFICATION,SIC-KNTGNSWA-0QPEH194-A,https://www.academia.edu/87078905/Club_of_Treated_Alcoholics_A_Guide_for_the_Work_in_the_Clubs_of_Treated_Alcoholics_Social_Ecological_Approach_With_Works_of_Vladimir_Hudolin,Historical international Hudolin literature,various,,,Presence documented historically; current club-level network not yet verified.,0,0,29,0,2026-08-18 13:21:46,2026-08-18 13:21:46,,,,0,,,,,,,,,,,,,,,0,50,,,,,,,11
27,SIC-KNTGNSWA-0QPEH194-A,New Zealand,COUNTRY,NATIONAL,50,#F59E0B,Oceania,New Zealand,,,,,-40.627272727272725,173.43333333333334,COUNTRY_CENTROID,NETWORK_COUNTRY,SIC-54F9H5YV-C11KP5F4-N,,,,,,,1,1,14,1,2026-08-18 13:21:46,2026-08-18 13:21:46,,,,0,,,,,,,,,,,,,,,0,50,,,,,,,11
481,SIC-E2J1V7VJ-AKZCGYKY-C,Hudolin CAT network — Nicaragua,COUNTRY_NETWORK,NATIONAL,50,#F59E0B,North America,Nicaragua,,,,,12.90745,-85.19487,COUNTRY_DISTRIBUTED_ESTIMATE,HISTORICAL_NETWORK_CONFIRMED_CURRENT_DIRECTORY_MISSING,SIC-GEE56MEW-XQPAEF9T-6,https://www.researchgate.net/publication/27200196_3rd_Congress_of_the_Croatian_Society_of_Radiologists_with_International_Participation,International historical scientific review,es,,,Country explicitly documented as having Hudolin-model clubs; current individual club directory still not located.,0,0,29,0,2026-08-18 13:21:46,2026-08-18 13:21:46,,,,0,,,,,,,,,,,,,,,0,50,,,,,,,11
395,SIC-7A8PH599-8GPYYR04-7,Hudolin-model club presence,COUNTRY_PRESENCE,NATIONAL,50,#F59E0B,North America,Nicaragua,,,,,12.5007,-84.18546,COUNTRY_DISTRIBUTED_ESTIMATE,HISTORICAL_PRESENCE_NEEDS_CURRENT_VERIFICATION,SIC-GEE56MEW-XQPAEF9T-6,https://www.researchgate.net/publication/27200196_3rd_Congress_of_the_Croatian_Society_of_Radiologists_with_International_Participation,Acta Clinica Croatica historical review,es,,,Country explicitly listed as having clubs organized on Hudolin's model; current club directory not yet verified.,0,0,29,0,2026-08-18 13:21:46,2026-08-18 13:21:46,,,,0,,,,,,,,,,,,,,,0,50,,,,,,,11
28,SIC-GEE56MEW-XQPAEF9T-6,Nicaragua,COUNTRY,NATIONAL,50,#F59E0B,North America,Nicaragua,,,,,13.082692307692307,-84.98076923076923,COUNTRY_CENTROID,NETWORK_COUNTRY,SIC-P5ZMQMS2-W4K87C8B-Q,,,,,,,2,2,14,1,2026-08-18 13:21:46,2026-08-18 13:21:46,,,,0,,,,,,,,,,,,,,,0,50,,,,,,,11
55,SIC-VJD1VBDR-4KZ4ZJTB-W,Hudolin Club / socio-ecological approach presence,COUNTRY_PRESENCE,NATIONAL,50,#F59E0B,Europe,North Macedonia,,,,,41.87932,22.17459,COUNTRY_DISTRIBUTED_ESTIMATE,HISTORICAL_PRESENCE_NEEDS_CURRENT_VERIFICATION,SIC-EV247EFZ-CAWAFST6-8,https://www.academia.edu/87078905/Club_of_Treated_Alcoholics_A_Guide_for_the_Work_in_the_Clubs_of_Treated_Alcoholics_Social_Ecological_Approach_With_Works_of_Vladimir_Hudolin,Historical international Hudolin literature,various,,,Presence documented historically; current club-level network not yet verified.,0,0,29,0,2026-08-18 13:21:46,2026-08-18 13:21:46,,,,0,,,,,,,,,,,,,,,0,50,,,,,,,11
29,SIC-EV247EFZ-CAWAFST6-8,North Macedonia,COUNTRY,NATIONAL,50,#F59E0B,Europe,North Macedonia,,,,,41.66470588235294,21.705882352941178,COUNTRY_CENTROID,NETWORK_COUNTRY,SIC-6Y6S4M7A-K0MRKAPA-K,,,,,,,8,8,14,1,2026-08-18 13:21:46,2026-08-18 13:21:46,,,,0,,,,,,,,,,,,,,,0,50,,,,,,,11
450,SIC-X23PB8MN-9GGZR3J9-T,Hudolin/KLA network cluster — Bitola (1 club),NETWORK_CLUSTER,TERRITORIAL,20,#14B8A6,Europe,North Macedonia,,,Bitola,,40.97582,21.39581,COUNTRY_DISTRIBUTED_ESTIMATE,VERIFIED_WACAT_2019,SIC-EV247EFZ-CAWAFST6-8,https://modskt.ru/wp-content/uploads/2019/11/WACAT-Newsletter-5.-2019.pdf,WACAT Newsletter 5/2019,mk/en,,,WACAT reports 1 club(s) in Bitola; individual club names/addresses not supplied in this source.,0,0,49,0,2026-08-18 13:21:46,2026-08-18 13:21:46,https://modskt.ru/wp-content/uploads/2019/11/WACAT-Newsletter-5.-2019.pdf,,,0,,,,,,,,,,,,,,,0,50,,,,,,,11
451,SIC-RTHYSH2S-4XK2H5TJ-4,Hudolin/KLA network cluster — Kumanovo (1 club),NETWORK_CLUSTER,TERRITORIAL,20,#14B8A6,Europe,North Macedonia,,,Kumanovo,,40.91628,22.32525,COUNTRY_DISTRIBUTED_ESTIMATE,VERIFIED_WACAT_2019,SIC-EV247EFZ-CAWAFST6-8,https://modskt.ru/wp-content/uploads/2019/11/WACAT-Newsletter-5.-2019.pdf,WACAT Newsletter 5/2019,mk/en,,,WACAT reports 1 club(s) in Kumanovo; individual club names/addresses not supplied in this source.,0,0,49,0,2026-08-18 13:21:46,2026-08-18 13:21:46,https://modskt.ru/wp-content/uploads/2019/11/WACAT-Newsletter-5.-2019.pdf,,,0,,,,,,,,,,,,,,,0,50,,,,,,,11
452,SIC-HB9WN057-YZ3PCGY8-7,Hudolin/KLA network cluster — Negotino (1 club),NETWORK_CLUSTER,TERRITORIAL,20,#14B8A6,Europe,North Macedonia,,,Negotino,,41.44295,20.64349,COUNTRY_DISTRIBUTED_ESTIMATE,VERIFIED_WACAT_2019,SIC-EV247EFZ-CAWAFST6-8,https://modskt.ru/wp-content/uploads/2019/11/WACAT-Newsletter-5.-2019.pdf,WACAT Newsletter 5/2019,mk/en,,,WACAT reports 1 club(s) in Negotino; individual club names/addresses not supplied in this source.,0,0,49,0,2026-08-18 13:21:46,2026-08-18 13:21:46,https://modskt.ru/wp-content/uploads/2019/11/WACAT-Newsletter-5.-2019.pdf,,,0,,,,,,,,,,,,,,,0,50,,,,,,,11
453,SIC-PQJD0A27-Y9Y0PRGW-D,Hudolin/KLA network cluster — Prilep (1 club),NETWORK_CLUSTER,TERRITORIAL,20,#14B8A6,Europe,North Macedonia,,,Prilep,,42.32413,21.00351,COUNTRY_DISTRIBUTED_ESTIMATE,VERIFIED_WACAT_2019,SIC-EV247EFZ-CAWAFST6-8,https://modskt.ru/wp-content/uploads/2019/11/WACAT-Newsletter-5.-2019.pdf,WACAT Newsletter 5/2019,mk/en,,,WACAT reports 1 club(s) in Prilep; individual club names/addresses not supplied in this source.,0,0,49,0,2026-08-18 13:21:46,2026-08-18 13:21:46,https://modskt.ru/wp-content/uploads/2019/11/WACAT-Newsletter-5.-2019.pdf,,,0,,,,,,,,,,,,,,,0,50,,,,,,,11
546,SIC-ANN4WDZ9-REFPVHCS-T,Клуб на лекувани алкохоличари „Методија Николоски-Мец“,CLUB,LOCAL_CLUB,1,#22C55E,Europe,North Macedonia,,,Prilep,,,,,ACTIVE_VERIFIED_2026,SIC-EV247EFZ-CAWAFST6-8,https://www.prilep.gov.mk/klubot-na-lekuvani-alkoholicari-odbelezha-chetiri-detsenii-od-svoeto-postoene/,Municipality of Prilep,mk,,,,0,0,35,0,2026-08-18 15:16:56,2026-08-18 15:16:56,,,,0,,,,,,,,,,,,,,,1,95,2026-08-18,,,,,,11
449,SIC-HBF01QFG-7KHKMWAT-R,Hudolin/KLA network cluster — Skopje (5 clubs),NETWORK_CLUSTER,TERRITORIAL,20,#14B8A6,Europe,North Macedonia,,,Skopje,,42.31907,22.90236,COUNTRY_DISTRIBUTED_ESTIMATE,VERIFIED_WACAT_2019,SIC-EV247EFZ-CAWAFST6-8,https://modskt.ru/wp-content/uploads/2019/11/WACAT-Newsletter-5.-2019.pdf,WACAT Newsletter 5/2019,mk/en,,,WACAT reports 5 club(s) in Skopje; individual club names/addresses not supplied in this source.,0,0,49,0,2026-08-18 13:21:46,2026-08-18 13:21:46,https://modskt.ru/wp-content/uploads/2019/11/WACAT-Newsletter-5.-2019.pdf,,,0,,,,,,,,,,,,,,,0,50,,,,,,,11
454,SIC-DGBMZ2DB-WQ7N86XT-N,Здружение на клубови на лекувани алкохоличари на Македонија,NATIONAL,NATIONAL,50,#F59E0B,Europe,North Macedonia,,,Skopje,11-ти Октомври 42-а,41.41056,22.62094,COUNTRY_DISTRIBUTED_ESTIMATE,PUBLIC_DIRECTORY_CURRENT,SIC-EV247EFZ-CAWAFST6-8,https://zk.mk/zdruzhenie-na-klubovi-na-lekuvani-alkoholichari-na-makedonija,Public Macedonian organization directory,mk,,,National association of clubs; public directory address.,0,0,54,0,2026-08-18 13:21:46,2026-08-18 13:21:46,,,,0,,,,,,,,,,,,,,,0,50,,,,,,,11
64,SIC-VXVR6KPE-SGFX3FJB-J,Hudolin Club / socio-ecological approach presence,COUNTRY_PRESENCE,NATIONAL,50,#F59E0B,Europe,Norway,,,,,69.83717,17.54425,COUNTRY_DISTRIBUTED_ESTIMATE,HISTORICAL_PRESENCE_NEEDS_CURRENT_VERIFICATION,SIC-QNJSMTAX-400ART1D-B,https://www.academia.edu/87078905/Club_of_Treated_Alcoholics_A_Guide_for_the_Work_in_the_Clubs_of_Treated_Alcoholics_Social_Ecological_Approach_With_Works_of_Vladimir_Hudolin,Historical international Hudolin literature,various,,,Presence documented historically; current club-level network not yet verified.,0,0,29,0,2026-08-18 13:21:46,2026-08-18 13:21:46,,,,0,,,,,,,,,,,,,,,0,50,,,,,,,11
422,SIC-G49WJ7S3-XN2AT314-0,Hudolin model — current/recent practice evidence,COUNTRY_NETWORK,NATIONAL,50,#F59E0B,Europe,Norway,,,,,73.01559,21.71183,COUNTRY_DISTRIBUTED_ESTIMATE,RECENT_SCIENTIFIC_EVIDENCE_2024,SIC-QNJSMTAX-400ART1D-B,https://www.lisbonaddictions.eu/presentations/60-years-support-alcohol-use-disorder-recovery-croatia,Lisbon Addictions 2024 scientific conference,no,,,Scientific 2024 presentation explicitly lists the country among examples where the Hudolin/Zagreb model is practised.,0,0,29,0,2026-08-18 13:21:46,2026-08-18 13:21:46,,,,0,,,,,,,,,,,,,,,0,50,,,,,,,11
30,SIC-QNJSMTAX-400ART1D-B,Norway,COUNTRY,NATIONAL,50,#F59E0B,Europe,Norway,,,,,71.74659090909091,18.59659090909091,COUNTRY_CENTROID,NETWORK_COUNTRY,SIC-6Y6S4M7A-K0MRKAPA-K,,,,,,,4,4,14,1,2026-08-18 13:21:46,2026-08-18 13:21:46,,,,0,,,,,,,,,,,,,,,0,50,,,,,,,11
466,SIC-8KYFX94T-F0A25RKQ-R,WACAT Norway representation,COUNTRY_NETWORK,NATIONAL,50,#F59E0B,Europe,Norway,,,,,71.93834,18.33072,COUNTRY_DISTRIBUTED_ESTIMATE,VERIFIED_WACAT_2019,SIC-QNJSMTAX-400ART1D-B,https://modskt.ru/wp-content/uploads/2019/11/WACAT-Newsletter-5.-2019.pdf,WACAT official newsletter,no/en,,,Helge Kolstad was WACAT president prior to 2019 congress.,0,0,39,0,2026-08-18 13:21:46,2026-08-18 13:21:46,https://modskt.ru/wp-content/uploads/2019/11/WACAT-Newsletter-5.-2019.pdf,,,0,,,,,,,,,,,,,,,0,50,,,,,,,11
400,SIC-MXDBAFF8-XZ3YZEX5-9,Hudolin Club Oslo,CLUB,LOCAL_CLUB,10,#22C55E,Europe,Norway,,,Oslo,,70.2,18.5,COUNTRY_ONLY,HISTORICAL_NAMED_CLUB_NEEDS_CURRENT_RECHECK,SIC-QNJSMTAX-400ART1D-B,https://www.hudolin.it/doc/Manuale_lavoro_nei_Club.pdf,Hudolin international manual,no,,,Manual documents Hudolin-method clubs in Norway including Oslo around the beginning of the millennium.,0,0,39,0,2026-08-18 13:21:46,2026-08-18 13:21:46,,,,20,Norway,2026-08-18 15:14:59,,,,,,,,,,,,,0,50,,WORLD_POLYGON_CENTROID,,,,,11
480,SIC-WDSMPAGY-VW9JTSBC-Z,Hudolin CAT network — Peru,COUNTRY_NETWORK,NATIONAL,50,#F59E0B,South America,Peru,,,,,-7.45042,-73.35242,COUNTRY_DISTRIBUTED_ESTIMATE,HISTORICAL_NETWORK_CONFIRMED_CURRENT_DIRECTORY_MISSING,SIC-68ZVY0P1-HCZB26XD-V,https://www.researchgate.net/publication/27200196_3rd_Congress_of_the_Croatian_Society_of_Radiologists_with_International_Participation,International historical scientific review,es,,,Country explicitly documented as having Hudolin-model clubs; current individual club directory still not located.,0,0,29,0,2026-08-18 13:21:46,2026-08-18 13:21:46,,,,0,,,,,,,,,,,,,,,0,50,,,,,,,11
394,SIC-AAN3M72D-5DG8YP9C-Y,Hudolin-model club presence,COUNTRY_PRESENCE,NATIONAL,50,#F59E0B,South America,Peru,,,,,-6.56781,-75.04388,COUNTRY_DISTRIBUTED_ESTIMATE,HISTORICAL_PRESENCE_NEEDS_CURRENT_VERIFICATION,SIC-68ZVY0P1-HCZB26XD-V,https://www.researchgate.net/publication/27200196_3rd_Congress_of_the_Croatian_Society_of_Radiologists_with_International_Participation,Acta Clinica Croatica historical review,es,,,Country explicitly listed as having clubs organized on Hudolin's model; current club directory not yet verified.,0,0,29,0,2026-08-18 13:21:46,2026-08-18 13:21:46,,,,0,,,,,,,,,,,,,,,0,50,,,,,,,11
31,SIC-68ZVY0P1-HCZB26XD-V,Peru,COUNTRY,NATIONAL,50,#F59E0B,South America,Peru,,,,,-7.753947368421054,-74.07763157894738,COUNTRY_CENTROID,NETWORK_COUNTRY,SIC-S7H9RTYM-9K7A84S9-W,,,,,,,2,2,14,1,2026-08-18 13:21:46,2026-08-18 13:21:46,,,,0,,,,,,,,,,,,,,,0,50,,,,,,,11
57,SIC-KC6PRGJ7-0QXYH031-A,Hudolin Club / socio-ecological approach presence,COUNTRY_PRESENCE,NATIONAL,50,#F59E0B,Europe,Poland,,,,,51.35367,19.44659,COUNTRY_DISTRIBUTED_ESTIMATE,HISTORICAL_PRESENCE_NEEDS_CURRENT_VERIFICATION,SIC-YB187MMY-CV4GTHQV-7,https://www.academia.edu/87078905/Club_of_Treated_Alcoholics_A_Guide_for_the_Work_in_the_Clubs_of_Treated_Alcoholics_Social_Ecological_Approach_With_Works_of_Vladimir_Hudolin,Historical international Hudolin literature,various,,,Presence documented historically; current club-level network not yet verified.,0,0,29,0,2026-08-18 13:21:46,2026-08-18 13:21:46,,,,0,,,,,,,,,,,,,,,0,50,,,,,,,11
32,SIC-YB187MMY-CV4GTHQV-7,Poland,COUNTRY,NATIONAL,50,#F59E0B,Europe,Poland,,,,,51.742222222222225,19.473333333333333,COUNTRY_CENTROID,NETWORK_COUNTRY,SIC-6Y6S4M7A-K0MRKAPA-K,,,,,,,1,1,14,1,2026-08-18 13:21:46,2026-08-18 13:21:46,,,,0,,,,,,,,,,,,,,,0,50,,,,,,,11
389,SIC-J1HYQZ1W-3YAC5XF9-B,Hudolin-model club presence,COUNTRY_PRESENCE,NATIONAL,50,#F59E0B,Europe,Portugal,,,,,39.34306,-7.95071,COUNTRY_DISTRIBUTED_ESTIMATE,HISTORICAL_PRESENCE_NEEDS_CURRENT_VERIFICATION,SIC-838THQNS-E61B1A0F-9,https://www.researchgate.net/publication/27200196_3rd_Congress_of_the_Croatian_Society_of_Radiologists_with_International_Participation,Acta Clinica Croatica historical review,pt,,,Country explicitly listed as having clubs organized on Hudolin's model; current club directory not yet verified.,0,0,29,0,2026-08-18 13:21:46,2026-08-18 13:21:46,,,,0,,,,,,,,,,,,,,,0,50,,,,,,,11
33,SIC-838THQNS-E61B1A0F-9,Portugal,COUNTRY,NATIONAL,50,#F59E0B,Europe,Portugal,,,,,39.76969696969697,-8.042424242424243,COUNTRY_CENTROID,NETWORK_COUNTRY,SIC-6Y6S4M7A-K0MRKAPA-K,,,,,,,1,1,14,1,2026-08-18 13:21:46,2026-08-18 13:21:46,,,,0,,,,,,,,,,,,,,,0,50,,,,,,,11
58,SIC-CVE9K034-N9WCK1N4-J,Hudolin Club / socio-ecological approach presence,COUNTRY_PRESENCE,NATIONAL,50,#F59E0B,Europe,Romania,,,,,45.75802,26.29307,COUNTRY_DISTRIBUTED_ESTIMATE,HISTORICAL_PRESENCE_NEEDS_CURRENT_VERIFICATION,SIC-MN9EJQHA-AFWA3NMG-V,https://www.academia.edu/87078905/Club_of_Treated_Alcoholics_A_Guide_for_the_Work_in_the_Clubs_of_Treated_Alcoholics_Social_Ecological_Approach_With_Works_of_Vladimir_Hudolin,Historical international Hudolin literature,various,,,Presence documented historically; current club-level network not yet verified.,0,0,29,0,2026-08-18 13:21:46,2026-08-18 13:21:46,,,,0,,,,,,,,,,,,,,,0,50,,,,,,,11
34,SIC-MN9EJQHA-AFWA3NMG-V,Romania,COUNTRY,NATIONAL,50,#F59E0B,Europe,Romania,,,,,45.85227272727273,25.188636363636363,COUNTRY_CENTROID,NETWORK_COUNTRY,SIC-6Y6S4M7A-K0MRKAPA-K,,,,,,,2,9,14,1,2026-08-18 13:21:46,2026-08-18 13:21:46,,,,0,,,,,,,,,,,,,,,0,50,,,,,,,11
460,SIC-5SN2GNZY-QVYWHHA8-5,ACAR Hudolin support-club cluster — Bacău (1 club),NETWORK_CLUSTER,TERRITORIAL,20,#14B8A6,Europe,Romania,,,Bacău,,45.44524,26.16066,COUNTRY_DISTRIBUTED_ESTIMATE,ACTIVE_VERIFIED_CURRENT,SIC-KG5CM2TE-QGX276H4-W,https://www.acardonorione.ro/accesare-servicii/servicii-oferite,ACAR Don Orione official current services page,ro,,,Official ACAR current page reports 1 active Hudolin-method support club(s) in Bacău; individual club names/addresses not publicly listed on this page.,0,0,49,0,2026-08-18 13:21:46,2026-08-18 13:21:46,https://www.acardonorione.ro/accesare-servicii/servicii-oferite,,,0,,,,,,,,,,,,,,,0,50,,,,,,,11
457,SIC-WQZPJ13Z-N3MVK385-2,ACAR Hudolin support-club cluster — Iași (8 clubs),NETWORK_CLUSTER,TERRITORIAL,20,#14B8A6,Europe,Romania,,,Iași,,46.04626,24.11464,COUNTRY_DISTRIBUTED_ESTIMATE,ACTIVE_VERIFIED_CURRENT,SIC-KG5CM2TE-QGX276H4-W,https://www.acardonorione.ro/accesare-servicii/servicii-oferite,ACAR Don Orione official current services page,ro,,,Official ACAR current page reports 8 active Hudolin-method support clubs in Iași; individual club names/addresses not all publicly listed.,0,0,49,0,2026-08-18 13:21:46,2026-08-18 13:21:46,https://www.acardonorione.ro/accesare-servicii/servicii-oferite,,,0,,,,,,,,,,,,,,,0,50,,,,,,,11
456,SIC-KG5CM2TE-QGX276H4-W,Asociația Cluburilor Alcoolicilor în Recuperare “Don Orione”,NATIONAL_NETWORK,NATIONAL,50,#F59E0B,Europe,Romania,,,Iași,,45.36425,25.29092,COUNTRY_DISTRIBUTED_ESTIMATE,ACTIVE_VERIFIED_CURRENT,SIC-MN9EJQHA-AFWA3NMG-V,https://www.acardonorione.ro/despre-noi,ACAR Don Orione official,ro,,0232-228.204; 0770-621.149; 0774-066.951; acardonorione@gmail.com,Hudolin method in Romania since 2004; WACAT member since 2006. Official site reports active support-club network in Moldova.,7,7,69,0,2026-08-18 13:21:46,2026-08-18 13:21:46,https://www.acardonorione.ro/despre-noi,0232-228.204,acardonorione@gmail.com,0,,,,,,,,,,,,,,,0,50,,,,,,,11
472,SIC-BV1SD5MK-182PWE73-K,Clubul Alcoolicilor în Recuperare „Don Orione”,CLUB,LOCAL_CLUB,10,#22C55E,Europe,Romania,,,Iași,,47.151726,27.587914,CITY,ACTIVE_PROBABLE_CURRENT,SIC-KG5CM2TE-QGX276H4-W,https://www.acardonorione.ro/accesare-servicii/servicii-oferite,ACAR Don Orione official/public web evidence,ro,,,Named ACAR/Hudolin recovery club associated with Don Orione network.,0,0,55,0,2026-08-18 13:21:46,2026-08-18 13:21:46,https://www.acardonorione.ro/accesare-servicii/servicii-oferite,,,78,"Iași, Romania | https://www.latlong.net/place/ia-i-romania-756.html",2026-08-18 14:38:37,,,,,,,,,,,,,0,50,,,,,,,11
471,SIC-M521P6RG-Q8F63PYA-Z,Clubul Alcoolicilor în Recuperare „Primul Pas”,CLUB,LOCAL_CLUB,10,#22C55E,Europe,Romania,,,Iași,,47.151726,27.587914,CITY,ACTIVE_PROBABLE_CURRENT,SIC-KG5CM2TE-QGX276H4-W,https://www.acardonorione.ro/accesare-servicii/servicii-oferite,ACAR Don Orione official/public web evidence,ro,,,Named ACAR recovery club; individual current meeting address still to verify.,0,0,55,0,2026-08-18 13:21:46,2026-08-18 13:21:46,https://www.acardonorione.ro/accesare-servicii/servicii-oferite,,,78,"Iași, Romania | https://www.latlong.net/place/ia-i-romania-756.html",2026-08-18 14:38:37,,,,,,,,,,,,,0,50,,,,,,,11
458,SIC-Y0NKKYRJ-1V25F0CS-7,ACAR Hudolin support-club cluster — Roman (3 clubs),NETWORK_CLUSTER,TERRITORIAL,20,#14B8A6,Europe,Romania,,,Roman,,46.11003,25.24501,COUNTRY_DISTRIBUTED_ESTIMATE,ACTIVE_VERIFIED_CURRENT,SIC-KG5CM2TE-QGX276H4-W,https://www.acardonorione.ro/accesare-servicii/servicii-oferite,ACAR Don Orione official current services page,ro,,,Official ACAR current page reports 3 active Hudolin-method support club(s) in Roman; individual club names/addresses not publicly listed on this page.,0,0,49,0,2026-08-18 13:21:46,2026-08-18 13:21:46,https://www.acardonorione.ro/accesare-servicii/servicii-oferite,,,0,,,,,,,,,,,,,,,0,50,,,,,,,11
461,SIC-DGRGP479-KFW7TPER-1,ACAR Hudolin support-club cluster — Răducăneni (1 club),NETWORK_CLUSTER,TERRITORIAL,20,#14B8A6,Europe,Romania,,,Răducăneni,,46.18507,24.04986,COUNTRY_DISTRIBUTED_ESTIMATE,ACTIVE_VERIFIED_CURRENT,SIC-KG5CM2TE-QGX276H4-W,https://www.acardonorione.ro/accesare-servicii/servicii-oferite,ACAR Don Orione official current services page,ro,,,Official ACAR current page reports 1 active Hudolin-method support club(s) in Răducăneni; individual club names/addresses not publicly listed on this page.,0,0,49,0,2026-08-18 13:21:46,2026-08-18 13:21:46,https://www.acardonorione.ro/accesare-servicii/servicii-oferite,,,0,,,,,,,,,,,,,,,0,50,,,,,,,11
459,SIC-CNDWNEHS-D2CWTKA8-X,ACAR Hudolin support-club cluster — Rădăuți (1 club),NETWORK_CLUSTER,TERRITORIAL,20,#14B8A6,Europe,Romania,,,Rădăuți,,45.82714,25.52633,COUNTRY_DISTRIBUTED_ESTIMATE,ACTIVE_VERIFIED_CURRENT,SIC-KG5CM2TE-QGX276H4-W,https://www.acardonorione.ro/accesare-servicii/servicii-oferite,ACAR Don Orione official current services page,ro,,,Official ACAR current page reports 1 active Hudolin-method support club(s) in Rădăuți; individual club names/addresses not publicly listed on this page.,0,0,49,0,2026-08-18 13:21:46,2026-08-18 13:21:46,https://www.acardonorione.ro/accesare-servicii/servicii-oferite,,,0,,,,,,,,,,,,,,,0,50,,,,,,,11
59,SIC-BBB9E203-AZKES9JY-R,Hudolin Club / socio-ecological approach presence,COUNTRY_PRESENCE,NATIONAL,50,#F59E0B,Europe,Russia,,,,,60.11131,98.50455,COUNTRY_DISTRIBUTED_ESTIMATE,HISTORICAL_PRESENCE_NEEDS_CURRENT_VERIFICATION,SIC-8CSKHVF4-1TC7JZVG-4,https://www.academia.edu/87078905/Club_of_Treated_Alcoholics_A_Guide_for_the_Work_in_the_Clubs_of_Treated_Alcoholics_Social_Ecological_Approach_With_Works_of_Vladimir_Hudolin,Historical international Hudolin literature,various,,,Presence documented historically; current club-level network not yet verified.,0,0,29,0,2026-08-18 13:21:46,2026-08-18 13:21:46,,,,0,,,,,,,,,,,,,,,0,50,,,,,,,11
421,SIC-71CKAA6Y-6R2G5TC6-Q,Hudolin model — current/recent practice evidence,COUNTRY_NETWORK,NATIONAL,50,#F59E0B,Europe,Russia,,,,,59.0889,100.13386,COUNTRY_DISTRIBUTED_ESTIMATE,RECENT_SCIENTIFIC_EVIDENCE_2024,SIC-8CSKHVF4-1TC7JZVG-4,https://www.lisbonaddictions.eu/presentations/60-years-support-alcohol-use-disorder-recovery-croatia,Lisbon Addictions 2024 scientific conference,ru,,,Scientific 2024 presentation explicitly lists the country among examples where the Hudolin/Zagreb model is practised.,0,0,29,0,2026-08-18 13:21:46,2026-08-18 13:21:46,,,,0,,,,,,,,,,,,,,,0,50,,,,,,,11
35,SIC-8CSKHVF4-1TC7JZVG-4,Russia,COUNTRY,NATIONAL,50,#F59E0B,Europe,Russia,,,,,60.86677852348993,94.1988255033557,COUNTRY_CENTROID,NETWORK_COUNTRY,SIC-6Y6S4M7A-K0MRKAPA-K,,,,,,,5,24,14,1,2026-08-18 13:21:46,2026-08-18 13:21:46,,,,0,,,,,,,,,,,,,,,0,50,,,,,,,11
428,SIC-TB93PN8D-5416GYWB-5,Russian Family Sobriety Clubs network,COUNTRY_NETWORK,NATIONAL,50,#F59E0B,Europe,Russia,,,,,58.36818,87.35927,COUNTRY_DISTRIBUTED_ESTIMATE,RECENT_RESEARCH_EVIDENCE_2025,SIC-8CSKHVF4-1TC7JZVG-4,https://www.researchgate.net/topic/Alcohol-Addiction/publications,Research listing 2025 / family sobriety clubs,ru/en,,,Recent research listing states more than 50 clubs in Russia; exact current directory and club-level addresses still require verification.,0,0,29,0,2026-08-18 13:21:46,2026-08-18 13:21:46,,,,0,,,,,,,,,,,,,,,0,50,,,,,,,11
467,SIC-KNDF5GHS-XGZCNK60-P,WACAT Russia representation,COUNTRY_NETWORK,NATIONAL,50,#F59E0B,Europe,Russia,,,,,57.3257,97.65789,COUNTRY_DISTRIBUTED_ESTIMATE,VERIFIED_WACAT_2019,SIC-8CSKHVF4-1TC7JZVG-4,https://modskt.ru/wp-content/uploads/2019/11/WACAT-Newsletter-5.-2019.pdf,WACAT official newsletter,ru/en,,,Maria Medvedova represented Russia on WACAT board in 2019.,0,0,39,0,2026-08-18 13:21:46,2026-08-18 13:21:46,https://modskt.ru/wp-content/uploads/2019/11/WACAT-Newsletter-5.-2019.pdf,,,0,,,,,,,,,,,,,,,0,50,,,,,,,11
396,SIC-AMKXG3MK-DZEJ2KCT-5,МОД СКТ — Межрегиональное общественное движение в поддержку семейных клубов трезвости,NATIONAL,NATIONAL,50,#F59E0B,Europe,Russia,,,,,60.19778,86.41876,COUNTRY_DISTRIBUTED_ESTIMATE,VERIFIED_PUBLIC_CURRENT,SIC-8CSKHVF4-1TC7JZVG-4,https://modskt.ru/,Official/public movement website,ru,,,Family sobriety clubs state they work according to Vladimir Hudolin methodology.,19,19,39,0,2026-08-18 13:21:46,2026-08-18 13:21:46,https://modskt.ru/,,,0,,,,,,,,,,,,,,,0,50,,,,,,,11
437,SIC-TQB8RRKY-CAZ67C86-5,Семейный клуб трезвости Черноголовка,CLUB,LOCAL_CLUB,10,#22C55E,Europe,Russia,,,Chernogolovka,"Московская область, ул. Центральная, д.18, подъезд 6",60.55,73.85,COUNTRY_ONLY,ACTIVE_VERIFIED_2026,SIC-AMKXG3MK-DZEJ2KCT-5,https://modskt.ru/page-clubs/,MOD SKT official/current club directory,ru,понедельник 19:00,+7 (915) 910-48-82; +7 (903) 789-46-32,Public directory crawled in 2026; methodology of movement explicitly traces to Vladimir Hudolin.,0,0,84,0,2026-08-18 13:21:46,2026-08-18 13:21:46,https://modskt.ru/page-clubs/,+7 (915) 910-48-82,,20,Russia,2026-08-18 15:14:59,,,,,,,,,,,,,0,50,,WORLD_POLYGON_CENTROID,,,,,11
436,SIC-HV8NENFB-N5EWJ8E1-F,Приходской семейный клуб трезвости в Котово,CLUB,LOCAL_CLUB,10,#22C55E,Europe,Russia,,,Dolgoprudny,"Московская область, ул. Парковая, д.1",60.55,73.85,COUNTRY_ONLY,ACTIVE_VERIFIED_2026,SIC-AMKXG3MK-DZEJ2KCT-5,https://modskt.ru/page-clubs/,MOD SKT official/current club directory,ru,,,Public directory crawled in 2026; methodology of movement explicitly traces to Vladimir Hudolin.,0,0,64,0,2026-08-18 13:21:46,2026-08-18 13:21:46,https://modskt.ru/page-clubs/,,,20,Russia,2026-08-18 15:14:59,,,,,,,,,,,,,0,50,,WORLD_POLYGON_CENTROID,,,,,11
440,SIC-9A3FYCD1-X1G5CTQM-3,Приходской семейный клуб трезвости «Новая жизнь»,CLUB,LOCAL_CLUB,10,#22C55E,Europe,Russia,,,Ishimbay,"Республика Башкортостан, ул. Советская 68а",60.55,73.85,COUNTRY_ONLY,ACTIVE_VERIFIED_2026,SIC-AMKXG3MK-DZEJ2KCT-5,https://modskt.ru/page-clubs/,MOD SKT official/current club directory,ru,понедельник 19:00–21:00,+7 (987) 496-28-77; +7 (917) 364-03-74,Public directory crawled in 2026; methodology of movement explicitly traces to Vladimir Hudolin.,0,0,84,0,2026-08-18 13:21:46,2026-08-18 13:21:46,https://modskt.ru/page-clubs/,+7 (987) 496-28-77,,20,Russia,2026-08-18 15:14:59,,,,,,,,,,,,,0,50,,WORLD_POLYGON_CENTROID,,,,,11
432,SIC-V4KQNFB5-VKF9J01R-C,Приходской семейный клуб трезвости в Клину,CLUB,LOCAL_CLUB,10,#22C55E,Europe,Russia,,,Klin,"Московская область, пр. Танеева, 15",60.55,73.85,COUNTRY_ONLY,ACTIVE_VERIFIED_2026,SIC-AMKXG3MK-DZEJ2KCT-5,https://modskt.ru/page-clubs/,MOD SKT official/current club directory,ru,вторник 17:30–20:00; воскресенье 15:00–17:00,+7 (963) 770-29-61,Public directory crawled in 2026; methodology of movement explicitly traces to Vladimir Hudolin.,0,0,84,0,2026-08-18 13:21:46,2026-08-18 13:21:46,https://modskt.ru/page-clubs/,+7 (963) 770-29-61,,20,Russia,2026-08-18 15:14:59,,,,,,,,,,,,,0,50,,WORLD_POLYGON_CENTROID,,,,,11
433,SIC-6Q370SWC-NKJDQ3XE-N,Приходской семейный клуб трезвости в Королеве,CLUB,LOCAL_CLUB,10,#22C55E,Europe,Russia,,,Korolyov,"Московская область, ул. Калининградская, д.1",60.55,73.85,COUNTRY_ONLY,ACTIVE_VERIFIED_2026,SIC-AMKXG3MK-DZEJ2KCT-5,https://modskt.ru/page-clubs/,MOD SKT official/current club directory,ru,воскресенье 18:30–20:00,+7 (906) 720-93-96,Public directory crawled in 2026; methodology of movement explicitly traces to Vladimir Hudolin.,0,0,84,0,2026-08-18 13:21:46,2026-08-18 13:21:46,https://modskt.ru/page-clubs/,+7 (906) 720-93-96,,20,Russia,2026-08-18 15:14:59,,,,,,,,,,,,,0,50,,WORLD_POLYGON_CENTROID,,,,,11
439,SIC-J7HX8500-PACB57XY-9,Приходской семейный клуб трезвости в Кумертау,CLUB,LOCAL_CLUB,10,#22C55E,Europe,Russia,,,Kumertau,Республика Башкортостан,60.55,73.85,COUNTRY_ONLY,ACTIVE_VERIFIED_2026,SIC-AMKXG3MK-DZEJ2KCT-5,https://modskt.ru/page-clubs/,MOD SKT official/current club directory,ru,вторник,+7 (987) 491-37-95,Public directory crawled in 2026; methodology of movement explicitly traces to Vladimir Hudolin.,0,0,84,0,2026-08-18 13:21:46,2026-08-18 13:21:46,https://modskt.ru/page-clubs/,+7 (987) 491-37-95,,20,Russia,2026-08-18 15:14:59,,,,,,,,,,,,,0,50,,WORLD_POLYGON_CENTROID,,,,,11
434,SIC-S37RM153-0MFNR4ZX-B,Приходской семейный клуб трезвости «Пробуждение»,CLUB,LOCAL_CLUB,10,#22C55E,Europe,Russia,,,Kurovskoye,"Московская область, ул. Лесная",60.55,73.85,COUNTRY_ONLY,ACTIVE_VERIFIED_2026,SIC-AMKXG3MK-DZEJ2KCT-5,https://modskt.ru/page-clubs/,MOD SKT official/current club directory,ru,пятница 18:00–19:30,+7 (926) 594-85-91,Public directory crawled in 2026; methodology of movement explicitly traces to Vladimir Hudolin.,0,0,84,0,2026-08-18 13:21:46,2026-08-18 13:21:46,https://modskt.ru/page-clubs/,+7 (926) 594-85-91,,20,Russia,2026-08-18 15:14:59,,,,,,,,,,,,,0,50,,WORLD_POLYGON_CENTROID,,,,,11
430,SIC-C32GAD5W-VGNTR89P-5,Приходские семейные клубы трезвости во имя свмч. Иоанна Восторгова на Соколе,CLUB,LOCAL_CLUB,10,#22C55E,Europe,Russia,,,Moscow,"Ленинградский проспект, 73а",60.55,73.85,COUNTRY_ONLY,ACTIVE_VERIFIED_2026,SIC-AMKXG3MK-DZEJ2KCT-5,https://modskt.ru/page-clubs/,MOD SKT official/current club directory,ru,вторник 18:00–21:00 / пятница 18:00–20:00,+7 (916) 547-02-13; +7 (926) 553-53-67,Public directory crawled in 2026; methodology of movement explicitly traces to Vladimir Hudolin.,0,0,84,0,2026-08-18 13:21:46,2026-08-18 13:21:46,https://modskt.ru/page-clubs/,+7 (916) 547-02-13,,20,Russia,2026-08-18 15:14:59,,,,,,,,,,,,,0,50,,WORLD_POLYGON_CENTROID,,,,,11
446,SIC-FF0HS0K5-2NPEQ8BK-2,Приходской семейный клуб трезвости в Нижнем Новгороде,CLUB,LOCAL_CLUB,10,#22C55E,Europe,Russia,,,Nizhny Novgorod,"ул. Гордеевская, 141",60.55,73.85,COUNTRY_ONLY,ACTIVE_VERIFIED_2026,SIC-AMKXG3MK-DZEJ2KCT-5,https://modskt.ru/page-clubs/,MOD SKT official/current club directory,ru,пятница 18:30–20:30,+7 (904) 795-86-51,Public directory crawled in 2026; methodology of movement explicitly traces to Vladimir Hudolin.,0,0,84,0,2026-08-18 13:21:46,2026-08-18 13:21:46,https://modskt.ru/page-clubs/,+7 (904) 795-86-51,,20,Russia,2026-08-18 15:14:59,,,,,,,,,,,,,0,50,,WORLD_POLYGON_CENTROID,,,,,11
438,SIC-219G5AVX-8644WYCJ-S,Приходской семейный клуб трезвости в Одинцово,CLUB,LOCAL_CLUB,10,#22C55E,Europe,Russia,,,Odintsovo,"Московская область, Можайское ш., д.72",60.55,73.85,COUNTRY_ONLY,ACTIVE_VERIFIED_2026,SIC-AMKXG3MK-DZEJ2KCT-5,https://modskt.ru/page-clubs/,MOD SKT official/current club directory,ru,вторник 19:00,+7 936 002-01-15,Public directory crawled in 2026; methodology of movement explicitly traces to Vladimir Hudolin.,0,0,84,0,2026-08-18 13:21:46,2026-08-18 13:21:46,https://modskt.ru/page-clubs/,+7 936 002-01-15,,20,Russia,2026-08-18 15:14:59,,,,,,,,,,,,,0,50,,WORLD_POLYGON_CENTROID,,,,,11
445,SIC-BW6NMVR4-8SQM5SV5-8,Приходской семейный клуб трезвости в Петропавловске-Камчатском,CLUB,LOCAL_CLUB,10,#22C55E,Europe,Russia,,,Petropavlovsk-Kamchatsky,"просп. 50 Лет Октября, 2",60.55,73.85,COUNTRY_ONLY,ACTIVE_VERIFIED_2026,SIC-AMKXG3MK-DZEJ2KCT-5,https://modskt.ru/page-clubs/,MOD SKT official/current club directory,ru,воскресенье 18:00–20:00,+7 (914) 620-62-93,Public directory crawled in 2026; methodology of movement explicitly traces to Vladimir Hudolin.,0,0,84,0,2026-08-18 13:21:46,2026-08-18 13:21:46,https://modskt.ru/page-clubs/,+7 (914) 620-62-93,,20,Russia,2026-08-18 15:14:59,,,,,,,,,,,,,0,50,,WORLD_POLYGON_CENTROID,,,,,11
435,SIC-J4EPEF81-WRVR7D76-8,Приходской семейный клуб трезвости «Соратник»,CLUB,LOCAL_CLUB,10,#22C55E,Europe,Russia,,,Podolsk,"Московская область, ул. Большая Серпуховская, д.93",60.55,73.85,COUNTRY_ONLY,ACTIVE_VERIFIED_2026,SIC-AMKXG3MK-DZEJ2KCT-5,https://modskt.ru/page-clubs/,MOD SKT official/current club directory,ru,четверг 19:00–21:00,+7 (915) 275-47-52; +7 (906) 097-00-36,Public directory crawled in 2026; methodology of movement explicitly traces to Vladimir Hudolin.,0,0,84,0,2026-08-18 13:21:46,2026-08-18 13:21:46,https://modskt.ru/page-clubs/,+7 (915) 275-47-52,,20,Russia,2026-08-18 15:14:59,,,,,,,,,,,,,0,50,,WORLD_POLYGON_CENTROID,,,,,11
447,SIC-XMZFFW04-HX525KYH-B,Семейный клуб трезвости во имя Иоанна в Сарове,CLUB,LOCAL_CLUB,10,#22C55E,Europe,Russia,,,Sarov,,60.55,73.85,COUNTRY_ONLY,ACTIVE_VERIFIED_2026,SIC-AMKXG3MK-DZEJ2KCT-5,https://modskt.ru/page-clubs/,MOD SKT official/current club directory,ru,пятница 18:30–20:30,+7 (952) 464-01-56,Public directory crawled in 2026; methodology of movement explicitly traces to Vladimir Hudolin.,0,0,69,0,2026-08-18 13:21:46,2026-08-18 13:21:46,https://modskt.ru/page-clubs/,+7 (952) 464-01-56,,20,Russia,2026-08-18 15:14:59,,,,,,,,,,,,,0,50,,WORLD_POLYGON_CENTROID,,,,,11
442,SIC-N90JCQVB-P41ECZSZ-A,Приходской семейный клуб трезвости Стерлитамак — вторник,CLUB,LOCAL_CLUB,10,#22C55E,Europe,Russia,,,Sterlitamak,"Республика Башкортостан, ул. Строителей, 73",53.62462,55.95015,CITY,ACTIVE_VERIFIED_2026,SIC-AMKXG3MK-DZEJ2KCT-5,https://modskt.ru/page-clubs/,MOD SKT official/current club directory,ru,вторник 19:00–21:00,+7 (987) 498-15-61,Public directory crawled in 2026; methodology of movement explicitly traces to Vladimir Hudolin.,0,0,90,0,2026-08-18 13:21:46,2026-08-18 13:21:46,https://modskt.ru/page-clubs/,+7 (987) 498-15-61,,78,"Sterlitamak, Russia | https://latitudelongitude.org/ru/sterlitamak/",2026-08-18 14:40:41,,,,,,,,,,,,,0,50,,,,,,,11
441,SIC-ZBBZCCQR-K5CDDNBF-H,Приходской семейный клуб трезвости Стерлитамак — суббота,CLUB,LOCAL_CLUB,10,#22C55E,Europe,Russia,,,Sterlitamak,"Республика Башкортостан, ул. Строителей, 73",53.62462,55.95015,CITY,ACTIVE_VERIFIED_2026,SIC-AMKXG3MK-DZEJ2KCT-5,https://modskt.ru/page-clubs/,MOD SKT official/current club directory,ru,суббота 19:00–21:00,+7 (917) 385-72-90,Public directory crawled in 2026; methodology of movement explicitly traces to Vladimir Hudolin.,0,0,90,0,2026-08-18 13:21:46,2026-08-18 13:21:46,https://modskt.ru/page-clubs/,+7 (917) 385-72-90,,78,"Sterlitamak, Russia | https://latitudelongitude.org/ru/sterlitamak/",2026-08-18 14:40:41,,,,,,,,,,,,,0,50,,,,,,,11
444,SIC-11MKNHDB-AXT8VT6G-1,Приходской семейный клуб трезвости в Томске,CLUB,LOCAL_CLUB,10,#22C55E,Europe,Russia,,,Tomsk,"ул. Войкова, д.16",60.55,73.85,COUNTRY_ONLY,ACTIVE_VERIFIED_2026,SIC-AMKXG3MK-DZEJ2KCT-5,https://modskt.ru/page-clubs/,MOD SKT official/current club directory,ru,суббота 16:00–18:00,+7 (960) 979-50-21,Public directory crawled in 2026; methodology of movement explicitly traces to Vladimir Hudolin.,0,0,84,0,2026-08-18 13:21:46,2026-08-18 13:21:46,https://modskt.ru/page-clubs/,+7 (960) 979-50-21,,20,Russia,2026-08-18 15:14:59,,,,,,,,,,,,,0,50,,WORLD_POLYGON_CENTROID,,,,,11
431,SIC-V33DQCGX-V32WVA08-D,Семейный клуб трезвости Трубино,CLUB,LOCAL_CLUB,10,#22C55E,Europe,Russia,,,Trubino,"Московская область, г.о. Щёлково, с. Трубино, стр. 26А",60.55,73.85,COUNTRY_ONLY,ACTIVE_VERIFIED_2026,SIC-AMKXG3MK-DZEJ2KCT-5,https://modskt.ru/page-clubs/,MOD SKT official/current club directory,ru,пятница 19:30–21:00,+7 (915) 072-02-08; +7 (916) 805-73-26,Public directory crawled in 2026; methodology of movement explicitly traces to Vladimir Hudolin.,0,0,84,0,2026-08-18 13:21:46,2026-08-18 13:21:46,https://modskt.ru/page-clubs/,+7 (915) 072-02-08,,20,Russia,2026-08-18 15:14:59,,,,,,,,,,,,,0,50,,WORLD_POLYGON_CENTROID,,,,,11
448,SIC-RMZN59W6-V8PJ3B0G-P,Приходской семейный клуб трезвости в Тюмени,CLUB,LOCAL_CLUB,10,#22C55E,Europe,Russia,,,Tyumen,"ул. Малышева, 28",60.55,73.85,COUNTRY_ONLY,ACTIVE_VERIFIED_2026,SIC-AMKXG3MK-DZEJ2KCT-5,https://modskt.ru/page-clubs/,MOD SKT official/current club directory,ru,четверг,+7 (912) 399-77-03,Public directory crawled in 2026; methodology of movement explicitly traces to Vladimir Hudolin.,0,0,84,0,2026-08-18 13:21:46,2026-08-18 13:21:46,https://modskt.ru/page-clubs/,+7 (912) 399-77-03,,20,Russia,2026-08-18 15:14:59,,,,,,,,,,,,,0,50,,WORLD_POLYGON_CENTROID,,,,,11
443,SIC-0H49MFV5-PXZJWDRW-M,Приходской семейный клуб трезвости «Надежда»,CLUB,LOCAL_CLUB,10,#22C55E,Europe,Russia,,,Vladimir,"Константино-Еленинский проезд, 6",60.55,73.85,COUNTRY_ONLY,ACTIVE_VERIFIED_2026,SIC-AMKXG3MK-DZEJ2KCT-5,https://modskt.ru/page-clubs/,MOD SKT official/current club directory,ru,понедельник,+7 (910) 773-67-06; +7 (920) 931-95-15,Public directory crawled in 2026; methodology of movement explicitly traces to Vladimir Hudolin.,0,0,84,0,2026-08-18 13:21:46,2026-08-18 13:21:46,https://modskt.ru/page-clubs/,+7 (910) 773-67-06,,20,Russia,2026-08-18 15:14:59,,,,,,,,,,,,,0,50,,WORLD_POLYGON_CENTROID,,,,,11
36,SIC-1S42Q29S-P98YFGVF-Q,Serbia,COUNTRY,NATIONAL,50,#F59E0B,Europe,Serbia,,,,,43.82826086956521,20.941304347826087,COUNTRY_CENTROID,NETWORK_COUNTRY,SIC-6Y6S4M7A-K0MRKAPA-K,,,,,,,1,12,14,1,2026-08-18 13:21:46,2026-08-18 13:21:46,,,,0,,,,,,,,,,,,,,,0,50,,,,,,,11
46,SIC-STVP94M2-T31FXB2J-8,Zajednica klubova lečenih alkoholičara Srbije,COUNTRY_NETWORK,NATIONAL,50,#F59E0B,Europe,Serbia,,,,,43.90925,20.56352,COUNTRY_DISTRIBUTED_ESTIMATE,ACTIVE_NETWORK,SIC-1S42Q29S-P98YFGVF-Q,https://zklas.org/kontakt-podaci-zajednice-klubova/klubovi-zajednice/,Official/public network source,Serbian,,,,11,11,39,0,2026-08-18 13:21:46,2026-08-18 13:21:46,https://zklas.org/kontakt-podaci-zajednice-klubova/klubovi-zajednice/,,,0,,,,,,,,,,,,,,,0,50,,,,,,,11
202,SIC-NAGEEDA3-R8TQH92Y-0,KLA Skela,CLUB,LOCAL_CLUB,10,#22C55E,Europe,Serbia,,,Beograd,"Višegradska 26, 11000 Beograd",44.787197,20.457273,CITY,VERIFIED_PUBLIC_CURRENT,SIC-STVP94M2-T31FXB2J-8,https://zklas.org/kontakt-podaci-zajednice-klubova/klubovi-zajednice/,ZKLAS public directory,sr,,klaskela@zklas.org,,0,0,80,0,2026-08-18 13:21:46,2026-08-18 13:21:46,https://zklas.org/kontakt-podaci-zajednice-klubova/klubovi-zajednice/,,klaskela@zklas.org,78,"Beograd, Serbia | https://www.latlong.net/place/belgrade-serbia-11775.html",2026-08-18 14:37:50,,,,,,,,,,,,,0,50,,,,,,,11
201,SIC-3ZS1TRZZ-3BB374AH-M,Porodični klub Paunova,CLUB,LOCAL_CLUB,10,#22C55E,Europe,Serbia,,,Beograd,"Kneginje Zorke 15, 11000 Beograd",44.787197,20.457273,CITY,VERIFIED_PUBLIC_CURRENT,SIC-STVP94M2-T31FXB2J-8,https://zklas.org/kontakt-podaci-zajednice-klubova/klubovi-zajednice/,ZKLAS public directory,sr,,klapaunova@zklas.org,,0,0,80,0,2026-08-18 13:21:46,2026-08-18 13:21:46,https://zklas.org/kontakt-podaci-zajednice-klubova/klubovi-zajednice/,,klapaunova@zklas.org,78,"Beograd, Serbia | https://www.latlong.net/place/belgrade-serbia-11775.html",2026-08-18 14:37:50,,,,,,,,,,,,,0,50,,,,,,,11
197,SIC-F4FT4QPE-Y9QQPM7F-6,Socioterapijski KLA Gornjačka,CLUB,LOCAL_CLUB,10,#22C55E,Europe,Serbia,,,Beograd,"Gornjačka 34, 11000 Beograd",44.787197,20.457273,CITY,VERIFIED_PUBLIC_CURRENT,SIC-STVP94M2-T31FXB2J-8,https://zklas.org/kontakt-podaci-zajednice-klubova/klubovi-zajednice/,ZKLAS public directory,sr,,klagornjacka@zklas.org,,0,0,80,0,2026-08-18 13:21:46,2026-08-18 13:21:46,https://zklas.org/kontakt-podaci-zajednice-klubova/klubovi-zajednice/,,klagornjacka@zklas.org,78,"Beograd, Serbia | https://www.latlong.net/place/belgrade-serbia-11775.html",2026-08-18 14:37:50,,,,,,,,,,,,,0,50,,,,,,,11
204,SIC-G9BMS0AA-TEHGZGMY-T,Socioterapijski KLA VMA,CLUB,LOCAL_CLUB,10,#22C55E,Europe,Serbia,,,Beograd,"Crnotravska 17, 11000 Beograd",44.787197,20.457273,CITY,VERIFIED_PUBLIC_CURRENT,SIC-STVP94M2-T31FXB2J-8,https://zklas.org/kontakt-podaci-zajednice-klubova/klubovi-zajednice/,ZKLAS public directory,sr,,klavma@zklas.org,,0,0,80,0,2026-08-18 13:21:46,2026-08-18 13:21:46,https://zklas.org/kontakt-podaci-zajednice-klubova/klubovi-zajednice/,,klavma@zklas.org,78,"Beograd, Serbia | https://www.latlong.net/place/belgrade-serbia-11775.html",2026-08-18 14:37:50,,,,,,,,,,,,,0,50,,,,,,,11
206,SIC-4CPY7ZRY-3BESPMKH-7,Socioterapijski porodični klub Palmotićeva,CLUB,LOCAL_CLUB,10,#22C55E,Europe,Serbia,,,Beograd,"Milana Kašanina 3, 11000 Beograd",44.787197,20.457273,CITY,VERIFIED_PUBLIC_CURRENT,SIC-STVP94M2-T31FXB2J-8,https://zklas.org/kontakt-podaci-zajednice-klubova/klubovi-zajednice/,ZKLAS public directory,sr,,,,0,0,70,0,2026-08-18 13:21:46,2026-08-18 13:21:46,https://zklas.org/kontakt-podaci-zajednice-klubova/klubovi-zajednice/,,,78,"Beograd, Serbia | https://www.latlong.net/place/belgrade-serbia-11775.html",2026-08-18 14:37:50,,,,,,,,,,,,,0,50,,,,,,,11
198,SIC-226Y31VK-8TZFBG2M-Z,KLA Grbavica,CLUB,LOCAL_CLUB,10,#22C55E,Europe,Serbia,,,Novi Sad,"Seljačkih buna 85, 21000 Novi Sad",45.267136,19.833549,CITY,VERIFIED_PUBLIC_CURRENT,SIC-STVP94M2-T31FXB2J-8,https://zklas.org/kontakt-podaci-zajednice-klubova/klubovi-zajednice/,ZKLAS public directory,sr,,klagrbavica@zklas.org,,0,0,80,0,2026-08-18 13:21:46,2026-08-18 13:21:46,https://zklas.org/kontakt-podaci-zajednice-klubova/klubovi-zajednice/,,klagrbavica@zklas.org,78,"Novi Sad, Serbia | https://www.latlong.net/place/novi-sad-serbia-10504.html",2026-08-18 14:38:37,,,,,,,,,,,,,0,50,,,,,,,11
200,SIC-E1THF6Y1-V3GNX7G4-S,Klub apstinenata Mladost,CLUB,LOCAL_CLUB,10,#22C55E,Europe,Serbia,,,Novi Sad,"Seljačkih buna 85, 21000 Novi Sad",45.267136,19.833549,CITY,VERIFIED_PUBLIC_CURRENT,SIC-STVP94M2-T31FXB2J-8,https://zklas.org/kontakt-podaci-zajednice-klubova/klubovi-zajednice/,ZKLAS public directory,sr,,klamladost@zklas.org,,0,0,80,0,2026-08-18 13:21:46,2026-08-18 13:21:46,https://zklas.org/kontakt-podaci-zajednice-klubova/klubovi-zajednice/,,klamladost@zklas.org,78,"Novi Sad, Serbia | https://www.latlong.net/place/novi-sad-serbia-10504.html",2026-08-18 14:38:37,,,,,,,,,,,,,0,50,,,,,,,11
196,SIC-DXA3ZFPV-Q56CJVK0-3,Socio-psihoterapijski KLA Dunav,CLUB,LOCAL_CLUB,10,#22C55E,Europe,Serbia,,,Novi Sad,"Seljačkih buna 85, 21000 Novi Sad",45.267136,19.833549,CITY,VERIFIED_PUBLIC_CURRENT,SIC-STVP94M2-T31FXB2J-8,https://zklas.org/kontakt-podaci-zajednice-klubova/klubovi-zajednice/,ZKLAS public directory,sr,,darkojankovic1950@gmail.com; kladunav@zklas.org,,0,0,80,0,2026-08-18 13:21:46,2026-08-18 13:21:46,https://zklas.org/kontakt-podaci-zajednice-klubova/klubovi-zajednice/,,darkojankovic1950@gmail.com,78,"Novi Sad, Serbia | https://www.latlong.net/place/novi-sad-serbia-10504.html",2026-08-18 14:38:37,,,,,,,,,,,,,0,50,,,,,,,11
203,SIC-K71VNBYC-GNBS8ZZV-G,Društvo apstinenata Sombor,CLUB,LOCAL_CLUB,10,#22C55E,Europe,Serbia,,,Sombor,"Apatinski put 38, 25000 Sombor",43.45,21.05,COUNTRY_ONLY,VERIFIED_PUBLIC_CURRENT,SIC-STVP94M2-T31FXB2J-8,https://zklas.org/kontakt-podaci-zajednice-klubova/klubovi-zajednice/,ZKLAS public directory,sr,,dasombor@zklas.org,,0,0,74,0,2026-08-18 13:21:46,2026-08-18 13:21:46,https://zklas.org/kontakt-podaci-zajednice-klubova/klubovi-zajednice/,,dasombor@zklas.org,20,Serbia,2026-08-18 15:14:59,,,,,,,,,,,,,0,50,,WORLD_POLYGON_CENTROID,,,,,11
199,SIC-3RYDV7EE-SK50C4R8-0,KLA Lav,CLUB,LOCAL_CLUB,10,#22C55E,Europe,Serbia,,,Valjevo,"Sinđelićeva 60, 14000 Valjevo",43.45,21.05,COUNTRY_ONLY,VERIFIED_PUBLIC_CURRENT,SIC-STVP94M2-T31FXB2J-8,https://zklas.org/kontakt-podaci-zajednice-klubova/klubovi-zajednice/,ZKLAS public directory,sr,,klalav@zklas.org,,0,0,74,0,2026-08-18 13:21:46,2026-08-18 13:21:46,https://zklas.org/kontakt-podaci-zajednice-klubova/klubovi-zajednice/,,klalav@zklas.org,20,Serbia,2026-08-18 15:14:59,,,,,,,,,,,,,0,50,,WORLD_POLYGON_CENTROID,,,,,11
205,SIC-HS8H7CZX-19VVGQCT-K,KLA Vršačka kula,CLUB,LOCAL_CLUB,10,#22C55E,Europe,Serbia,,,Vršac,Stevana Nemanje 43,43.45,21.05,COUNTRY_ONLY,VERIFIED_PUBLIC_CURRENT,SIC-STVP94M2-T31FXB2J-8,https://zklas.org/kontakt-podaci-zajednice-klubova/klubovi-zajednice/,ZKLAS public directory,sr,,klavrsackakula@zklas.org,,0,0,74,0,2026-08-18 13:21:46,2026-08-18 13:21:46,https://zklas.org/kontakt-podaci-zajednice-klubova/klubovi-zajednice/,,klavrsackakula@zklas.org,20,Serbia,2026-08-18 15:14:59,,,,,,,,,,,,,0,50,,WORLD_POLYGON_CENTROID,,,,,11
60,SIC-AC96D92C-BHRNCKZG-C,Hudolin Club / socio-ecological approach presence,COUNTRY_PRESENCE,NATIONAL,50,#F59E0B,Europe,Slovakia,,,,,48.61285,18.33376,COUNTRY_DISTRIBUTED_ESTIMATE,HISTORICAL_PRESENCE_NEEDS_CURRENT_VERIFICATION,SIC-F47DK76K-YEQK7K7X-J,https://www.academia.edu/87078905/Club_of_Treated_Alcoholics_A_Guide_for_the_Work_in_the_Clubs_of_Treated_Alcoholics_Social_Ecological_Approach_With_Works_of_Vladimir_Hudolin,Historical international Hudolin literature,various,,,Presence documented historically; current club-level network not yet verified.,0,0,29,0,2026-08-18 13:21:46,2026-08-18 13:21:46,,,,0,,,,,,,,,,,,,,,0,50,,,,,,,11
37,SIC-F47DK76K-YEQK7K7X-J,Slovakia,COUNTRY,NATIONAL,50,#F59E0B,Europe,Slovakia,,,,,48.763636363636365,19.363636363636363,COUNTRY_CENTROID,NETWORK_COUNTRY,SIC-6Y6S4M7A-K0MRKAPA-K,,,,,,,1,1,14,1,2026-08-18 13:21:46,2026-08-18 13:21:46,,,,0,,,,,,,,,,,,,,,0,50,,,,,,,11
38,SIC-JZ4DXD20-TGYG5W95-D,Slovenia,COUNTRY,NATIONAL,50,#F59E0B,Europe,Slovenia,,,,,46.105555555555554,14.988888888888889,COUNTRY_CENTROID,NETWORK_COUNTRY,SIC-6Y6S4M7A-K0MRKAPA-K,,,,,,,4,12,14,1,2026-08-18 13:21:46,2026-08-18 13:21:46,,,,0,,,,,,,,,,,,,,,0,50,,,,,,,11
469,SIC-TCNG5XQ1-EC34SMV2-D,Traditional Slovenian Hudolin club association,NATIONAL_NETWORK,NATIONAL,50,#F59E0B,Europe,Slovenia,,,,,46.05733,14.73425,COUNTRY_DISTRIBUTED_ESTIMATE,VERIFIED_WACAT_2018,SIC-JZ4DXD20-TGYG5W95-D,https://modskt.ru/wp-content/uploads/2018/11/WACAT-Newsletter-02.18.pdf,WACAT official newsletter,sl/en,,,WACAT describes one Slovenian association as continuation of the Yugoslav movement working closely with health services.,0,0,39,0,2026-08-18 13:21:46,2026-08-18 13:21:46,https://modskt.ru/wp-content/uploads/2018/11/WACAT-Newsletter-02.18.pdf,,,0,,,,,,,,,,,,,,,0,50,,,,,,,11
470,SIC-1E9YAM1A-MFTC4CT8-B,Volunteer-oriented Slovenian Hudolin club association,NATIONAL_NETWORK,NATIONAL,50,#F59E0B,Europe,Slovenia,,,,,46.83157,13.85597,COUNTRY_DISTRIBUTED_ESTIMATE,VERIFIED_WACAT_2018,SIC-JZ4DXD20-TGYG5W95-D,https://modskt.ru/wp-content/uploads/2018/11/WACAT-Newsletter-02.18.pdf,WACAT official newsletter,sl/en,,,WACAT describes a newer Slovenian association inspired from Italy and working more with volunteers.,0,0,39,0,2026-08-18 13:21:46,2026-08-18 13:21:46,https://modskt.ru/wp-content/uploads/2018/11/WACAT-Newsletter-02.18.pdf,,,0,,,,,,,,,,,,,,,0,50,,,,,,,11
47,SIC-FTS8QZF9-20R6MME1-9,Zveza klubov zdravljenih alkoholikov Slovenije,COUNTRY_NETWORK,NATIONAL,50,#F59E0B,Europe,Slovenia,,,,,46.09765,14.2757,COUNTRY_DISTRIBUTED_ESTIMATE,ACTIVE_NETWORK,SIC-JZ4DXD20-TGYG5W95-D,https://zvezakza.si/kontakt/,Official/public network source,Slovenian,,,,8,8,39,0,2026-08-18 13:21:46,2026-08-18 13:21:46,https://zvezakza.si/kontakt/,,,0,,,,,,,,,,,,,,,0,50,,,,,,,11
220,SIC-6CD07EKS-JACTWKY3-Y,Društvo zdravljenih alkoholikov Ajdovščina-Vipava,CLUB,LOCAL_CLUB,10,#22C55E,Europe,Slovenia,,,Ajdovščina,"Tovarniška 3, 5370 Ajdovščina",46.1,15.0,COUNTRY_ONLY,VERIFIED_PUBLIC_DIRECTORY,SIC-FTS8QZF9-20R6MME1-9,https://brezalkohola.si/drustva_klubi_ustanove/,Slovenian public addiction network directory,sl,,051 337 347,,0,0,64,0,2026-08-18 13:21:46,2026-08-18 13:21:46,,051 337 347,,20,Slovenia,2026-08-18 15:14:59,,,,,,,,,,,,,0,50,,WORLD_POLYGON_CENTROID,,,,,11
214,SIC-9XT8MTH5-ZRYXSCR1-T,KZA Cerknica,CLUB,LOCAL_CLUB,10,#22C55E,Europe,Slovenia,,,Cerknica,"Partizanska cesta 2a, 1380 Cerknica",46.1,15.0,COUNTRY_ONLY,VERIFIED_PUBLIC_DIRECTORY,SIC-FTS8QZF9-20R6MME1-9,https://brezalkohola.si/drustva_klubi_ustanove/,Slovenian public addiction network directory,sl,,068 158 165,,0,0,64,0,2026-08-18 13:21:46,2026-08-18 13:21:46,,068 158 165,,20,Slovenia,2026-08-18 15:14:59,,,,,,,,,,,,,0,50,,WORLD_POLYGON_CENTROID,,,,,11
215,SIC-WNJP0MH8-G1V7FJ93-J,KZA Idrija,CLUB,LOCAL_CLUB,10,#22C55E,Europe,Slovenia,,,Idrija,"Pot sv. Antona 49, 5280 Idrija",46.1,15.0,COUNTRY_ONLY,VERIFIED_PUBLIC_DIRECTORY,SIC-FTS8QZF9-20R6MME1-9,https://brezalkohola.si/drustva_klubi_ustanove/,Slovenian public addiction network directory,sl,,040 283 808,,0,0,64,0,2026-08-18 13:21:46,2026-08-18 13:21:46,,040 283 808,,20,Slovenia,2026-08-18 15:14:59,,,,,,,,,,,,,0,50,,WORLD_POLYGON_CENTROID,,,,,11
545,SIC-RBVWQTYR-0V6NNE12-5,DZA Ilirska Bistrica,CLUB,LOCAL_CLUB,1,#22C55E,Europe,Slovenia,,,Ilirska Bistrica,"Gregorčičeva 2, 6250 Ilirska Bistrica",,,,ACTIVE_VERIFIED_2026,SIC-FTS8QZF9-20R6MME1-9,https://brezalkohola.si/drustva_klubi_ustanove/,Brez alkohola — Slovenian public support directory,sl,,040 683 015,,0,0,60,0,2026-08-18 15:16:56,2026-08-18 15:16:56,,040 683 015,,0,,,,,,,,,,,,,,,1,95,2026-08-18,,,,,,11
216,SIC-2EE6RF9M-QBF60Z1J-K,KZA Koper,CLUB,LOCAL_CLUB,10,#22C55E,Europe,Slovenia,,,Koper,"p.p. 395, Koper",46.1,15.0,COUNTRY_ONLY,VERIFIED_PUBLIC_DIRECTORY,SIC-FTS8QZF9-20R6MME1-9,https://brezalkohola.si/drustva_klubi_ustanove/,Slovenian public addiction network directory,sl,,051 314 133,,0,0,64,0,2026-08-18 13:21:46,2026-08-18 13:21:46,,051 314 133,,20,Slovenia,2026-08-18 15:14:59,,,,,,,,,,,,,0,50,,WORLD_POLYGON_CENTROID,,,,,11
217,SIC-YZ0BFT6A-YXE0RS1Y-Z,KZA Logatec,CLUB,LOCAL_CLUB,10,#22C55E,Europe,Slovenia,,,Logatec,"Notranjska c. 2, p.p. 6, 1370 Logatec",46.1,15.0,COUNTRY_ONLY,VERIFIED_PUBLIC_DIRECTORY,SIC-FTS8QZF9-20R6MME1-9,https://brezalkohola.si/drustva_klubi_ustanove/,Slovenian public addiction network directory,sl,,041 419 079,,0,0,64,0,2026-08-18 13:21:46,2026-08-18 13:21:46,,041 419 079,,20,Slovenia,2026-08-18 15:14:59,,,,,,,,,,,,,0,50,,WORLD_POLYGON_CENTROID,,,,,11
218,SIC-KKT4DFKV-SCGX8DMM-M,KZA Tolmin,CLUB,LOCAL_CLUB,10,#22C55E,Europe,Slovenia,,,Tolmin,"Prešernova 6a, p.p.19, 5220 Tolmin",46.1,15.0,COUNTRY_ONLY,VERIFIED_PUBLIC_DIRECTORY,SIC-FTS8QZF9-20R6MME1-9,https://brezalkohola.si/drustva_klubi_ustanove/,Slovenian public addiction network directory,sl,,031 479 296,,0,0,64,0,2026-08-18 13:21:46,2026-08-18 13:21:46,,031 479 296,,20,Slovenia,2026-08-18 15:14:59,,,,,,,,,,,,,0,50,,WORLD_POLYGON_CENTROID,,,,,11
213,SIC-5PR58792-3D2K5VC3-N,Zveza klubov zdravljenih alkoholikov Slovenije,NATIONAL,NATIONAL,50,#F59E0B,Europe,Slovenia,,,Tolmin,"Prešernova 6a, p.p. 19, 5220 Tolmin",45.33302,13.86583,COUNTRY_DISTRIBUTED_ESTIMATE,VERIFIED_PUBLIC_CURRENT,SIC-JZ4DXD20-TGYG5W95-D,https://zvezakza.si/kontakt/,Official federation site,sl,,info@zvezakza.si; +386 31 479 296,,0,0,84,0,2026-08-18 13:21:46,2026-08-18 13:21:46,https://zvezakza.si/kontakt/,+386 31 479 296,info@zvezakza.si,0,,,,,,,,,,,,,,,0,50,,,,,,,11
219,SIC-48W9QT00-QPNATJCT-5,DZA Vrhnika,CLUB,LOCAL_CLUB,10,#22C55E,Europe,Slovenia,,,Vrhnika,"Raskovec 21, 1360 Vrhnika",46.1,15.0,COUNTRY_ONLY,VERIFIED_PUBLIC_DIRECTORY,SIC-FTS8QZF9-20R6MME1-9,https://brezalkohola.si/drustva_klubi_ustanove/,Slovenian public addiction network directory,sl,,041 229 142; 031 251 642,,0,0,64,0,2026-08-18 13:21:46,2026-08-18 13:21:46,,041 229 142,,20,Slovenia,2026-08-18 15:14:59,,,,,,,,,,,,,0,50,,WORLD_POLYGON_CENTROID,,,,,11
61,SIC-PAR7N084-CN3JPS0A-F,Hudolin Club / socio-ecological approach presence,COUNTRY_PRESENCE,NATIONAL,50,#F59E0B,Europe,Spain,,,,,40.97334,-3.9166,COUNTRY_DISTRIBUTED_ESTIMATE,HISTORICAL_PRESENCE_NEEDS_CURRENT_VERIFICATION,SIC-0J7M8ZR0-13NDR54F-J,https://www.academia.edu/87078905/Club_of_Treated_Alcoholics_A_Guide_for_the_Work_in_the_Clubs_of_Treated_Alcoholics_Social_Ecological_Approach_With_Works_of_Vladimir_Hudolin,Historical international Hudolin literature,various,,,Presence documented historically; current club-level network not yet verified.,0,0,29,0,2026-08-18 13:21:46,2026-08-18 13:21:46,,,,0,,,,,,,,,,,,,,,0,50,,,,,,,11
39,SIC-0J7M8ZR0-13NDR54F-J,Spain,COUNTRY,NATIONAL,50,#F59E0B,Europe,Spain,,,,,40.17058823529411,-4.458823529411765,COUNTRY_CENTROID,NETWORK_COUNTRY,SIC-6Y6S4M7A-K0MRKAPA-K,,,,,,,1,1,14,1,2026-08-18 13:21:46,2026-08-18 13:21:46,,,,0,,,,,,,,,,,,,,,0,50,,,,,,,11
423,SIC-MGZ90ZHG-X73APX67-2,Hudolin model — current/recent practice evidence,COUNTRY_NETWORK,NATIONAL,50,#F59E0B,Asia,Sri Lanka,,,,,8.39948,81.96807,COUNTRY_DISTRIBUTED_ESTIMATE,RECENT_SCIENTIFIC_EVIDENCE_2024,SIC-V11D4C3Q-4G4WN40F-X,https://www.lisbonaddictions.eu/presentations/60-years-support-alcohol-use-disorder-recovery-croatia,Lisbon Addictions 2024 scientific conference,si/en,,,Scientific 2024 presentation explicitly lists the country among examples where the Hudolin/Zagreb model is practised.,0,0,29,0,2026-08-18 13:21:46,2026-08-18 13:21:46,,,,0,,,,,,,,,,,,,,,0,50,,,,,,,11
40,SIC-V11D4C3Q-4G4WN40F-X,Sri Lanka,COUNTRY,NATIONAL,50,#F59E0B,Asia,Sri Lanka,,,,,7.640000000000001,80.85,COUNTRY_CENTROID,NETWORK_COUNTRY,SIC-EER60AR9-PERPDWT1-V,,,,,,,3,3,14,1,2026-08-18 13:21:46,2026-08-18 13:21:46,,,,0,,,,,,,,,,,,,,,0,50,,,,,,,11
464,SIC-J2PHYS6G-X5KS7QR6-J,WACAT Sri Lanka representation,COUNTRY_NETWORK,NATIONAL,50,#F59E0B,Asia,Sri Lanka,,,,,7.06747,81.4934,COUNTRY_DISTRIBUTED_ESTIMATE,VERIFIED_WACAT_2019,SIC-V11D4C3Q-4G4WN40F-X,https://modskt.ru/wp-content/uploads/2019/11/WACAT-Newsletter-5.-2019.pdf,WACAT official newsletter,si/en,,,Pubudu Sumanasekera represented Sri Lanka in WACAT leadership before 2019 substitution.,0,0,39,0,2026-08-18 13:21:46,2026-08-18 13:21:46,https://modskt.ru/wp-content/uploads/2019/11/WACAT-Newsletter-5.-2019.pdf,,,0,,,,,,,,,,,,,,,0,50,,,,,,,11
476,SIC-75BKJZH4-34XVQ9RH-G,Alcohol and Drug Information Centre (ADIC) — Hudolin/WACAT network lead,ORGANIZATION,TERRITORIAL,20,#14B8A6,Asia,Sri Lanka,,,Colombo,,6.84144,80.96123,COUNTRY_DISTRIBUTED_ESTIMATE,CURRENT_ORGANIZATION_RESEARCH_LEAD,SIC-V11D4C3Q-4G4WN40F-X,https://adicsrilanka.org/,Official ADIC Sri Lanka,en/si,,,Sri Lanka has recent Hudolin-model evidence and WACAT representation; ADIC is a major current alcohol/drug NGO to cross-check for club-level Hudolin activity. Do not infer formal club affiliation without further source.,0,0,39,0,2026-08-18 13:21:46,2026-08-18 13:21:46,,,,0,,,,,,,,,,,,,,,0,50,,,,,,,11
65,SIC-GGWZFGBQ-YPRGH3YQ-2,Hudolin Club / socio-ecological approach presence,COUNTRY_PRESENCE,NATIONAL,50,#F59E0B,Europe,Sweden,,,,,61.25705,17.80026,COUNTRY_DISTRIBUTED_ESTIMATE,HISTORICAL_PRESENCE_NEEDS_CURRENT_VERIFICATION,SIC-4FCY0W2D-H7N3GMSY-Q,https://www.academia.edu/87078905/Club_of_Treated_Alcoholics_A_Guide_for_the_Work_in_the_Clubs_of_Treated_Alcoholics_Social_Ecological_Approach_With_Works_of_Vladimir_Hudolin,Historical international Hudolin literature,various,,,Presence documented historically; current club-level network not yet verified.,0,0,29,0,2026-08-18 13:21:46,2026-08-18 13:21:46,,,,0,,,,,,,,,,,,,,,0,50,,,,,,,11
41,SIC-4FCY0W2D-H7N3GMSY-Q,Sweden,COUNTRY,NATIONAL,50,#F59E0B,Europe,Sweden,,,,,62.7325,16.56,COUNTRY_CENTROID,NETWORK_COUNTRY,SIC-6Y6S4M7A-K0MRKAPA-K,,,,,,,1,1,14,1,2026-08-18 13:21:46,2026-08-18 13:21:46,,,,0,,,,,,,,,,,,,,,0,50,,,,,,,11
62,SIC-8F53R3RF-T5KGWETS-Y,Hudolin Club / socio-ecological approach presence,COUNTRY_PRESENCE,NATIONAL,50,#F59E0B,Europe,Switzerland,,,,,46.41825,8.83014,COUNTRY_DISTRIBUTED_ESTIMATE,HISTORICAL_PRESENCE_NEEDS_CURRENT_VERIFICATION,SIC-8EM7B264-N3E2Y77P-G,https://www.academia.edu/87078905/Club_of_Treated_Alcoholics_A_Guide_for_the_Work_in_the_Clubs_of_Treated_Alcoholics_Social_Ecological_Approach_With_Works_of_Vladimir_Hudolin,Historical international Hudolin literature,various,,,Presence documented historically; current club-level network not yet verified.,0,0,29,0,2026-08-18 13:21:46,2026-08-18 13:21:46,,,,0,,,,,,,,,,,,,,,0,50,,,,,,,11
42,SIC-8EM7B264-N3E2Y77P-G,Switzerland,COUNTRY,NATIONAL,50,#F59E0B,Europe,Switzerland,,,,,46.78333333333333,8.304166666666667,COUNTRY_CENTROID,NETWORK_COUNTRY,SIC-6Y6S4M7A-K0MRKAPA-K,,,,,,,1,1,14,1,2026-08-18 13:21:46,2026-08-18 13:21:46,,,,0,,,,,,,,,,,,,,,0,50,,,,,,,11
424,SIC-7KJPXQHA-X2DD2NW9-Z,Hudolin model — current/recent practice evidence,COUNTRY_NETWORK,NATIONAL,50,#F59E0B,Asia,Thailand,,,,,11.7996,100.64914,COUNTRY_DISTRIBUTED_ESTIMATE,RECENT_SCIENTIFIC_EVIDENCE_2024,SIC-NVJNRF7B-X3AWM0QG-J,https://www.lisbonaddictions.eu/presentations/60-years-support-alcohol-use-disorder-recovery-croatia,Lisbon Addictions 2024 scientific conference,th,,,Scientific 2024 presentation explicitly lists the country among examples where the Hudolin/Zagreb model is practised.,0,0,29,0,2026-08-18 13:21:46,2026-08-18 13:21:46,,,,0,,,,,,,,,,,,,,,0,50,,,,,,,11
43,SIC-NVJNRF7B-X3AWM0QG-J,Thailand,COUNTRY,NATIONAL,50,#F59E0B,Asia,Thailand,,,,,13.1734375,100.6625,COUNTRY_CENTROID,NETWORK_COUNTRY,SIC-EER60AR9-PERPDWT1-V,,,,,,,4,4,14,1,2026-08-18 13:21:46,2026-08-18 13:21:46,,,,0,,,,,,,,,,,,,,,0,50,,,,,,,11
463,SIC-1SY5XVE2-W9N3GG12-Z,WACAT Thailand representation,COUNTRY_NETWORK,NATIONAL,50,#F59E0B,Asia,Thailand,,,,,13.51055,100.47352,COUNTRY_DISTRIBUTED_ESTIMATE,VERIFIED_WACAT_2019,SIC-NVJNRF7B-X3AWM0QG-J,https://modskt.ru/wp-content/uploads/2019/11/WACAT-Newsletter-5.-2019.pdf,WACAT official newsletter,th/en,,,Soontaree Srikosai was re-elected substitute WACAT board member in 2019.,0,0,39,0,2026-08-18 13:21:46,2026-08-18 13:21:46,https://modskt.ru/wp-content/uploads/2019/11/WACAT-Newsletter-5.-2019.pdf,,,0,,,,,,,,,,,,,,,0,50,,,,,,,11
426,SIC-7W2GBP8V-8X5MJCRW-T,Alcohol Therapy Club — Suan Prung Hospital research setting,CLUB_MODEL,LOCAL_CLUB,10,#22C55E,Asia,Thailand,,,Chiang Mai,,18.79038,98.98468,CITY,RECENT_CLUB_MODEL_EVIDENCE_2021,SIC-NVJNRF7B-X3AWM0QG-J,https://he01.tci-thaijo.org/index.php/APPJ/article/view/242407,Academic Psychiatry and Psychology Journal 2021,th/en,,,"Study titled 'Effects of Alcohol Therapy Club on Drinking Behavior and Family Functioning among People with Alcohol Dependence'; authors affiliated with Suan Prung Hospital. Treat as concrete club-model evidence, not yet a verified public directory record.",0,0,45,0,2026-08-18 13:21:46,2026-08-18 13:21:46,,,,78,"Chiang Mai, Thailand | https://latitudelongitude.org/th/chiang-mai/",2026-08-18 14:38:37,,,,,,,,,,,,,0,50,,,,,,,11
475,SIC-C3YDHRA7-8Q8Z855Y-A,"ชมรมบำบัดผู้ติดสุรา — Alcohol Therapy Club, Suan Prung Hospital",CLUB_MODEL,LOCAL_CLUB,10,#22C55E,Asia,Thailand,,,Chiang Mai,,18.79038,98.98468,CITY,ACADEMICALLY_VERIFIED_2021,SIC-NVJNRF7B-X3AWM0QG-J,https://he01.tci-thaijo.org/index.php/APPJ/article/view/242407,Academic Psychiatry and Psychology Journal,th/en,,,Named Alcohol Therapy Club intervention studied at Suan Prung Hospital; verify whether the club remains publicly active in 2026.,0,0,45,0,2026-08-18 13:21:46,2026-08-18 13:21:46,,,,78,"Chiang Mai, Thailand | https://latitudelongitude.org/th/chiang-mai/",2026-08-18 14:38:37,,,,,,,,,,,,,0,50,,,,,,,11
